"ID","Latitude","Longitude","Sample","Elevation","MAT","MWMT","MCMT","TD","MAP","MSP","AHM","SHM","bFFP","eFFP","FFP","CMD","CMI","DD_0","DD5","DD_18","DD18","DD1040","EMT","EXT","Eref","rsds","NFFD","PAS","RH","Tmax01","Tmax02","Tmax03","Tmax04","Tmax05","Tmax06","Tmax07","Tmax08","Tmax09","Tmax10","Tmax11","Tmax12","Tmin01","Tmin02","Tmin03","Tmin04","Tmin05","Tmin06","Tmin07","Tmin08","Tmin09","Tmin10","Tmin11","Tmin12","Tave01","Tave02","Tave03","Tave04","Tave05","Tave06","Tave07","Tave08","Tave09","Tave10","Tave11","Tave12","PPT01","PPT02","PPT03","PPT04","PPT05","PPT06","PPT07","PPT08","PPT09","PPT10","PPT11","PPT12","rsds01","rsds02","rsds03","rsds04","rsds05","rsds06","rsds07","rsds08","rsds09","rsds10","rsds11","rsds12","DD_0_01","DD_0_02","DD_0_03","DD_0_04","DD_0_05","DD_0_06","DD_0_07","DD_0_08","DD_0_09","DD_0_10","DD_0_11","DD_0_12","DD5_01","DD5_02","DD5_03","DD5_04","DD5_05","DD5_06","DD5_07","DD5_08","DD5_09","DD5_10","DD5_11","DD5_12","DD_18_01","DD_18_02","DD_18_03","DD_18_04","DD_18_05","DD_18_06","DD_18_07","DD_18_08","DD_18_09","DD_18_10","DD_18_11","DD_18_12","DD18_01","DD18_02","DD18_03","DD18_04","DD18_05","DD18_06","DD18_07","DD18_08","DD18_09","DD18_10","DD18_11","DD18_12","NFFD01","NFFD02","NFFD03","NFFD04","NFFD05","NFFD06","NFFD07","NFFD08","NFFD09","NFFD10","NFFD11","NFFD12","PAS01","PAS02","PAS03","PAS04","PAS05","PAS06","PAS07","PAS08","PAS09","PAS10","PAS11","PAS12","Eref01","Eref02","Eref03","Eref04","Eref05","Eref06","Eref07","Eref08","Eref09","Eref10","Eref11","Eref12","CMD01","CMD02","CMD03","CMD04","CMD05","CMD06","CMD07","CMD08","CMD09","CMD10","CMD11","CMD12","RH01","RH02","RH03","RH04","RH05","RH06","RH07","RH08","RH09","RH10","RH11","RH12","CMI01","CMI02","CMI03","CMI04","CMI05","CMI06","CMI07","CMI08","CMI09","CMI10","CMI11","CMI12","EVI_1","EVI_2","EVI_3","EVI_4","EVI_5","EVI_6","EVI_median","EVI_min","EVI_max","TRI","TPI","roughness","HLI","TWI","annualPET","climaticMoistureIndex","aridityIndexThornthwaite","continentality","embergerQ","growingDegDays0","growingDegDays5","maxTempColdest","minTempWarmest","monthCountByTemp10","PETColdestQuarter","PETDriestQuarter","PETseasonality","PETWarmestQuarter","PETWettestQuarter","thermicityIndex","Footprint","trees","grassland","shrubs","cropland","built","bare","snow","water","wetland","mangroves","moss","Bulk_density","Coarse_fragments_volume","Clay_fraction","Nitrogen_content","Organic_carb_density","pH_H2O","Sand_fraction","Silt_fraction","Soil_organic_carb","Forestheight","srad_median","srad_min","srad_max","wind_median","wind_min","wind_max","vapr_median","vapr_min","vapr_max","Nighttime_light","Burned_area_01","Burned_area_02","Burned_area_03","Burned_area_04","Burned_area_05","Burned_area_06","Burned_area_07","Burned_area_08","Burned_area_09","Burned_area_10","Burned_area_11","Burned_area_12","snow_water_equivalent_01","snow_water_equivalent_02","snow_water_equivalent_03","snow_water_equivalent_04","snow_water_equivalent_05","snow_water_equivalent_06","snow_water_equivalent_07","snow_water_equivalent_08","snow_water_equivalent_09","snow_water_equivalent_10","snow_water_equivalent_11","snow_water_equivalent_12","Daylength_01","Daylength_02","Daylength_03","Daylength_04","Daylength_05","Daylength_06","Daylength_07","Daylength_08","Daylength_09","Daylength_10","Daylength_11","Daylength_12","soil_moisture_01","soil_moisture_02","soil_moisture_03","soil_moisture_04","soil_moisture_05","soil_moisture_06"
"1",34.70805,-83.91265,"RAP0662",677.972900390625,14.1,23.5,3.6,19.9,2115,845,11.4,27.8,108,297,189,0,112.4,62,3555,2025,612,2025,-21.9,37.1,1163,15.7,240,9,62,9.4,12.1,15.8,20.4,24.3,27.6,29.1,28.4,26.2,21.3,15.8,12.3,-2.3,-0.3,3.2,7.2,11.8,15.7,17.8,17.1,14.3,8.1,2.1,0.9,3.6,5.9,9.5,13.8,18,21.6,23.5,22.8,20.2,14.7,9,6.6,172,175,150,196,173,169,171,176,156,213,138,226,10.6,12.2,16.1,19.8,19.7,21.9,20,18.4,15.6,14.1,11,9.4,28,14,4,0,0,0,0,0,0,0,3,12,48,72,158,265,403,497,573,551,455,302,139,92,449,335,266,140,50,11,3,5,25,120,271,351,0,0,3,14,48,114,172,150,91,17,2,1,10,0,12,30,31,30,31,31,30,31,4,1,7,1,0,0,0,0,0,0,0,0,0,0,38,50,81,112,142,153,158,143,112,83,52,39,0,0,0,0,0,0,0,0,0,0,0,0,60,59,60,60,63,65,67,67,65,60,57,63,14.81,13.81,8.82,11.08,6.9,4.69,4.15,5.12,4.28,12.33,7.66,18.75,0.249799996614456,0.663600027561188,0.663600027561188,0.514400005340576,0.252600014209747,0.275599986314774,0.394999995827675,0.249799996614456,0.663600027561188,39.0869598388672,-22.48828125,110.967529296875,0.92345118522644,6.88569641113281,1192.17004394531,12.8699998855591,0.28999999165535,20.2999992370605,180.440002441406,54792,38407.5,82,163,7,41.5900001525879,115.48999786377,4812.68994140625,156.149993896484,56.4199981689453,180.5,10,0.996999979019165,0,0,0,0.00300000002607703,0,0,0,0,0,0,1.10000002384186,13,20,5.5,4.59999990463257,4.90000009536743,50,29,86.9000015258789,31.1444721221924,15585.75,8339,21339.5,2.85000002384186,2.15000009536743,3.5,1.12500002980232,0.534999966621399,2.13499999046326,0,0,131022,1624798.125,0,0,0,0,0,0,0,0,0,0,0,0,0,0,0,0,0,0,0,0,0,35856.5390625,38718.84765625,42534.55859375,46527.66796875,49843.7578125,51447.52734375,50577.43359375,47617.87890625,43733.0625,39749.8671875,36465.8125,34946.2109375,NA,NA,NA,NA,NA,NA
"2",34.777,-84.33188,"RAP0676",687.488464355469,14.3,23.6,3.6,20,2053,783,11.8,30.1,109,296,188,7,99.22,60,3613,1984,639,2070,-21.6,37.7,1208,15.9,242,9,60,9.5,12.3,16.1,21.1,25,28.4,29.8,29,27.3,22.2,15.8,12.4,-2.3,0.3,3.4,6.9,11.1,15.4,17.5,16.7,13.9,7.8,1.9,1.3,3.6,6.3,9.8,14,18,21.9,23.6,22.9,20.6,15,8.8,6.9,163,197,172,194,154,167,158,169,135,174,150,220,10.6,11.9,16.1,20.1,19.9,22.7,20.2,18.6,16,14.6,11,9.4,28,12,4,0,0,0,0,0,0,0,4,11,48,78,166,271,403,506,576,554,467,311,134,98,449,324,256,135,50,10,3,4,22,112,277,342,0,0,4,15,48,123,175,153,100,19,2,1,10,0,14,30,31,30,31,31,30,31,3,1,7,1,0,0,0,0,0,0,0,0,0,0,38,49,82,117,149,161,165,149,120,87,52,39,0,0,0,0,0,0,7,0,0,0,0,0,60,61,60,57,59,62,65,64,61,57,56,64,13.87,15.87,10.77,10.27,4.11,3.47,1.86,3.54,0.88,7.62,8.87,18.08,0.205599993467331,0.80239999294281,0.80239999294281,0.589999973773956,0.301600009202957,0.245800003409386,0.445799991488457,0.205599993467331,0.80239999294281,51.1979141235352,-15.9367141723633,140.331909179688,1.04380822181702,8.27591705322266,1200.39001464844,14.8000001907349,0.259999990463257,20.7999992370605,172.320007324219,55350,38920.5,79,166,7,40.5699996948242,117.75,4972.7001953125,159.119995117188,55.3499984741211,182,3,1,0,0,0,0,0,0,0,0,0,0,1.10000002384186,12,18,5.09999990463257,4.80000019073486,5,49,32,81.5,31.5881824493408,15579,8181.5,21364.5,2.65000009536743,2,3.29999995231628,1.13249999284744,0.539999961853027,2.15499997138977,0,0,13092.3330078125,445136.34375,0,0,0,0,0,0,248644.671875,772077.3125,0,0,0,0,0,0,0,0,0,0,0,0,0,35824.31640625,38699.46875,42531.70703125,46542.00390625,49872.7890625,51483.9296875,50609.8125,47636.98046875,43735.34765625,39734.99609375,36436.37109375,34909.77734375,NA,NA,NA,NA,NA,NA
"3",34.777,-84.33188,"RAP0677",687.488464355469,14.3,23.6,3.6,20,2053,783,11.8,30.1,109,296,188,7,99.22,60,3613,1984,639,2070,-21.6,37.7,1208,15.9,242,9,60,9.5,12.3,16.1,21.1,25,28.4,29.8,29,27.3,22.2,15.8,12.4,-2.3,0.3,3.4,6.9,11.1,15.4,17.5,16.7,13.9,7.8,1.9,1.3,3.6,6.3,9.8,14,18,21.9,23.6,22.9,20.6,15,8.8,6.9,163,197,172,194,154,167,158,169,135,174,150,220,10.6,11.9,16.1,20.1,19.9,22.7,20.2,18.6,16,14.6,11,9.4,28,12,4,0,0,0,0,0,0,0,4,11,48,78,166,271,403,506,576,554,467,311,134,98,449,324,256,135,50,10,3,4,22,112,277,342,0,0,4,15,48,123,175,153,100,19,2,1,10,0,14,30,31,30,31,31,30,31,3,1,7,1,0,0,0,0,0,0,0,0,0,0,38,49,82,117,149,161,165,149,120,87,52,39,0,0,0,0,0,0,7,0,0,0,0,0,60,61,60,57,59,62,65,64,61,57,56,64,13.87,15.87,10.77,10.27,4.11,3.47,1.86,3.54,0.88,7.62,8.87,18.08,0.205599993467331,0.80239999294281,0.80239999294281,0.589999973773956,0.301600009202957,0.245800003409386,0.445799991488457,0.205599993467331,0.80239999294281,51.1979141235352,-15.9367141723633,140.331909179688,1.04380822181702,8.27591705322266,1200.39001464844,14.8000001907349,0.259999990463257,20.7999992370605,172.320007324219,55350,38920.5,79,166,7,40.5699996948242,117.75,4972.7001953125,159.119995117188,55.3499984741211,182,3,1,0,0,0,0,0,0,0,0,0,0,1.10000002384186,12,18,5.09999990463257,4.80000019073486,5,49,32,81.5,31.5881824493408,15579,8181.5,21364.5,2.65000009536743,2,3.29999995231628,1.13249999284744,0.539999961853027,2.15499997138977,0,0,13092.3330078125,445136.34375,0,0,0,0,0,0,248644.671875,772077.3125,0,0,0,0,0,0,0,0,0,0,0,0,0,35824.31640625,38699.46875,42531.70703125,46542.00390625,49872.7890625,51483.9296875,50609.8125,47636.98046875,43735.34765625,39734.99609375,36436.37109375,34909.77734375,NA,NA,NA,NA,NA,NA
"4",34.24546,-84.13745,"RAP1250",453.722076416016,15.7,25.3,4.8,20.5,1762,692,14.6,36.6,95,309,214,65,70.6,44,4061,1713,882,2445,-19.5,38.8,1208,15.8,278,5,64,10.3,13.2,17.3,22,26,29.4,30.8,30.1,27.8,22.5,16.4,12.9,-0.7,1.5,4.9,8.8,13.4,17.9,19.8,19.1,16.2,10.1,3.7,2.5,4.8,7.3,11.1,15.4,19.7,23.6,25.3,24.6,22,16.3,10,7.7,151,163,150,167,137,143,126,157,129,132,121,186,9.9,12,16.2,19.9,20.6,21.5,21.1,19.2,16.2,13.5,10.2,8.8,21,9,3,0,0,0,0,0,0,0,2,9,65,97,201,313,454,557,628,606,509,351,164,116,412,296,215,99,29,5,1,2,14,82,241,317,0,1,6,23,78,172,227,206,133,31,3,2,13,1,27,30,31,30,31,31,30,31,18,6,4,0,0,0,0,0,0,0,0,0,0,0,39,52,85,118,150,158,163,148,117,85,53,40,0,0,0,0,13,15,37,0,0,0,0,0,63,62,61,60,63,67,68,68,66,62,60,66,12.33,12.03,8.22,7.59,2.52,1.36,-1.08,2.52,0.98,4.05,5.61,14.48,0.238399997353554,0.623199999332428,0.626399993896484,0.54559999704361,0.366800010204315,0.257200002670288,0.456200003623962,0.238399997353554,0.626399993896484,29.968822479248,-3.14863967895508,83.6184692382812,0.950606822967529,8.24687004089355,1235.30004882812,24.8400001525879,0.170000001788139,20.5499992370605,161.369995117188,62748,56248.5,95,185,7,44,87.4499969482422,4917.56005859375,160.979995727539,59.5999984741211,234.75,31,0.982299983501434,0.00410000002011657,0,0,0.00510000018402934,0.008500000461936,0,0,0,0,0,1.20000004768372,8,23,3.5,4.5,5.19999980926514,46,28,52.4000015258789,25.5539054870605,15810.5,8602.5,21760,2.5,2,3.09999990463257,1.21999996900558,0.580000042915344,2.27999997138977,49.6531944274902,0,0,0,0,0,0,0,0,0,0,0,0,0,0,0,0,0,0,0,0,0,0,0,0,35984.43359375,38795.796875,42545.89453125,46470.734375,49728.51171875,51303.05078125,50448.921875,47542.01953125,43723.98046875,39808.921875,36582.67578125,35090.796875,NA,NA,NA,NA,NA,NA
"5",34.24546,-84.13745,"RAP1251",453.722076416016,15.7,25.3,4.8,20.5,1762,692,14.6,36.6,95,309,214,65,70.6,44,4061,1713,882,2445,-19.5,38.8,1208,15.8,278,5,64,10.3,13.2,17.3,22,26,29.4,30.8,30.1,27.8,22.5,16.4,12.9,-0.7,1.5,4.9,8.8,13.4,17.9,19.8,19.1,16.2,10.1,3.7,2.5,4.8,7.3,11.1,15.4,19.7,23.6,25.3,24.6,22,16.3,10,7.7,151,163,150,167,137,143,126,157,129,132,121,186,9.9,12,16.2,19.9,20.6,21.5,21.1,19.2,16.2,13.5,10.2,8.8,21,9,3,0,0,0,0,0,0,0,2,9,65,97,201,313,454,557,628,606,509,351,164,116,412,296,215,99,29,5,1,2,14,82,241,317,0,1,6,23,78,172,227,206,133,31,3,2,13,1,27,30,31,30,31,31,30,31,18,6,4,0,0,0,0,0,0,0,0,0,0,0,39,52,85,118,150,158,163,148,117,85,53,40,0,0,0,0,13,15,37,0,0,0,0,0,63,62,61,60,63,67,68,68,66,62,60,66,12.33,12.03,8.22,7.59,2.52,1.36,-1.08,2.52,0.98,4.05,5.61,14.48,0.238399997353554,0.623199999332428,0.626399993896484,0.54559999704361,0.366800010204315,0.257200002670288,0.456200003623962,0.238399997353554,0.626399993896484,29.968822479248,-3.14863967895508,83.6184692382812,0.950606822967529,8.24687004089355,1235.30004882812,24.8400001525879,0.170000001788139,20.5499992370605,161.369995117188,62748,56248.5,95,185,7,44,87.4499969482422,4917.56005859375,160.979995727539,59.5999984741211,234.75,31,0.982299983501434,0.00410000002011657,0,0,0.00510000018402934,0.008500000461936,0,0,0,0,0,1.20000004768372,8,23,3.5,4.5,5.19999980926514,46,28,52.4000015258789,25.5539054870605,15810.5,8602.5,21760,2.5,2,3.09999990463257,1.21999996900558,0.580000042915344,2.27999997138977,49.6531944274902,0,0,0,0,0,0,0,0,0,0,0,0,0,0,0,0,0,0,0,0,0,0,0,0,35984.43359375,38795.796875,42545.89453125,46470.734375,49728.51171875,51303.05078125,50448.921875,47542.01953125,43723.98046875,39808.921875,36582.67578125,35090.796875,NA,NA,NA,NA,NA,NA
"6",35.42077,-83.95027,"RAP1256",664.062072753906,13,22.4,2.3,20.1,2075,802,11.1,27.9,115,291,177,3,112.49,87,3227,2301,483,1787,-23.4,36.5,1143,15.6,224,17,60,8.1,10.9,14.9,20.1,23.9,27.1,28.5,27.7,25.4,20.4,14.6,11.1,-3.4,-1.1,1.7,5.5,10.4,14.4,16.3,15.5,13.1,6.9,0.7,-0.2,2.3,4.9,8.3,12.8,17.1,20.8,22.4,21.6,19.2,13.6,7.6,5.4,183,206,179,197,140,193,185,147,137,147,142,219,10.2,11.8,16,20.1,19.8,22.4,20.2,18.5,15.5,13.6,10.4,9,39,18,6,1,0,0,0,0,0,0,5,17,35,57,127,235,376,473,539,514,426,269,107,70,489,363,303,168,65,16,5,8,35,150,313,388,0,0,2,10,36,97,138,118,70,11,0,0,8,0,2,28,31,30,31,31,30,31,1,0,13,2,0,0,0,0,0,0,0,0,0,1,34,46,78,113,143,154,159,143,110,79,48,36,0,0,0,0,3,0,0,0,0,0,0,0,60,60,58,55,60,63,65,64,63,59,56,63,16.42,17.53,12.44,11.01,3.53,7.12,5.57,2.32,2.74,6.12,9,18.69,0.263999998569489,0.748799979686737,0.748799979686737,0.621599972248077,0.219600006937981,0.264400005340576,0.442999988794327,0.219600006937981,0.748799979686737,21.0692138671875,-10.2384643554688,67.4291381835938,1.02528321743011,12.3434228897095,1186.93994140625,14.9899997711182,0.239999994635582,20.6499996185303,164.770004272461,52398,37314,74,155,7,39.2099990844727,116.389999389648,4999,158.320007324219,54.0099983215332,158.25,2,0.999800026416779,0.000199999994947575,0,0,0,0,0,0,0,0,0,1.10000002384186,11,19,5.19999980926514,4.69999980926514,4.80000019073486,47,33,80.5,29.4440574645996,15437.25,7970,21028.5,2.60000002384186,2,3.25,1.08250001072884,0.514999985694885,2.09500002861023,0,0,0,181737.5,0,0,0,0,0,0,0,0,0,0,0,0,0,0,0,0,0,0,0,0,0,35645.2890625,38591.875,42515.86328125,46621.58984375,50034.0546875,51686.26171875,50789.70703125,47743.05078125,43748.03515625,39652.44140625,36272.83203125,34707.28125,NA,NA,NA,NA,NA,NA
"7",35.42077,-83.95027,"RAP1257",664.062072753906,13,22.4,2.3,20.1,2075,802,11.1,27.9,115,291,177,3,112.49,87,3227,2301,483,1787,-23.4,36.5,1143,15.6,224,17,60,8.1,10.9,14.9,20.1,23.9,27.1,28.5,27.7,25.4,20.4,14.6,11.1,-3.4,-1.1,1.7,5.5,10.4,14.4,16.3,15.5,13.1,6.9,0.7,-0.2,2.3,4.9,8.3,12.8,17.1,20.8,22.4,21.6,19.2,13.6,7.6,5.4,183,206,179,197,140,193,185,147,137,147,142,219,10.2,11.8,16,20.1,19.8,22.4,20.2,18.5,15.5,13.6,10.4,9,39,18,6,1,0,0,0,0,0,0,5,17,35,57,127,235,376,473,539,514,426,269,107,70,489,363,303,168,65,16,5,8,35,150,313,388,0,0,2,10,36,97,138,118,70,11,0,0,8,0,2,28,31,30,31,31,30,31,1,0,13,2,0,0,0,0,0,0,0,0,0,1,34,46,78,113,143,154,159,143,110,79,48,36,0,0,0,0,3,0,0,0,0,0,0,0,60,60,58,55,60,63,65,64,63,59,56,63,16.42,17.53,12.44,11.01,3.53,7.12,5.57,2.32,2.74,6.12,9,18.69,0.263999998569489,0.748799979686737,0.748799979686737,0.621599972248077,0.219600006937981,0.264400005340576,0.442999988794327,0.219600006937981,0.748799979686737,21.0692138671875,-10.2384643554688,67.4291381835938,1.02528321743011,12.3434228897095,1186.93994140625,14.9899997711182,0.239999994635582,20.6499996185303,164.770004272461,52398,37314,74,155,7,39.2099990844727,116.389999389648,4999,158.320007324219,54.0099983215332,158.25,2,0.999800026416779,0.000199999994947575,0,0,0,0,0,0,0,0,0,1.10000002384186,11,19,5.19999980926514,4.69999980926514,4.80000019073486,47,33,80.5,29.4440574645996,15437.25,7970,21028.5,2.60000002384186,2,3.25,1.08250001072884,0.514999985694885,2.09500002861023,0,0,0,181737.5,0,0,0,0,0,0,0,0,0,0,0,0,0,0,0,0,0,0,0,0,0,35645.2890625,38591.875,42515.86328125,46621.58984375,50034.0546875,51686.26171875,50789.70703125,47743.05078125,43748.03515625,39652.44140625,36272.83203125,34707.28125,NA,NA,NA,NA,NA,NA
"8",35.17529,-83.70707,"RAP1275",975.735534667969,12.9,21.9,3,18.9,2045,765,11.2,28.6,110,297,187,0,119.68,79,3175,2281,437,1729,-21.9,34.8,1037,15.3,236,14,66,8,10.2,13.8,18.5,22.3,25.5,26.9,26.1,24.1,19.4,13.7,10.4,-2.1,-0.2,2.8,6.5,11.4,15,16.8,16.1,13.9,8.2,2,0.8,3,5,8.3,12.5,16.9,20.2,21.9,21.1,19,13.8,7.8,5.6,191,204,174,194,150,164,161,165,125,142,145,230,10.9,11.4,15.9,19.6,19.1,21,19.2,17.6,14.7,13.6,10.9,9.6,33,17,6,1,0,0,0,0,0,0,5,16,41,57,126,226,369,455,523,499,420,275,110,73,468,360,303,176,69,20,6,10,37,144,307,382,0,0,2,8,33,86,124,107,66,12,0,0,10,0,8,30,31,30,31,31,30,31,4,1,10,2,0,0,0,0,0,0,0,0,0,1,33,43,71,102,128,138,143,128,100,73,45,33,0,0,0,0,0,0,0,0,0,0,0,0,65,65,64,62,67,69,70,70,69,65,62,68,17.11,17.49,12.47,11.8,5.91,5.71,4.75,5.68,2.72,6.41,9.65,19.97,0.264400005340576,0.427599996328354,0.748000025749207,0.582400023937225,0.224800005555153,0.304800003767014,0.366200000047684,0.224800005555153,0.748000025749207,20.6554412841797,-18.9363403320312,56.04345703125,0.997709631919861,13.3215713500977,1108.36999511719,3.95000004768372,0.379999995231628,19.8500003814697,197.710006713867,46404,33655.5,64,141,7,37.0999984741211,108.300003051758,4626.60986328125,147.380004882812,50.8699989318848,122.25,3,0.992500007152557,0.00749999983236194,0,0,0,0,0,0,0,0,0,1,9,18,7.5,4.80000019073486,4.90000009536743,48,33,98.5999984741211,28.683650970459,15465.25,8149,21016.5,3.39999997615814,2.44999980926514,4.25,1.00999999046326,0.480000019073486,1.95499992370605,0,0,0,1615060.125,443365.65625,0,0,0,0,0,0,0,0,2.85645174980164,0,0,0,0,0,0,0,0,0,0,0,35727.05078125,38641,42523.09375,46585.2578125,49960.41015625,51593.84765625,50707.55078125,47694.625,43742.24609375,39690.1328125,36347.51171875,34799.76953125,NA,NA,NA,NA,NA,NA
"9",35.17529,-83.70707,"RAP1276",975.735534667969,12.9,21.9,3,18.9,2045,765,11.2,28.6,110,297,187,0,119.68,79,3175,2281,437,1729,-21.9,34.8,1037,15.3,236,14,66,8,10.2,13.8,18.5,22.3,25.5,26.9,26.1,24.1,19.4,13.7,10.4,-2.1,-0.2,2.8,6.5,11.4,15,16.8,16.1,13.9,8.2,2,0.8,3,5,8.3,12.5,16.9,20.2,21.9,21.1,19,13.8,7.8,5.6,191,204,174,194,150,164,161,165,125,142,145,230,10.9,11.4,15.9,19.6,19.1,21,19.2,17.6,14.7,13.6,10.9,9.6,33,17,6,1,0,0,0,0,0,0,5,16,41,57,126,226,369,455,523,499,420,275,110,73,468,360,303,176,69,20,6,10,37,144,307,382,0,0,2,8,33,86,124,107,66,12,0,0,10,0,8,30,31,30,31,31,30,31,4,1,10,2,0,0,0,0,0,0,0,0,0,1,33,43,71,102,128,138,143,128,100,73,45,33,0,0,0,0,0,0,0,0,0,0,0,0,65,65,64,62,67,69,70,70,69,65,62,68,17.11,17.49,12.47,11.8,5.91,5.71,4.75,5.68,2.72,6.41,9.65,19.97,0.264400005340576,0.427599996328354,0.748000025749207,0.582400023937225,0.224800005555153,0.304800003767014,0.366200000047684,0.224800005555153,0.748000025749207,20.6554412841797,-18.9363403320312,56.04345703125,0.997709631919861,13.3215713500977,1108.36999511719,3.95000004768372,0.379999995231628,19.8500003814697,197.710006713867,46404,33655.5,64,141,7,37.0999984741211,108.300003051758,4626.60986328125,147.380004882812,50.8699989318848,122.25,3,0.992500007152557,0.00749999983236194,0,0,0,0,0,0,0,0,0,1,9,18,7.5,4.80000019073486,4.90000009536743,48,33,98.5999984741211,28.683650970459,15465.25,8149,21016.5,3.39999997615814,2.44999980926514,4.25,1.00999999046326,0.480000019073486,1.95499992370605,0,0,0,1615060.125,443365.65625,0,0,0,0,0,0,0,0,2.85645174980164,0,0,0,0,0,0,0,0,0,0,0,35727.05078125,38641,42523.09375,46585.2578125,49960.41015625,51593.84765625,50707.55078125,47694.625,43742.24609375,39690.1328125,36347.51171875,34799.76953125,NA,NA,NA,NA,NA,NA
"10",35.06856,-83.52907,"RAP1290",1082.3369140625,12.5,21.4,2.5,18.9,2374,876,9.5,24.4,111,295,184,0,155.65,88,3057,2377,392,1636,-22.4,34.1,1015,15.2,232,20,67,7.5,9.9,13.5,18.3,22,24.9,26.4,25.3,23.1,18.7,13.3,10.1,-2.5,-0.7,2.5,6.3,11.1,14.8,16.5,15.9,13.7,7.8,1.7,0.5,2.5,4.6,8,12.3,16.6,19.9,21.4,20.6,18.4,13.2,7.5,5.3,220,230,197,226,174,182,174,187,159,192,174,259,11.1,11.5,15.9,19.6,19,20.8,19,17.4,14.4,13.6,10.9,9.7,37,19,7,1,0,0,0,0,0,0,6,17,36,52,119,220,360,446,508,483,402,256,104,68,483,371,312,182,74,22,8,13,44,160,316,391,0,0,2,7,30,81,112,95,56,9,0,0,9,0,6,30,31,30,31,31,30,31,3,1,14,3,0,0,0,0,0,0,0,0,0,1,32,43,71,101,127,135,140,123,95,71,44,33,0,0,0,0,0,0,0,0,0,0,0,0,65,64,64,62,67,70,71,72,71,66,62,68,20.16,20.21,14.91,15,8.36,7.9,6.32,8.48,6.84,11.71,12.76,22.98,0.259600013494492,0.706399977207184,0.706399977207184,0.58160001039505,0.195199996232986,0.245199993252754,0.420600011944771,0.195199996232986,0.706399977207184,31.9400634765625,-15.0768127441406,99.8438720703125,1.03549611568451,9.09622287750244,1110.69995117188,3.22000002861023,0.409999996423721,19.6000003814697,208.149993896484,47016,33885,67,142,7,37.7200012207031,108.099998474121,4593.919921875,146.990005493164,51.5999984741211,129,4,0.996100008487701,0.00380000006407499,0,0,9.99999974737875e-05,0,0,0,0,0,0,0.899999976158142,7,17,8.19999980926514,5.5,4.80000019073486,46,35,142.199996948242,32.0576095581055,15551.25,8230,20968,3.59999990463257,2.59999990463257,4.55000019073486,0.997500002384186,0.475000023841858,1.9300000667572,0,0,0,1615060.125,443365.65625,0,0,0,0,0,0,0,0,5.51774168014526,0.766071438789368,0,0,0,0,0,0,0,0,0.0383333340287209,0,35743.32421875,38650.78125,42524.53515625,46578.0234375,49945.75,51575.453125,50691.19921875,47684.984375,43741.08984375,39697.63671875,36362.3828125,34818.1796875,NA,NA,NA,NA,NA,NA
"11",35.06856,-83.52907,"RAP1291",1082.3369140625,12.5,21.4,2.5,18.9,2374,876,9.5,24.4,111,295,184,0,155.65,88,3057,2377,392,1636,-22.4,34.1,1015,15.2,232,20,67,7.5,9.9,13.5,18.3,22,24.9,26.4,25.3,23.1,18.7,13.3,10.1,-2.5,-0.7,2.5,6.3,11.1,14.8,16.5,15.9,13.7,7.8,1.7,0.5,2.5,4.6,8,12.3,16.6,19.9,21.4,20.6,18.4,13.2,7.5,5.3,220,230,197,226,174,182,174,187,159,192,174,259,11.1,11.5,15.9,19.6,19,20.8,19,17.4,14.4,13.6,10.9,9.7,37,19,7,1,0,0,0,0,0,0,6,17,36,52,119,220,360,446,508,483,402,256,104,68,483,371,312,182,74,22,8,13,44,160,316,391,0,0,2,7,30,81,112,95,56,9,0,0,9,0,6,30,31,30,31,31,30,31,3,1,14,3,0,0,0,0,0,0,0,0,0,1,32,43,71,101,127,135,140,123,95,71,44,33,0,0,0,0,0,0,0,0,0,0,0,0,65,64,64,62,67,70,71,72,71,66,62,68,20.16,20.21,14.91,15,8.36,7.9,6.32,8.48,6.84,11.71,12.76,22.98,0.259600013494492,0.706399977207184,0.706399977207184,0.58160001039505,0.195199996232986,0.245199993252754,0.420600011944771,0.195199996232986,0.706399977207184,31.9400634765625,-15.0768127441406,99.8438720703125,1.03549611568451,9.09622287750244,1110.69995117188,3.22000002861023,0.409999996423721,19.6000003814697,208.149993896484,47016,33885,67,142,7,37.7200012207031,108.099998474121,4593.919921875,146.990005493164,51.5999984741211,129,4,0.996100008487701,0.00380000006407499,0,0,9.99999974737875e-05,0,0,0,0,0,0,0.899999976158142,7,17,8.19999980926514,5.5,4.80000019073486,46,35,142.199996948242,32.0576095581055,15551.25,8230,20968,3.59999990463257,2.59999990463257,4.55000019073486,0.997500002384186,0.475000023841858,1.9300000667572,0,0,0,1615060.125,443365.65625,0,0,0,0,0,0,0,0,5.51774168014526,0.766071438789368,0,0,0,0,0,0,0,0,0.0383333340287209,0,35743.32421875,38650.78125,42524.53515625,46578.0234375,49945.75,51575.453125,50691.19921875,47684.984375,43741.08984375,39697.63671875,36362.3828125,34818.1796875,NA,NA,NA,NA,NA,NA
"12",34.75275,-84.01403,"RAP1307",778.233032226562,13.5,22.9,3,19.9,2210,862,10.6,26.6,111,293,182,0,123.32,73,3375,2170,533,1890,-22.9,36.7,1155,15.8,230,13,61,9,11.6,15.2,19.7,23.8,27.1,28.7,27.9,26,21,15.5,12,-3.1,-0.9,2.5,6.4,10.9,15.1,17.1,16.4,13.5,7.3,1.1,0.2,3,5.3,8.8,13.1,17.4,21.1,22.9,22.1,19.8,14.2,8.3,6.1,175,203,174,213,172,173,172,198,147,194,154,235,10.7,12.2,16.1,19.9,19.6,21.9,19.9,18.2,15.6,14.3,11.2,9.6,33,16,5,1,0,0,0,0,0,0,4,14,42,63,140,244,385,482,554,529,444,287,123,83,468,352,287,160,59,14,4,6,29,133,292,366,0,0,3,11,40,100,153,129,82,14,1,0,8,0,6,30,31,30,31,31,30,31,1,0,10,2,0,0,0,0,0,0,0,0,0,1,37,48,79,110,142,152,158,141,114,83,52,39,0,0,0,0,0,0,0,0,0,0,0,0,58,59,59,59,61,65,66,66,63,58,55,61,15.28,16.86,11.63,13,6.85,5.25,4.24,7.43,3.16,10.35,9.48,19.79,0.28659999370575,0.696799993515015,0.696799993515015,0.618799984455109,0.340999990701675,0.272000014781952,0.479899987578392,0.272000014781952,0.696799993515015,31.5608444213867,-28.8637619018555,60.6192626953125,0.983262002468109,13.8582334518433,1159.2099609375,11.210000038147,0.319999992847443,20.2000007629395,186.580001831055,52020,36868.5,75,157,7,39.9000015258789,113,4735.22998046875,152.789993286133,54.2599983215332,161,2,0.998799979686737,0.00120000005699694,0,0,0,0,0,0,0,0,0,1.10000002384186,8,18,5.19999980926514,4.69999980926514,5,45,34,98.1999969482422,31.9029750823975,15538.75,8260.5,21239.5,3,2.25,3.75,1.08750000596046,0.519999980926514,2.07499980926514,0,0,0,902883.3125,1361036.625,13077.3330078125,39183.16796875,0,0,0,26109.666015625,156757.171875,0,0,0,0,0,0,0,0,0,0,0,0,0,35840.4375,38709.16796875,42533.1328125,46534.83203125,49858.26171875,51465.71484375,50593.609375,47627.42578125,43734.20703125,39742.4375,36451.10546875,34928.0078125,NA,NA,NA,NA,NA,NA
"13",34.75275,-84.01403,"RAP1308",778.233032226562,13.5,22.9,3,19.9,2210,862,10.6,26.6,111,293,182,0,123.32,73,3375,2170,533,1890,-22.9,36.7,1155,15.8,230,13,61,9,11.6,15.2,19.7,23.8,27.1,28.7,27.9,26,21,15.5,12,-3.1,-0.9,2.5,6.4,10.9,15.1,17.1,16.4,13.5,7.3,1.1,0.2,3,5.3,8.8,13.1,17.4,21.1,22.9,22.1,19.8,14.2,8.3,6.1,175,203,174,213,172,173,172,198,147,194,154,235,10.7,12.2,16.1,19.9,19.6,21.9,19.9,18.2,15.6,14.3,11.2,9.6,33,16,5,1,0,0,0,0,0,0,4,14,42,63,140,244,385,482,554,529,444,287,123,83,468,352,287,160,59,14,4,6,29,133,292,366,0,0,3,11,40,100,153,129,82,14,1,0,8,0,6,30,31,30,31,31,30,31,1,0,10,2,0,0,0,0,0,0,0,0,0,1,37,48,79,110,142,152,158,141,114,83,52,39,0,0,0,0,0,0,0,0,0,0,0,0,58,59,59,59,61,65,66,66,63,58,55,61,15.28,16.86,11.63,13,6.85,5.25,4.24,7.43,3.16,10.35,9.48,19.79,0.28659999370575,0.696799993515015,0.696799993515015,0.618799984455109,0.340999990701675,0.272000014781952,0.479899987578392,0.272000014781952,0.696799993515015,31.5608444213867,-28.8637619018555,60.6192626953125,0.983262002468109,13.8582334518433,1159.2099609375,11.210000038147,0.319999992847443,20.2000007629395,186.580001831055,52020,36868.5,75,157,7,39.9000015258789,113,4735.22998046875,152.789993286133,54.2599983215332,161,2,0.998799979686737,0.00120000005699694,0,0,0,0,0,0,0,0,0,1.10000002384186,8,18,5.19999980926514,4.69999980926514,5,45,34,98.1999969482422,31.9029750823975,15538.75,8260.5,21239.5,3,2.25,3.75,1.08750000596046,0.519999980926514,2.07499980926514,0,0,0,902883.3125,1361036.625,13077.3330078125,39183.16796875,0,0,0,26109.666015625,156757.171875,0,0,0,0,0,0,0,0,0,0,0,0,0,35840.4375,38709.16796875,42533.1328125,46534.83203125,49858.26171875,51465.71484375,50593.609375,47627.42578125,43734.20703125,39742.4375,36451.10546875,34928.0078125,NA,NA,NA,NA,NA,NA
"14",34.64158,-83.94225,"RAP1328",539.866760253906,15,24.4,4.3,20.1,2031,808,12.3,30.2,102,303,201,0,99.13,51,3848,1837,764,2266,-20.6,38,1192,15.8,259,7,62,10,12.7,16.7,21.5,25.4,28.8,30.2,29.4,27.2,22,16.2,12.7,-1.4,0.9,4.1,8,12.7,16.9,18.7,18.1,15.4,9.1,3,1.7,4.3,6.8,10.4,14.8,19,22.9,24.4,23.8,21.3,15.6,9.6,7.2,163,186,163,185,162,159,167,183,137,169,140,217,10.2,12,16.1,19.9,20.1,21.9,20.6,18.8,15.9,13.9,10.6,9.1,24,11,3,0,0,0,0,0,0,0,3,10,57,87,182,295,433,536,600,582,488,329,154,105,428,310,238,114,36,7,2,3,18,98,253,332,0,0,4,19,65,152,199,181,116,24,3,1,11,0,21,30,31,30,31,31,30,31,11,2,5,1,0,0,0,0,0,0,0,0,0,0,38,50,83,117,147,158,163,146,115,84,52,39,0,0,0,0,0,0,0,0,0,0,0,0,61,61,60,59,62,65,67,67,65,61,58,64,13.66,14.59,9.65,9.48,5.24,3.07,3.08,5.33,1.97,7.78,7.61,17.66,0.284599989652634,0.703999996185303,0.703999996185303,0.578000009059906,0.419600009918213,0.280000001192093,0.498800009489059,0.280000001192093,0.703999996185303,28.9816665649414,-22.228401184082,94.6795043945312,0.956192314624786,11.465539932251,1221.93005371094,17.4799995422363,0.25,20.2999992370605,175.75,57870,40176,89,170,7,42.7700004577637,86.6500015258789,4923.509765625,159.770004272461,58.0400009155273,202.5,8,0.954299986362457,0.0456999987363815,0,0,0,0,0,0,0,0,0,1.20000004768372,11,19,5.19999980926514,4.69999980926514,5.09999990463257,53,26,84,28.200216293335,15654,8414.5,21563,2.65000009536743,2.04999995231628,3.25,1.16249996423721,0.555000007152557,2.20499992370605,5.65971708297729,0,131022,1624798.125,0,0,0,0,0,0,0,0,0,0,0,0,0,0,0,0,0,0,0,0,0,35872.609375,38728.515625,42535.98046875,46520.515625,49829.2734375,51429.3671875,50561.28515625,47608.3515625,43731.921875,39757.28515625,36480.49609375,34964.3828125,NA,NA,NA,NA,NA,NA
"15",34.64158,-83.94225,"RAP1329",539.866760253906,15,24.4,4.3,20.1,2031,808,12.3,30.2,102,303,201,0,99.13,51,3848,1837,764,2266,-20.6,38,1192,15.8,259,7,62,10,12.7,16.7,21.5,25.4,28.8,30.2,29.4,27.2,22,16.2,12.7,-1.4,0.9,4.1,8,12.7,16.9,18.7,18.1,15.4,9.1,3,1.7,4.3,6.8,10.4,14.8,19,22.9,24.4,23.8,21.3,15.6,9.6,7.2,163,186,163,185,162,159,167,183,137,169,140,217,10.2,12,16.1,19.9,20.1,21.9,20.6,18.8,15.9,13.9,10.6,9.1,24,11,3,0,0,0,0,0,0,0,3,10,57,87,182,295,433,536,600,582,488,329,154,105,428,310,238,114,36,7,2,3,18,98,253,332,0,0,4,19,65,152,199,181,116,24,3,1,11,0,21,30,31,30,31,31,30,31,11,2,5,1,0,0,0,0,0,0,0,0,0,0,38,50,83,117,147,158,163,146,115,84,52,39,0,0,0,0,0,0,0,0,0,0,0,0,61,61,60,59,62,65,67,67,65,61,58,64,13.66,14.59,9.65,9.48,5.24,3.07,3.08,5.33,1.97,7.78,7.61,17.66,0.284599989652634,0.703999996185303,0.703999996185303,0.578000009059906,0.419600009918213,0.280000001192093,0.498800009489059,0.280000001192093,0.703999996185303,28.9816665649414,-22.228401184082,94.6795043945312,0.956192314624786,11.465539932251,1221.93005371094,17.4799995422363,0.25,20.2999992370605,175.75,57870,40176,89,170,7,42.7700004577637,86.6500015258789,4923.509765625,159.770004272461,58.0400009155273,202.5,8,0.954299986362457,0.0456999987363815,0,0,0,0,0,0,0,0,0,1.20000004768372,11,19,5.19999980926514,4.69999980926514,5.09999990463257,53,26,84,28.200216293335,15654,8414.5,21563,2.65000009536743,2.04999995231628,3.25,1.16249996423721,0.555000007152557,2.20499992370605,5.65971708297729,0,131022,1624798.125,0,0,0,0,0,0,0,0,0,0,0,0,0,0,0,0,0,0,0,0,0,35872.609375,38728.515625,42535.98046875,46520.515625,49829.2734375,51429.3671875,50561.28515625,47608.3515625,43731.921875,39757.28515625,36480.49609375,34964.3828125,NA,NA,NA,NA,NA,NA
"16",34.42553,-84.21087,"RAP1340",396.891632080078,15.7,25.4,4.8,20.6,1904,770,13.5,33,94,309,216,13,85.41,44,4086,1700,895,2467,-19.3,38.8,1205,15.8,282,5,64,10.2,13,17.3,22.1,26.1,29.5,31,30.1,27.9,22.4,16.3,12.8,-0.6,1.7,5.1,9,13.6,17.9,19.8,19.2,16.3,10.1,3.8,2.7,4.8,7.3,11.2,15.6,19.9,23.7,25.4,24.6,22.1,16.2,10.1,7.8,147,173,157,175,151,154,157,177,131,150,130,202,9.9,11.8,16.1,19.9,20.6,21.7,21.2,19.1,16.2,13.5,10.2,8.8,21,9,3,0,0,0,0,0,0,0,2,9,64,97,204,319,460,560,631,606,512,348,166,119,412,296,213,95,27,5,1,2,14,84,238,314,0,1,6,25,82,175,230,206,135,30,3,2,13,1,28,30,31,30,31,31,30,31,19,7,4,0,0,0,0,0,0,0,0,0,0,0,39,50,85,118,150,159,165,147,117,84,52,39,0,0,0,0,0,5,8,0,0,0,0,0,64,63,62,60,63,66,68,69,66,63,60,67,11.98,13.16,9,8.42,3.96,2.42,1.86,4.65,1.19,5.99,6.63,16.16,0.235200002789497,0.634800016880035,0.638400018215179,0.505200028419495,0.261799991130829,0.231800004839897,0.383500009775162,0.231800004839897,0.638400018215179,20.3133354187012,-20.3133354187012,36.5061340332031,1.00710451602936,13.2830467224121,1238.85998535156,22.7600002288818,0.200000002980232,20.6499996185303,165.389999389648,61758,55440,93,182,7,43.6100006103516,119.819999694824,4968.56005859375,161.820007324219,59.2599983215332,227.25,11,0.986100018024445,0.00240000011399388,0,0,0.00439999997615814,0.000500000023748726,0,0.00659999996423721,0,0,0,1.29999995231628,5,20,2.79999995231628,4.30000019073486,5,45,33,51.5999984741211,26.537483215332,15756.5,8489.5,21628,2.42499995231628,1.89999997615814,2.95000004768372,1.21749997138977,0.580000042915344,2.28499984741211,6.14615678787231,0,13149.3330078125,815047.6875,0,0,0,0,0,0,39441.16796875,0,0,0,0,0,0,0,0,0,0,0,0,0,0,35936.65625,38767.046875,42541.66015625,46492.01171875,49771.56640625,51357.015625,50496.9296875,47570.36328125,43727.375,39786.85546875,36539.01953125,35036.7890625,NA,NA,NA,NA,NA,NA
"17",34.42553,-84.21087,"RAP1341",396.891632080078,15.7,25.4,4.8,20.6,1904,770,13.5,33,94,309,216,13,85.41,44,4086,1700,895,2467,-19.3,38.8,1205,15.8,282,5,64,10.2,13,17.3,22.1,26.1,29.5,31,30.1,27.9,22.4,16.3,12.8,-0.6,1.7,5.1,9,13.6,17.9,19.8,19.2,16.3,10.1,3.8,2.7,4.8,7.3,11.2,15.6,19.9,23.7,25.4,24.6,22.1,16.2,10.1,7.8,147,173,157,175,151,154,157,177,131,150,130,202,9.9,11.8,16.1,19.9,20.6,21.7,21.2,19.1,16.2,13.5,10.2,8.8,21,9,3,0,0,0,0,0,0,0,2,9,64,97,204,319,460,560,631,606,512,348,166,119,412,296,213,95,27,5,1,2,14,84,238,314,0,1,6,25,82,175,230,206,135,30,3,2,13,1,28,30,31,30,31,31,30,31,19,7,4,0,0,0,0,0,0,0,0,0,0,0,39,50,85,118,150,159,165,147,117,84,52,39,0,0,0,0,0,5,8,0,0,0,0,0,64,63,62,60,63,66,68,69,66,63,60,67,11.98,13.16,9,8.42,3.96,2.42,1.86,4.65,1.19,5.99,6.63,16.16,0.235200002789497,0.634800016880035,0.638400018215179,0.505200028419495,0.261799991130829,0.231800004839897,0.383500009775162,0.231800004839897,0.638400018215179,20.3133354187012,-20.3133354187012,36.5061340332031,1.00710451602936,13.2830467224121,1238.85998535156,22.7600002288818,0.200000002980232,20.6499996185303,165.389999389648,61758,55440,93,182,7,43.6100006103516,119.819999694824,4968.56005859375,161.820007324219,59.2599983215332,227.25,11,0.986100018024445,0.00240000011399388,0,0,0.00439999997615814,0.000500000023748726,0,0.00659999996423721,0,0,0,1.29999995231628,5,20,2.79999995231628,4.30000019073486,5,45,33,51.5999984741211,26.537483215332,15756.5,8489.5,21628,2.42499995231628,1.89999997615814,2.95000004768372,1.21749997138977,0.580000042915344,2.28499984741211,6.14615678787231,0,13149.3330078125,815047.6875,0,0,0,0,0,0,39441.16796875,0,0,0,0,0,0,0,0,0,0,0,0,0,0,35936.65625,38767.046875,42541.66015625,46492.01171875,49771.56640625,51357.015625,50496.9296875,47570.36328125,43727.375,39786.85546875,36539.01953125,35036.7890625,NA,NA,NA,NA,NA,NA
"18",32.68513,-83.88709,"RAP1352",139.062164306641,18.4,27.4,8.1,19.3,1402,560,20.3,48.9,65,325,260,284,10.69,18,4973,1141,1306,3183,-16.4,40.8,1393,16.5,336,1,61,14.6,17.6,21.2,25.2,29.2,32.2,33.4,32.7,30.7,26.1,19.9,16.8,1.6,4.3,7.2,10.9,15.3,20,21.5,21.2,18.4,12.1,5.7,4.6,8.1,11,14.2,18,22.2,26.1,27.4,27,24.5,19.1,12.8,10.7,112,151,102,141,94,116,128,125,97,77,91,168,9.9,12.9,16.5,20.3,21.8,22,22.7,20.3,17.2,14.7,10.9,9,9,3,1,0,0,0,0,0,0,0,1,4,129,180,292,389,529,632,692,680,583,436,239,192,311,199,133,50,12,2,0,1,6,37,166,224,2,4,17,50,134,244,291,279,197,72,10,5,17,20,31,30,31,30,31,31,30,31,29,24,1,0,0,0,0,0,0,0,0,0,0,0,52,66,104,136,169,174,180,162,132,102,65,51,0,0,2,0,75,58,52,37,35,25,0,0,58,58,57,58,60,65,67,67,65,59,57,61,6.24,8.25,1.59,3.22,-3.98,-3.25,-2.84,-2.37,-4.08,-3.64,1.07,10.48,0.29679998755455,0.54040002822876,0.54040002822876,0.432799994945526,0.315200001001358,0.315200001001358,0.373999997973442,0.29679998755455,0.54040002822876,5.80201148986816,-4.32641410827637,19.654541015625,1.02403366565704,10.7716569900513,1409.68005371094,40.3600006103516,-0.159999996423721,19.2999992370605,128.309997558594,76752,76752,139,208,9,56.2700004577637,100.970001220703,5070.1201171875,175.509994506836,73.4599990844727,336.5,6,0.872900009155273,0.0707999989390373,0,0,0.00820000004023314,0.00930000003427267,0,0.0357999987900257,0.00300000002607703,0,0,1.39999997615814,5,13,2.5,4.40000009536743,5.19999980926514,69,17,47.2999992370605,26.4060211181641,16473.25,9372,22174.5,2.5,2.09999990463257,3.04999995231628,1.4375,0.730000019073486,2.53999996185303,7.95968723297119,94045,1168180,1074159.5,13428.1669921875,0,0,0,0,53695,710813.8125,241687,0,0,0,0,0,0,0,0,0,0,0,0,0,36404.9375,39049.20703125,42583.26171875,46283.1640625,49349.4296875,50828.359375,50026.3984375,47292.19921875,43694.0546875,40003.47265625,36967.07421875,35565.87109375,NA,NA,NA,0.207412034273148,NA,NA
"19",32.68513,-83.88709,"RAP1353",139.062164306641,18.4,27.4,8.1,19.3,1402,560,20.3,48.9,65,325,260,284,10.69,18,4973,1141,1306,3183,-16.4,40.8,1393,16.5,336,1,61,14.6,17.6,21.2,25.2,29.2,32.2,33.4,32.7,30.7,26.1,19.9,16.8,1.6,4.3,7.2,10.9,15.3,20,21.5,21.2,18.4,12.1,5.7,4.6,8.1,11,14.2,18,22.2,26.1,27.4,27,24.5,19.1,12.8,10.7,112,151,102,141,94,116,128,125,97,77,91,168,9.9,12.9,16.5,20.3,21.8,22,22.7,20.3,17.2,14.7,10.9,9,9,3,1,0,0,0,0,0,0,0,1,4,129,180,292,389,529,632,692,680,583,436,239,192,311,199,133,50,12,2,0,1,6,37,166,224,2,4,17,50,134,244,291,279,197,72,10,5,17,20,31,30,31,30,31,31,30,31,29,24,1,0,0,0,0,0,0,0,0,0,0,0,52,66,104,136,169,174,180,162,132,102,65,51,0,0,2,0,75,58,52,37,35,25,0,0,58,58,57,58,60,65,67,67,65,59,57,61,6.24,8.25,1.59,3.22,-3.98,-3.25,-2.84,-2.37,-4.08,-3.64,1.07,10.48,0.29679998755455,0.54040002822876,0.54040002822876,0.432799994945526,0.315200001001358,0.315200001001358,0.373999997973442,0.29679998755455,0.54040002822876,5.80201148986816,-4.32641410827637,19.654541015625,1.02403366565704,10.7716569900513,1409.68005371094,40.3600006103516,-0.159999996423721,19.2999992370605,128.309997558594,76752,76752,139,208,9,56.2700004577637,100.970001220703,5070.1201171875,175.509994506836,73.4599990844727,336.5,6,0.872900009155273,0.0707999989390373,0,0,0.00820000004023314,0.00930000003427267,0,0.0357999987900257,0.00300000002607703,0,0,1.39999997615814,5,13,2.5,4.40000009536743,5.19999980926514,69,17,47.2999992370605,26.4060211181641,16473.25,9372,22174.5,2.5,2.09999990463257,3.04999995231628,1.4375,0.730000019073486,2.53999996185303,7.95968723297119,94045,1168180,1074159.5,13428.1669921875,0,0,0,0,53695,710813.8125,241687,0,0,0,0,0,0,0,0,0,0,0,0,0,36404.9375,39049.20703125,42583.26171875,46283.1640625,49349.4296875,50828.359375,50026.3984375,47292.19921875,43694.0546875,40003.47265625,36967.07421875,35565.87109375,NA,NA,NA,0.207412034273148,NA,NA
"20",33.93523,-84.97022,"RAP1365",404.118286132812,15.9,25.6,4.4,21.2,1576,604,16.4,42.4,94,311,217,140,49.73,46,4175,1669,950,2552,-20.3,39.3,1233,15.9,279,5,63,10.4,13.4,17.8,22.7,26.3,29.8,31.1,30.5,28.3,23,17.1,13.3,-1.5,1.2,4.9,8.9,13.8,18.3,20.1,19.6,16.8,10.7,4.3,2.1,4.4,7.3,11.4,15.8,20,24,25.6,25,22.6,16.9,10.7,7.7,139,167,132,159,120,130,123,131,100,98,111,166,9.9,12.3,16.3,20.2,20.8,21.5,21.4,19.4,16.5,13.6,10.4,8.9,23,9,3,0,0,0,0,0,0,0,2,9,60,98,210,325,463,569,637,619,527,369,181,117,425,296,208,90,26,4,1,2,12,70,220,317,0,1,7,27,85,183,236,218,147,38,5,2,11,0,27,30,31,30,31,31,30,31,23,4,4,0,0,0,0,0,0,0,0,0,0,0,40,53,89,123,151,160,165,149,119,87,55,42,0,0,0,0,31,30,42,18,19,0,0,0,60,60,60,58,63,67,68,69,66,63,60,64,11.15,12.35,6.15,6.3,0.73,-0.15,-1.52,-0.24,-2.14,0.47,4.35,12.28,0.267800003290176,0.669200003147125,0.648000001907349,0.536800026893616,0.27020001411438,0.247600004076958,0.403500020503998,0.247600004076958,0.669200003147125,11.6789779663086,11.6789779663086,20.322998046875,1.01065039634705,11.0403995513916,1284.13000488281,27.8600006103516,0.0900000035762787,20.7999992370605,148.990005493164,64782,58047,100,188,9,46.1100006103516,124.300003051758,5068.4599609375,166.5,62.2299995422363,245,14,0.939300000667572,0.0119000002741814,0,0,0.0487999990582466,0,0,0,0,0,0,1.29999995231628,6,21,3,4.30000019073486,5.09999990463257,43,34,47.7999992370605,26.8037567138672,15822,8575.5,21720,2.17500007152557,1.75,2.65000009536743,1.25750005245209,0.610000014305115,2.33500003814697,10.4228544235229,0,330335.15625,792785,0,0,132486.5,0,0,0,0,0,0,0,0,0,0,0,0,0,0,0,0,0,0,36063.578125,38843.4453125,42552.91796875,46435.47265625,49657.18359375,51213.671875,50369.39453125,47495.046875,43718.359375,39845.49609375,36655.0078125,35180.25,NA,NA,NA,NA,NA,NA
"21",33.93523,-84.97022,"RAP1366",404.118286132812,15.9,25.6,4.4,21.2,1576,604,16.4,42.4,94,311,217,140,49.73,46,4175,1669,950,2552,-20.3,39.3,1233,15.9,279,5,63,10.4,13.4,17.8,22.7,26.3,29.8,31.1,30.5,28.3,23,17.1,13.3,-1.5,1.2,4.9,8.9,13.8,18.3,20.1,19.6,16.8,10.7,4.3,2.1,4.4,7.3,11.4,15.8,20,24,25.6,25,22.6,16.9,10.7,7.7,139,167,132,159,120,130,123,131,100,98,111,166,9.9,12.3,16.3,20.2,20.8,21.5,21.4,19.4,16.5,13.6,10.4,8.9,23,9,3,0,0,0,0,0,0,0,2,9,60,98,210,325,463,569,637,619,527,369,181,117,425,296,208,90,26,4,1,2,12,70,220,317,0,1,7,27,85,183,236,218,147,38,5,2,11,0,27,30,31,30,31,31,30,31,23,4,4,0,0,0,0,0,0,0,0,0,0,0,40,53,89,123,151,160,165,149,119,87,55,42,0,0,0,0,31,30,42,18,19,0,0,0,60,60,60,58,63,67,68,69,66,63,60,64,11.15,12.35,6.15,6.3,0.73,-0.15,-1.52,-0.24,-2.14,0.47,4.35,12.28,0.267800003290176,0.669200003147125,0.648000001907349,0.536800026893616,0.27020001411438,0.247600004076958,0.403500020503998,0.247600004076958,0.669200003147125,11.6789779663086,11.6789779663086,20.322998046875,1.01065039634705,11.0403995513916,1284.13000488281,27.8600006103516,0.0900000035762787,20.7999992370605,148.990005493164,64782,58047,100,188,9,46.1100006103516,124.300003051758,5068.4599609375,166.5,62.2299995422363,245,14,0.939300000667572,0.0119000002741814,0,0,0.0487999990582466,0,0,0,0,0,0,1.29999995231628,6,21,3,4.30000019073486,5.09999990463257,43,34,47.7999992370605,26.8037567138672,15822,8575.5,21720,2.17500007152557,1.75,2.65000009536743,1.25750005245209,0.610000014305115,2.33500003814697,10.4228544235229,0,330335.15625,792785,0,0,132486.5,0,0,0,0,0,0,0,0,0,0,0,0,0,0,0,0,0,0,36063.578125,38843.4453125,42552.91796875,46435.47265625,49657.18359375,51213.671875,50369.39453125,47495.046875,43718.359375,39845.49609375,36655.0078125,35180.25,NA,NA,NA,NA,NA,NA
"22",34.26162,-84.67616,"RAP1367",329.205169677734,16.3,26.1,5,21.1,1668,651,15.8,40.1,90,312,222,107,56.88,40,4291,1605,1018,2645,-19.3,39.8,1242,15.9,287,4,64,10.6,13.8,18,22.9,26.9,30.3,31.8,31.1,28.8,23.1,17,13.1,-0.7,1.9,5.5,9.4,14.3,18.6,20.5,19.9,16.9,10.8,4.2,2.7,5,7.9,11.8,16.1,20.6,24.5,26.1,25.5,22.9,17,10.6,7.9,137,162,144,164,136,132,134,131,118,114,118,178,9.9,12.1,16.2,20,20.8,21.7,21.5,19.5,16.5,13.7,10.3,8.7,20,8,2,0,0,0,0,0,0,0,2,8,68,110,220,334,481,584,652,634,536,372,179,121,406,279,198,83,22,3,1,1,10,68,223,311,0,1,7,29,98,198,252,233,154,39,4,2,13,1,30,30,31,30,31,31,30,31,22,7,3,0,0,0,0,0,0,0,0,0,0,0,40,53,88,122,153,163,169,152,121,87,54,40,0,0,0,0,17,31,35,21,3,0,0,0,62,61,61,59,63,66,68,68,65,63,60,66,10.84,11.62,7.41,6.85,2.01,-0.29,-0.98,-0.71,-0.74,2.09,5.15,13.62,0.244800001382828,0.597599983215332,0.670000016689301,0.532800018787384,0.356400012969971,0.259200006723404,0.444600015878677,0.244800001382828,0.670000016689301,8.68707656860352,-7.03567123413086,21.6214294433594,0.995456755161285,10.8556299209595,1264.5,28.3899993896484,0.0900000035762787,21.25,146.089996337891,64350,57766.5,95,189,9,44.3800010681152,122.360000610352,5084.52978515625,165.729995727539,60.5200004577637,241.75,5,0.981100022792816,0.0179999992251396,0,0,0,0.000899999984540045,0,0,0,0,0,1.29999995231628,7,21,2.79999995231628,4.09999990463257,5,38,39,44.7999992370605,27.1183891296387,15757.75,8428.5,21640,2.14999997615814,1.75,2.65000009536743,1.25749999284744,0.600000023841858,2.34499979019165,6.18994998931885,0,0,91950.3359375,0,0,0,0,0,0,0,26276.5,0,0,0,0,0,0,0,0,0,0,0,0,0,35984.43359375,38795.796875,42545.89453125,46470.734375,49728.51171875,51303.05078125,50448.921875,47542.01953125,43723.98046875,39808.921875,36582.67578125,35090.796875,NA,NA,NA,NA,NA,NA
"23",34.26162,-84.67616,"RAP1368",329.205169677734,16.3,26.1,5,21.1,1668,651,15.8,40.1,90,312,222,107,56.88,40,4291,1605,1018,2645,-19.3,39.8,1242,15.9,287,4,64,10.6,13.8,18,22.9,26.9,30.3,31.8,31.1,28.8,23.1,17,13.1,-0.7,1.9,5.5,9.4,14.3,18.6,20.5,19.9,16.9,10.8,4.2,2.7,5,7.9,11.8,16.1,20.6,24.5,26.1,25.5,22.9,17,10.6,7.9,137,162,144,164,136,132,134,131,118,114,118,178,9.9,12.1,16.2,20,20.8,21.7,21.5,19.5,16.5,13.7,10.3,8.7,20,8,2,0,0,0,0,0,0,0,2,8,68,110,220,334,481,584,652,634,536,372,179,121,406,279,198,83,22,3,1,1,10,68,223,311,0,1,7,29,98,198,252,233,154,39,4,2,13,1,30,30,31,30,31,31,30,31,22,7,3,0,0,0,0,0,0,0,0,0,0,0,40,53,88,122,153,163,169,152,121,87,54,40,0,0,0,0,17,31,35,21,3,0,0,0,62,61,61,59,63,66,68,68,65,63,60,66,10.84,11.62,7.41,6.85,2.01,-0.29,-0.98,-0.71,-0.74,2.09,5.15,13.62,0.244800001382828,0.597599983215332,0.670000016689301,0.532800018787384,0.356400012969971,0.259200006723404,0.444600015878677,0.244800001382828,0.670000016689301,8.68707656860352,-7.03567123413086,21.6214294433594,0.995456755161285,10.8556299209595,1264.5,28.3899993896484,0.0900000035762787,21.25,146.089996337891,64350,57766.5,95,189,9,44.3800010681152,122.360000610352,5084.52978515625,165.729995727539,60.5200004577637,241.75,5,0.981100022792816,0.0179999992251396,0,0,0,0.000899999984540045,0,0,0,0,0,1.29999995231628,7,21,2.79999995231628,4.09999990463257,5,38,39,44.7999992370605,27.1183891296387,15757.75,8428.5,21640,2.14999997615814,1.75,2.65000009536743,1.25749999284744,0.600000023841858,2.34499979019165,6.18994998931885,0,0,91950.3359375,0,0,0,0,0,0,0,26276.5,0,0,0,0,0,0,0,0,0,0,0,0,0,35984.43359375,38795.796875,42545.89453125,46470.734375,49728.51171875,51303.05078125,50448.921875,47542.01953125,43723.98046875,39808.921875,36582.67578125,35090.796875,NA,NA,NA,NA,NA,NA
"24",34.81049,-84.56055,"RAP1371",561.967651367188,14.9,24.6,3.7,20.9,2174,825,11.5,29.8,102,304,202,1,113.45,58,3847,1884,789,2287,-20.4,38.5,1192,15.8,261,9,63,8.9,11.9,16,21.6,25.6,29.1,30.5,29.7,27.7,22.3,15.4,11.8,-1.5,1.1,4.2,7.9,12.6,16.8,18.8,18.1,15.4,9.4,3,2,3.7,6.5,10.1,14.8,19.1,23,24.6,23.9,21.6,15.9,9.2,6.9,175,213,189,199,163,181,173,147,161,169,156,248,10.3,11.6,16.1,20,20.1,22.2,20.6,18.8,16,14.1,10.5,9,28,12,4,0,0,0,0,0,0,0,3,11,50,82,175,295,436,539,606,585,497,339,145,99,446,318,247,114,35,6,2,3,16,91,265,342,0,0,4,19,67,155,205,184,123,27,2,1,11,0,22,30,31,30,31,31,30,31,11,3,7,1,0,0,0,0,0,0,0,0,0,0,35,47,80,118,149,161,165,148,118,85,50,36,0,0,0,0,0,0,0,1,0,0,0,0,64,64,62,58,62,64,66,66,64,61,60,68,15.27,17.69,12.67,10.75,5.09,4.85,3.33,1.35,3.81,7.6,9.8,21.23,0.265799999237061,0.541999995708466,0.593200027942657,0.593200027942657,0.283399999141693,0.299400001764297,0.420699998736382,0.265799999237061,0.593200027942657,27.0230255126953,-1.30224609375,87.9783935546875,1.04572212696075,7.52262783050537,1217.40002441406,18.8999996185303,0.230000004172325,21.1000003814697,166.330001831055,57330,40189.5,80,171,7,40.6100006103516,119.610000610352,5090.39013671875,161.960006713867,55.7700004577637,194.5,3,1,0,0,0,0,0,0,0,0,0,0,1.20000004768372,8,18,4.59999990463257,4.5,5,51,28,81.9000015258789,34.9914894104004,15524.25,8151,21292,2.45000004768372,1.89999997615814,3.04999995231628,1.15749996900558,0.555000007152557,2.19500017166138,0,0,0,65293.66796875,13059.6669921875,0,0,0,0,0,0,0,26168.833984375,0,0,0,0,0,0,0,0,0,0,0,0,35824.31640625,38699.46875,42531.70703125,46542.00390625,49872.7890625,51483.9296875,50609.8125,47636.98046875,43735.34765625,39734.99609375,36436.37109375,34909.77734375,NA,NA,NA,NA,NA,NA
"25",34.81049,-84.56055,"RAP1372",561.967651367188,14.9,24.6,3.7,20.9,2174,825,11.5,29.8,102,304,202,1,113.45,58,3847,1884,789,2287,-20.4,38.5,1192,15.8,261,9,63,8.9,11.9,16,21.6,25.6,29.1,30.5,29.7,27.7,22.3,15.4,11.8,-1.5,1.1,4.2,7.9,12.6,16.8,18.8,18.1,15.4,9.4,3,2,3.7,6.5,10.1,14.8,19.1,23,24.6,23.9,21.6,15.9,9.2,6.9,175,213,189,199,163,181,173,147,161,169,156,248,10.3,11.6,16.1,20,20.1,22.2,20.6,18.8,16,14.1,10.5,9,28,12,4,0,0,0,0,0,0,0,3,11,50,82,175,295,436,539,606,585,497,339,145,99,446,318,247,114,35,6,2,3,16,91,265,342,0,0,4,19,67,155,205,184,123,27,2,1,11,0,22,30,31,30,31,31,30,31,11,3,7,1,0,0,0,0,0,0,0,0,0,0,35,47,80,118,149,161,165,148,118,85,50,36,0,0,0,0,0,0,0,1,0,0,0,0,64,64,62,58,62,64,66,66,64,61,60,68,15.27,17.69,12.67,10.75,5.09,4.85,3.33,1.35,3.81,7.6,9.8,21.23,0.265799999237061,0.541999995708466,0.593200027942657,0.593200027942657,0.283399999141693,0.299400001764297,0.420699998736382,0.265799999237061,0.593200027942657,27.0230255126953,-1.30224609375,87.9783935546875,1.04572212696075,7.52262783050537,1217.40002441406,18.8999996185303,0.230000004172325,21.1000003814697,166.330001831055,57330,40189.5,80,171,7,40.6100006103516,119.610000610352,5090.39013671875,161.960006713867,55.7700004577637,194.5,3,1,0,0,0,0,0,0,0,0,0,0,1.20000004768372,8,18,4.59999990463257,4.5,5,51,28,81.9000015258789,34.9914894104004,15524.25,8151,21292,2.45000004768372,1.89999997615814,3.04999995231628,1.15749996900558,0.555000007152557,2.19500017166138,0,0,0,65293.66796875,13059.6669921875,0,0,0,0,0,0,0,26168.833984375,0,0,0,0,0,0,0,0,0,0,0,0,35824.31640625,38699.46875,42531.70703125,46542.00390625,49872.7890625,51483.9296875,50609.8125,47636.98046875,43735.34765625,39734.99609375,36436.37109375,34909.77734375,NA,NA,NA,NA,NA,NA
"26",34.76897,-84.68524,"RAP1384",826.746215820312,13.8,23.6,2,21.6,2396,883,9.9,26.7,104,306,202,0,154.12,87,3536,2160,655,2066,-21.4,36.9,1045,15.2,253,20,69,6.4,9.4,13.9,19.6,23.5,26.9,28.5,27.6,25.6,20.4,13.1,9.4,-2.4,0.5,3.6,7.9,13.1,16.9,18.7,18.5,15.9,10.3,3.1,1.4,2,5,8.8,13.8,18.3,21.9,23.6,23,20.8,15.3,8.1,5.4,202,235,213,222,177,191,182,164,169,191,171,279,10,10.9,15.9,19.5,20,20.8,20.4,18.3,15.4,12.6,9.6,8.5,42,17,5,0,0,0,0,0,0,0,5,17,34,60,142,266,412,506,576,557,473,320,119,71,499,360,287,140,45,10,3,4,21,105,298,388,0,0,3,15,54,123,175,157,105,22,2,0,9,0,16,30,31,30,31,31,30,31,12,2,16,3,0,0,0,0,0,0,0,0,0,1,30,40,71,105,130,141,148,129,103,74,43,31,0,0,0,0,0,0,0,0,0,0,0,0,68,70,66,64,68,70,71,73,71,69,67,73,18.72,20.94,16.38,14.31,8.32,7.98,6.18,5.29,6.66,11.31,12.69,25.33,0.272799998521805,0.574400007724762,0.687200009822845,0.646799981594086,0.386400014162064,0.287600010633469,0.480400010943413,0.272799998521805,0.687200009822845,29.2255706787109,-3.78630065917969,81.7804565429688,0.968054354190826,7.63467836380005,1133.48999023438,14.2200002670288,0.319999992847443,21.0499992370605,181.029998779297,52164,37273.5,66,163,7,37.5800018310547,111.910003662109,4771.81005859375,151.550003051758,51.4799995422363,157.75,10,0.999100029468536,0,0,0,0.000500000023748726,0.00039999998989515,0,0,0,0,0,1.10000002384186,10,18,5.90000009536743,5,5,47,33,89.9000015258789,29.5572528839111,15481.5,8092,21320,2.92499995231628,2.19999980926514,3.65000009536743,1.08500000834465,0.519999980926514,2.0699999332428,5.433509349823,0,0,65293.66796875,13059.6669921875,0,0,0,0,0,0,0,26168.833984375,0,0,0,0,0,0,0,0,0,0,0,0,35840.4375,38709.16796875,42533.1328125,46534.83203125,49858.26171875,51465.71484375,50593.609375,47627.42578125,43734.20703125,39742.4375,36451.10546875,34928.0078125,NA,NA,NA,NA,NA,NA
"27",34.76897,-84.68524,"RAP1385",826.746215820312,13.8,23.6,2,21.6,2396,883,9.9,26.7,104,306,202,0,154.12,87,3536,2160,655,2066,-21.4,36.9,1045,15.2,253,20,69,6.4,9.4,13.9,19.6,23.5,26.9,28.5,27.6,25.6,20.4,13.1,9.4,-2.4,0.5,3.6,7.9,13.1,16.9,18.7,18.5,15.9,10.3,3.1,1.4,2,5,8.8,13.8,18.3,21.9,23.6,23,20.8,15.3,8.1,5.4,202,235,213,222,177,191,182,164,169,191,171,279,10,10.9,15.9,19.5,20,20.8,20.4,18.3,15.4,12.6,9.6,8.5,42,17,5,0,0,0,0,0,0,0,5,17,34,60,142,266,412,506,576,557,473,320,119,71,499,360,287,140,45,10,3,4,21,105,298,388,0,0,3,15,54,123,175,157,105,22,2,0,9,0,16,30,31,30,31,31,30,31,12,2,16,3,0,0,0,0,0,0,0,0,0,1,30,40,71,105,130,141,148,129,103,74,43,31,0,0,0,0,0,0,0,0,0,0,0,0,68,70,66,64,68,70,71,73,71,69,67,73,18.72,20.94,16.38,14.31,8.32,7.98,6.18,5.29,6.66,11.31,12.69,25.33,0.272799998521805,0.574400007724762,0.687200009822845,0.646799981594086,0.386400014162064,0.287600010633469,0.480400010943413,0.272799998521805,0.687200009822845,29.2255706787109,-3.78630065917969,81.7804565429688,0.968054354190826,7.63467836380005,1133.48999023438,14.2200002670288,0.319999992847443,21.0499992370605,181.029998779297,52164,37273.5,66,163,7,37.5800018310547,111.910003662109,4771.81005859375,151.550003051758,51.4799995422363,157.75,10,0.999100029468536,0,0,0,0.000500000023748726,0.00039999998989515,0,0,0,0,0,1.10000002384186,10,18,5.90000009536743,5,5,47,33,89.9000015258789,29.5572528839111,15481.5,8092,21320,2.92499995231628,2.19999980926514,3.65000009536743,1.08500000834465,0.519999980926514,2.0699999332428,5.433509349823,0,0,65293.66796875,13059.6669921875,0,0,0,0,0,0,0,26168.833984375,0,0,0,0,0,0,0,0,0,0,0,0,35840.4375,38709.16796875,42533.1328125,46534.83203125,49858.26171875,51465.71484375,50593.609375,47627.42578125,43734.20703125,39742.4375,36451.10546875,34928.0078125,NA,NA,NA,NA,NA,NA
"28",33.39204,-85.77391,"RAP1400",396.00439453125,16,25.4,5.3,20.1,1584,564,16.4,45,95,307,212,193,46.04,37,4173,1599,906,2515,-19.9,38.9,1274,16.2,278,4,61,11.6,14.8,18.6,23.1,26.2,29.8,30.9,30.4,28.3,23.2,17.6,14.2,-1,1.8,4.9,8.6,13,17.7,19.8,19,16.2,9.7,3.8,2.4,5.3,8.3,11.8,15.9,19.6,23.8,25.4,24.7,22.2,16.4,10.7,8.3,159,179,155,156,114,141,120,104,85,91,111,169,10.1,12.8,16.6,20.4,21,22.1,21.5,19.6,16.7,14,10.6,9.1,18,7,2,0,0,0,0,0,0,0,2,8,73,118,220,328,451,563,631,609,515,354,181,131,397,268,198,88,30,5,1,2,13,80,220,298,0,2,7,27,76,178,230,209,138,32,4,2,12,1,27,30,31,30,31,31,30,31,19,5,4,0,0,0,0,0,0,0,0,0,0,0,44,58,94,127,154,164,165,152,122,91,58,45,0,0,0,0,40,23,45,48,37,0,0,0,58,58,58,57,61,65,68,67,65,59,57,62,12.6,12.66,7.95,5.6,-0.05,0.69,-1.71,-3.11,-3.88,-0.68,3.96,12.03,0.265399992465973,0.659200012683868,0.687600016593933,0.590399980545044,0.367599993944168,0.309599995613098,0.478999987244606,0.265399992465973,0.687600016593933,10.5579261779785,5.31862258911133,40.8963317871094,1.0178507566452,9.47323131561279,1311.59997558594,26.4899997711182,0.119999997317791,20.6499996185303,156.990005493164,65718,58806,106,189,9,48.6300010681152,127.01000213623,4997.0498046875,167.960006713867,65.1699981689453,252.25,10,0.999499976634979,0,0,0,0.000199999994947575,0.000300000014249235,0,0,0,0,0,1.29999995231628,7,17,3.20000004768372,4.5,5.09999990463257,45,36,44.4000015258789,27.3913116455078,16059.75,8800.5,21774,2.40000009536743,1.84999990463257,2.90000009536743,1.28999996185303,0.639999985694885,2.36500000953674,0,1463017.375,2460760.5,4282418,26609.5,119726.5,0,0,133092,598931.6875,359400.65625,3895973.75,1357112,0,0,0,0,0,0,0,0,0,0,0,0,36220.10546875,38937.74609375,42566.8203125,46365.67578125,49516.0859375,51036.94921875,50212.11328125,47402.08203125,43707.22265625,39917.890625,36798.0859375,35357.11328125,NA,NA,NA,NA,NA,NA
"29",33.39204,-85.77391,"RAP1401",396.00439453125,16,25.4,5.3,20.1,1584,564,16.4,45,95,307,212,193,46.04,37,4173,1599,906,2515,-19.9,38.9,1274,16.2,278,4,61,11.6,14.8,18.6,23.1,26.2,29.8,30.9,30.4,28.3,23.2,17.6,14.2,-1,1.8,4.9,8.6,13,17.7,19.8,19,16.2,9.7,3.8,2.4,5.3,8.3,11.8,15.9,19.6,23.8,25.4,24.7,22.2,16.4,10.7,8.3,159,179,155,156,114,141,120,104,85,91,111,169,10.1,12.8,16.6,20.4,21,22.1,21.5,19.6,16.7,14,10.6,9.1,18,7,2,0,0,0,0,0,0,0,2,8,73,118,220,328,451,563,631,609,515,354,181,131,397,268,198,88,30,5,1,2,13,80,220,298,0,2,7,27,76,178,230,209,138,32,4,2,12,1,27,30,31,30,31,31,30,31,19,5,4,0,0,0,0,0,0,0,0,0,0,0,44,58,94,127,154,164,165,152,122,91,58,45,0,0,0,0,40,23,45,48,37,0,0,0,58,58,58,57,61,65,68,67,65,59,57,62,12.6,12.66,7.95,5.6,-0.05,0.69,-1.71,-3.11,-3.88,-0.68,3.96,12.03,0.265399992465973,0.659200012683868,0.687600016593933,0.590399980545044,0.367599993944168,0.309599995613098,0.478999987244606,0.265399992465973,0.687600016593933,10.5579261779785,5.31862258911133,40.8963317871094,1.0178507566452,9.47323131561279,1311.59997558594,26.4899997711182,0.119999997317791,20.6499996185303,156.990005493164,65718,58806,106,189,9,48.6300010681152,127.01000213623,4997.0498046875,167.960006713867,65.1699981689453,252.25,10,0.999499976634979,0,0,0,0.000199999994947575,0.000300000014249235,0,0,0,0,0,1.29999995231628,7,17,3.20000004768372,4.5,5.09999990463257,45,36,44.4000015258789,27.3913116455078,16059.75,8800.5,21774,2.40000009536743,1.84999990463257,2.90000009536743,1.28999996185303,0.639999985694885,2.36500000953674,0,1463017.375,2460760.5,4282418,26609.5,119726.5,0,0,133092,598931.6875,359400.65625,3895973.75,1357112,0,0,0,0,0,0,0,0,0,0,0,0,36220.10546875,38937.74609375,42566.8203125,46365.67578125,49516.0859375,51036.94921875,50212.11328125,47402.08203125,43707.22265625,39917.890625,36798.0859375,35357.11328125,NA,NA,NA,NA,NA,NA
"30",32.90692,-87.39201,"RAP1599",106.656135559082,17.8,27.1,7.1,20,1496,535,18.6,50.7,73,320,248,283,27.59,23,4780,1270,1232,3030,-17.5,40.6,1346,16.5,323,2,62,13.3,16.5,20.5,24.3,28.1,31.6,32.7,32.6,30.5,25.4,18.9,15.4,0.9,4,7.3,10.4,14.9,19.7,21.5,21,18.2,11.6,5.1,3.8,7.1,10.2,13.9,17.4,21.5,25.6,27.1,26.8,24.4,18.5,12,9.6,134,184,147,165,94,122,117,121,81,79,96,156,9.7,12.8,16.8,20.5,21.8,21.9,22.7,20.6,17.5,14.4,10.5,8.8,11,4,1,0,0,0,0,0,0,0,1,5,106,161,283,372,508,617,683,674,580,418,215,163,342,214,141,59,16,2,0,1,6,44,186,258,2,3,15,43,118,230,282,273,194,61,7,3,16,17,31,30,31,30,31,31,30,31,28,17,1,0,0,0,0,0,0,0,0,0,0,0,48,62,99,131,162,170,173,162,131,99,62,47,0,0,0,0,68,48,56,41,50,20,0,0,60,60,60,59,62,66,68,67,65,59,57,63,9.25,12.15,6.64,6.3,-2.9,-2,-2.95,-2.69,-5.49,-2.91,2.13,10.06,0.305200010538101,0.594399988651276,0.596000015735626,0.551999986171722,0.344799995422363,0.290600001811981,0.448399990797043,0.290600001811981,0.596000015735626,10.583948135376,-10.583948135376,24.5537033081055,1.01824653148651,14.7792873382568,1358.08996582031,29.3099994659424,0.0399999991059303,20.2999992370605,153.070007324219,74592,74592,123,209,9,51.9799995422363,131.429992675781,5038.77978515625,172.210006713867,68.8600006103516,314.5,7,0.989000022411346,0.0109999999403954,0,0,0,0,0,0,0,0,0,1.29999995231628,5,14,2.70000004768372,4.40000009536743,5,51,34,43.7000007629395,23.4269924163818,16390,9002,22120,2.45000004768372,1.84999990463257,3.05000019073486,1.4099999666214,0.715000033378601,2.53999996185303,0,454708.5,17656428,24460416,13374.6669921875,0,0,0,0,0,6311030,1859221.625,1377481.625,0,0,0,0,0,0,0,0,0,0,0,0,36343.6796875,39012.25390625,42577.80859375,46310.51953125,49404.66796875,50897.4765625,50087.9453125,47328.62890625,43698.421875,39975.09765625,36911.0625,35496.6953125,NA,NA,NA,NA,NA,NA
"31",32.90692,-87.39201,"RAP1600",106.656135559082,17.8,27.1,7.1,20,1496,535,18.6,50.7,73,320,248,283,27.59,23,4780,1270,1232,3030,-17.5,40.6,1346,16.5,323,2,62,13.3,16.5,20.5,24.3,28.1,31.6,32.7,32.6,30.5,25.4,18.9,15.4,0.9,4,7.3,10.4,14.9,19.7,21.5,21,18.2,11.6,5.1,3.8,7.1,10.2,13.9,17.4,21.5,25.6,27.1,26.8,24.4,18.5,12,9.6,134,184,147,165,94,122,117,121,81,79,96,156,9.7,12.8,16.8,20.5,21.8,21.9,22.7,20.6,17.5,14.4,10.5,8.8,11,4,1,0,0,0,0,0,0,0,1,5,106,161,283,372,508,617,683,674,580,418,215,163,342,214,141,59,16,2,0,1,6,44,186,258,2,3,15,43,118,230,282,273,194,61,7,3,16,17,31,30,31,30,31,31,30,31,28,17,1,0,0,0,0,0,0,0,0,0,0,0,48,62,99,131,162,170,173,162,131,99,62,47,0,0,0,0,68,48,56,41,50,20,0,0,60,60,60,59,62,66,68,67,65,59,57,63,9.25,12.15,6.64,6.3,-2.9,-2,-2.95,-2.69,-5.49,-2.91,2.13,10.06,0.305200010538101,0.594399988651276,0.596000015735626,0.551999986171722,0.344799995422363,0.290600001811981,0.448399990797043,0.290600001811981,0.596000015735626,10.583948135376,-10.583948135376,24.5537033081055,1.01824653148651,14.7792873382568,1358.08996582031,29.3099994659424,0.0399999991059303,20.2999992370605,153.070007324219,74592,74592,123,209,9,51.9799995422363,131.429992675781,5038.77978515625,172.210006713867,68.8600006103516,314.5,7,0.989000022411346,0.0109999999403954,0,0,0,0,0,0,0,0,0,1.29999995231628,5,14,2.70000004768372,4.40000009536743,5,51,34,43.7000007629395,23.4269924163818,16390,9002,22120,2.45000004768372,1.84999990463257,3.05000019073486,1.4099999666214,0.715000033378601,2.53999996185303,0,454708.5,17656428,24460416,13374.6669921875,0,0,0,0,0,6311030,1859221.625,1377481.625,0,0,0,0,0,0,0,0,0,0,0,0,36343.6796875,39012.25390625,42577.80859375,46310.51953125,49404.66796875,50897.4765625,50087.9453125,47328.62890625,43698.421875,39975.09765625,36911.0625,35496.6953125,NA,NA,NA,NA,NA,NA
"32",32.96803,-87.3196,"RAP1601",108.566604614258,17.9,27.2,7.2,20,1502,537,18.6,50.7,71,322,250,274,29.03,23,4796,1261,1241,3043,-17.3,40.6,1339,16.4,325,2,63,13.3,16.5,20.5,24.3,28,31.6,32.7,32.6,30.4,25.2,18.8,15.4,1,4.1,7.4,10.5,15,19.9,21.6,21.1,18.2,11.8,5.2,3.9,7.2,10.3,13.9,17.4,21.5,25.8,27.2,26.9,24.3,18.5,12,9.7,133,185,147,165,94,121,117,122,83,81,97,157,9.7,12.6,16.7,20.4,21.8,21.7,22.7,20.6,17.5,14.3,10.4,8.7,11,4,1,0,0,0,0,0,0,0,1,5,108,163,283,372,508,623,686,677,577,418,215,166,339,212,141,59,16,2,0,1,6,44,186,255,2,3,15,43,118,235,285,276,191,61,7,4,16,18,31,30,31,30,31,31,30,31,28,18,1,0,0,0,0,0,0,0,0,0,0,0,48,62,99,130,161,169,173,161,130,98,61,47,0,0,0,0,67,48,56,39,47,17,0,0,60,61,60,59,62,67,69,67,65,60,58,63,9.15,12.27,6.66,6.33,-2.77,-2,-2.9,-2.54,-5.17,-2.47,2.31,10.16,0.242400005459785,0.614400029182434,0.587199985980988,0.528400003910065,0.289200007915497,0.29899999499321,0.413699999451637,0.242400005459785,0.614400029182434,10.078387260437,-9.308180809021,22.3020782470703,1.0175564289093,9.37084102630615,1354.41003417969,28.7000007629395,0.0500000007450581,20.2999992370605,154.039993286133,74268,74268,123,209,9,51.6500015258789,130.669998168945,5048.56005859375,171.970001220703,68.6900024414062,313.5,4,0.951200008392334,0.0485999993979931,0,0,0,0.000199999994947575,0,0,0,0,0,1.29999995231628,5,14,2.59999990463257,4.5,5,47,38,41.4000015258789,26.9996280670166,16376,8965.5,22129.5,2.45000004768372,1.84999990463257,3.05000019073486,1.40499997138977,0.710000038146973,2.53499984741211,0,454708.5,17656428,24460416,13374.6669921875,0,0,0,0,0,6311030,1859221.625,1377481.625,0,0,0,0,0,0,0,0,0,0,0,0,36328.3125,39002.98828125,42576.44140625,46317.3828125,49418.5234375,50914.8203125,50103.38671875,47337.765625,43699.515625,39967.98046875,36897.01171875,35479.33984375,NA,NA,NA,NA,NA,NA
"33",32.96803,-87.3196,"RAP1602",108.566604614258,17.9,27.2,7.2,20,1502,537,18.6,50.7,71,322,250,274,29.03,23,4796,1261,1241,3043,-17.3,40.6,1339,16.4,325,2,63,13.3,16.5,20.5,24.3,28,31.6,32.7,32.6,30.4,25.2,18.8,15.4,1,4.1,7.4,10.5,15,19.9,21.6,21.1,18.2,11.8,5.2,3.9,7.2,10.3,13.9,17.4,21.5,25.8,27.2,26.9,24.3,18.5,12,9.7,133,185,147,165,94,121,117,122,83,81,97,157,9.7,12.6,16.7,20.4,21.8,21.7,22.7,20.6,17.5,14.3,10.4,8.7,11,4,1,0,0,0,0,0,0,0,1,5,108,163,283,372,508,623,686,677,577,418,215,166,339,212,141,59,16,2,0,1,6,44,186,255,2,3,15,43,118,235,285,276,191,61,7,4,16,18,31,30,31,30,31,31,30,31,28,18,1,0,0,0,0,0,0,0,0,0,0,0,48,62,99,130,161,169,173,161,130,98,61,47,0,0,0,0,67,48,56,39,47,17,0,0,60,61,60,59,62,67,69,67,65,60,58,63,9.15,12.27,6.66,6.33,-2.77,-2,-2.9,-2.54,-5.17,-2.47,2.31,10.16,0.242400005459785,0.614400029182434,0.587199985980988,0.528400003910065,0.289200007915497,0.29899999499321,0.413699999451637,0.242400005459785,0.614400029182434,10.078387260437,-9.308180809021,22.3020782470703,1.0175564289093,9.37084102630615,1354.41003417969,28.7000007629395,0.0500000007450581,20.2999992370605,154.039993286133,74268,74268,123,209,9,51.6500015258789,130.669998168945,5048.56005859375,171.970001220703,68.6900024414062,313.5,4,0.951200008392334,0.0485999993979931,0,0,0,0.000199999994947575,0,0,0,0,0,1.29999995231628,5,14,2.59999990463257,4.5,5,47,38,41.4000015258789,26.9996280670166,16376,8965.5,22129.5,2.45000004768372,1.84999990463257,3.05000019073486,1.40499997138977,0.710000038146973,2.53499984741211,0,454708.5,17656428,24460416,13374.6669921875,0,0,0,0,0,6311030,1859221.625,1377481.625,0,0,0,0,0,0,0,0,0,0,0,0,36328.3125,39002.98828125,42576.44140625,46317.3828125,49418.5234375,50914.8203125,50103.38671875,47337.765625,43699.515625,39967.98046875,36897.01171875,35479.33984375,NA,NA,NA,NA,NA,NA
"34",33.48919,-85.79212,"RAP2004",396.668365478516,15.7,25.1,4.9,20.2,1592,563,16.1,44.6,100,303,204,204,46.54,42,4072,1679,868,2437,-20.6,39,1281,16.3,264,5,60,11.3,14.5,18.4,22.7,26.2,29.7,30.9,30.5,28.3,23.2,17.4,13.9,-1.5,1.3,4.4,8.1,12.5,17.3,19.4,18.6,15.7,9.2,3.1,1.9,4.9,7.9,11.4,15.4,19.4,23.5,25.1,24.6,22,16.2,10.2,7.9,158,179,155,163,114,142,119,102,86,93,112,169,10.3,12.8,16.6,20.5,20.9,22.4,21.4,19.6,16.7,14.3,10.9,9.2,20,8,3,0,0,0,0,0,0,0,2,8,66,110,209,313,445,554,622,606,509,348,169,121,409,279,208,99,32,5,1,2,14,84,235,311,0,2,7,23,73,169,221,206,133,30,4,2,11,1,24,30,31,30,31,31,30,31,12,3,4,0,0,0,0,0,0,0,0,0,0,0,44,57,93,126,156,165,167,155,124,92,58,44,0,0,0,0,42,23,48,53,38,0,0,0,57,58,57,56,60,64,67,66,63,58,55,61,12.67,12.88,7.97,6.5,-0.22,0.72,-2.02,-3.63,-3.99,-0.62,4.05,12.23,0.295199990272522,0.624400019645691,0.624400019645691,0.587599992752075,0.375999987125397,0.300599992275238,0.481799989938736,0.295199990272522,0.624400019645691,20.2066802978516,-11.2087326049805,50.4170837402344,1.04378497600555,10.5648632049561,1286.83996582031,24.0100002288818,0.150000005960464,20.6499996185303,160.399993896484,63882,57271.5,100,185,9,47.1100006103516,125.169998168945,4965.52001953125,165.619995117188,63.3499984741211,239.25,11,1,0,0,0,0,0,0,0,0,0,0,1.20000004768372,13,18,4,4.59999990463257,5.30000019073486,43,37,53.9000015258789,28.5679550170898,15989.25,8722,21707,2.5,1.89999997615814,3,1.2600000500679,0.629999995231628,2.3199999332428,0,1463017.375,2460760.5,4282418,26609.5,119726.5,0,0,133092,598931.6875,359400.65625,3895973.75,1357112,0,0,0,0,0,0,0,0,0,0,0,0,36188.984375,38918.9921875,42564.0546875,46379.5625,49544.140625,51072.08203125,50243.3828125,47420.5703125,43709.4375,39903.48828125,36769.63671875,35321.95703125,NA,NA,NA,NA,NA,NA
"35",33.48919,-85.79212,"RAP2005",396.668365478516,15.7,25.1,4.9,20.2,1592,563,16.1,44.6,100,303,204,204,46.54,42,4072,1679,868,2437,-20.6,39,1281,16.3,264,5,60,11.3,14.5,18.4,22.7,26.2,29.7,30.9,30.5,28.3,23.2,17.4,13.9,-1.5,1.3,4.4,8.1,12.5,17.3,19.4,18.6,15.7,9.2,3.1,1.9,4.9,7.9,11.4,15.4,19.4,23.5,25.1,24.6,22,16.2,10.2,7.9,158,179,155,163,114,142,119,102,86,93,112,169,10.3,12.8,16.6,20.5,20.9,22.4,21.4,19.6,16.7,14.3,10.9,9.2,20,8,3,0,0,0,0,0,0,0,2,8,66,110,209,313,445,554,622,606,509,348,169,121,409,279,208,99,32,5,1,2,14,84,235,311,0,2,7,23,73,169,221,206,133,30,4,2,11,1,24,30,31,30,31,31,30,31,12,3,4,0,0,0,0,0,0,0,0,0,0,0,44,57,93,126,156,165,167,155,124,92,58,44,0,0,0,0,42,23,48,53,38,0,0,0,57,58,57,56,60,64,67,66,63,58,55,61,12.67,12.88,7.97,6.5,-0.22,0.72,-2.02,-3.63,-3.99,-0.62,4.05,12.23,0.295199990272522,0.624400019645691,0.624400019645691,0.587599992752075,0.375999987125397,0.300599992275238,0.481799989938736,0.295199990272522,0.624400019645691,20.2066802978516,-11.2087326049805,50.4170837402344,1.04378497600555,10.5648632049561,1286.83996582031,24.0100002288818,0.150000005960464,20.6499996185303,160.399993896484,63882,57271.5,100,185,9,47.1100006103516,125.169998168945,4965.52001953125,165.619995117188,63.3499984741211,239.25,11,1,0,0,0,0,0,0,0,0,0,0,1.20000004768372,13,18,4,4.59999990463257,5.30000019073486,43,37,53.9000015258789,28.5679550170898,15989.25,8722,21707,2.5,1.89999997615814,3,1.2600000500679,0.629999995231628,2.3199999332428,0,1463017.375,2460760.5,4282418,26609.5,119726.5,0,0,133092,598931.6875,359400.65625,3895973.75,1357112,0,0,0,0,0,0,0,0,0,0,0,0,36188.984375,38918.9921875,42564.0546875,46379.5625,49544.140625,51072.08203125,50243.3828125,47420.5703125,43709.4375,39903.48828125,36769.63671875,35321.95703125,NA,NA,NA,NA,NA,NA
"36",33.25797,-87.3744,"RAP2012",140.305053710938,17.6,27.1,6.8,20.3,1474,526,18.7,51.5,77,319,241,285,26.59,26,4701,1331,1205,2971,-17.7,40.7,1331,16.4,314,2,62,12.8,15.8,20.2,24.2,28,31.7,32.8,32.4,30.4,25.1,18.4,14.9,0.7,3.6,6.9,10.2,14.8,19.6,21.5,20.9,17.9,11.5,4.8,3.6,6.8,9.7,13.6,17.2,21.4,25.6,27.1,26.6,24.1,18.3,11.6,9.2,132,175,141,164,92,115,123,114,82,81,97,158,9.6,12.5,16.7,20.5,21.8,21.9,22.6,20.5,17.4,14.2,10.3,8.7,12,5,1,0,0,0,0,0,0,0,1,6,100,149,274,366,505,617,683,668,571,412,203,153,351,228,149,62,16,2,0,1,7,47,196,270,1,3,14,40,116,230,282,267,185,58,6,3,15,12,31,30,31,30,31,31,30,31,26,15,2,0,0,0,0,0,0,0,0,0,0,0,46,59,98,130,161,171,173,160,130,97,60,46,0,0,0,0,69,56,50,46,48,16,0,0,61,61,59,58,62,66,68,67,64,60,58,64,9.32,11.66,6.13,6.19,-3.08,-2.92,-2.54,-3.24,-5.45,-2.51,2.46,10.59,0.336199998855591,0.606800019741058,0.643199980258942,0.428400009870529,0.319799989461899,0.335799992084503,0.38230000436306,0.319799989461899,0.643199980258942,6.01663589477539,-4.14508056640625,22.0546112060547,1.0206698179245,10.2179698944092,1351.98999023438,26.9200000762939,0.0700000002980232,20.8500003814697,153.279998779297,71784,71784,115,204,9,50.0999984741211,131.419998168945,5167.7001953125,173.460006713867,67.0500030517578,293.25,10,0.896000027656555,0.0612999983131886,0,0,0.0243999995291233,0.0183000005781651,0,0,0,0,0,1.39999997615814,7,20,2.70000004768372,4.40000009536743,5.19999980926514,39,38,43.5,19.7799224853516,16238,8823.5,22033.5,2.52499997615814,1.89999997615814,3.15000009536743,1.375,0.690000057220459,2.5,8.61328411102295,0,0,0,0,0,0,0,0,0,186137.328125,0,0,0,0,0,0,0,0,0,0,0,0,0,0,36251.1328125,38956.453125,42569.578125,46351.83203125,49488.11328125,51001.92578125,50180.93359375,47383.64453125,43705.015625,39932.25,36826.44921875,35392.1640625,NA,NA,NA,NA,NA,NA
"37",33.03717,-86.12634,"RAP2019",222.509185791016,17.2,26.5,6.6,19.9,1570,603,17.3,43.9,84,315,231,201,36.24,27,4575,1368,1110,2852,-18.5,40.1,1337,16.4,301,2,61,13,16.2,20.1,24.2,27.6,31,32.2,31.9,29.7,24.8,18.5,15.1,0.2,3,6.4,9.7,14,18.9,20.7,20.1,17.3,11.1,4.6,3.1,6.6,9.6,13.2,17,20.8,25,26.5,26,23.5,18,11.6,9.1,147,177,140,150,118,143,129,125,88,84,102,167,9.9,12.9,16.7,20.5,21.5,22.1,22.3,20.3,17.2,14.3,10.6,8.9,13,5,1,0,0,0,0,0,0,0,1,6,96,147,261,360,487,599,665,649,554,402,203,150,357,231,160,66,20,3,1,1,9,51,196,274,1,3,12,38,102,212,264,249,168,53,6,3,14,6,31,30,31,30,31,31,30,31,25,11,2,0,0,0,0,0,0,0,0,0,0,0,48,62,99,132,161,169,173,160,128,97,61,47,0,0,0,0,43,26,44,35,40,13,0,0,59,58,58,57,60,65,67,66,64,59,57,62,10.7,11.52,5.91,4.56,-0.47,0.27,-1.72,-2.05,-4.43,-2.16,2.79,11.31,0.186100006103516,0.414000004529953,0.455599993467331,0.417600005865097,0.210400000214577,0.197699993848801,0.312200002372265,0.186100006103516,0.455599993467331,8.18088531494141,0.746856689453125,29.7769927978516,1.02175152301788,10.8506784439087,1372.23999023438,26.9899997711182,0.0700000002980232,19.9500007629395,156.139999389648,70272,70272,119,192,9,52.1599998474121,132.100006103516,5118.7900390625,173.910003662109,69.2900009155273,283.75,10,0.657999992370605,0.279199987649918,0,0.00109999999403954,0.045099999755621,0.0165999997407198,0,0,0,0,0,1.29999995231628,7,20,2.79999995231628,4.80000019073486,5.30000019073486,48,30,49,21.2544116973877,16207.25,9005,21949,2.35000014305115,1.84999990463257,2.90000009536743,1.36250007152557,0.685000002384186,2.46500015258789,0,413329.5,3321008.75,5001591.5,2333976.25,840159.1875,867140,13361.1669921875,13345.1669921875,13345.5,1267190.375,1173819.5,573715.6875,0,0,0,0,0,0,0,0,0,0,0,0,36312.921875,38993.703125,42575.07421875,46324.25390625,49432.40234375,50932.19140625,50118.8515625,47346.91796875,43700.61328125,39960.85546875,36882.94140625,35461.95703125,NA,NA,NA,NA,NA,NA
"38",34.7496,-83.92357,"RAP2086",907.354187011719,12.9,22.3,2.3,20,2227,888,10.3,25.1,114,291,178,0,130.5,86,3187,2317,463,1744,-23.4,35.9,1111,15.6,226,16,62,8.2,10.8,14.4,18.9,22.9,26.3,27.9,27,25,20.2,14.8,11.3,-3.5,-1.1,2.1,6,10.6,14.6,16.7,16,13.1,6.8,0.8,-0.2,2.3,4.9,8.2,12.4,16.8,20.4,22.3,21.5,19,13.5,7.8,5.6,177,187,159,207,180,180,175,188,165,230,146,233,10.7,12.1,16.1,19.8,19.5,21.9,19.7,18,15.4,14,11,9.5,39,18,7,1,0,0,0,0,0,0,5,16,36,57,126,224,366,461,536,511,420,266,111,74,489,363,306,179,70,18,5,9,37,152,307,382,0,0,2,8,33,90,135,116,66,11,1,0,8,0,4,29,31,30,31,31,30,31,1,0,13,2,0,0,0,0,0,0,0,0,0,1,35,46,76,106,136,147,153,136,109,80,50,37,0,0,0,0,0,0,0,0,0,0,0,0,59,60,60,60,63,65,67,68,64,59,56,62,15.74,15.59,10.63,12.76,8.21,6.42,5.09,7.07,5.64,14.31,9.12,19.91,0.217600002884865,0.709999978542328,0.709999978542328,0.618399977684021,0.268799990415573,0.233199998736382,0.443599984049797,0.217600002884865,0.709999978542328,52.5732269287109,-21.1000671386719,162.996643066406,1.06685280799866,6.98450183868408,1131.93994140625,5.6399998664856,0.360000014305115,20.0499992370605,195.899993896484,50220,35788.5,71,153,7,38.9500007629395,109.889999389648,4626.47021484375,149.070007324219,53.0499992370605,149.25,11,1,0,0,0,0,0,0,0,0,0,0,1.10000002384186,10,19,6.69999980926514,4.90000009536743,4.90000009536743,45,34,103.199996948242,31.6921520233154,15539.25,8264,21221,3.25,2.34999990463257,4.05000019073486,1.05750000476837,0.504999995231628,2.02999997138977,0,0,131022,1624798.125,0,0,0,0,0,0,0,0,0,0,0,0,0,0,0,0,0,0,0,0,0,35840.4375,38709.16796875,42533.1328125,46534.83203125,49858.26171875,51465.71484375,50593.609375,47627.42578125,43734.20703125,39742.4375,36451.10546875,34928.0078125,NA,NA,NA,NA,NA,NA
"39",34.76783,-83.94666,"RAP2110",893.889770507812,13,22.4,2.4,20,2159,861,10.7,26,114,291,177,0,121.79,84,3215,2302,478,1768,-23.6,36.2,1126,15.7,225,15,61,8.4,11,14.5,19.1,23.2,26.5,28.1,27.3,25.3,20.4,14.9,11.5,-3.6,-1.2,2.1,5.9,10.5,14.6,16.7,16,13.1,6.7,0.7,-0.3,2.4,4.9,8.3,12.5,16.9,20.6,22.4,21.6,19.2,13.5,7.8,5.6,170,189,163,203,173,177,169,188,154,202,147,224,10.8,12.2,16.1,19.9,19.5,21.9,19.7,18.1,15.4,14.2,11.1,9.6,38,18,6,1,0,0,0,0,0,0,5,16,37,57,128,227,369,467,539,514,426,266,111,74,486,363,303,176,69,17,5,8,35,152,307,382,0,0,2,9,34,94,138,118,70,11,1,0,7,0,4,29,31,30,31,31,30,31,1,0,12,2,0,0,0,0,0,0,0,0,0,1,36,47,76,107,138,149,155,138,111,81,50,38,0,0,0,0,0,0,0,0,0,0,0,0,58,59,60,59,62,65,67,67,64,58,55,61,14.99,15.71,10.97,12.21,7.23,5.93,4.29,6.76,4.26,11.35,9.17,18.93,0.171599999070168,0.691200017929077,0.691200017929077,0.605599999427795,0.239399999380112,0.236399993300438,0.422499999403954,0.171599999070168,0.691200017929077,61.663200378418,-36.8370590209961,182.890319824219,1.03837585449219,9.94155216217041,1153.51000976562,9.56999969482422,0.330000013113022,20.1000003814697,189,51462,36531,75,155,7,39.7799987792969,112.449996948242,4703.3701171875,151.860000610352,54.1399993896484,157.5,9,1,0,0,0,0,0,0,0,0,0,0,1,11,20,6.90000009536743,5.09999990463257,5,45,33,108,32.8692245483398,15565.5,8274.5,21234.5,3.10000002384186,2.30000019073486,3.90000009536743,1.07750001549721,0.514999985694885,2.05999994277954,0,0,903305.8125,1479316.375,0,0,0,0,0,0,0,91522.1640625,0,0,0,0,0,0,0,0,0,0,0,0,0,35840.4375,38709.16796875,42533.1328125,46534.83203125,49858.26171875,51465.71484375,50593.609375,47627.42578125,43734.20703125,39742.4375,36451.10546875,34928.0078125,NA,NA,NA,NA,NA,NA
"40",34.76783,-83.94666,"RAP2111",893.889770507812,13,22.4,2.4,20,2159,861,10.7,26,114,291,177,0,121.79,84,3215,2302,478,1768,-23.6,36.2,1126,15.7,225,15,61,8.4,11,14.5,19.1,23.2,26.5,28.1,27.3,25.3,20.4,14.9,11.5,-3.6,-1.2,2.1,5.9,10.5,14.6,16.7,16,13.1,6.7,0.7,-0.3,2.4,4.9,8.3,12.5,16.9,20.6,22.4,21.6,19.2,13.5,7.8,5.6,170,189,163,203,173,177,169,188,154,202,147,224,10.8,12.2,16.1,19.9,19.5,21.9,19.7,18.1,15.4,14.2,11.1,9.6,38,18,6,1,0,0,0,0,0,0,5,16,37,57,128,227,369,467,539,514,426,266,111,74,486,363,303,176,69,17,5,8,35,152,307,382,0,0,2,9,34,94,138,118,70,11,1,0,7,0,4,29,31,30,31,31,30,31,1,0,12,2,0,0,0,0,0,0,0,0,0,1,36,47,76,107,138,149,155,138,111,81,50,38,0,0,0,0,0,0,0,0,0,0,0,0,58,59,60,59,62,65,67,67,64,58,55,61,14.99,15.71,10.97,12.21,7.23,5.93,4.29,6.76,4.26,11.35,9.17,18.93,0.171599999070168,0.691200017929077,0.691200017929077,0.605599999427795,0.239399999380112,0.236399993300438,0.422499999403954,0.171599999070168,0.691200017929077,61.663200378418,-36.8370590209961,182.890319824219,1.03837585449219,9.94155216217041,1153.51000976562,9.56999969482422,0.330000013113022,20.1000003814697,189,51462,36531,75,155,7,39.7799987792969,112.449996948242,4703.3701171875,151.860000610352,54.1399993896484,157.5,9,1,0,0,0,0,0,0,0,0,0,0,1,11,20,6.90000009536743,5.09999990463257,5,45,33,108,32.8692245483398,15565.5,8274.5,21234.5,3.10000002384186,2.30000019073486,3.90000009536743,1.07750001549721,0.514999985694885,2.05999994277954,0,0,903305.8125,1479316.375,0,0,0,0,0,0,0,91522.1640625,0,0,0,0,0,0,0,0,0,0,0,0,0,35840.4375,38709.16796875,42533.1328125,46534.83203125,49858.26171875,51465.71484375,50593.609375,47627.42578125,43734.20703125,39742.4375,36451.10546875,34928.0078125,NA,NA,NA,NA,NA,NA
"41",34.74944,-84.00466,"RAP2122",854.276977539062,13.2,22.6,2.6,20,2277,890,10.2,25.4,113,292,179,0,132.59,80,3275,2251,499,1812,-23.3,36.3,1135,15.7,227,15,61,8.6,11.2,14.8,19.3,23.3,26.7,28.3,27.5,25.5,20.6,15.1,11.7,-3.4,-1.2,2.3,6.1,10.7,14.8,16.9,16.1,13.3,7,0.9,-0.1,2.6,5,8.6,12.7,17,20.8,22.6,21.8,19.4,13.8,8,5.8,181,206,177,218,179,178,177,202,154,207,157,241,10.7,12.2,16.1,19.9,19.5,21.9,19.8,18.2,15.5,14.2,11.1,9.5,36,17,6,1,0,0,0,0,0,0,5,15,38,59,135,233,373,473,545,520,432,275,116,77,480,360,294,171,67,16,4,7,33,144,301,376,0,0,2,9,35,97,144,123,74,13,1,0,8,0,5,29,31,30,31,31,30,31,1,0,11,2,0,0,0,0,0,0,0,0,0,1,36,48,78,108,138,150,155,140,111,82,51,38,0,0,0,0,0,0,0,0,0,0,0,0,58,59,60,59,62,65,67,67,64,58,55,61,16.02,17.34,12.17,13.65,7.85,5.95,5.01,8.04,4.19,11.81,10.04,20.53,0.248400002717972,0.710399985313416,0.710399985313416,0.630400002002716,0.268799990415573,0.245800003409386,0.449599996209145,0.245800003409386,0.710399985313416,24.8597030639648,-21.8717269897461,58.132568359375,0.977457046508789,12.6423349380493,1142.71997070312,8.47000026702881,0.340000003576279,20.2999992370605,190.050003051758,50976,36274.5,72,156,7,39.2400016784668,111.5,4678.14013671875,150.770004272461,53.4500007629395,153.5,2,0.996500015258789,0.00350000010803342,0,0,0,0,0,0,0,0,0,1.10000002384186,8,18,5.5,4.69999980926514,5,46,34,101.900001525879,31.0220680236816,15543.75,8252,21242.5,3.14999997615814,2.34999990463257,3.95000004768372,1.0699999332428,0.509999990463257,2.04500007629395,0,0,0,0,995517.6875,0,0,0,0,0,0,0,0,0,0,0,0,0,0,0,0,0,0,0,0,35840.4375,38709.16796875,42533.1328125,46534.83203125,49858.26171875,51465.71484375,50593.609375,47627.42578125,43734.20703125,39742.4375,36451.10546875,34928.0078125,NA,NA,NA,NA,NA,NA
"42",34.74944,-84.00466,"RAP2123",854.276977539062,13.2,22.6,2.6,20,2277,890,10.2,25.4,113,292,179,0,132.59,80,3275,2251,499,1812,-23.3,36.3,1135,15.7,227,15,61,8.6,11.2,14.8,19.3,23.3,26.7,28.3,27.5,25.5,20.6,15.1,11.7,-3.4,-1.2,2.3,6.1,10.7,14.8,16.9,16.1,13.3,7,0.9,-0.1,2.6,5,8.6,12.7,17,20.8,22.6,21.8,19.4,13.8,8,5.8,181,206,177,218,179,178,177,202,154,207,157,241,10.7,12.2,16.1,19.9,19.5,21.9,19.8,18.2,15.5,14.2,11.1,9.5,36,17,6,1,0,0,0,0,0,0,5,15,38,59,135,233,373,473,545,520,432,275,116,77,480,360,294,171,67,16,4,7,33,144,301,376,0,0,2,9,35,97,144,123,74,13,1,0,8,0,5,29,31,30,31,31,30,31,1,0,11,2,0,0,0,0,0,0,0,0,0,1,36,48,78,108,138,150,155,140,111,82,51,38,0,0,0,0,0,0,0,0,0,0,0,0,58,59,60,59,62,65,67,67,64,58,55,61,16.02,17.34,12.17,13.65,7.85,5.95,5.01,8.04,4.19,11.81,10.04,20.53,0.248400002717972,0.710399985313416,0.710399985313416,0.630400002002716,0.268799990415573,0.245800003409386,0.449599996209145,0.245800003409386,0.710399985313416,24.8597030639648,-21.8717269897461,58.132568359375,0.977457046508789,12.6423349380493,1142.71997070312,8.47000026702881,0.340000003576279,20.2999992370605,190.050003051758,50976,36274.5,72,156,7,39.2400016784668,111.5,4678.14013671875,150.770004272461,53.4500007629395,153.5,2,0.996500015258789,0.00350000010803342,0,0,0,0,0,0,0,0,0,1.10000002384186,8,18,5.5,4.69999980926514,5,46,34,101.900001525879,31.0220680236816,15543.75,8252,21242.5,3.14999997615814,2.34999990463257,3.95000004768372,1.0699999332428,0.509999990463257,2.04500007629395,0,0,0,0,995517.6875,0,0,0,0,0,0,0,0,0,0,0,0,0,0,0,0,0,0,0,0,35840.4375,38709.16796875,42533.1328125,46534.83203125,49858.26171875,51465.71484375,50593.609375,47627.42578125,43734.20703125,39742.4375,36451.10546875,34928.0078125,NA,NA,NA,NA,NA,NA
"43",34.53045,-84.30597,"RAP2141",633.830139160156,14.8,24.2,4.2,20,2129,851,11.6,28.4,101,304,203,0,112.12,52,3766,1872,711,2189,-20,37.6,1168,15.7,267,7,64,9.6,12.4,16.1,20.9,24.9,28.3,29.8,28.9,26.8,21.6,15.4,12.3,-1.1,1.4,4.5,8.1,12.3,16.5,18.6,17.9,15,9.1,3.1,2.3,4.2,6.9,10.3,14.5,18.6,22.4,24.2,23.4,20.9,15.4,9.2,7.3,166,191,170,198,172,175,171,184,149,176,149,228,10.4,11.7,16.1,19.8,20,21.7,20.4,18.6,15.8,13.9,10.5,9.2,24,11,4,0,0,0,0,0,0,0,3,10,56,89,179,286,421,521,594,569,476,323,144,107,431,307,241,122,41,8,2,3,20,103,265,329,0,0,4,17,58,137,193,169,107,22,2,1,12,1,24,30,31,30,31,31,30,31,12,5,6,1,0,0,0,0,0,0,0,0,0,0,37,49,80,113,145,156,160,143,114,83,50,38,0,0,0,0,0,0,0,0,0,0,0,0,64,64,63,61,62,66,68,68,65,62,61,67,14.07,15.2,10.72,11.18,6.47,4.93,3.77,5.79,3.3,8.71,9.05,18.93,0.285400003194809,0.65039998292923,0.681599974632263,0.541599988937378,0.336600005626678,0.266799986362457,0.439099997282028,0.266799986362457,0.681599974632263,29.4393844604492,-12.3286209106445,86.7879638671875,0.947395861148834,8.68637847900391,1182.97998046875,13.2700004577637,0.280000001192093,20.7000007629395,177.020004272461,56538,39568.5,80,171,7,40.810001373291,115.550003051758,4824.9501953125,155.800003051758,55.5499992370605,190.5,7,0.998600006103516,9.99999974737875e-05,0,0,0.0007999999797903,0.000500000023748726,0,0,0,0,0,1.10000002384186,9,17,5,5,5.09999990463257,51,31,81.3000030517578,28.9260158538818,15642,8392.5,21494.5,2.65000009536743,2,3.29999995231628,1.1525000333786,0.550000011920929,2.1800000667572,0,0,288327.65625,380099.84375,78656.1640625,0,0,0,0,0,0,0,0,0,0,0,0,0,0,0,0,0,0,0,0,35904.68359375,38747.80859375,42538.82421875,46506.2421875,49800.37890625,51393.13671875,50529.05859375,47589.33203125,43729.64453125,39772.08984375,36509.80078125,35000.640625,NA,NA,NA,NA,NA,NA
"44",34.53045,-84.30597,"RAP2142",633.830139160156,14.8,24.2,4.2,20,2129,851,11.6,28.4,101,304,203,0,112.12,52,3766,1872,711,2189,-20,37.6,1168,15.7,267,7,64,9.6,12.4,16.1,20.9,24.9,28.3,29.8,28.9,26.8,21.6,15.4,12.3,-1.1,1.4,4.5,8.1,12.3,16.5,18.6,17.9,15,9.1,3.1,2.3,4.2,6.9,10.3,14.5,18.6,22.4,24.2,23.4,20.9,15.4,9.2,7.3,166,191,170,198,172,175,171,184,149,176,149,228,10.4,11.7,16.1,19.8,20,21.7,20.4,18.6,15.8,13.9,10.5,9.2,24,11,4,0,0,0,0,0,0,0,3,10,56,89,179,286,421,521,594,569,476,323,144,107,431,307,241,122,41,8,2,3,20,103,265,329,0,0,4,17,58,137,193,169,107,22,2,1,12,1,24,30,31,30,31,31,30,31,12,5,6,1,0,0,0,0,0,0,0,0,0,0,37,49,80,113,145,156,160,143,114,83,50,38,0,0,0,0,0,0,0,0,0,0,0,0,64,64,63,61,62,66,68,68,65,62,61,67,14.07,15.2,10.72,11.18,6.47,4.93,3.77,5.79,3.3,8.71,9.05,18.93,0.285400003194809,0.65039998292923,0.681599974632263,0.541599988937378,0.336600005626678,0.266799986362457,0.439099997282028,0.266799986362457,0.681599974632263,29.4393844604492,-12.3286209106445,86.7879638671875,0.947395861148834,8.68637847900391,1182.97998046875,13.2700004577637,0.280000001192093,20.7000007629395,177.020004272461,56538,39568.5,80,171,7,40.810001373291,115.550003051758,4824.9501953125,155.800003051758,55.5499992370605,190.5,7,0.998600006103516,9.99999974737875e-05,0,0,0.0007999999797903,0.000500000023748726,0,0,0,0,0,1.10000002384186,9,17,5,5,5.09999990463257,51,31,81.3000030517578,28.9260158538818,15642,8392.5,21494.5,2.65000009536743,2,3.29999995231628,1.1525000333786,0.550000011920929,2.1800000667572,0,0,288327.65625,380099.84375,78656.1640625,0,0,0,0,0,0,0,0,0,0,0,0,0,0,0,0,0,0,0,0,35904.68359375,38747.80859375,42538.82421875,46506.2421875,49800.37890625,51393.13671875,50529.05859375,47589.33203125,43729.64453125,39772.08984375,36509.80078125,35000.640625,NA,NA,NA,NA,NA,NA
"45",32.88106,-84.50327,"RAP2164",194.967193603516,17.8,27,7.5,19.5,1531,579,18.2,46.6,77,319,243,236,26.96,22,4767,1255,1201,3007,-17.4,40.3,1368,16.5,317,1,61,14,16.8,20.6,24.8,28.6,31.7,32.8,32.2,30.2,25.5,19.2,16,1,3.5,6.6,10,14.7,19.3,21.1,20.7,17.8,11.5,5.1,3.8,7.5,10.2,13.6,17.4,21.6,25.5,27,26.5,24,18.5,12.1,9.9,127,163,119,160,104,119,124,133,99,91,108,184,10.1,12.9,16.6,20.4,21.5,22,22.2,20,17,14.7,10.9,9.2,10,4,1,0,0,0,0,0,0,0,1,5,115,161,274,372,511,614,680,665,568,418,218,171,329,214,149,59,15,2,1,1,7,44,184,249,2,3,14,43,120,227,279,264,178,61,7,4,16,11,31,30,31,30,31,31,30,31,28,17,1,0,0,0,0,0,0,0,0,0,0,0,50,64,101,135,167,173,176,160,130,100,63,49,0,0,0,0,63,54,52,27,31,9,0,0,58,58,57,56,60,65,67,67,64,59,57,61,8.11,9.72,3.53,5.15,-2.63,-2.76,-2.74,-1.28,-3.65,-1.93,3.06,12.37,0.195899993181229,0.645600020885468,0.574400007724762,0.513199985027313,0.2567999958992,0.246800005435944,0.384999990463257,0.195899993181229,0.645600020885468,37.8237533569336,-37.169792175293,118.349151611328,1.01230609416962,9.99680519104004,1402.47998046875,36.560001373291,-0.0900000035762787,19.6000003814697,137.029998779297,73998,73998,132,201,9,55.2900009155273,100.370002746582,5100.31005859375,175.699996948242,72.5999984741211,314,4,0.789699971675873,0.122900001704693,0,0,0,0.000500000023748726,0,0.0869000032544136,0,0,0,1.29999995231628,11,12,2.79999995231628,4.30000019073486,5.19999980926514,65,22,47,23.7810878753662,16299.25,9148.5,22032,2.32499980926514,1.89999997615814,2.84999990463257,1.375,0.685000002384186,2.46500015258789,0,13380.1669921875,2048114.5,2903885,508687.5,588455,0,0,0,40200.83203125,80388.5,80298.5,26741.833984375,0,0,0,0,0,0,0,0,0,0,0,0,36359.02734375,39021.51171875,42579.17578125,46303.66796875,49390.828125,50880.16015625,50072.5234375,47319.50390625,43697.328125,39982.20703125,36925.09765625,35514.02734375,NA,NA,NA,NA,NA,NA
"46",32.88106,-84.50327,"RAP2165",194.967193603516,17.8,27,7.5,19.5,1531,579,18.2,46.6,77,319,243,236,26.96,22,4767,1255,1201,3007,-17.4,40.3,1368,16.5,317,1,61,14,16.8,20.6,24.8,28.6,31.7,32.8,32.2,30.2,25.5,19.2,16,1,3.5,6.6,10,14.7,19.3,21.1,20.7,17.8,11.5,5.1,3.8,7.5,10.2,13.6,17.4,21.6,25.5,27,26.5,24,18.5,12.1,9.9,127,163,119,160,104,119,124,133,99,91,108,184,10.1,12.9,16.6,20.4,21.5,22,22.2,20,17,14.7,10.9,9.2,10,4,1,0,0,0,0,0,0,0,1,5,115,161,274,372,511,614,680,665,568,418,218,171,329,214,149,59,15,2,1,1,7,44,184,249,2,3,14,43,120,227,279,264,178,61,7,4,16,11,31,30,31,30,31,31,30,31,28,17,1,0,0,0,0,0,0,0,0,0,0,0,50,64,101,135,167,173,176,160,130,100,63,49,0,0,0,0,63,54,52,27,31,9,0,0,58,58,57,56,60,65,67,67,64,59,57,61,8.11,9.72,3.53,5.15,-2.63,-2.76,-2.74,-1.28,-3.65,-1.93,3.06,12.37,0.195899993181229,0.645600020885468,0.574400007724762,0.513199985027313,0.2567999958992,0.246800005435944,0.384999990463257,0.195899993181229,0.645600020885468,37.8237533569336,-37.169792175293,118.349151611328,1.01230609416962,9.99680519104004,1402.47998046875,36.560001373291,-0.0900000035762787,19.6000003814697,137.029998779297,73998,73998,132,201,9,55.2900009155273,100.370002746582,5100.31005859375,175.699996948242,72.5999984741211,314,4,0.789699971675873,0.122900001704693,0,0,0,0.000500000023748726,0,0.0869000032544136,0,0,0,1.29999995231628,11,12,2.79999995231628,4.30000019073486,5.19999980926514,65,22,47,23.7810878753662,16299.25,9148.5,22032,2.32499980926514,1.89999997615814,2.84999990463257,1.375,0.685000002384186,2.46500015258789,0,13380.1669921875,2048114.5,2903885,508687.5,588455,0,0,0,40200.83203125,80388.5,80298.5,26741.833984375,0,0,0,0,0,0,0,0,0,0,0,0,36359.02734375,39021.51171875,42579.17578125,46303.66796875,49390.828125,50880.16015625,50072.5234375,47319.50390625,43697.328125,39982.20703125,36925.09765625,35514.02734375,NA,NA,NA,NA,NA,NA
"47",34.04555,-85.39242,"RAP2195",321.984100341797,16.2,25.8,5,20.8,1545,575,17,44.9,95,308,213,199,40.73,41,4236,1626,981,2595,-20.1,39.7,1279,16.1,273,4,61,11.1,14.1,18.4,23.4,26.9,30.5,31.6,31.1,29,23.6,17.3,13.6,-1.1,1.4,5,8.8,13.4,18.2,20,19.3,16.5,10.2,3.5,2,5,7.8,11.7,16.1,20.1,24.4,25.8,25.2,22.8,16.9,10.4,7.8,140,163,140,157,116,133,111,113,102,95,106,169,9.8,12.4,16.4,20.4,21.1,22,21.8,19.8,16.8,14,10.3,8.7,20,8,2,0,0,0,0,0,0,0,2,9,68,108,217,334,466,581,643,625,533,369,174,119,406,282,200,83,25,4,1,1,11,70,229,314,0,1,7,29,87,195,242,224,152,38,4,2,12,1,28,30,31,30,31,31,30,31,16,3,4,0,0,0,0,0,0,0,0,0,0,0,42,55,91,128,157,167,170,155,125,91,56,42,0,0,0,0,41,34,59,42,23,0,0,0,59,59,58,56,60,65,67,66,64,60,57,62,10.96,11.56,6.65,5.59,-0.31,-0.6,-3.27,-2.8,-2.73,-0.39,3.64,12.44,0.262800008058548,0.65200001001358,0.658399999141693,0.561200022697449,0.383799999952316,0.261999994516373,0.472500011324883,0.261999994516373,0.658399999141693,20.253101348877,-2.71221542358398,66.9330139160156,1.01208853721619,10.9310417175293,1304.98999023438,28.9699993133545,0.0900000035762787,21.0499992370605,150.449996948242,64980,58228.5,100,189,9,46.1399993896484,127.419998168945,5190.64990234375,169.800003051758,92.3499984741211,246.75,4,1,0,0,0,0,0,0,0,0,0,0,1.29999995231628,9,17,2.79999995231628,4.19999980926514,5.30000019073486,41,40,45.5999984741211,27.0361232757568,15842,8485.5,21641,2.17500007152557,1.75,2.65000009536743,1.27000004053116,0.620000004768372,2.3600001335144,0,0,79251,92372,0,0,0,0,0,0,277011.34375,2878466.25,369598.84375,0,0,0,0,0,0,0,0,0,0,0,0,36031.9921875,38824.4296875,42550.11328125,46449.546875,49685.65234375,51249.33984375,50401.1328125,47513.796875,43720.60546875,39830.8984375,36626.140625,35144.5546875,NA,NA,NA,NA,NA,NA
"48",34.04555,-85.39242,"RAP2196",321.984100341797,16.2,25.8,5,20.8,1545,575,17,44.9,95,308,213,199,40.73,41,4236,1626,981,2595,-20.1,39.7,1279,16.1,273,4,61,11.1,14.1,18.4,23.4,26.9,30.5,31.6,31.1,29,23.6,17.3,13.6,-1.1,1.4,5,8.8,13.4,18.2,20,19.3,16.5,10.2,3.5,2,5,7.8,11.7,16.1,20.1,24.4,25.8,25.2,22.8,16.9,10.4,7.8,140,163,140,157,116,133,111,113,102,95,106,169,9.8,12.4,16.4,20.4,21.1,22,21.8,19.8,16.8,14,10.3,8.7,20,8,2,0,0,0,0,0,0,0,2,9,68,108,217,334,466,581,643,625,533,369,174,119,406,282,200,83,25,4,1,1,11,70,229,314,0,1,7,29,87,195,242,224,152,38,4,2,12,1,28,30,31,30,31,31,30,31,16,3,4,0,0,0,0,0,0,0,0,0,0,0,42,55,91,128,157,167,170,155,125,91,56,42,0,0,0,0,41,34,59,42,23,0,0,0,59,59,58,56,60,65,67,66,64,60,57,62,10.96,11.56,6.65,5.59,-0.31,-0.6,-3.27,-2.8,-2.73,-0.39,3.64,12.44,0.262800008058548,0.65200001001358,0.658399999141693,0.561200022697449,0.383799999952316,0.261999994516373,0.472500011324883,0.261999994516373,0.658399999141693,20.253101348877,-2.71221542358398,66.9330139160156,1.01208853721619,10.9310417175293,1304.98999023438,28.9699993133545,0.0900000035762787,21.0499992370605,150.449996948242,64980,58228.5,100,189,9,46.1399993896484,127.419998168945,5190.64990234375,169.800003051758,92.3499984741211,246.75,4,1,0,0,0,0,0,0,0,0,0,0,1.29999995231628,9,17,2.79999995231628,4.19999980926514,5.30000019073486,41,40,45.5999984741211,27.0361232757568,15842,8485.5,21641,2.17500007152557,1.75,2.65000009536743,1.27000004053116,0.620000004768372,2.3600001335144,0,0,79251,92372,0,0,0,0,0,0,277011.34375,2878466.25,369598.84375,0,0,0,0,0,0,0,0,0,0,0,0,36031.9921875,38824.4296875,42550.11328125,46449.546875,49685.65234375,51249.33984375,50401.1328125,47513.796875,43720.60546875,39830.8984375,36626.140625,35144.5546875,NA,NA,NA,NA,NA,NA
"49",34.67147,-83.37227,"RAP2482",290.959899902344,16.3,26,5.4,20.6,1763,713,14.9,36.5,89,312,222,61,67.8,38,4275,1588,996,2626,-18.9,39.4,1226,15.7,290,4,64,11,14,17.8,22.7,26.7,30.3,31.6,30.7,28.4,23,17.1,13.5,-0.2,2,5.2,9.3,14.3,18.5,20.3,19.7,17.3,10.7,4.4,2.9,5.4,8,11.5,16,20.5,24.4,26,25.2,22.9,16.9,10.8,8.2,150,161,137,159,139,141,149,176,108,136,124,183,9.7,11.9,16.1,19.8,20.6,21.7,21.4,19.2,16.2,13.5,10.2,8.6,18,8,2,0,0,0,0,0,0,0,2,8,74,111,211,330,478,581,649,625,536,369,183,128,394,276,205,86,22,4,1,1,10,70,217,301,0,1,7,28,95,195,248,224,154,37,4,2,14,2,28,30,31,30,31,31,30,31,24,9,3,0,0,0,0,0,0,0,0,0,0,0,40,53,87,121,151,163,168,149,116,85,53,40,0,0,0,0,12,22,19,0,8,0,0,0,63,61,61,60,64,66,68,68,68,63,60,65,11.96,11.42,6.8,6.53,2.56,0.62,0.73,4.23,-1.08,4.38,5.75,13.9,0.24600000679493,0.70959997177124,0.70959997177124,0.497200012207031,0.266600012779236,0.28999999165535,0.39360000193119,0.24600000679493,0.70959997177124,41.0683212280273,-37.6516799926758,112.55908203125,1.05212450027466,8.41677856445312,1282.23999023438,19.7600002288818,0.159999996423721,20.1499996185303,163.440002441406,64422,57585,105,183,9,45.8300018310547,89.9599990844727,5114.16015625,167.240005493164,62.1300010681152,248.75,4,1,0,0,0,0,0,0,0,0,0,0,1.20000004768372,11,21,4.40000009536743,4.40000009536743,5.09999990463257,45,32,74.6999969482422,31.9804840087891,15878,8657.5,21806,2.375,2,2.95000004768372,1.23249995708466,0.580000042915344,2.32499980926514,0,26227.833984375,445545.65625,4840342,1074898.875,0,0,0,0,0,0,0,0,0,0,0,0,0,0,0,0,0,0,0,0,35856.5390625,38718.84765625,42534.55859375,46527.66796875,49843.7578125,51447.52734375,50577.43359375,47617.87890625,43733.0625,39749.8671875,36465.8125,34946.2109375,NA,NA,NA,NA,NA,NA
"50",34.61944,-84.14485,"RAP2494",771.104370117188,13.9,23.1,3.4,19.7,2221,871,10.8,26.5,109,296,187,0,122.69,65,3485,2077,580,1970,-22.3,36.8,1163,15.7,235,11,62,9.5,12,15.7,20.2,24.1,27.5,29,28.1,26.2,21.1,15.5,12.1,-2.7,-0.1,3,6.7,11.3,15.6,17.3,16.8,14,8,1.5,0.7,3.4,6,9.3,13.4,17.7,21.6,23.1,22.5,20.1,14.6,8.5,6.4,181,204,175,207,175,177,178,194,147,190,155,238,10.4,12.1,16.1,19.9,19.9,21.9,20.3,18.5,15.8,13.8,10.8,9.3,30,13,5,0,0,0,0,0,0,0,4,13,46,73,153,253,394,497,560,542,452,299,127,88,455,332,272,151,54,11,3,5,26,123,286,357,0,0,3,12,44,114,159,141,89,17,2,0,9,0,10,30,31,30,31,31,30,31,2,1,9,1,0,0,0,0,0,0,0,0,0,1,38,49,81,112,142,153,159,142,114,82,52,39,0,0,0,0,0,0,0,0,0,0,0,0,58,60,60,59,62,65,66,67,64,60,56,63,15.67,16.71,11.34,12.12,7.02,5.43,4.6,7,3.15,10.07,9.56,20.02,0.241600006818771,0.693599998950958,0.693599998950958,0.626399993896484,0.343199998140335,0.284999996423721,0.48479999601841,0.241600006818771,0.693599998950958,47.6397552490234,0.96734619140625,160.054321289062,0.916582763195038,7.01898384094238,1157.27001953125,9.77999973297119,0.319999992847443,20.3500003814697,185.399993896484,53370,37665,76,162,7,39.9300003051758,112.779998779297,4723.35009765625,152.309997558594,54.1699981689453,169.75,4,1,0,0,0,0,0,0,0,0,0,0,1.10000002384186,10,18,5.19999980926514,4.90000009536743,5.09999990463257,48,32,90.0999984741211,28.8436870574951,15608.5,8336.5,21354.5,3,2.19999980926514,3.70000004768372,1.10250005125999,0.524999976158142,2.09999990463257,0,0,0,0,995517.6875,0,0,0,0,0,0,0,0,0,0,0,0,0,0,0,0,0,0,0,0,35872.609375,38728.515625,42535.98046875,46520.515625,49829.2734375,51429.3671875,50561.28515625,47608.3515625,43731.921875,39757.28515625,36480.49609375,34964.3828125,NA,NA,NA,NA,NA,NA
"51",34.74838,-83.84456,"RAP2504",718.612365722656,13.7,23.2,3.1,20.1,2139,851,11.1,27.3,110,295,184,0,116.39,70,3445,2126,572,1945,-22.6,36.9,1155,15.7,232,11,62,9,11.8,15.4,20,24,27.3,28.9,28.1,26,21,15.5,12,-2.8,-0.7,2.6,6.7,11.3,15.4,17.5,16.8,13.9,7.6,1.5,0.3,3.1,5.6,9,13.3,17.6,21.4,23.2,22.5,20,14.3,8.5,6.2,170,188,164,197,169,168,174,189,151,207,140,222,10.7,12.2,16.1,19.9,19.6,21.9,19.9,18.2,15.6,14.1,11,9.5,32,15,5,1,0,0,0,0,0,0,4,13,43,67,145,250,391,491,563,542,449,290,127,85,465,343,281,154,56,12,3,5,27,131,286,363,0,0,3,12,43,108,162,141,87,15,2,0,9,0,7,30,31,30,31,31,30,31,2,0,9,1,0,0,0,0,0,0,0,0,0,1,37,49,80,111,141,152,158,142,113,82,51,39,0,0,0,0,0,0,0,0,0,0,0,0,59,59,59,59,62,65,67,67,64,59,56,62,14.77,15.27,10.51,11.31,6.56,4.73,4.48,6.57,3.78,11.79,8.09,18.51,0.203600004315376,0.651600003242493,0.696799993515015,0.56879997253418,0.241400003433228,0.297600001096725,0.433199986815453,0.203600004315376,0.696799993515015,35.2102813720703,-35.2102813720703,80.2717895507812,0.964815676212311,14.0050592422485,1178.2900390625,9.42000007629395,0.310000002384186,20.0499992370605,186.270004272461,53334,37543.5,80,158,7,41.0299987792969,114.169998168945,4765.58984375,154.429992675781,55.7200012207031,170.25,11,0.999499976634979,0.000500000023748726,0,0,0,0,0,0,0,0,0,1.10000002384186,11,19,6,4.80000019073486,4.90000009536743,45,34,101.400001525879,32.6240348815918,15619.5,8269.5,21392.5,2.95000004768372,2.25,3.70000004768372,1.10499998927116,0.524999976158142,2.09999990463257,0,0,131022,1624798.125,0,0,0,0,0,0,0,0,0,0,0,0,0,0,0,0,0,0,0,0,0,35840.4375,38709.16796875,42533.1328125,46534.83203125,49858.26171875,51465.71484375,50593.609375,47627.42578125,43734.20703125,39742.4375,36451.10546875,34928.0078125,NA,NA,NA,NA,NA,NA
"52",34.74838,-83.84456,"RAP2505",718.612365722656,13.7,23.2,3.1,20.1,2139,851,11.1,27.3,110,295,184,0,116.39,70,3445,2126,572,1945,-22.6,36.9,1155,15.7,232,11,62,9,11.8,15.4,20,24,27.3,28.9,28.1,26,21,15.5,12,-2.8,-0.7,2.6,6.7,11.3,15.4,17.5,16.8,13.9,7.6,1.5,0.3,3.1,5.6,9,13.3,17.6,21.4,23.2,22.5,20,14.3,8.5,6.2,170,188,164,197,169,168,174,189,151,207,140,222,10.7,12.2,16.1,19.9,19.6,21.9,19.9,18.2,15.6,14.1,11,9.5,32,15,5,1,0,0,0,0,0,0,4,13,43,67,145,250,391,491,563,542,449,290,127,85,465,343,281,154,56,12,3,5,27,131,286,363,0,0,3,12,43,108,162,141,87,15,2,0,9,0,7,30,31,30,31,31,30,31,2,0,9,1,0,0,0,0,0,0,0,0,0,1,37,49,80,111,141,152,158,142,113,82,51,39,0,0,0,0,0,0,0,0,0,0,0,0,59,59,59,59,62,65,67,67,64,59,56,62,14.77,15.27,10.51,11.31,6.56,4.73,4.48,6.57,3.78,11.79,8.09,18.51,0.203600004315376,0.651600003242493,0.696799993515015,0.56879997253418,0.241400003433228,0.297600001096725,0.433199986815453,0.203600004315376,0.696799993515015,35.2102813720703,-35.2102813720703,80.2717895507812,0.964815676212311,14.0050592422485,1178.2900390625,9.42000007629395,0.310000002384186,20.0499992370605,186.270004272461,53334,37543.5,80,158,7,41.0299987792969,114.169998168945,4765.58984375,154.429992675781,55.7200012207031,170.25,11,0.999499976634979,0.000500000023748726,0,0,0,0,0,0,0,0,0,1.10000002384186,11,19,6,4.80000019073486,4.90000009536743,45,34,101.400001525879,32.6240348815918,15619.5,8269.5,21392.5,2.95000004768372,2.25,3.70000004768372,1.10499998927116,0.524999976158142,2.09999990463257,0,0,131022,1624798.125,0,0,0,0,0,0,0,0,0,0,0,0,0,0,0,0,0,0,0,0,0,35840.4375,38709.16796875,42533.1328125,46534.83203125,49858.26171875,51465.71484375,50593.609375,47627.42578125,43734.20703125,39742.4375,36451.10546875,34928.0078125,NA,NA,NA,NA,NA,NA
"53",35.21284,-84.21026,"RAP2557",649.485656738281,14.2,23.7,3.3,20.4,2054,810,11.8,29.3,111,294,183,0,99.04,64,3586,2028,642,2061,-22.4,38,1210,15.9,232,10,59,9.6,12.5,16.3,21.3,25.1,28.4,30,29.3,27.1,21.8,15.9,12.5,-2.9,-0.1,2.7,6.6,11.3,15.4,17.4,16.7,13.9,7.5,1.3,0.6,3.3,6.2,9.5,13.9,18.2,21.9,23.7,23,20.5,14.7,8.6,6.6,174,198,169,195,149,188,168,163,142,145,143,220,10.2,12,16.1,20.1,20.1,22.7,20.6,18.8,16,14.2,10.7,9.1,31,13,4,0,0,0,0,0,0,0,4,12,45,76,158,268,409,506,579,557,464,302,130,92,459,326,266,138,47,10,3,4,23,120,283,351,0,0,3,14,51,123,178,157,98,17,2,0,9,0,8,30,31,30,31,31,30,31,2,1,8,1,0,0,0,0,0,0,0,0,0,0,37,50,83,118,149,161,167,151,118,85,52,39,0,0,0,0,0,0,0,0,0,0,0,0,57,59,57,56,59,62,64,64,61,57,54,61,14.98,15.9,10.37,10.18,3.63,5.63,2.63,2.65,1.84,5.01,8.16,18.07,0.252799987792969,0.604399979114532,0.738399982452393,0.619199991226196,0.341600000858307,0.256999999284744,0.47299998998642,0.252799987792969,0.738399982452393,24.2738494873047,-16.5816345214844,76.2052612304688,0.975252389907837,8.34719181060791,1209.92004394531,17.5599994659424,0.219999998807907,20.9500007629395,163.089996337891,54054,38299.5,76,160,7,39.9300003051758,119.089996337891,5096.2998046875,161.460006713867,54.8699989318848,169.75,3,1,0,0,0,0,0,0,0,0,0,0,1.10000002384186,13,18,4.5,4.59999990463257,4.90000009536743,47,33,81.9000015258789,28.7254981994629,15466.25,7955,21241.5,2.54999995231628,2,3.15000009536743,1.11250004172325,0.529999971389771,2.13499999046326,0,0,104319.8359375,4408301.5,0,0,0,0,0,0,13053.8330078125,13053.8330078125,0,0,0,0,0,0,0,0,0,0,0,0,0,35710.75,38631.203125,42521.65234375,46592.5,49975.09375,51612.26953125,50723.9296875,47704.28125,43743.40234375,39682.6171875,36332.625,34781.33203125,NA,NA,NA,NA,NA,NA
"54",35.21284,-84.21026,"RAP2558",649.485656738281,14.2,23.7,3.3,20.4,2054,810,11.8,29.3,111,294,183,0,99.04,64,3586,2028,642,2061,-22.4,38,1210,15.9,232,10,59,9.6,12.5,16.3,21.3,25.1,28.4,30,29.3,27.1,21.8,15.9,12.5,-2.9,-0.1,2.7,6.6,11.3,15.4,17.4,16.7,13.9,7.5,1.3,0.6,3.3,6.2,9.5,13.9,18.2,21.9,23.7,23,20.5,14.7,8.6,6.6,174,198,169,195,149,188,168,163,142,145,143,220,10.2,12,16.1,20.1,20.1,22.7,20.6,18.8,16,14.2,10.7,9.1,31,13,4,0,0,0,0,0,0,0,4,12,45,76,158,268,409,506,579,557,464,302,130,92,459,326,266,138,47,10,3,4,23,120,283,351,0,0,3,14,51,123,178,157,98,17,2,0,9,0,8,30,31,30,31,31,30,31,2,1,8,1,0,0,0,0,0,0,0,0,0,0,37,50,83,118,149,161,167,151,118,85,52,39,0,0,0,0,0,0,0,0,0,0,0,0,57,59,57,56,59,62,64,64,61,57,54,61,14.98,15.9,10.37,10.18,3.63,5.63,2.63,2.65,1.84,5.01,8.16,18.07,0.252799987792969,0.604399979114532,0.738399982452393,0.619199991226196,0.341600000858307,0.256999999284744,0.47299998998642,0.252799987792969,0.738399982452393,24.2738494873047,-16.5816345214844,76.2052612304688,0.975252389907837,8.34719181060791,1209.92004394531,17.5599994659424,0.219999998807907,20.9500007629395,163.089996337891,54054,38299.5,76,160,7,39.9300003051758,119.089996337891,5096.2998046875,161.460006713867,54.8699989318848,169.75,3,1,0,0,0,0,0,0,0,0,0,0,1.10000002384186,13,18,4.5,4.59999990463257,4.90000009536743,47,33,81.9000015258789,28.7254981994629,15466.25,7955,21241.5,2.54999995231628,2,3.15000009536743,1.11250004172325,0.529999971389771,2.13499999046326,0,0,104319.8359375,4408301.5,0,0,0,0,0,0,13053.8330078125,13053.8330078125,0,0,0,0,0,0,0,0,0,0,0,0,0,35710.75,38631.203125,42521.65234375,46592.5,49975.09375,51612.26953125,50723.9296875,47704.28125,43743.40234375,39682.6171875,36332.625,34781.33203125,NA,NA,NA,NA,NA,NA
"55",34.94083,-84.66549,"RAP2724",485.981109619141,15.1,25,3.7,21.3,1991,787,12.6,31.8,101,305,204,4,96.71,57,3902,1864,828,2336,-20.4,38.7,1181,15.7,263,8,64,8.9,12,16.2,21.6,25.7,29.1,30.6,29.8,27.7,22.1,15.5,11.9,-1.6,1.2,4.3,8.1,13.1,17.3,19.3,18.6,15.8,9.6,3.1,2,3.7,6.6,10.2,14.9,19.4,23.2,25,24.2,21.8,15.9,9.3,7,157,185,176,189,149,167,167,143,161,147,138,212,9.7,11.6,16.1,19.9,20.6,21.7,21.2,19.2,16.3,13.4,9.9,8.5,28,11,4,0,0,0,0,0,0,0,3,11,50,84,177,298,445,545,619,594,503,339,147,101,446,315,244,111,32,6,1,2,15,91,262,338,0,0,4,20,73,160,218,193,128,27,3,1,11,0,23,30,31,30,31,31,30,31,12,3,7,1,0,0,0,0,0,0,0,0,0,0,35,47,80,117,148,158,164,147,117,83,49,36,0,0,0,0,0,0,0,4,0,0,0,0,64,64,62,59,63,66,68,68,65,62,60,67,13.49,14.87,11.32,9.88,3.86,3.78,2.97,1.18,4.08,5.7,7.97,17.61,0.228200003504753,0.607999980449677,0.718800008296967,0.601599991321564,0.371399998664856,0.2432000041008,0.48649999499321,0.228200003504753,0.718800008296967,9.48846054077148,-7.73978805541992,31.3907165527344,0.995081126689911,9.29500389099121,1226.18005371094,21.3099994659424,0.200000002980232,21.3999996185303,160.470001220703,57996,40662,80,174,7,40.6399993896484,120.779998779297,5151.27978515625,163.440002441406,55.8300018310547,200,4,1,0,0,0,0,0,0,0,0,0,0,1.29999995231628,6,24,3.5,4.5,5,40,33,66.5,32.2974128723145,15545.75,8095,21448.5,2.37500011920929,1.84999990463257,2.95000004768372,1.16749995946884,0.560000002384186,2.22000002861023,0,0,0,65293.66796875,13059.6669921875,0,0,0,0,0,0,0,26168.833984375,0,0,0,0,0,0,0,0,0,0,0,0,35791.99609375,38680.03515625,42528.84375,46556.37890625,49901.90234375,51520.453125,50642.2890625,47656.140625,43737.640625,39720.08203125,36406.84375,34873.2265625,NA,NA,NA,NA,NA,NA
"56",34.94083,-84.66549,"RAP2725",485.981109619141,15.1,25,3.7,21.3,1991,787,12.6,31.8,101,305,204,4,96.71,57,3902,1864,828,2336,-20.4,38.7,1181,15.7,263,8,64,8.9,12,16.2,21.6,25.7,29.1,30.6,29.8,27.7,22.1,15.5,11.9,-1.6,1.2,4.3,8.1,13.1,17.3,19.3,18.6,15.8,9.6,3.1,2,3.7,6.6,10.2,14.9,19.4,23.2,25,24.2,21.8,15.9,9.3,7,157,185,176,189,149,167,167,143,161,147,138,212,9.7,11.6,16.1,19.9,20.6,21.7,21.2,19.2,16.3,13.4,9.9,8.5,28,11,4,0,0,0,0,0,0,0,3,11,50,84,177,298,445,545,619,594,503,339,147,101,446,315,244,111,32,6,1,2,15,91,262,338,0,0,4,20,73,160,218,193,128,27,3,1,11,0,23,30,31,30,31,31,30,31,12,3,7,1,0,0,0,0,0,0,0,0,0,0,35,47,80,117,148,158,164,147,117,83,49,36,0,0,0,0,0,0,0,4,0,0,0,0,64,64,62,59,63,66,68,68,65,62,60,67,13.49,14.87,11.32,9.88,3.86,3.78,2.97,1.18,4.08,5.7,7.97,17.61,0.228200003504753,0.607999980449677,0.718800008296967,0.601599991321564,0.371399998664856,0.2432000041008,0.48649999499321,0.228200003504753,0.718800008296967,9.48846054077148,-7.73978805541992,31.3907165527344,0.995081126689911,9.29500389099121,1226.18005371094,21.3099994659424,0.200000002980232,21.3999996185303,160.470001220703,57996,40662,80,174,7,40.6399993896484,120.779998779297,5151.27978515625,163.440002441406,55.8300018310547,200,4,1,0,0,0,0,0,0,0,0,0,0,1.29999995231628,6,24,3.5,4.5,5,40,33,66.5,32.2974128723145,15545.75,8095,21448.5,2.37500011920929,1.84999990463257,2.95000004768372,1.16749995946884,0.560000002384186,2.22000002861023,0,0,0,65293.66796875,13059.6669921875,0,0,0,0,0,0,0,26168.833984375,0,0,0,0,0,0,0,0,0,0,0,0,35791.99609375,38680.03515625,42528.84375,46556.37890625,49901.90234375,51520.453125,50642.2890625,47656.140625,43737.640625,39720.08203125,36406.84375,34873.2265625,NA,NA,NA,NA,NA,NA
