"ID","Latitude","Longitude","Elevation","MAT","MWMT","MCMT","TD","MAP","MSP","AHM","SHM","bFFP","eFFP","FFP","CMD","CMI","DD_0","DD5","DD_18","DD18","DD1040","EMT","EXT","Eref","rsds","NFFD","PAS","RH","Tmax01","Tmax02","Tmax03","Tmax04","Tmax05","Tmax06","Tmax07","Tmax08","Tmax09","Tmax10","Tmax11","Tmax12","Tmin01","Tmin02","Tmin03","Tmin04","Tmin05","Tmin06","Tmin07","Tmin08","Tmin09","Tmin10","Tmin11","Tmin12","Tave01","Tave02","Tave03","Tave04","Tave05","Tave06","Tave07","Tave08","Tave09","Tave10","Tave11","Tave12","PPT01","PPT02","PPT03","PPT04","PPT05","PPT06","PPT07","PPT08","PPT09","PPT10","PPT11","PPT12","rsds01","rsds02","rsds03","rsds04","rsds05","rsds06","rsds07","rsds08","rsds09","rsds10","rsds11","rsds12","DD_0_01","DD_0_02","DD_0_03","DD_0_04","DD_0_05","DD_0_06","DD_0_07","DD_0_08","DD_0_09","DD_0_10","DD_0_11","DD_0_12","DD5_01","DD5_02","DD5_03","DD5_04","DD5_05","DD5_06","DD5_07","DD5_08","DD5_09","DD5_10","DD5_11","DD5_12","DD_18_01","DD_18_02","DD_18_03","DD_18_04","DD_18_05","DD_18_06","DD_18_07","DD_18_08","DD_18_09","DD_18_10","DD_18_11","DD_18_12","DD18_01","DD18_02","DD18_03","DD18_04","DD18_05","DD18_06","DD18_07","DD18_08","DD18_09","DD18_10","DD18_11","DD18_12","NFFD01","NFFD02","NFFD03","NFFD04","NFFD05","NFFD06","NFFD07","NFFD08","NFFD09","NFFD10","NFFD11","NFFD12","PAS01","PAS02","PAS03","PAS04","PAS05","PAS06","PAS07","PAS08","PAS09","PAS10","PAS11","PAS12","Eref01","Eref02","Eref03","Eref04","Eref05","Eref06","Eref07","Eref08","Eref09","Eref10","Eref11","Eref12","CMD01","CMD02","CMD03","CMD04","CMD05","CMD06","CMD07","CMD08","CMD09","CMD10","CMD11","CMD12","RH01","RH02","RH03","RH04","RH05","RH06","RH07","RH08","RH09","RH10","RH11","RH12","CMI01","CMI02","CMI03","CMI04","CMI05","CMI06","CMI07","CMI08","CMI09","CMI10","CMI11","CMI12","EVI_1","EVI_2","EVI_3","EVI_4","EVI_5","EVI_6","EVI_median","EVI_min","EVI_max","TRI","TPI","roughness","HLI","TWI","annualPET","climaticMoistureIndex","aridityIndexThornthwaite","continentality","embergerQ","growingDegDays0","growingDegDays5","maxTempColdest","minTempWarmest","monthCountByTemp10","PETColdestQuarter","PETDriestQuarter","PETseasonality","PETWarmestQuarter","PETWettestQuarter","thermicityIndex","Footprint","trees","grassland","shrubs","cropland","built","bare","snow","water","wetland","mangroves","moss","Bulk_density","Coarse_fragments_volume","Clay_fraction","Nitrogen_content","Organic_carb_density","pH_H2O","Sand_fraction","Silt_fraction","Soil_organic_carb","Forestheight","srad_median","srad_min","srad_max","wind_median","wind_min","wind_max","vapr_median","vapr_min","vapr_max","Nighttime_light","Burned_area_01","Burned_area_02","Burned_area_03","Burned_area_04","Burned_area_05","Burned_area_06","Burned_area_07","Burned_area_08","Burned_area_09","Burned_area_10","Burned_area_11","Burned_area_12","snow_water_equivalent_01","snow_water_equivalent_02","snow_water_equivalent_03","snow_water_equivalent_04","snow_water_equivalent_05","snow_water_equivalent_06","snow_water_equivalent_07","snow_water_equivalent_08","snow_water_equivalent_09","snow_water_equivalent_10","snow_water_equivalent_11","snow_water_equivalent_12","Daylength_01","Daylength_02","Daylength_03","Daylength_04","Daylength_05","Daylength_06","Daylength_07","Daylength_08","Daylength_09","Daylength_10","Daylength_11","Daylength_12","soil_moisture_01","soil_moisture_02","soil_moisture_03","soil_moisture_04","soil_moisture_05","soil_moisture_06"
8301,50.921,-114.527,1383.03466796875,3.5,14.9,-7.3,22.2,556,363,24.3,41,159,250,91,162,2.38,914,1141,5298,26,443,-39.9,35,602,14.3,142,125,53,-0.1,-0.7,3.7,9.5,15.5,19,23,22.9,17.9,10.6,3.7,-0.7,-12.2,-14,-9.1,-3.7,1.2,4.7,6.9,6.2,2.4,-2.7,-8.3,-12.4,-6.1,-7.3,-2.7,2.9,8.3,11.8,14.9,14.5,10.1,3.9,-2.3,-6.6,15,21,34,45,84,111,60,58,50,32,27,19,5.1,8.6,13.8,19.4,22.9,23.6,23.1,20.6,15.2,9.4,5.6,4.1,208,218,120,22,1,0,0,0,1,15,110,220,0,0,0,23,114,205,304,294,160,41,0,0,748,704,644,453,301,187,104,113,238,439,609,759,0,0,1,0,0,3,8,8,3,0,2,1,1,0,1,5,18,27,30,30,21,7,1,0,12,20,30,17,5,1,0,1,2,4,15,16,0,0,0,57,94,112,130,111,66,32,0,0,0,0,0,12,10,1,70,53,16,0,0,0,52,47,52,55,55,56,52,51,52,55,55,53,1.5,2.1,2.9,1.99,2.08,2.36,-5.5,-5.79,-3.44,0.14,2.13,1.9,0.20160000026226,0.347600013017654,0.580399990081787,0.479200005531311,0.211799994111061,0.223199993371964,0.285400003194809,0.20160000026226,0.580399990081787,15.4967651367188,8.91290283203125,48.8446044921875,0.842253684997559,8.25543308258057,715.739990234375,41.2299995422363,-0.270000010728836,25.6000003814697,48.5699996948242,12705,8190,-56,63,3,8.47000026702881,18.9799995422363,4981.81982421875,127.110000610352,121.610000610352,-130,11,0.837400019168854,0.123499996960163,0,0,0.0171000007539988,0.0178999993950129,0,0,0,0,0.00410000002011657,1.10000002384186,12,25,2.70000004768372,4,6.40000009536743,31,41,49.0999984741211,16.7680568695068,12867.5,3835,21149.5,3.625,3.04999995231628,3.79999995231628,0.464999988675117,0.229999989271164,0.975000023841858,8.66262054443359,0,0,0,0,0,0,0,0,0,0,0,0,2.17322587966919,7.24285745620728,26.1235485076904,12.9549999237061,0,0,0,0,0,5.32709693908691,3.98699998855591,0.674838721752167,29760.07421875,35140.7734375,42014.16015625,49159.2265625,55297.05078125,58409.7734375,56705.6875,51144.9609375,44149.74609375,37018.2578125,30931.3828125,27977.8046875,NA,NA,NA,NA,NA,NA
8302,50.921,-114.527,1383.03466796875,3.5,14.9,-7.3,22.2,556,363,24.3,41,159,250,91,162,2.38,914,1141,5298,26,443,-39.9,35,602,14.3,142,125,53,-0.1,-0.7,3.7,9.5,15.5,19,23,22.9,17.9,10.6,3.7,-0.7,-12.2,-14,-9.1,-3.7,1.2,4.7,6.9,6.2,2.4,-2.7,-8.3,-12.4,-6.1,-7.3,-2.7,2.9,8.3,11.8,14.9,14.5,10.1,3.9,-2.3,-6.6,15,21,34,45,84,111,60,58,50,32,27,19,5.1,8.6,13.8,19.4,22.9,23.6,23.1,20.6,15.2,9.4,5.6,4.1,208,218,120,22,1,0,0,0,1,15,110,220,0,0,0,23,114,205,304,294,160,41,0,0,748,704,644,453,301,187,104,113,238,439,609,759,0,0,1,0,0,3,8,8,3,0,2,1,1,0,1,5,18,27,30,30,21,7,1,0,12,20,30,17,5,1,0,1,2,4,15,16,0,0,0,57,94,112,130,111,66,32,0,0,0,0,0,12,10,1,70,53,16,0,0,0,52,47,52,55,55,56,52,51,52,55,55,53,1.5,2.1,2.9,1.99,2.08,2.36,-5.5,-5.79,-3.44,0.14,2.13,1.9,0.20160000026226,0.347600013017654,0.580399990081787,0.479200005531311,0.211799994111061,0.223199993371964,0.285400003194809,0.20160000026226,0.580399990081787,15.4967651367188,8.91290283203125,48.8446044921875,0.842253684997559,8.25543308258057,715.739990234375,41.2299995422363,-0.270000010728836,25.6000003814697,48.5699996948242,12705,8190,-56,63,3,8.47000026702881,18.9799995422363,4981.81982421875,127.110000610352,121.610000610352,-130,11,0.837400019168854,0.123499996960163,0,0,0.0171000007539988,0.0178999993950129,0,0,0,0,0.00410000002011657,1.10000002384186,12,25,2.70000004768372,4,6.40000009536743,31,41,49.0999984741211,16.7680568695068,12867.5,3835,21149.5,3.625,3.04999995231628,3.79999995231628,0.464999988675117,0.229999989271164,0.975000023841858,8.66262054443359,0,0,0,0,0,0,0,0,0,0,0,0,2.17322587966919,7.24285745620728,26.1235485076904,12.9549999237061,0,0,0,0,0,5.32709693908691,3.98699998855591,0.674838721752167,29760.07421875,35140.7734375,42014.16015625,49159.2265625,55297.05078125,58409.7734375,56705.6875,51144.9609375,44149.74609375,37018.2578125,30931.3828125,27977.8046875,NA,NA,NA,NA,NA,NA
8303,50.921,-114.527,1383.03466796875,3.5,14.9,-7.3,22.2,556,363,24.3,41,159,250,91,162,2.38,914,1141,5298,26,443,-39.9,35,602,14.3,142,125,53,-0.1,-0.7,3.7,9.5,15.5,19,23,22.9,17.9,10.6,3.7,-0.7,-12.2,-14,-9.1,-3.7,1.2,4.7,6.9,6.2,2.4,-2.7,-8.3,-12.4,-6.1,-7.3,-2.7,2.9,8.3,11.8,14.9,14.5,10.1,3.9,-2.3,-6.6,15,21,34,45,84,111,60,58,50,32,27,19,5.1,8.6,13.8,19.4,22.9,23.6,23.1,20.6,15.2,9.4,5.6,4.1,208,218,120,22,1,0,0,0,1,15,110,220,0,0,0,23,114,205,304,294,160,41,0,0,748,704,644,453,301,187,104,113,238,439,609,759,0,0,1,0,0,3,8,8,3,0,2,1,1,0,1,5,18,27,30,30,21,7,1,0,12,20,30,17,5,1,0,1,2,4,15,16,0,0,0,57,94,112,130,111,66,32,0,0,0,0,0,12,10,1,70,53,16,0,0,0,52,47,52,55,55,56,52,51,52,55,55,53,1.5,2.1,2.9,1.99,2.08,2.36,-5.5,-5.79,-3.44,0.14,2.13,1.9,0.20160000026226,0.347600013017654,0.580399990081787,0.479200005531311,0.211799994111061,0.223199993371964,0.285400003194809,0.20160000026226,0.580399990081787,15.4967651367188,8.91290283203125,48.8446044921875,0.842253684997559,8.25543308258057,715.739990234375,41.2299995422363,-0.270000010728836,25.6000003814697,48.5699996948242,12705,8190,-56,63,3,8.47000026702881,18.9799995422363,4981.81982421875,127.110000610352,121.610000610352,-130,11,0.837400019168854,0.123499996960163,0,0,0.0171000007539988,0.0178999993950129,0,0,0,0,0.00410000002011657,1.10000002384186,12,25,2.70000004768372,4,6.40000009536743,31,41,49.0999984741211,16.7680568695068,12867.5,3835,21149.5,3.625,3.04999995231628,3.79999995231628,0.464999988675117,0.229999989271164,0.975000023841858,8.66262054443359,0,0,0,0,0,0,0,0,0,0,0,0,2.17322587966919,7.24285745620728,26.1235485076904,12.9549999237061,0,0,0,0,0,5.32709693908691,3.98699998855591,0.674838721752167,29760.07421875,35140.7734375,42014.16015625,49159.2265625,55297.05078125,58409.7734375,56705.6875,51144.9609375,44149.74609375,37018.2578125,30931.3828125,27977.8046875,NA,NA,NA,NA,NA,NA
8304,52.939,-114.288,957.046691894531,3.2,15.9,-9.2,25.1,548,383,24.1,41.5,145,256,111,122,7.48,1126,1303,5406,39,559,-41.4,33.9,558,13.1,155,117,57,-2.1,-2.9,1.7,9.6,17.1,19.7,22.3,21.8,17,9.2,1.3,-2.8,-13.4,-15.5,-10,-2.7,3,7.3,9.5,8.3,3.7,-2.5,-9.7,-13.6,-7.8,-9.2,-4.2,3.4,10.1,13.5,15.9,15.1,10.3,3.3,-4.2,-8.2,21,20,25,28,64,95,114,63,47,25,29,17,4.2,7.6,12.8,18.4,22.2,22.4,21.7,18.8,13.5,7.9,4.5,3.1,251,259,159,19,0,0,0,0,1,19,156,263,0,0,0,30,165,255,339,314,165,35,0,0,800,758,690,438,239,139,78,100,232,457,666,809,0,0,1,0,1,7,13,11,3,0,2,0,0,0,1,7,24,29,31,31,24,8,1,0,18,20,24,9,2,0,0,1,2,5,22,16,0,0,0,54,97,108,117,98,58,26,0,0,0,0,0,26,33,13,3,35,11,1,0,0,54,49,54,58,56,62,61,59,58,60,56,55,2.1,2,2.35,0.28,-1.03,1.27,1.73,-3.3,-2.52,0.12,2.77,1.7,0.25,0.292800009250641,0.536800026893616,0.510399997234344,0.275200009346008,0.211199998855591,0.284000009298325,0.211199998855591,0.536800026893616,2.18682098388672,1.05382537841797,5.9517822265625,0.820089042186737,11.5517387390137,744.75,39.8899993896484,-0.310000002384186,28.2999992370605,42.2000007629395,14038.5,8940,-49,74,3,5.80000019073486,17.2199993133545,5392.91015625,132.649993896484,132.649993896484,-124.5,3,0.947700023651123,0.0454000011086464,0.00689999992027879,0,0,0,0,0,0,0,0,1.10000002384186,12,20,2.70000004768372,4.5,5.80000019073486,30,48,48.0999984741211,14.546537399292,12481,3321,21141.5,3.27499997615814,2.95000004768372,3.54999995231628,0.512499988079071,0.215000003576279,1.125,6.60988903045654,0,0,0,0,0,0,0,0,0,0,0,0,0.700967729091644,14.0153570175171,25.9180660247803,14.2083330154419,0,0,0,0,0,2.96612906455994,2.1966667175293,0.605483889579773,28651.552734375,34514.88671875,41924.84765625,49615.44140625,56277.109375,59698.36328125,57820.671875,51761.86328125,44221.2265625,36544.1875,29935.5,26687.900390625,NA,NA,NA,NA,NA,NA
8305,52.939,-114.288,957.046691894531,3.2,15.9,-9.2,25.1,548,383,24.1,41.5,145,256,111,122,7.48,1126,1303,5406,39,559,-41.4,33.9,558,13.1,155,117,57,-2.1,-2.9,1.7,9.6,17.1,19.7,22.3,21.8,17,9.2,1.3,-2.8,-13.4,-15.5,-10,-2.7,3,7.3,9.5,8.3,3.7,-2.5,-9.7,-13.6,-7.8,-9.2,-4.2,3.4,10.1,13.5,15.9,15.1,10.3,3.3,-4.2,-8.2,21,20,25,28,64,95,114,63,47,25,29,17,4.2,7.6,12.8,18.4,22.2,22.4,21.7,18.8,13.5,7.9,4.5,3.1,251,259,159,19,0,0,0,0,1,19,156,263,0,0,0,30,165,255,339,314,165,35,0,0,800,758,690,438,239,139,78,100,232,457,666,809,0,0,1,0,1,7,13,11,3,0,2,0,0,0,1,7,24,29,31,31,24,8,1,0,18,20,24,9,2,0,0,1,2,5,22,16,0,0,0,54,97,108,117,98,58,26,0,0,0,0,0,26,33,13,3,35,11,1,0,0,54,49,54,58,56,62,61,59,58,60,56,55,2.1,2,2.35,0.28,-1.03,1.27,1.73,-3.3,-2.52,0.12,2.77,1.7,0.25,0.292800009250641,0.536800026893616,0.510399997234344,0.275200009346008,0.211199998855591,0.284000009298325,0.211199998855591,0.536800026893616,2.18682098388672,1.05382537841797,5.9517822265625,0.820089042186737,11.5517387390137,744.75,39.8899993896484,-0.310000002384186,28.2999992370605,42.2000007629395,14038.5,8940,-49,74,3,5.80000019073486,17.2199993133545,5392.91015625,132.649993896484,132.649993896484,-124.5,3,0.947700023651123,0.0454000011086464,0.00689999992027879,0,0,0,0,0,0,0,0,1.10000002384186,12,20,2.70000004768372,4.5,5.80000019073486,30,48,48.0999984741211,14.546537399292,12481,3321,21141.5,3.27499997615814,2.95000004768372,3.54999995231628,0.512499988079071,0.215000003576279,1.125,6.60988903045654,0,0,0,0,0,0,0,0,0,0,0,0,0.700967729091644,14.0153570175171,25.9180660247803,14.2083330154419,0,0,0,0,0,2.96612906455994,2.1966667175293,0.605483889579773,28651.552734375,34514.88671875,41924.84765625,49615.44140625,56277.109375,59698.36328125,57820.671875,51761.86328125,44221.2265625,36544.1875,29935.5,26687.900390625,NA,NA,NA,NA,NA,NA
8306,53.533,-113.536,623.926940917969,3.2,17.4,-11.1,28.5,468,319,28.2,54.5,134,259,125,211,-2.77,1335,1523,5448,71,733,-42.5,35.3,579,12.7,163,105,59,-5.1,-5.6,-0.1,9.8,18.8,21.4,23.7,23.1,18.2,9.9,-0.8,-5.3,-15.4,-16.7,-10.8,-2.1,4.4,8.8,11,9.5,4.5,-1.6,-9.7,-14.6,-10.2,-11.1,-5.4,3.9,11.6,15.1,17.4,16.3,11.3,4.2,-5.2,-9.9,21,19,20,29,47,85,102,51,34,20,24,16,3.8,7.1,12.2,18.1,21.8,22.3,21.5,18.6,13.4,7.4,3.9,2.7,319,313,191,16,0,0,0,0,0,13,180,303,0,0,0,38,208,302,385,351,194,45,0,0,874,811,727,423,205,102,46,73,201,429,696,861,0,0,0,0,5,14,28,19,5,0,0,0,0,0,0,8,27,30,31,31,25,10,1,0,20,19,20,7,0,0,0,0,1,2,19,15,0,0,0,54,103,114,121,101,60,26,0,0,0,0,0,25,56,29,19,50,26,6,0,0,56,53,57,59,56,62,62,59,57,61,63,60,2.1,1.9,2,0.36,-3.28,-0.31,0.14,-4.89,-4.16,-0.61,2.4,1.6,0.235200002789497,0.356000006198883,0.386799991130829,0.350800007581711,0.176899999380112,0.13740000128746,0.293000005185604,0.13740000128746,0.386799991130829,10.3666458129883,-6.13788604736328,37.1921997070312,0.825361669063568,9.37567901611328,698.710021972656,43.1199989318848,-0.340000003576279,30.7999992370605,40,16380,13293,-90,107,5,4.82000017166138,32.2999992370605,5195.009765625,125.919998168945,125.919998168945,-64,45,0.552299976348877,0.183100000023842,0,0,0.256900012493134,0.00769999995827675,0,0,0,0,0,1.20000004768372,11,18,4.59999990463257,4.19999980926514,6.59999990463257,42,32,62.0999984741211,17.8758563995361,12421.5,3245,21206,3.19999992847443,2.95000004768372,3.44999980926514,0.577500015497208,0.229999989271164,1.26999998092651,59.4034271240234,0,0,0,0,0,0,0,0,0,0,0,0,0.387096792459488,6.92071437835693,11.9219360351562,2.22166657447815,0,0,0,0,0,0.506451606750488,0,0.0458064526319504,28275.791015625,34304.90234375,41895.0234375,49768.15625,56608.26171875,60137.3671875,58198.6875,51968.828125,44245.09375,36385.44921875,29598.892578125,26248.431640625,NA,NA,NA,NA,NA,NA
8307,53.533,-113.536,623.926940917969,3.2,17.4,-11.1,28.5,468,319,28.2,54.5,134,259,125,211,-2.77,1335,1523,5448,71,733,-42.5,35.3,579,12.7,163,105,59,-5.1,-5.6,-0.1,9.8,18.8,21.4,23.7,23.1,18.2,9.9,-0.8,-5.3,-15.4,-16.7,-10.8,-2.1,4.4,8.8,11,9.5,4.5,-1.6,-9.7,-14.6,-10.2,-11.1,-5.4,3.9,11.6,15.1,17.4,16.3,11.3,4.2,-5.2,-9.9,21,19,20,29,47,85,102,51,34,20,24,16,3.8,7.1,12.2,18.1,21.8,22.3,21.5,18.6,13.4,7.4,3.9,2.7,319,313,191,16,0,0,0,0,0,13,180,303,0,0,0,38,208,302,385,351,194,45,0,0,874,811,727,423,205,102,46,73,201,429,696,861,0,0,0,0,5,14,28,19,5,0,0,0,0,0,0,8,27,30,31,31,25,10,1,0,20,19,20,7,0,0,0,0,1,2,19,15,0,0,0,54,103,114,121,101,60,26,0,0,0,0,0,25,56,29,19,50,26,6,0,0,56,53,57,59,56,62,62,59,57,61,63,60,2.1,1.9,2,0.36,-3.28,-0.31,0.14,-4.89,-4.16,-0.61,2.4,1.6,0.235200002789497,0.356000006198883,0.386799991130829,0.350800007581711,0.176899999380112,0.13740000128746,0.293000005185604,0.13740000128746,0.386799991130829,10.3666458129883,-6.13788604736328,37.1921997070312,0.825361669063568,9.37567901611328,698.710021972656,43.1199989318848,-0.340000003576279,30.7999992370605,40,16380,13293,-90,107,5,4.82000017166138,32.2999992370605,5195.009765625,125.919998168945,125.919998168945,-64,45,0.552299976348877,0.183100000023842,0,0,0.256900012493134,0.00769999995827675,0,0,0,0,0,1.20000004768372,11,18,4.59999990463257,4.19999980926514,6.59999990463257,42,32,62.0999984741211,17.8758563995361,12421.5,3245,21206,3.19999992847443,2.95000004768372,3.44999980926514,0.577500015497208,0.229999989271164,1.26999998092651,59.4034271240234,0,0,0,0,0,0,0,0,0,0,0,0,0.387096792459488,6.92071437835693,11.9219360351562,2.22166657447815,0,0,0,0,0,0.506451606750488,0,0.0458064526319504,28275.791015625,34304.90234375,41895.0234375,49768.15625,56608.26171875,60137.3671875,58198.6875,51968.828125,44245.09375,36385.44921875,29598.892578125,26248.431640625,NA,NA,NA,NA,NA,NA
8308,52.401,-116.081,1210.99536132812,2.7,14.3,-7.9,22.2,498,343,25.5,41.7,160,250,90,145,4.59,1050,1057,5559,23,387,-41.2,33,549,13.7,141,110,55,-1.3,-1,3,8.3,15.2,18.1,21.5,21,15.9,9.7,1.5,-2.7,-13,-14.8,-9.3,-4,1,4.8,7.2,6.8,2.5,-2.8,-9.1,-13.2,-7.2,-7.9,-3.2,2.2,8.1,11.5,14.3,13.9,9.2,3.4,-3.8,-7.9,16,15,25,33,58,100,82,54,49,31,20,15,4.5,8.1,13.2,18.7,23.2,22.9,22.8,19.8,14.3,9,4.9,3.5,236,232,132,28,1,0,0,0,1,18,146,255,0,0,0,17,109,196,288,277,134,36,0,0,781,721,659,474,307,196,119,129,265,454,654,799,0,1,2,0,0,3,6,6,2,0,2,1,0,0,1,4,17,27,31,30,21,7,1,0,13,14,23,16,4,1,1,1,3,5,14,14,0,0,0,51,91,105,119,98,57,28,0,0,0,0,0,18,33,5,37,44,8,0,0,0,53,45,53,57,55,59,57,57,58,57,58,56,1.6,1.5,2.13,1.29,-0.16,2.08,-1.71,-4.21,-1.7,0.48,1.79,1.5,0.391000002622604,0.297199994325638,0.467999994754791,0.485599994659424,0.485599994659424,0.59960001707077,0.476799994707108,0.297199994325638,0.59960001707077,23.1327972412109,-6.15910339355469,72.7144775390625,0.779303729534149,12.9687194824219,724.700012207031,33.0099983215332,-0.230000004172325,26.4500007629395,50.4099998474121,12148.5,7897.5,-74,51,3,7.65000009536743,15.5600004196167,5172.89013671875,129.669998168945,129.669998168945,-144.25,10,0.944199979305267,0.0478999987244606,0,0,0.00350000010803342,0.00300000002607703,0,0,0,0,0.00139999995008111,1.10000002384186,20,18,2.70000004768372,3.70000004768372,6.30000019073486,34,45,39.9000015258789,22.4734210968018,12486.5,3440,20672,2.42500007152557,2.25,2.59999990463257,0.439999997615814,0.204999998211861,0.894999980926514,0,0,0,0,0,0,0,58268.83203125,0,0,0,0,0,2.81387090682983,17.5996417999268,30.7306461334229,27.3523330688477,0.133870959281921,0,0,0,0,3.38032269477844,3.42199993133545,0.0790322571992874,28948.73046875,34681.75390625,41948.59765625,49493.953125,56014.8203125,59351.9921875,57521.734375,51597.39453125,44202.21875,36670.4453125,30202.07421875,27034.634765625,NA,NA,NA,NA,NA,NA
8309,53.529,-113.52,635.697021484375,3.1,17.3,-11.2,28.5,468,319,28,54.2,134,259,125,210,-2.61,1341,1519,5459,69,730,-42.7,35.3,578,12.7,163,105,59,-5,-5.5,-0.1,9.8,18.7,21.3,23.7,23.1,18.1,9.8,-0.7,-5.3,-15.4,-16.8,-10.8,-2.1,4.4,8.8,10.9,9.5,4.5,-1.6,-9.8,-14.7,-10.2,-11.2,-5.4,3.9,11.6,15.1,17.3,16.3,11.3,4.1,-5.2,-10,21,19,20,29,47,85,102,51,34,20,24,16,3.8,7.2,12.2,18.1,21.8,22.3,21.5,18.5,13.4,7.4,3.9,2.7,319,316,191,16,0,0,0,0,0,14,180,305,0,0,0,38,208,302,382,351,194,44,0,0,874,814,727,423,205,102,48,73,201,432,696,864,0,0,0,0,5,14,27,19,5,0,0,0,0,0,0,8,27,30,31,31,25,10,1,0,20,19,20,7,0,0,0,0,1,2,19,15,0,0,0,54,103,113,121,101,60,26,0,0,0,0,0,25,56,28,19,50,26,6,0,0,56,52,57,59,56,62,62,59,58,61,62,60,2.1,1.9,2,0.35,-3.22,-0.24,0.09,-4.91,-4.11,-0.58,2.4,1.6,0.176100000739098,0.352200001478195,0.352200001478195,0.18690000474453,0.0785000026226044,0.0766000002622604,0.181500002741814,0.0766000002622604,0.352200001478195,24.0977096557617,-9.00392913818359,65.9577026367188,0.85061639547348,8.09643268585205,709.840026855469,45.1599998474121,-0.360000014305115,31,38.9900016784668,16810.5,13617,-89,110,5,4.92999982833862,32.8899993896484,5269.02001953125,127.73999786377,127.73999786377,-53,48,0.409500002861023,0.0604999996721745,0,0,0.310900002717972,0.00150000001303852,0,0.217600002884865,0,0,0,1.20000004768372,12,16,5,4.30000019073486,6.59999990463257,42,31,66.6999969482422,20.1339111328125,12406.25,3245.5,21228,3.17500007152557,2.95000004768372,3.44999980926514,0.577500015497208,0.229999989271164,1.27499997615814,59.4034271240234,0,0,0,0,0,0,0,0,0,0,0,0,0.383870959281921,6.90678548812866,12.0119352340698,2.34133338928223,0,0,0,0,0,0.520645201206207,0,0.0474193543195724,28275.791015625,34304.90234375,41895.0234375,49768.15625,56608.26171875,60137.3671875,58198.6875,51968.828125,44245.09375,36385.44921875,29598.892578125,26248.431640625,NA,NA,NA,NA,NA,NA
8310,52.483,-115.738,1430.43103027344,2.8,14.7,-7.8,22.5,628,431,20.4,34.1,153,253,100,61,17.72,1075,1095,5542,26,412,-41,33.6,533,13.5,149,149,58,-2,-0.7,2.7,6.7,14.4,17.3,21.5,21.4,15.7,11.4,0.1,-2.7,-13.6,-13.8,-9.4,-4,1.5,5.3,7.9,7.4,3.1,-1.2,-9.6,-12.9,-7.8,-7.2,-3.4,1.4,8,11.3,14.7,14.4,9.4,5.1,-4.8,-7.8,22,21,34,41,80,123,101,66,61,33,27,19,4.4,7.9,13.1,17.9,22.7,22.5,22.4,19.6,13.8,9.1,4.7,3.5,251,215,138,37,1,0,0,0,1,9,170,253,0,0,0,12,106,190,298,291,140,57,0,0,800,702,665,498,310,202,109,116,259,401,684,796,0,1,2,0,0,2,7,8,2,0,2,1,0,0,1,4,19,28,31,30,23,11,1,0,19,20,31,25,6,2,1,1,4,2,21,17,0,0,0,46,87,99,117,99,55,30,0,0,0,0,0,5,7,0,16,33,0,0,0,0,53,48,54,62,59,62,59,58,60,58,60,58,2.2,2.1,3.07,2.53,2.45,4.86,0.14,-3.41,-0.52,-0.27,2.66,1.9,0.288800001144409,0.268400013446808,0.498800009489059,0.400400012731552,0.798799991607666,0.236399993300438,0.344600006937981,0.236399993300438,0.798799991607666,6.81573486328125,3.52505493164062,20.743408203125,0.836993038654327,9.49697589874268,678.469970703125,26.0100002288818,-0.140000000596046,26.6499996185303,51.7700004577637,10458,6997.5,-80,42,2,6.40999984741211,16.1000003814697,4897.2900390625,122.470001220703,122.470001220703,-183.25,3,0.92849999666214,0.0640999972820282,0,0,0.00039999998989515,9.99999974737875e-05,0,0,0,0,0.00689999992027879,1,17,18,1.60000002384186,3.09999990463257,5.59999990463257,29,51,29.7000007629395,22.1200504302979,12434.75,3397.5,20572,2.79999995231628,2.45000004768372,2.95000004768372,0.402499988675117,0.185000002384186,0.850000023841858,0,0,9719.3330078125,0,0,0,0,0,0,19467,0,19427.833984375,485814.34375,7.61290311813354,37.521427154541,68.6738739013672,71.3573303222656,12.173225402832,0,0,0,0,4.2470965385437,9.42933368682861,5.52193546295166,28883.458984375,34645.04296875,41943.3671875,49520.69140625,56072.45703125,59428.0078125,57587.390625,51633.57421875,44206.40234375,36642.66015625,30143.498046875,26958.5390625,NA,NA,NA,NA,NA,NA
8311,52.483,-115.738,1430.43103027344,2.8,14.7,-7.8,22.5,628,431,20.4,34.1,153,253,100,61,17.72,1075,1095,5542,26,412,-41,33.6,533,13.5,149,149,58,-2,-0.7,2.7,6.7,14.4,17.3,21.5,21.4,15.7,11.4,0.1,-2.7,-13.6,-13.8,-9.4,-4,1.5,5.3,7.9,7.4,3.1,-1.2,-9.6,-12.9,-7.8,-7.2,-3.4,1.4,8,11.3,14.7,14.4,9.4,5.1,-4.8,-7.8,22,21,34,41,80,123,101,66,61,33,27,19,4.4,7.9,13.1,17.9,22.7,22.5,22.4,19.6,13.8,9.1,4.7,3.5,251,215,138,37,1,0,0,0,1,9,170,253,0,0,0,12,106,190,298,291,140,57,0,0,800,702,665,498,310,202,109,116,259,401,684,796,0,1,2,0,0,2,7,8,2,0,2,1,0,0,1,4,19,28,31,30,23,11,1,0,19,20,31,25,6,2,1,1,4,2,21,17,0,0,0,46,87,99,117,99,55,30,0,0,0,0,0,5,7,0,16,33,0,0,0,0,53,48,54,62,59,62,59,58,60,58,60,58,2.2,2.1,3.07,2.53,2.45,4.86,0.14,-3.41,-0.52,-0.27,2.66,1.9,0.288800001144409,0.268400013446808,0.498800009489059,0.400400012731552,0.798799991607666,0.236399993300438,0.344600006937981,0.236399993300438,0.798799991607666,6.81573486328125,3.52505493164062,20.743408203125,0.836993038654327,9.49697589874268,678.469970703125,26.0100002288818,-0.140000000596046,26.6499996185303,51.7700004577637,10458,6997.5,-80,42,2,6.40999984741211,16.1000003814697,4897.2900390625,122.470001220703,122.470001220703,-183.25,3,0.92849999666214,0.0640999972820282,0,0,0.00039999998989515,9.99999974737875e-05,0,0,0,0,0.00689999992027879,1,17,18,1.60000002384186,3.09999990463257,5.59999990463257,29,51,29.7000007629395,22.1200504302979,12434.75,3397.5,20572,2.79999995231628,2.45000004768372,2.95000004768372,0.402499988675117,0.185000002384186,0.850000023841858,0,0,9719.3330078125,0,0,0,0,0,0,19467,0,19427.833984375,485814.34375,7.61290311813354,37.521427154541,68.6738739013672,71.3573303222656,12.173225402832,0,0,0,0,4.2470965385437,9.42933368682861,5.52193546295166,28883.458984375,34645.04296875,41943.3671875,49520.69140625,56072.45703125,59428.0078125,57587.390625,51633.57421875,44206.40234375,36642.66015625,30143.498046875,26958.5390625,NA,NA,NA,NA,NA,NA
8312,52.483,-115.738,1430.43103027344,2.8,14.7,-7.8,22.5,628,431,20.4,34.1,153,253,100,61,17.72,1075,1095,5542,26,412,-41,33.6,533,13.5,149,149,58,-2,-0.7,2.7,6.7,14.4,17.3,21.5,21.4,15.7,11.4,0.1,-2.7,-13.6,-13.8,-9.4,-4,1.5,5.3,7.9,7.4,3.1,-1.2,-9.6,-12.9,-7.8,-7.2,-3.4,1.4,8,11.3,14.7,14.4,9.4,5.1,-4.8,-7.8,22,21,34,41,80,123,101,66,61,33,27,19,4.4,7.9,13.1,17.9,22.7,22.5,22.4,19.6,13.8,9.1,4.7,3.5,251,215,138,37,1,0,0,0,1,9,170,253,0,0,0,12,106,190,298,291,140,57,0,0,800,702,665,498,310,202,109,116,259,401,684,796,0,1,2,0,0,2,7,8,2,0,2,1,0,0,1,4,19,28,31,30,23,11,1,0,19,20,31,25,6,2,1,1,4,2,21,17,0,0,0,46,87,99,117,99,55,30,0,0,0,0,0,5,7,0,16,33,0,0,0,0,53,48,54,62,59,62,59,58,60,58,60,58,2.2,2.1,3.07,2.53,2.45,4.86,0.14,-3.41,-0.52,-0.27,2.66,1.9,0.288800001144409,0.268400013446808,0.498800009489059,0.400400012731552,0.798799991607666,0.236399993300438,0.344600006937981,0.236399993300438,0.798799991607666,6.81573486328125,3.52505493164062,20.743408203125,0.836993038654327,9.49697589874268,678.469970703125,26.0100002288818,-0.140000000596046,26.6499996185303,51.7700004577637,10458,6997.5,-80,42,2,6.40999984741211,16.1000003814697,4897.2900390625,122.470001220703,122.470001220703,-183.25,3,0.92849999666214,0.0640999972820282,0,0,0.00039999998989515,9.99999974737875e-05,0,0,0,0,0.00689999992027879,1,17,18,1.60000002384186,3.09999990463257,5.59999990463257,29,51,29.7000007629395,22.1200504302979,12434.75,3397.5,20572,2.79999995231628,2.45000004768372,2.95000004768372,0.402499988675117,0.185000002384186,0.850000023841858,0,0,9719.3330078125,0,0,0,0,0,0,19467,0,19427.833984375,485814.34375,7.61290311813354,37.521427154541,68.6738739013672,71.3573303222656,12.173225402832,0,0,0,0,4.2470965385437,9.42933368682861,5.52193546295166,28883.458984375,34645.04296875,41943.3671875,49520.69140625,56072.45703125,59428.0078125,57587.390625,51633.57421875,44206.40234375,36642.66015625,30143.498046875,26958.5390625,NA,NA,NA,NA,NA,NA
8313,52.483,-115.738,1430.43103027344,2.8,14.7,-7.8,22.5,628,431,20.4,34.1,153,253,100,61,17.72,1075,1095,5542,26,412,-41,33.6,533,13.5,149,149,58,-2,-0.7,2.7,6.7,14.4,17.3,21.5,21.4,15.7,11.4,0.1,-2.7,-13.6,-13.8,-9.4,-4,1.5,5.3,7.9,7.4,3.1,-1.2,-9.6,-12.9,-7.8,-7.2,-3.4,1.4,8,11.3,14.7,14.4,9.4,5.1,-4.8,-7.8,22,21,34,41,80,123,101,66,61,33,27,19,4.4,7.9,13.1,17.9,22.7,22.5,22.4,19.6,13.8,9.1,4.7,3.5,251,215,138,37,1,0,0,0,1,9,170,253,0,0,0,12,106,190,298,291,140,57,0,0,800,702,665,498,310,202,109,116,259,401,684,796,0,1,2,0,0,2,7,8,2,0,2,1,0,0,1,4,19,28,31,30,23,11,1,0,19,20,31,25,6,2,1,1,4,2,21,17,0,0,0,46,87,99,117,99,55,30,0,0,0,0,0,5,7,0,16,33,0,0,0,0,53,48,54,62,59,62,59,58,60,58,60,58,2.2,2.1,3.07,2.53,2.45,4.86,0.14,-3.41,-0.52,-0.27,2.66,1.9,0.288800001144409,0.268400013446808,0.498800009489059,0.400400012731552,0.798799991607666,0.236399993300438,0.344600006937981,0.236399993300438,0.798799991607666,6.81573486328125,3.52505493164062,20.743408203125,0.836993038654327,9.49697589874268,678.469970703125,26.0100002288818,-0.140000000596046,26.6499996185303,51.7700004577637,10458,6997.5,-80,42,2,6.40999984741211,16.1000003814697,4897.2900390625,122.470001220703,122.470001220703,-183.25,3,0.92849999666214,0.0640999972820282,0,0,0.00039999998989515,9.99999974737875e-05,0,0,0,0,0.00689999992027879,1,17,18,1.60000002384186,3.09999990463257,5.59999990463257,29,51,29.7000007629395,22.1200504302979,12434.75,3397.5,20572,2.79999995231628,2.45000004768372,2.95000004768372,0.402499988675117,0.185000002384186,0.850000023841858,0,0,9719.3330078125,0,0,0,0,0,0,19467,0,19427.833984375,485814.34375,7.61290311813354,37.521427154541,68.6738739013672,71.3573303222656,12.173225402832,0,0,0,0,4.2470965385437,9.42933368682861,5.52193546295166,28883.458984375,34645.04296875,41943.3671875,49520.69140625,56072.45703125,59428.0078125,57587.390625,51633.57421875,44206.40234375,36642.66015625,30143.498046875,26958.5390625,NA,NA,NA,NA,NA,NA
8314,52.483,-115.738,1430.43103027344,2.8,14.7,-7.8,22.5,628,431,20.4,34.1,153,253,100,61,17.72,1075,1095,5542,26,412,-41,33.6,533,13.5,149,149,58,-2,-0.7,2.7,6.7,14.4,17.3,21.5,21.4,15.7,11.4,0.1,-2.7,-13.6,-13.8,-9.4,-4,1.5,5.3,7.9,7.4,3.1,-1.2,-9.6,-12.9,-7.8,-7.2,-3.4,1.4,8,11.3,14.7,14.4,9.4,5.1,-4.8,-7.8,22,21,34,41,80,123,101,66,61,33,27,19,4.4,7.9,13.1,17.9,22.7,22.5,22.4,19.6,13.8,9.1,4.7,3.5,251,215,138,37,1,0,0,0,1,9,170,253,0,0,0,12,106,190,298,291,140,57,0,0,800,702,665,498,310,202,109,116,259,401,684,796,0,1,2,0,0,2,7,8,2,0,2,1,0,0,1,4,19,28,31,30,23,11,1,0,19,20,31,25,6,2,1,1,4,2,21,17,0,0,0,46,87,99,117,99,55,30,0,0,0,0,0,5,7,0,16,33,0,0,0,0,53,48,54,62,59,62,59,58,60,58,60,58,2.2,2.1,3.07,2.53,2.45,4.86,0.14,-3.41,-0.52,-0.27,2.66,1.9,0.288800001144409,0.268400013446808,0.498800009489059,0.400400012731552,0.798799991607666,0.236399993300438,0.344600006937981,0.236399993300438,0.798799991607666,6.81573486328125,3.52505493164062,20.743408203125,0.836993038654327,9.49697589874268,678.469970703125,26.0100002288818,-0.140000000596046,26.6499996185303,51.7700004577637,10458,6997.5,-80,42,2,6.40999984741211,16.1000003814697,4897.2900390625,122.470001220703,122.470001220703,-183.25,3,0.92849999666214,0.0640999972820282,0,0,0.00039999998989515,9.99999974737875e-05,0,0,0,0,0.00689999992027879,1,17,18,1.60000002384186,3.09999990463257,5.59999990463257,29,51,29.7000007629395,22.1200504302979,12434.75,3397.5,20572,2.79999995231628,2.45000004768372,2.95000004768372,0.402499988675117,0.185000002384186,0.850000023841858,0,0,9719.3330078125,0,0,0,0,0,0,19467,0,19427.833984375,485814.34375,7.61290311813354,37.521427154541,68.6738739013672,71.3573303222656,12.173225402832,0,0,0,0,4.2470965385437,9.42933368682861,5.52193546295166,28883.458984375,34645.04296875,41943.3671875,49520.69140625,56072.45703125,59428.0078125,57587.390625,51633.57421875,44206.40234375,36642.66015625,30143.498046875,26958.5390625,NA,NA,NA,NA,NA,NA
8315,52.269,-115.915,1405.7490234375,1.7,13.3,-9.2,22.5,584,382,20,34.8,159,249,90,76,19.59,1202,901,5931,16,291,-42.7,31.7,505,13.5,136,168,58,-2.3,-2.5,1.6,6,13.3,16.3,19.9,19.5,14.4,9,-1.1,-4.2,-13.7,-15.1,-9.7,-4.7,0.7,4.5,6.8,6.3,2.2,-3.3,-9.6,-14.2,-8,-8.8,-4,0.6,7,10.4,13.3,12.9,8.3,2.9,-5.3,-9.2,24,22,31,36,71,108,88,58,57,39,29,21,4.5,7.9,12.9,18.2,23,22.5,22.3,19.4,13.9,9,4.9,3.4,255,251,153,48,2,0,0,0,1,22,182,287,0,0,0,8,82,164,259,246,110,31,0,0,806,746,684,522,341,229,144,160,292,470,699,840,0,1,1,0,0,1,3,4,2,0,2,1,0,0,1,3,16,27,30,30,21,6,1,0,21,21,29,26,9,2,1,1,5,9,24,20,0,0,0,44,83,96,110,92,53,27,0,0,0,0,0,8,12,0,22,34,0,0,0,0,53,49,56,61,59,62,60,59,61,57,65,58,2.4,2.2,2.93,2.27,2.34,3.85,-0.13,-2.95,0.13,1.54,2.9,2.1,0.181400001049042,0.222000002861023,0.423599988222122,0.323599994182587,0.268799990415573,0.151800006628036,0.245399996638298,0.151800006628036,0.423599988222122,9.640380859375,-3.38784790039062,28.617919921875,0.806477427482605,8.8240327835083,690.080017089844,28.8299999237061,-0.170000001788139,26.6000003814697,51.3400001525879,10762.5,7192.5,-82,43,3,7.01999998092651,14.3299999237061,4969.9501953125,124.650001525879,124.650001525879,-173,0,0.765600025653839,0.132200002670288,0,0,0.000899999984540045,0.0970000028610229,0,0,0,0,0.00430000014603138,1.10000002384186,18,16,2.29999995231628,3.29999995231628,6.19999980926514,35,47,42.0999984741211,9.23537731170654,12464.25,3480.5,20543.5,2.67499995231628,2.34999990463257,2.79999995231628,0.412499994039536,0.189999997615814,0.850000023841858,0,0,0,0,0,0,0,0,0,0,0,0,0,3.85612893104553,27.5732135772705,52.932258605957,55.2116661071777,5.76580667495728,0,0,0,0,3.81677412986755,5.6486668586731,0.393548399209976,29013.572265625,34718.25390625,41953.80078125,49467.3671875,55957.54296875,59276.5078125,57456.51171875,51561.4140625,44198.05859375,36698.078125,30260.279296875,27110.1953125,NA,NA,NA,NA,NA,NA
8316,53.529,-113.52,635.697021484375,3.1,17.3,-11.2,28.5,468,319,28,54.2,134,259,125,210,-2.61,1341,1519,5459,69,730,-42.7,35.3,578,12.7,163,105,59,-5,-5.5,-0.1,9.8,18.7,21.3,23.7,23.1,18.1,9.8,-0.7,-5.3,-15.4,-16.8,-10.8,-2.1,4.4,8.8,10.9,9.5,4.5,-1.6,-9.8,-14.7,-10.2,-11.2,-5.4,3.9,11.6,15.1,17.3,16.3,11.3,4.1,-5.2,-10,21,19,20,29,47,85,102,51,34,20,24,16,3.8,7.2,12.2,18.1,21.8,22.3,21.5,18.5,13.4,7.4,3.9,2.7,319,316,191,16,0,0,0,0,0,14,180,305,0,0,0,38,208,302,382,351,194,44,0,0,874,814,727,423,205,102,48,73,201,432,696,864,0,0,0,0,5,14,27,19,5,0,0,0,0,0,0,8,27,30,31,31,25,10,1,0,20,19,20,7,0,0,0,0,1,2,19,15,0,0,0,54,103,113,121,101,60,26,0,0,0,0,0,25,56,28,19,50,26,6,0,0,56,52,57,59,56,62,62,59,58,61,62,60,2.1,1.9,2,0.35,-3.22,-0.24,0.09,-4.91,-4.11,-0.58,2.4,1.6,0.176100000739098,0.352200001478195,0.352200001478195,0.18690000474453,0.0785000026226044,0.0766000002622604,0.181500002741814,0.0766000002622604,0.352200001478195,24.0977096557617,-9.00392913818359,65.9577026367188,0.85061639547348,8.09643268585205,709.840026855469,45.1599998474121,-0.360000014305115,31,38.9900016784668,16810.5,13617,-89,110,5,4.92999982833862,32.8899993896484,5269.02001953125,127.73999786377,127.73999786377,-53,48,0.409500002861023,0.0604999996721745,0,0,0.310900002717972,0.00150000001303852,0,0.217600002884865,0,0,0,1.20000004768372,12,16,5,4.30000019073486,6.59999990463257,42,31,66.6999969482422,20.1339111328125,12406.25,3245.5,21228,3.17500007152557,2.95000004768372,3.44999980926514,0.577500015497208,0.229999989271164,1.27499997615814,59.4034271240234,0,0,0,0,0,0,0,0,0,0,0,0,0.383870959281921,6.90678548812866,12.0119352340698,2.34133338928223,0,0,0,0,0,0.520645201206207,0,0.0474193543195724,28275.791015625,34304.90234375,41895.0234375,49768.15625,56608.26171875,60137.3671875,58198.6875,51968.828125,44245.09375,36385.44921875,29598.892578125,26248.431640625,NA,NA,NA,NA,NA,NA
8317,53.071,-114.079,855.8798828125,3.2,16.4,-9.8,26.2,520,356,25.4,46.1,142,257,115,161,3.84,1171,1375,5402,48,615,-41.6,34.4,568,13,158,117,58,-2.8,-3.7,1.1,9.7,17.7,20.3,22.8,22.3,17.3,9.3,0.7,-3.4,-13.7,-15.8,-10.2,-2.5,3.4,7.8,9.9,8.7,3.9,-2.2,-9.7,-13.8,-8.2,-9.8,-4.6,3.6,10.5,14.1,16.4,15.5,10.6,3.6,-4.5,-8.6,22,20,25,28,57,91,107,59,42,23,29,17,4.1,7.5,12.6,18.3,22.1,22.4,21.6,18.8,13.5,7.7,4.2,3,260,271,169,18,0,0,0,0,1,17,163,273,0,0,0,33,177,273,354,327,174,38,0,0,812,774,703,432,231,126,66,91,223,448,675,821,0,0,1,0,2,9,17,13,4,0,2,0,0,0,1,7,25,29,31,31,24,9,1,0,20,20,24,8,1,0,0,0,2,4,22,16,0,0,0,54,99,111,119,100,59,26,0,0,0,0,0,26,42,20,12,41,17,3,0,0,55,50,55,58,56,62,61,59,58,61,58,57,2.2,2,2.43,0.26,-1.95,0.64,0.83,-3.89,-3.09,-0.11,2.82,1.7,NA,NA,NA,NA,NA,NA,NA,NA,NA,5.25833892822266,-0.213127136230469,15.0341796875,0.802113771438599,11.5524969100952,740.409973144531,41.5400009155273,-0.330000013113022,29.2000007629395,41.4300003051758,14868,9412.5,-62,84,3,5.57000017166138,35.0699996948242,5397.52001953125,132.190002441406,132.190002441406,-103,8,0.558799982070923,0.000300000014249235,0,0,0.0119000002741814,0.0111999996006489,0,0.417800009250641,0,0,0,NA,NA,11,NA,NA,NA,NA,NA,NA,16.0740356445312,12434.25,3310.5,21327.5,3.27499997615814,2.95000004768372,3.55000019073486,0.537499994039536,0.219999998807907,1.1800000667572,12.2970237731934,0,0,0,0,0,0,0,0,0,0,0,0,0.565806448459625,11.9614286422729,22.2435474395752,9.4593334197998,0,0,0,0,0,2.26709675788879,1.27866661548615,1.25096774101257,28550.474609375,34458.2890625,41916.80078125,49656.6171875,56366.2421875,59816.3359375,57922.3515625,51817.6484375,44227.66796875,36501.38671875,29844.90625,26569.8046875,NA,NA,NA,NA,NA,NA
8318,53.071,-114.08,855.8798828125,3.2,16.4,-9.8,26.2,520,356,25.4,46.1,142,257,115,161,3.84,1171,1375,5402,48,615,-41.6,34.4,568,13,158,117,58,-2.8,-3.7,1.1,9.7,17.7,20.3,22.8,22.3,17.3,9.3,0.7,-3.4,-13.7,-15.8,-10.2,-2.5,3.4,7.8,9.9,8.7,3.9,-2.2,-9.7,-13.8,-8.2,-9.8,-4.6,3.6,10.5,14.1,16.4,15.5,10.6,3.6,-4.5,-8.6,22,20,25,28,57,91,107,59,42,23,29,17,4.1,7.5,12.6,18.3,22.1,22.4,21.6,18.8,13.5,7.7,4.2,3,260,271,169,18,0,0,0,0,1,17,163,273,0,0,0,33,177,273,354,327,174,38,0,0,812,774,703,432,231,126,66,91,223,448,675,821,0,0,1,0,2,9,17,13,4,0,2,0,0,0,1,7,25,29,31,31,24,9,1,0,20,20,24,8,1,0,0,0,2,4,22,16,0,0,0,54,99,111,119,100,59,26,0,0,0,0,0,26,42,20,12,41,17,3,0,0,55,50,55,58,56,62,61,59,58,61,58,57,2.2,2,2.43,0.26,-1.95,0.64,0.83,-3.89,-3.09,-0.11,2.82,1.7,NA,NA,NA,NA,NA,NA,NA,NA,NA,5.25833892822266,-0.213127136230469,15.0341796875,0.802113771438599,11.8505716323853,740.409973144531,41.5400009155273,-0.330000013113022,29.2000007629395,41.4300003051758,14868,9412.5,-62,84,3,5.57000017166138,35.0699996948242,5397.52001953125,132.190002441406,132.190002441406,-103,8,0.558799982070923,0.000300000014249235,0,0,0.0119000002741814,0.0111999996006489,0,0.417800009250641,0,0,0,NA,NA,11,NA,NA,NA,NA,NA,NA,16.0740356445312,12434.25,3310.5,21327.5,3.27499997615814,2.95000004768372,3.55000019073486,0.537499994039536,0.219999998807907,1.1800000667572,12.1969089508057,0,0,0,0,0,0,0,0,0,0,0,0,0.565806448459625,11.9614286422729,22.2435474395752,9.4593334197998,0,0,0,0,0,2.26709675788879,1.27866661548615,1.25096774101257,28550.474609375,34458.2890625,41916.80078125,49656.6171875,56366.2421875,59816.3359375,57922.3515625,51817.6484375,44227.66796875,36501.38671875,29844.90625,26569.8046875,NA,NA,NA,NA,NA,NA
8319,53.052,-114.74,988.86181640625,3.4,15.9,-8.9,24.8,590,413,22.7,38.5,144,257,114,88,11.42,1079,1313,5327,39,562,-40.8,33.7,558,13.1,157,120,57,-1.9,-2.6,2.1,9.8,17,19.7,22.3,21.7,17,9.6,1.4,-2.7,-12.9,-15.2,-9.7,-2.5,3.1,7.3,9.6,8.5,3.9,-2.1,-9.2,-13.2,-7.4,-8.9,-3.8,3.7,10.1,13.5,15.9,15.1,10.4,3.8,-3.9,-7.9,21,21,26,31,67,106,118,67,55,29,30,19,4.1,7.6,12.8,18.4,22.1,22.4,21.6,18.7,13.5,8,4.4,3.1,241,253,148,17,0,0,0,0,1,16,149,255,0,0,0,32,165,255,339,314,168,40,0,0,787,749,678,429,239,139,78,100,229,442,657,799,0,0,1,0,1,7,13,11,3,0,2,0,0,0,1,7,24,29,31,31,24,9,1,0,18,21,24,9,2,0,0,1,2,4,22,17,0,0,0,54,97,108,117,97,58,27,0,0,0,0,0,23,30,2,0,30,3,0,0,0,55,49,54,58,57,62,61,60,59,60,58,56,2.1,2.1,2.38,0.48,-0.67,2.34,2.13,-2.79,-1.71,0.33,2.82,1.9,0.196400001645088,0.541599988937378,0.723599970340729,0.592000007629395,0.231199994683266,0.217999994754791,0.386399991810322,0.196400001645088,0.723599970340729,31.2305908203125,31.2305908203125,49.365478515625,0.802435100078583,7.60714721679688,742.700012207031,37.4599990844727,-0.28999999165535,28,44.1699981689453,13933.5,8850,-53,72,3,5.86999988555908,14.4200000762939,5377.68994140625,132.440002441406,132.440002441406,-128,9,0.748399972915649,0.250600010156631,0,0,0.000500000023748726,0.000199999994947575,0,0,0,0,0.000300000014249235,1.10000002384186,12,26,5.59999990463257,5,5.69999980926514,26,46,58.5,14.1229724884033,12366.75,3234.5,21111.5,3.14999985694885,2.80000019073486,3.40000009536743,0.512499988079071,0.224999994039536,1.0900000333786,7.40672874450684,0,0,0,0,0,0,0,0,0,0,0,0,0.829999983310699,18.7157135009766,33.8593559265137,20.9050006866455,0,0,0,0,0,3.47516131401062,3.18766665458679,0.847419321537018,28584.283203125,34477.2109375,41919.4921875,49642.8515625,56336.43359375,59776.8671875,57888.33984375,51799,44225.515625,36515.6953125,29875.203125,26609.3125,NA,NA,NA,NA,NA,NA
8320,52.939,-114.288,957.046691894531,3.2,15.9,-9.2,25.1,548,383,24.1,41.5,145,256,111,122,7.48,1126,1303,5406,39,559,-41.4,33.9,558,13.1,155,117,57,-2.1,-2.9,1.7,9.6,17.1,19.7,22.3,21.8,17,9.2,1.3,-2.8,-13.4,-15.5,-10,-2.7,3,7.3,9.5,8.3,3.7,-2.5,-9.7,-13.6,-7.8,-9.2,-4.2,3.4,10.1,13.5,15.9,15.1,10.3,3.3,-4.2,-8.2,21,20,25,28,64,95,114,63,47,25,29,17,4.2,7.6,12.8,18.4,22.2,22.4,21.7,18.8,13.5,7.9,4.5,3.1,251,259,159,19,0,0,0,0,1,19,156,263,0,0,0,30,165,255,339,314,165,35,0,0,800,758,690,438,239,139,78,100,232,457,666,809,0,0,1,0,1,7,13,11,3,0,2,0,0,0,1,7,24,29,31,31,24,8,1,0,18,20,24,9,2,0,0,1,2,5,22,16,0,0,0,54,97,108,117,98,58,26,0,0,0,0,0,26,33,13,3,35,11,1,0,0,54,49,54,58,56,62,61,59,58,60,56,55,2.1,2,2.35,0.28,-1.03,1.27,1.73,-3.3,-2.52,0.12,2.77,1.7,0.25,0.292800009250641,0.536800026893616,0.510399997234344,0.275200009346008,0.211199998855591,0.284000009298325,0.211199998855591,0.536800026893616,2.18682098388672,1.05382537841797,5.9517822265625,0.820089042186737,11.5517387390137,744.75,39.8899993896484,-0.310000002384186,28.2999992370605,42.2000007629395,14038.5,8940,-49,74,3,5.80000019073486,17.2199993133545,5392.91015625,132.649993896484,132.649993896484,-124.5,3,0.947700023651123,0.0454000011086464,0.00689999992027879,0,0,0,0,0,0,0,0,1.10000002384186,12,20,2.70000004768372,4.5,5.80000019073486,30,48,48.0999984741211,14.546537399292,12481,3321,21141.5,3.27499997615814,2.95000004768372,3.54999995231628,0.512499988079071,0.215000003576279,1.125,6.60988903045654,0,0,0,0,0,0,0,0,0,0,0,0,0.700967729091644,14.0153570175171,25.9180660247803,14.2083330154419,0,0,0,0,0,2.96612906455994,2.1966667175293,0.605483889579773,28651.552734375,34514.88671875,41924.84765625,49615.44140625,56277.109375,59698.36328125,57820.671875,51761.86328125,44221.2265625,36544.1875,29935.5,26687.900390625,NA,NA,NA,NA,NA,NA
8321,52.939,-114.288,957.046691894531,3.2,15.9,-9.2,25.1,548,383,24.1,41.5,145,256,111,122,7.48,1126,1303,5406,39,559,-41.4,33.9,558,13.1,155,117,57,-2.1,-2.9,1.7,9.6,17.1,19.7,22.3,21.8,17,9.2,1.3,-2.8,-13.4,-15.5,-10,-2.7,3,7.3,9.5,8.3,3.7,-2.5,-9.7,-13.6,-7.8,-9.2,-4.2,3.4,10.1,13.5,15.9,15.1,10.3,3.3,-4.2,-8.2,21,20,25,28,64,95,114,63,47,25,29,17,4.2,7.6,12.8,18.4,22.2,22.4,21.7,18.8,13.5,7.9,4.5,3.1,251,259,159,19,0,0,0,0,1,19,156,263,0,0,0,30,165,255,339,314,165,35,0,0,800,758,690,438,239,139,78,100,232,457,666,809,0,0,1,0,1,7,13,11,3,0,2,0,0,0,1,7,24,29,31,31,24,8,1,0,18,20,24,9,2,0,0,1,2,5,22,16,0,0,0,54,97,108,117,98,58,26,0,0,0,0,0,26,33,13,3,35,11,1,0,0,54,49,54,58,56,62,61,59,58,60,56,55,2.1,2,2.35,0.28,-1.03,1.27,1.73,-3.3,-2.52,0.12,2.77,1.7,0.25,0.292800009250641,0.536800026893616,0.510399997234344,0.275200009346008,0.211199998855591,0.284000009298325,0.211199998855591,0.536800026893616,2.18682098388672,1.05382537841797,5.9517822265625,0.820089042186737,11.5517387390137,744.75,39.8899993896484,-0.310000002384186,28.2999992370605,42.2000007629395,14038.5,8940,-49,74,3,5.80000019073486,17.2199993133545,5392.91015625,132.649993896484,132.649993896484,-124.5,3,0.947700023651123,0.0454000011086464,0.00689999992027879,0,0,0,0,0,0,0,0,1.10000002384186,12,20,2.70000004768372,4.5,5.80000019073486,30,48,48.0999984741211,14.546537399292,12481,3321,21141.5,3.27499997615814,2.95000004768372,3.54999995231628,0.512499988079071,0.215000003576279,1.125,6.60988903045654,0,0,0,0,0,0,0,0,0,0,0,0,0.700967729091644,14.0153570175171,25.9180660247803,14.2083330154419,0,0,0,0,0,2.96612906455994,2.1966667175293,0.605483889579773,28651.552734375,34514.88671875,41924.84765625,49615.44140625,56277.109375,59698.36328125,57820.671875,51761.86328125,44221.2265625,36544.1875,29935.5,26687.900390625,NA,NA,NA,NA,NA,NA
8322,52.939,-114.288,957.046691894531,3.2,15.9,-9.2,25.1,548,383,24.1,41.5,145,256,111,122,7.48,1126,1303,5406,39,559,-41.4,33.9,558,13.1,155,117,57,-2.1,-2.9,1.7,9.6,17.1,19.7,22.3,21.8,17,9.2,1.3,-2.8,-13.4,-15.5,-10,-2.7,3,7.3,9.5,8.3,3.7,-2.5,-9.7,-13.6,-7.8,-9.2,-4.2,3.4,10.1,13.5,15.9,15.1,10.3,3.3,-4.2,-8.2,21,20,25,28,64,95,114,63,47,25,29,17,4.2,7.6,12.8,18.4,22.2,22.4,21.7,18.8,13.5,7.9,4.5,3.1,251,259,159,19,0,0,0,0,1,19,156,263,0,0,0,30,165,255,339,314,165,35,0,0,800,758,690,438,239,139,78,100,232,457,666,809,0,0,1,0,1,7,13,11,3,0,2,0,0,0,1,7,24,29,31,31,24,8,1,0,18,20,24,9,2,0,0,1,2,5,22,16,0,0,0,54,97,108,117,98,58,26,0,0,0,0,0,26,33,13,3,35,11,1,0,0,54,49,54,58,56,62,61,59,58,60,56,55,2.1,2,2.35,0.28,-1.03,1.27,1.73,-3.3,-2.52,0.12,2.77,1.7,0.25,0.292800009250641,0.536800026893616,0.510399997234344,0.275200009346008,0.211199998855591,0.284000009298325,0.211199998855591,0.536800026893616,2.18682098388672,1.05382537841797,5.9517822265625,0.820089042186737,11.5517387390137,744.75,39.8899993896484,-0.310000002384186,28.2999992370605,42.2000007629395,14038.5,8940,-49,74,3,5.80000019073486,17.2199993133545,5392.91015625,132.649993896484,132.649993896484,-124.5,3,0.947700023651123,0.0454000011086464,0.00689999992027879,0,0,0,0,0,0,0,0,1.10000002384186,12,20,2.70000004768372,4.5,5.80000019073486,30,48,48.0999984741211,14.546537399292,12481,3321,21141.5,3.27499997615814,2.95000004768372,3.54999995231628,0.512499988079071,0.215000003576279,1.125,6.60988903045654,0,0,0,0,0,0,0,0,0,0,0,0,0.700967729091644,14.0153570175171,25.9180660247803,14.2083330154419,0,0,0,0,0,2.96612906455994,2.1966667175293,0.605483889579773,28651.552734375,34514.88671875,41924.84765625,49615.44140625,56277.109375,59698.36328125,57820.671875,51761.86328125,44221.2265625,36544.1875,29935.5,26687.900390625,NA,NA,NA,NA,NA,NA
8323,52.939,-114.288,957.046691894531,3.2,15.9,-9.2,25.1,548,383,24.1,41.5,145,256,111,122,7.48,1126,1303,5406,39,559,-41.4,33.9,558,13.1,155,117,57,-2.1,-2.9,1.7,9.6,17.1,19.7,22.3,21.8,17,9.2,1.3,-2.8,-13.4,-15.5,-10,-2.7,3,7.3,9.5,8.3,3.7,-2.5,-9.7,-13.6,-7.8,-9.2,-4.2,3.4,10.1,13.5,15.9,15.1,10.3,3.3,-4.2,-8.2,21,20,25,28,64,95,114,63,47,25,29,17,4.2,7.6,12.8,18.4,22.2,22.4,21.7,18.8,13.5,7.9,4.5,3.1,251,259,159,19,0,0,0,0,1,19,156,263,0,0,0,30,165,255,339,314,165,35,0,0,800,758,690,438,239,139,78,100,232,457,666,809,0,0,1,0,1,7,13,11,3,0,2,0,0,0,1,7,24,29,31,31,24,8,1,0,18,20,24,9,2,0,0,1,2,5,22,16,0,0,0,54,97,108,117,98,58,26,0,0,0,0,0,26,33,13,3,35,11,1,0,0,54,49,54,58,56,62,61,59,58,60,56,55,2.1,2,2.35,0.28,-1.03,1.27,1.73,-3.3,-2.52,0.12,2.77,1.7,0.25,0.292800009250641,0.536800026893616,0.510399997234344,0.275200009346008,0.211199998855591,0.284000009298325,0.211199998855591,0.536800026893616,2.18682098388672,1.05382537841797,5.9517822265625,0.820089042186737,11.5517387390137,744.75,39.8899993896484,-0.310000002384186,28.2999992370605,42.2000007629395,14038.5,8940,-49,74,3,5.80000019073486,17.2199993133545,5392.91015625,132.649993896484,132.649993896484,-124.5,3,0.947700023651123,0.0454000011086464,0.00689999992027879,0,0,0,0,0,0,0,0,1.10000002384186,12,20,2.70000004768372,4.5,5.80000019073486,30,48,48.0999984741211,14.546537399292,12481,3321,21141.5,3.27499997615814,2.95000004768372,3.54999995231628,0.512499988079071,0.215000003576279,1.125,6.60988903045654,0,0,0,0,0,0,0,0,0,0,0,0,0.700967729091644,14.0153570175171,25.9180660247803,14.2083330154419,0,0,0,0,0,2.96612906455994,2.1966667175293,0.605483889579773,28651.552734375,34514.88671875,41924.84765625,49615.44140625,56277.109375,59698.36328125,57820.671875,51761.86328125,44221.2265625,36544.1875,29935.5,26687.900390625,NA,NA,NA,NA,NA,NA
8324,52.939,-114.288,957.046691894531,3.2,15.9,-9.2,25.1,548,383,24.1,41.5,145,256,111,122,7.48,1126,1303,5406,39,559,-41.4,33.9,558,13.1,155,117,57,-2.1,-2.9,1.7,9.6,17.1,19.7,22.3,21.8,17,9.2,1.3,-2.8,-13.4,-15.5,-10,-2.7,3,7.3,9.5,8.3,3.7,-2.5,-9.7,-13.6,-7.8,-9.2,-4.2,3.4,10.1,13.5,15.9,15.1,10.3,3.3,-4.2,-8.2,21,20,25,28,64,95,114,63,47,25,29,17,4.2,7.6,12.8,18.4,22.2,22.4,21.7,18.8,13.5,7.9,4.5,3.1,251,259,159,19,0,0,0,0,1,19,156,263,0,0,0,30,165,255,339,314,165,35,0,0,800,758,690,438,239,139,78,100,232,457,666,809,0,0,1,0,1,7,13,11,3,0,2,0,0,0,1,7,24,29,31,31,24,8,1,0,18,20,24,9,2,0,0,1,2,5,22,16,0,0,0,54,97,108,117,98,58,26,0,0,0,0,0,26,33,13,3,35,11,1,0,0,54,49,54,58,56,62,61,59,58,60,56,55,2.1,2,2.35,0.28,-1.03,1.27,1.73,-3.3,-2.52,0.12,2.77,1.7,0.25,0.292800009250641,0.536800026893616,0.510399997234344,0.275200009346008,0.211199998855591,0.284000009298325,0.211199998855591,0.536800026893616,2.18682098388672,1.05382537841797,5.9517822265625,0.820089042186737,11.5517387390137,744.75,39.8899993896484,-0.310000002384186,28.2999992370605,42.2000007629395,14038.5,8940,-49,74,3,5.80000019073486,17.2199993133545,5392.91015625,132.649993896484,132.649993896484,-124.5,3,0.947700023651123,0.0454000011086464,0.00689999992027879,0,0,0,0,0,0,0,0,1.10000002384186,12,20,2.70000004768372,4.5,5.80000019073486,30,48,48.0999984741211,14.546537399292,12481,3321,21141.5,3.27499997615814,2.95000004768372,3.54999995231628,0.512499988079071,0.215000003576279,1.125,6.60988903045654,0,0,0,0,0,0,0,0,0,0,0,0,0.700967729091644,14.0153570175171,25.9180660247803,14.2083330154419,0,0,0,0,0,2.96612906455994,2.1966667175293,0.605483889579773,28651.552734375,34514.88671875,41924.84765625,49615.44140625,56277.109375,59698.36328125,57820.671875,51761.86328125,44221.2265625,36544.1875,29935.5,26687.900390625,NA,NA,NA,NA,NA,NA
8325,52.494,-114.323,1086.0478515625,2.9,15.6,-9.5,25.1,523,366,24.7,42.6,149,254,105,156,3.62,1163,1263,5495,34,533,-42.6,34.4,572,13.4,150,115,55,-2.2,-2.9,1.8,9.6,16.9,19.7,22.2,22.1,17.4,9.5,0.9,-2.9,-14,-16.1,-10.3,-3.2,2.5,6.8,8.9,7.9,3.3,-3,-10.1,-14.4,-8.1,-9.5,-4.2,3.2,9.7,13.2,15.6,15,10.3,3.2,-4.6,-8.7,19,19,24,27,61,95,104,60,46,23,27,18,4.3,7.9,13.1,18.8,22.4,22.7,21.9,19.2,14,8.3,4.6,3.3,258,265,159,20,0,0,0,0,1,19,166,275,0,0,0,28,153,246,330,307,165,34,0,0,809,766,690,444,258,146,86,102,232,460,678,824,0,0,1,0,0,6,11,11,3,0,2,0,0,0,1,6,22,29,31,31,23,7,1,0,17,19,23,9,2,0,0,1,2,4,21,17,0,0,0,55,98,110,119,101,61,28,0,0,0,0,0,28,37,15,15,41,15,5,0,0,52,47,53,56,55,60,60,57,56,57,56,53,1.9,1.9,2.26,0.19,-1.25,1.02,0.5,-4.09,-3.06,-0.19,2.63,1.8,0.284200012683868,0.439200013875961,0.701600015163422,0.465200006961823,0.217999994754791,0.164599999785423,0.361700013279915,0.164599999785423,0.701600015163422,13.8499450683594,13.8499450683594,23.5518798828125,0.821562469005585,7.71617126464844,724.97998046875,37.4199981689453,-0.28999999165535,27.2999992370605,44.9700012207031,13660.5,8737.5,-55,73,3,5.94000005722046,17.1299991607666,5219.3798828125,128.770004272461,128.770004272461,-130.5,5,0.587499976158142,0.38510000705719,0,0.0176999997347593,0.00039999998989515,0.00860000029206276,0,0,0,0,0.000699999975040555,1.10000002384186,14,23,7.30000019073486,5.19999980926514,6.09999990463257,29,46,67.1999969482422,11.2729902267456,12559.25,3421,21221,3.27499997615814,2.95000004768372,3.54999995231628,0.489999994635582,0.204999998211861,1.08500003814697,11.6339864730835,0,0,0,0,0,0,0,0,0,0,0,0,5.63677406311035,14.9107141494751,29.1387100219727,19.1556663513184,0,0,0,0,0,2.77677416801453,4.96666669845581,6.3903226852417,28883.458984375,34645.04296875,41943.3671875,49520.69140625,56072.45703125,59428.0078125,57587.390625,51633.57421875,44206.40234375,36642.66015625,30143.498046875,26958.5390625,NA,NA,NA,NA,NA,NA
8326,53.052,-114.74,988.86181640625,3.4,15.9,-8.9,24.8,590,413,22.7,38.5,144,257,114,88,11.42,1079,1313,5327,39,562,-40.8,33.7,558,13.1,157,120,57,-1.9,-2.6,2.1,9.8,17,19.7,22.3,21.7,17,9.6,1.4,-2.7,-12.9,-15.2,-9.7,-2.5,3.1,7.3,9.6,8.5,3.9,-2.1,-9.2,-13.2,-7.4,-8.9,-3.8,3.7,10.1,13.5,15.9,15.1,10.4,3.8,-3.9,-7.9,21,21,26,31,67,106,118,67,55,29,30,19,4.1,7.6,12.8,18.4,22.1,22.4,21.6,18.7,13.5,8,4.4,3.1,241,253,148,17,0,0,0,0,1,16,149,255,0,0,0,32,165,255,339,314,168,40,0,0,787,749,678,429,239,139,78,100,229,442,657,799,0,0,1,0,1,7,13,11,3,0,2,0,0,0,1,7,24,29,31,31,24,9,1,0,18,21,24,9,2,0,0,1,2,4,22,17,0,0,0,54,97,108,117,97,58,27,0,0,0,0,0,23,30,2,0,30,3,0,0,0,55,49,54,58,57,62,61,60,59,60,58,56,2.1,2.1,2.38,0.48,-0.67,2.34,2.13,-2.79,-1.71,0.33,2.82,1.9,0.196400001645088,0.541599988937378,0.723599970340729,0.592000007629395,0.231199994683266,0.217999994754791,0.386399991810322,0.196400001645088,0.723599970340729,31.2305908203125,31.2305908203125,49.365478515625,0.802435100078583,7.60714721679688,742.700012207031,37.4599990844727,-0.28999999165535,28,44.1699981689453,13933.5,8850,-53,72,3,5.86999988555908,14.4200000762939,5377.68994140625,132.440002441406,132.440002441406,-128,9,0.748399972915649,0.250600010156631,0,0,0.000500000023748726,0.000199999994947575,0,0,0,0,0.000300000014249235,1.10000002384186,12,26,5.59999990463257,5,5.69999980926514,26,46,58.5,14.1229724884033,12366.75,3234.5,21111.5,3.14999985694885,2.80000019073486,3.40000009536743,0.512499988079071,0.224999994039536,1.0900000333786,7.40672874450684,0,0,0,0,0,0,0,0,0,0,0,0,0.829999983310699,18.7157135009766,33.8593559265137,20.9050006866455,0,0,0,0,0,3.47516131401062,3.18766665458679,0.847419321537018,28584.283203125,34477.2109375,41919.4921875,49642.8515625,56336.43359375,59776.8671875,57888.33984375,51799,44225.515625,36515.6953125,29875.203125,26609.3125,NA,NA,NA,NA,NA,NA
8327,53.071,-114.081,849,3.2,16.4,-9.8,26.2,520,356,25.4,46.1,141,256,116,161,3.88,1174,1378,5403,48,616,-41.6,34.4,568,13,158,117,57,-2.8,-3.7,1.1,9.7,17.7,20.3,22.8,22.3,17.3,9.4,0.7,-3.4,-13.8,-15.8,-10.2,-2.5,3.5,7.8,10,8.7,3.9,-2.2,-9.7,-13.8,-8.3,-9.8,-4.6,3.6,10.6,14.1,16.4,15.5,10.6,3.6,-4.5,-8.6,22,20,25,28,57,91,107,59,42,23,29,17,4,7.5,12.6,18.3,22.1,22.4,21.6,18.8,13.5,7.7,4.2,3,262,271,169,18,0,0,0,0,1,17,163,273,0,0,0,33,180,273,354,327,174,38,0,0,815,774,703,432,228,126,66,91,223,448,675,821,0,0,1,0,2,9,17,13,4,0,2,0,0,0,1,7,25,29,31,31,24,9,1,0,20,20,24,8,1,0,0,0,2,4,22,16,0,0,0,54,99,111,119,100,59,26,0,0,0,0,0,26,42,20,12,41,17,3,0,0,55,50,55,58,56,62,61,59,58,60,58,57,2.2,2,2.43,0.26,-1.93,0.65,0.87,-3.89,-3.09,-0.15,2.82,1.7,NA,NA,NA,NA,NA,NA,NA,NA,NA,3.25617980957031,-3.25617980957031,11.8308715820312,0.810425937175751,11.8505716323853,740.409973144531,41.5400009155273,-0.330000013113022,29.2000007629395,41.4300003051758,14868,9412.5,-62,84,3,5.57000017166138,35.0699996948242,5397.52001953125,132.190002441406,132.190002441406,-103,8,0.558799982070923,0.000300000014249235,0,0,0.0119000002741814,0.0111999996006489,0,0.417800009250641,0,0,0,NA,NA,11,NA,NA,NA,NA,NA,NA,12.4859409332275,12434.25,3310.5,21327.5,3.27499997615814,2.95000004768372,3.55000019073486,0.537499994039536,0.219999998807907,1.1800000667572,12.1969089508057,0,0,0,0,0,0,0,0,0,0,0,0,0.565806448459625,11.9614286422729,22.2435474395752,9.4593334197998,0,0,0,0,0,2.26709675788879,1.27866661548615,1.25096774101257,28550.474609375,34458.2890625,41916.80078125,49656.6171875,56366.2421875,59816.3359375,57922.3515625,51817.6484375,44227.66796875,36501.38671875,29844.90625,26569.8046875,NA,NA,NA,NA,NA,NA
8328,54.031,-115.721,1167.2431640625,3.3,15.3,-8.3,23.6,624,438,21.3,34.9,143,256,112,57,18.69,1014,1218,5342,35,493,-39.9,32.2,516,12.7,158,128,59,-1,-2.1,3,10.1,16.1,18.6,21.1,20.3,15.9,7.7,1.5,-2.3,-11.9,-14.6,-9,-2.6,3.2,7.4,9.5,8.5,3.7,-2,-9.2,-12.7,-6.4,-8.3,-3,3.8,9.7,13,15.3,14.4,9.8,2.9,-3.8,-7.5,25,22,24,34,66,108,135,76,53,25,34,22,3.9,7.2,12.5,18.3,22.1,22,21.2,17.9,12.9,7.3,4.2,2.9,215,241,127,16,0,0,0,0,1,22,146,245,0,0,0,32,153,239,320,291,151,31,0,0,757,732,653,426,258,150,93,116,247,470,654,787,0,1,2,1,0,5,10,8,3,1,3,1,1,0,1,7,24,29,31,31,24,9,1,0,20,21,22,9,2,1,1,1,3,6,24,20,0,0,0,54,91,100,108,88,53,22,0,0,0,0,0,20,25,0,0,12,0,0,0,0,56,49,54,57,59,65,64,64,61,66,58,57,2.5,2.2,2.01,0.62,-0.16,3.21,4.61,-0.95,-1.31,0.56,3.2,2.2,0.170100003480911,0.43079999089241,0.614400029182434,0.507200002670288,0.230399996042252,0.179000005125999,0.330599993467331,0.170100003480911,0.614400029182434,6.19741821289062,5.77862548828125,13.763427734375,0.799318909645081,9.16601371765137,664.789978027344,23.0300006866455,-0.100000001490116,28.6000003814697,52.2200012207031,11770.5,7747.5,-90,63,3,4.42999982833862,14.2399997711182,4989.60009765625,121.449996948242,121.449996948242,-164,0,0.833999991416931,0.160699993371964,0,0,0,0.00499999988824129,0,0,0,0,0.000300000014249235,1,22,17,3.5,3.79999995231628,5.69999980926514,35,45,53.4000015258789,13.5792503356934,11939.75,2932.5,20884,3.14999997615814,2.75,3.29999995231628,0.477500006556511,0.229999989271164,0.995000004768372,0,0,0,0,0,0,0,0,0,0,0,0,0,9.15129089355469,18.3350009918213,27.7851619720459,34.3919982910156,1.76032257080078,0,0,0,0,0.61258065700531,2.33800005912781,8.56258106231689,27993.306640625,34147.80859375,41872.76171875,49882.2890625,56856.83203125,60468.1953125,58482.890625,52123.6640625,44262.91015625,36266.8046875,29346.1875,25917.25,NA,NA,NA,NA,NA,NA
8329,54.031,-115.721,1167.2431640625,3.3,15.3,-8.3,23.6,624,438,21.3,34.9,143,256,112,57,18.69,1014,1218,5342,35,493,-39.9,32.2,516,12.7,158,128,59,-1,-2.1,3,10.1,16.1,18.6,21.1,20.3,15.9,7.7,1.5,-2.3,-11.9,-14.6,-9,-2.6,3.2,7.4,9.5,8.5,3.7,-2,-9.2,-12.7,-6.4,-8.3,-3,3.8,9.7,13,15.3,14.4,9.8,2.9,-3.8,-7.5,25,22,24,34,66,108,135,76,53,25,34,22,3.9,7.2,12.5,18.3,22.1,22,21.2,17.9,12.9,7.3,4.2,2.9,215,241,127,16,0,0,0,0,1,22,146,245,0,0,0,32,153,239,320,291,151,31,0,0,757,732,653,426,258,150,93,116,247,470,654,787,0,1,2,1,0,5,10,8,3,1,3,1,1,0,1,7,24,29,31,31,24,9,1,0,20,21,22,9,2,1,1,1,3,6,24,20,0,0,0,54,91,100,108,88,53,22,0,0,0,0,0,20,25,0,0,12,0,0,0,0,56,49,54,57,59,65,64,64,61,66,58,57,2.5,2.2,2.01,0.62,-0.16,3.21,4.61,-0.95,-1.31,0.56,3.2,2.2,0.170100003480911,0.43079999089241,0.614400029182434,0.507200002670288,0.230399996042252,0.179000005125999,0.330599993467331,0.170100003480911,0.614400029182434,6.19741821289062,5.77862548828125,13.763427734375,0.799318909645081,9.16601371765137,664.789978027344,23.0300006866455,-0.100000001490116,28.6000003814697,52.2200012207031,11770.5,7747.5,-90,63,3,4.42999982833862,14.2399997711182,4989.60009765625,121.449996948242,121.449996948242,-164,0,0.833999991416931,0.160699993371964,0,0,0,0.00499999988824129,0,0,0,0,0.000300000014249235,1,22,17,3.5,3.79999995231628,5.69999980926514,35,45,53.4000015258789,13.5792503356934,11939.75,2932.5,20884,3.14999997615814,2.75,3.29999995231628,0.477500006556511,0.229999989271164,0.995000004768372,0,0,0,0,0,0,0,0,0,0,0,0,0,9.15129089355469,18.3350009918213,27.7851619720459,34.3919982910156,1.76032257080078,0,0,0,0,0.61258065700531,2.33800005912781,8.56258106231689,27993.306640625,34147.80859375,41872.76171875,49882.2890625,56856.83203125,60468.1953125,58482.890625,52123.6640625,44262.91015625,36266.8046875,29346.1875,25917.25,NA,NA,NA,NA,NA,NA
8330,54.031,-115.721,1167.2431640625,3.3,15.3,-8.3,23.6,624,438,21.3,34.9,143,256,112,57,18.69,1014,1218,5342,35,493,-39.9,32.2,516,12.7,158,128,59,-1,-2.1,3,10.1,16.1,18.6,21.1,20.3,15.9,7.7,1.5,-2.3,-11.9,-14.6,-9,-2.6,3.2,7.4,9.5,8.5,3.7,-2,-9.2,-12.7,-6.4,-8.3,-3,3.8,9.7,13,15.3,14.4,9.8,2.9,-3.8,-7.5,25,22,24,34,66,108,135,76,53,25,34,22,3.9,7.2,12.5,18.3,22.1,22,21.2,17.9,12.9,7.3,4.2,2.9,215,241,127,16,0,0,0,0,1,22,146,245,0,0,0,32,153,239,320,291,151,31,0,0,757,732,653,426,258,150,93,116,247,470,654,787,0,1,2,1,0,5,10,8,3,1,3,1,1,0,1,7,24,29,31,31,24,9,1,0,20,21,22,9,2,1,1,1,3,6,24,20,0,0,0,54,91,100,108,88,53,22,0,0,0,0,0,20,25,0,0,12,0,0,0,0,56,49,54,57,59,65,64,64,61,66,58,57,2.5,2.2,2.01,0.62,-0.16,3.21,4.61,-0.95,-1.31,0.56,3.2,2.2,0.170100003480911,0.43079999089241,0.614400029182434,0.507200002670288,0.230399996042252,0.179000005125999,0.330599993467331,0.170100003480911,0.614400029182434,6.19741821289062,5.77862548828125,13.763427734375,0.799318909645081,9.16601371765137,664.789978027344,23.0300006866455,-0.100000001490116,28.6000003814697,52.2200012207031,11770.5,7747.5,-90,63,3,4.42999982833862,14.2399997711182,4989.60009765625,121.449996948242,121.449996948242,-164,0,0.833999991416931,0.160699993371964,0,0,0,0.00499999988824129,0,0,0,0,0.000300000014249235,1,22,17,3.5,3.79999995231628,5.69999980926514,35,45,53.4000015258789,13.5792503356934,11939.75,2932.5,20884,3.14999997615814,2.75,3.29999995231628,0.477500006556511,0.229999989271164,0.995000004768372,0,0,0,0,0,0,0,0,0,0,0,0,0,9.15129089355469,18.3350009918213,27.7851619720459,34.3919982910156,1.76032257080078,0,0,0,0,0.61258065700531,2.33800005912781,8.56258106231689,27993.306640625,34147.80859375,41872.76171875,49882.2890625,56856.83203125,60468.1953125,58482.890625,52123.6640625,44262.91015625,36266.8046875,29346.1875,25917.25,NA,NA,NA,NA,NA,NA
8331,54.031,-115.721,1167.2431640625,3.3,15.3,-8.3,23.6,624,438,21.3,34.9,143,256,112,57,18.69,1014,1218,5342,35,493,-39.9,32.2,516,12.7,158,128,59,-1,-2.1,3,10.1,16.1,18.6,21.1,20.3,15.9,7.7,1.5,-2.3,-11.9,-14.6,-9,-2.6,3.2,7.4,9.5,8.5,3.7,-2,-9.2,-12.7,-6.4,-8.3,-3,3.8,9.7,13,15.3,14.4,9.8,2.9,-3.8,-7.5,25,22,24,34,66,108,135,76,53,25,34,22,3.9,7.2,12.5,18.3,22.1,22,21.2,17.9,12.9,7.3,4.2,2.9,215,241,127,16,0,0,0,0,1,22,146,245,0,0,0,32,153,239,320,291,151,31,0,0,757,732,653,426,258,150,93,116,247,470,654,787,0,1,2,1,0,5,10,8,3,1,3,1,1,0,1,7,24,29,31,31,24,9,1,0,20,21,22,9,2,1,1,1,3,6,24,20,0,0,0,54,91,100,108,88,53,22,0,0,0,0,0,20,25,0,0,12,0,0,0,0,56,49,54,57,59,65,64,64,61,66,58,57,2.5,2.2,2.01,0.62,-0.16,3.21,4.61,-0.95,-1.31,0.56,3.2,2.2,0.170100003480911,0.43079999089241,0.614400029182434,0.507200002670288,0.230399996042252,0.179000005125999,0.330599993467331,0.170100003480911,0.614400029182434,6.19741821289062,5.77862548828125,13.763427734375,0.799318909645081,9.16601371765137,664.789978027344,23.0300006866455,-0.100000001490116,28.6000003814697,52.2200012207031,11770.5,7747.5,-90,63,3,4.42999982833862,14.2399997711182,4989.60009765625,121.449996948242,121.449996948242,-164,0,0.833999991416931,0.160699993371964,0,0,0,0.00499999988824129,0,0,0,0,0.000300000014249235,1,22,17,3.5,3.79999995231628,5.69999980926514,35,45,53.4000015258789,13.5792503356934,11939.75,2932.5,20884,3.14999997615814,2.75,3.29999995231628,0.477500006556511,0.229999989271164,0.995000004768372,0,0,0,0,0,0,0,0,0,0,0,0,0,9.15129089355469,18.3350009918213,27.7851619720459,34.3919982910156,1.76032257080078,0,0,0,0,0.61258065700531,2.33800005912781,8.56258106231689,27993.306640625,34147.80859375,41872.76171875,49882.2890625,56856.83203125,60468.1953125,58482.890625,52123.6640625,44262.91015625,36266.8046875,29346.1875,25917.25,NA,NA,NA,NA,NA,NA
8332,53.071,-114.082,849,3.2,16.4,-9.8,26.2,520,356,25.4,46.1,141,256,116,161,3.88,1174,1378,5403,48,616,-41.6,34.4,568,13,158,117,57,-2.8,-3.7,1.1,9.7,17.7,20.3,22.8,22.3,17.3,9.4,0.7,-3.4,-13.8,-15.8,-10.2,-2.5,3.5,7.8,10,8.7,3.9,-2.2,-9.7,-13.8,-8.3,-9.8,-4.6,3.6,10.6,14.1,16.4,15.5,10.6,3.6,-4.5,-8.6,22,20,25,28,57,91,107,59,42,23,29,17,4,7.5,12.6,18.3,22.1,22.4,21.6,18.8,13.5,7.7,4.2,3,262,271,169,18,0,0,0,0,1,17,163,273,0,0,0,33,180,273,354,327,174,38,0,0,815,774,703,432,228,126,66,91,223,448,675,821,0,0,1,0,2,9,17,13,4,0,2,0,0,0,1,7,25,29,31,31,24,9,1,0,20,20,24,8,1,0,0,0,2,4,22,16,0,0,0,54,99,111,119,100,59,26,0,0,0,0,0,26,42,20,12,41,17,3,0,0,55,50,55,58,56,62,61,59,58,60,58,57,2.2,2,2.43,0.26,-1.93,0.65,0.87,-3.89,-3.09,-0.15,2.82,1.7,NA,NA,NA,NA,NA,NA,NA,NA,NA,3.25617980957031,-3.25617980957031,11.8308715820312,0.810425937175751,11.8505716323853,740.409973144531,41.5400009155273,-0.330000013113022,29.2000007629395,41.4300003051758,14868,9412.5,-62,84,3,5.57000017166138,35.0699996948242,5397.52001953125,132.190002441406,132.190002441406,-103,8,0.558799982070923,0.000300000014249235,0,0,0.0119000002741814,0.0111999996006489,0,0.417800009250641,0,0,0,NA,NA,11,NA,NA,NA,NA,NA,NA,12.4859409332275,12434.25,3310.5,21327.5,3.27499997615814,2.95000004768372,3.55000019073486,0.537499994039536,0.219999998807907,1.1800000667572,12.1969089508057,0,0,0,0,0,0,0,0,0,0,0,0,0.565806448459625,11.9614286422729,22.2435474395752,9.4593334197998,0,0,0,0,0,2.26709675788879,1.27866661548615,1.25096774101257,28550.474609375,34458.2890625,41916.80078125,49656.6171875,56366.2421875,59816.3359375,57922.3515625,51817.6484375,44227.66796875,36501.38671875,29844.90625,26569.8046875,NA,NA,NA,NA,NA,NA
8333,53.506,-113.613,674.340148925781,3.1,17.1,-11,28.1,481,330,27.2,51.8,135,258,122,196,-1.15,1330,1486,5475,64,703,-42.6,35,575,12.7,162,108,58,-4.8,-5.3,0.1,9.7,18.6,21.2,23.6,22.9,17.9,9.7,-0.6,-5.1,-15.3,-16.7,-10.8,-2.2,4.2,8.6,10.7,9.3,4.3,-1.7,-9.8,-14.6,-10.1,-11,-5.4,3.7,11.4,14.9,17.1,16.1,11.1,4,-5.2,-9.8,21,19,20,27,49,87,105,53,36,22,26,16,3.8,7.2,12.3,18.1,21.8,22.4,21.5,18.6,13.3,7.5,3.9,2.8,316,311,191,17,0,0,0,0,0,14,180,300,0,0,0,35,202,296,376,345,188,43,0,0,871,808,727,429,210,107,52,77,205,435,696,858,0,0,0,0,4,13,24,18,4,0,1,0,0,0,0,8,26,30,31,31,25,10,1,0,20,19,20,7,1,0,0,0,1,3,21,15,0,0,0,53,102,113,121,101,59,26,0,0,0,0,0,26,53,26,16,48,23,4,0,0,56,52,56,59,56,61,61,59,58,61,62,60,2.1,1.9,2,0.19,-3.03,-0.06,0.38,-4.64,-3.85,-0.34,2.6,1.6,0.121799997985363,0.296400010585785,0.396800011396408,0.312400013208389,0.230000004172325,0.16889999806881,0.263200007379055,0.121799997985363,0.396800011396408,0.961555480957031,0.158271789550781,3.10772705078125,0.819235324859619,11.0856637954712,704.859985351562,43.310001373291,-0.340000003576279,30.5499992370605,40.2599983215332,16317,13239,-87,105,5,4.90000009536743,15.3800001144409,5229.580078125,126.669998168945,126.669998168945,-67.25,37,0.387499988079071,0.0888999998569489,0,0,0.505699992179871,0.0178999993950129,0,0,0,0,0,NA,NA,7,NA,NA,NA,NA,NA,NA,17.7589092254639,12383.25,3234.5,21080.5,3.19999992847443,2.95000004768372,3.44999980926514,0.575000017881393,0.229999989271164,1.25999999046326,59.4034271240234,0,0,0,0,0,0,0,0,0,0,0,0,0.41354838013649,7.37785720825195,12.4899997711182,2.52333331108093,0,0,0,0,0,0.515806496143341,0,0.0548387095332146,28310.544921875,34324.27734375,41897.7734375,49754.07421875,56577.65625,60096.71484375,58163.72265625,51949.734375,44242.89453125,36400.08984375,29630.00390625,26289.12890625,NA,NA,NA,NA,NA,NA
8334,53.506,-113.613,674.340148925781,3.1,17.1,-11,28.1,481,330,27.2,51.8,135,258,122,196,-1.15,1330,1486,5475,64,703,-42.6,35,575,12.7,162,108,58,-4.8,-5.3,0.1,9.7,18.6,21.2,23.6,22.9,17.9,9.7,-0.6,-5.1,-15.3,-16.7,-10.8,-2.2,4.2,8.6,10.7,9.3,4.3,-1.7,-9.8,-14.6,-10.1,-11,-5.4,3.7,11.4,14.9,17.1,16.1,11.1,4,-5.2,-9.8,21,19,20,27,49,87,105,53,36,22,26,16,3.8,7.2,12.3,18.1,21.8,22.4,21.5,18.6,13.3,7.5,3.9,2.8,316,311,191,17,0,0,0,0,0,14,180,300,0,0,0,35,202,296,376,345,188,43,0,0,871,808,727,429,210,107,52,77,205,435,696,858,0,0,0,0,4,13,24,18,4,0,1,0,0,0,0,8,26,30,31,31,25,10,1,0,20,19,20,7,1,0,0,0,1,3,21,15,0,0,0,53,102,113,121,101,59,26,0,0,0,0,0,26,53,26,16,48,23,4,0,0,56,52,56,59,56,61,61,59,58,61,62,60,2.1,1.9,2,0.19,-3.03,-0.06,0.38,-4.64,-3.85,-0.34,2.6,1.6,0.121799997985363,0.296400010585785,0.396800011396408,0.312400013208389,0.230000004172325,0.16889999806881,0.263200007379055,0.121799997985363,0.396800011396408,0.961555480957031,0.158271789550781,3.10772705078125,0.819235324859619,11.0856637954712,704.859985351562,43.310001373291,-0.340000003576279,30.5499992370605,40.2599983215332,16317,13239,-87,105,5,4.90000009536743,15.3800001144409,5229.580078125,126.669998168945,126.669998168945,-67.25,37,0.387499988079071,0.0888999998569489,0,0,0.505699992179871,0.0178999993950129,0,0,0,0,0,NA,NA,7,NA,NA,NA,NA,NA,NA,17.7589092254639,12383.25,3234.5,21080.5,3.19999992847443,2.95000004768372,3.44999980926514,0.575000017881393,0.229999989271164,1.25999999046326,59.4034271240234,0,0,0,0,0,0,0,0,0,0,0,0,0.41354838013649,7.37785720825195,12.4899997711182,2.52333331108093,0,0,0,0,0,0.515806496143341,0,0.0548387095332146,28310.544921875,34324.27734375,41897.7734375,49754.07421875,56577.65625,60096.71484375,58163.72265625,51949.734375,44242.89453125,36400.08984375,29630.00390625,26289.12890625,NA,NA,NA,NA,NA,NA
8335,53.506,-113.613,674.340148925781,3.1,17.1,-11,28.1,481,330,27.2,51.8,135,258,122,196,-1.15,1330,1486,5475,64,703,-42.6,35,575,12.7,162,108,58,-4.8,-5.3,0.1,9.7,18.6,21.2,23.6,22.9,17.9,9.7,-0.6,-5.1,-15.3,-16.7,-10.8,-2.2,4.2,8.6,10.7,9.3,4.3,-1.7,-9.8,-14.6,-10.1,-11,-5.4,3.7,11.4,14.9,17.1,16.1,11.1,4,-5.2,-9.8,21,19,20,27,49,87,105,53,36,22,26,16,3.8,7.2,12.3,18.1,21.8,22.4,21.5,18.6,13.3,7.5,3.9,2.8,316,311,191,17,0,0,0,0,0,14,180,300,0,0,0,35,202,296,376,345,188,43,0,0,871,808,727,429,210,107,52,77,205,435,696,858,0,0,0,0,4,13,24,18,4,0,1,0,0,0,0,8,26,30,31,31,25,10,1,0,20,19,20,7,1,0,0,0,1,3,21,15,0,0,0,53,102,113,121,101,59,26,0,0,0,0,0,26,53,26,16,48,23,4,0,0,56,52,56,59,56,61,61,59,58,61,62,60,2.1,1.9,2,0.19,-3.03,-0.06,0.38,-4.64,-3.85,-0.34,2.6,1.6,0.121799997985363,0.296400010585785,0.396800011396408,0.312400013208389,0.230000004172325,0.16889999806881,0.263200007379055,0.121799997985363,0.396800011396408,0.961555480957031,0.158271789550781,3.10772705078125,0.819235324859619,11.0856637954712,704.859985351562,43.310001373291,-0.340000003576279,30.5499992370605,40.2599983215332,16317,13239,-87,105,5,4.90000009536743,15.3800001144409,5229.580078125,126.669998168945,126.669998168945,-67.25,37,0.387499988079071,0.0888999998569489,0,0,0.505699992179871,0.0178999993950129,0,0,0,0,0,NA,NA,7,NA,NA,NA,NA,NA,NA,17.7589092254639,12383.25,3234.5,21080.5,3.19999992847443,2.95000004768372,3.44999980926514,0.575000017881393,0.229999989271164,1.25999999046326,59.4034271240234,0,0,0,0,0,0,0,0,0,0,0,0,0.41354838013649,7.37785720825195,12.4899997711182,2.52333331108093,0,0,0,0,0,0.515806496143341,0,0.0548387095332146,28310.544921875,34324.27734375,41897.7734375,49754.07421875,56577.65625,60096.71484375,58163.72265625,51949.734375,44242.89453125,36400.08984375,29630.00390625,26289.12890625,NA,NA,NA,NA,NA,NA
8336,53.506,-113.613,674.340148925781,3.1,17.1,-11,28.1,481,330,27.2,51.8,135,258,122,196,-1.15,1330,1486,5475,64,703,-42.6,35,575,12.7,162,108,58,-4.8,-5.3,0.1,9.7,18.6,21.2,23.6,22.9,17.9,9.7,-0.6,-5.1,-15.3,-16.7,-10.8,-2.2,4.2,8.6,10.7,9.3,4.3,-1.7,-9.8,-14.6,-10.1,-11,-5.4,3.7,11.4,14.9,17.1,16.1,11.1,4,-5.2,-9.8,21,19,20,27,49,87,105,53,36,22,26,16,3.8,7.2,12.3,18.1,21.8,22.4,21.5,18.6,13.3,7.5,3.9,2.8,316,311,191,17,0,0,0,0,0,14,180,300,0,0,0,35,202,296,376,345,188,43,0,0,871,808,727,429,210,107,52,77,205,435,696,858,0,0,0,0,4,13,24,18,4,0,1,0,0,0,0,8,26,30,31,31,25,10,1,0,20,19,20,7,1,0,0,0,1,3,21,15,0,0,0,53,102,113,121,101,59,26,0,0,0,0,0,26,53,26,16,48,23,4,0,0,56,52,56,59,56,61,61,59,58,61,62,60,2.1,1.9,2,0.19,-3.03,-0.06,0.38,-4.64,-3.85,-0.34,2.6,1.6,0.121799997985363,0.296400010585785,0.396800011396408,0.312400013208389,0.230000004172325,0.16889999806881,0.263200007379055,0.121799997985363,0.396800011396408,0.961555480957031,0.158271789550781,3.10772705078125,0.819235324859619,11.0856637954712,704.859985351562,43.310001373291,-0.340000003576279,30.5499992370605,40.2599983215332,16317,13239,-87,105,5,4.90000009536743,15.3800001144409,5229.580078125,126.669998168945,126.669998168945,-67.25,37,0.387499988079071,0.0888999998569489,0,0,0.505699992179871,0.0178999993950129,0,0,0,0,0,NA,NA,7,NA,NA,NA,NA,NA,NA,17.7589092254639,12383.25,3234.5,21080.5,3.19999992847443,2.95000004768372,3.44999980926514,0.575000017881393,0.229999989271164,1.25999999046326,59.4034271240234,0,0,0,0,0,0,0,0,0,0,0,0,0.41354838013649,7.37785720825195,12.4899997711182,2.52333331108093,0,0,0,0,0,0.515806496143341,0,0.0548387095332146,28310.544921875,34324.27734375,41897.7734375,49754.07421875,56577.65625,60096.71484375,58163.72265625,51949.734375,44242.89453125,36400.08984375,29630.00390625,26289.12890625,NA,NA,NA,NA,NA,NA
8337,52.269,-115.915,1405.7490234375,1.7,13.3,-9.2,22.5,584,382,20,34.8,159,249,90,76,19.59,1202,901,5931,16,291,-42.7,31.7,505,13.5,136,168,58,-2.3,-2.5,1.6,6,13.3,16.3,19.9,19.5,14.4,9,-1.1,-4.2,-13.7,-15.1,-9.7,-4.7,0.7,4.5,6.8,6.3,2.2,-3.3,-9.6,-14.2,-8,-8.8,-4,0.6,7,10.4,13.3,12.9,8.3,2.9,-5.3,-9.2,24,22,31,36,71,108,88,58,57,39,29,21,4.5,7.9,12.9,18.2,23,22.5,22.3,19.4,13.9,9,4.9,3.4,255,251,153,48,2,0,0,0,1,22,182,287,0,0,0,8,82,164,259,246,110,31,0,0,806,746,684,522,341,229,144,160,292,470,699,840,0,1,1,0,0,1,3,4,2,0,2,1,0,0,1,3,16,27,30,30,21,6,1,0,21,21,29,26,9,2,1,1,5,9,24,20,0,0,0,44,83,96,110,92,53,27,0,0,0,0,0,8,12,0,22,34,0,0,0,0,53,49,56,61,59,62,60,59,61,57,65,58,2.4,2.2,2.93,2.27,2.34,3.85,-0.13,-2.95,0.13,1.54,2.9,2.1,0.181400001049042,0.222000002861023,0.423599988222122,0.323599994182587,0.268799990415573,0.151800006628036,0.245399996638298,0.151800006628036,0.423599988222122,9.640380859375,-3.38784790039062,28.617919921875,0.806477427482605,8.8240327835083,690.080017089844,28.8299999237061,-0.170000001788139,26.6000003814697,51.3400001525879,10762.5,7192.5,-82,43,3,7.01999998092651,14.3299999237061,4969.9501953125,124.650001525879,124.650001525879,-173,0,0.765600025653839,0.132200002670288,0,0,0.000899999984540045,0.0970000028610229,0,0,0,0,0.00430000014603138,1.10000002384186,18,16,2.29999995231628,3.29999995231628,6.19999980926514,35,47,42.0999984741211,9.23537731170654,12464.25,3480.5,20543.5,2.67499995231628,2.34999990463257,2.79999995231628,0.412499994039536,0.189999997615814,0.850000023841858,0,0,0,0,0,0,0,0,0,0,0,0,0,3.85612893104553,27.5732135772705,52.932258605957,55.2116661071777,5.76580667495728,0,0,0,0,3.81677412986755,5.6486668586731,0.393548399209976,29013.572265625,34718.25390625,41953.80078125,49467.3671875,55957.54296875,59276.5078125,57456.51171875,51561.4140625,44198.05859375,36698.078125,30260.279296875,27110.1953125,NA,NA,NA,NA,NA,NA
8338,52.269,-115.915,1405.7490234375,1.7,13.3,-9.2,22.5,584,382,20,34.8,159,249,90,76,19.59,1202,901,5931,16,291,-42.7,31.7,505,13.5,136,168,58,-2.3,-2.5,1.6,6,13.3,16.3,19.9,19.5,14.4,9,-1.1,-4.2,-13.7,-15.1,-9.7,-4.7,0.7,4.5,6.8,6.3,2.2,-3.3,-9.6,-14.2,-8,-8.8,-4,0.6,7,10.4,13.3,12.9,8.3,2.9,-5.3,-9.2,24,22,31,36,71,108,88,58,57,39,29,21,4.5,7.9,12.9,18.2,23,22.5,22.3,19.4,13.9,9,4.9,3.4,255,251,153,48,2,0,0,0,1,22,182,287,0,0,0,8,82,164,259,246,110,31,0,0,806,746,684,522,341,229,144,160,292,470,699,840,0,1,1,0,0,1,3,4,2,0,2,1,0,0,1,3,16,27,30,30,21,6,1,0,21,21,29,26,9,2,1,1,5,9,24,20,0,0,0,44,83,96,110,92,53,27,0,0,0,0,0,8,12,0,22,34,0,0,0,0,53,49,56,61,59,62,60,59,61,57,65,58,2.4,2.2,2.93,2.27,2.34,3.85,-0.13,-2.95,0.13,1.54,2.9,2.1,0.181400001049042,0.222000002861023,0.423599988222122,0.323599994182587,0.268799990415573,0.151800006628036,0.245399996638298,0.151800006628036,0.423599988222122,9.640380859375,-3.38784790039062,28.617919921875,0.806477427482605,8.8240327835083,690.080017089844,28.8299999237061,-0.170000001788139,26.6000003814697,51.3400001525879,10762.5,7192.5,-82,43,3,7.01999998092651,14.3299999237061,4969.9501953125,124.650001525879,124.650001525879,-173,0,0.765600025653839,0.132200002670288,0,0,0.000899999984540045,0.0970000028610229,0,0,0,0,0.00430000014603138,1.10000002384186,18,16,2.29999995231628,3.29999995231628,6.19999980926514,35,47,42.0999984741211,9.23537731170654,12464.25,3480.5,20543.5,2.67499995231628,2.34999990463257,2.79999995231628,0.412499994039536,0.189999997615814,0.850000023841858,0,0,0,0,0,0,0,0,0,0,0,0,0,3.85612893104553,27.5732135772705,52.932258605957,55.2116661071777,5.76580667495728,0,0,0,0,3.81677412986755,5.6486668586731,0.393548399209976,29013.572265625,34718.25390625,41953.80078125,49467.3671875,55957.54296875,59276.5078125,57456.51171875,51561.4140625,44198.05859375,36698.078125,30260.279296875,27110.1953125,NA,NA,NA,NA,NA,NA
8339,52.269,-115.915,1405.7490234375,1.7,13.3,-9.2,22.5,584,382,20,34.8,159,249,90,76,19.59,1202,901,5931,16,291,-42.7,31.7,505,13.5,136,168,58,-2.3,-2.5,1.6,6,13.3,16.3,19.9,19.5,14.4,9,-1.1,-4.2,-13.7,-15.1,-9.7,-4.7,0.7,4.5,6.8,6.3,2.2,-3.3,-9.6,-14.2,-8,-8.8,-4,0.6,7,10.4,13.3,12.9,8.3,2.9,-5.3,-9.2,24,22,31,36,71,108,88,58,57,39,29,21,4.5,7.9,12.9,18.2,23,22.5,22.3,19.4,13.9,9,4.9,3.4,255,251,153,48,2,0,0,0,1,22,182,287,0,0,0,8,82,164,259,246,110,31,0,0,806,746,684,522,341,229,144,160,292,470,699,840,0,1,1,0,0,1,3,4,2,0,2,1,0,0,1,3,16,27,30,30,21,6,1,0,21,21,29,26,9,2,1,1,5,9,24,20,0,0,0,44,83,96,110,92,53,27,0,0,0,0,0,8,12,0,22,34,0,0,0,0,53,49,56,61,59,62,60,59,61,57,65,58,2.4,2.2,2.93,2.27,2.34,3.85,-0.13,-2.95,0.13,1.54,2.9,2.1,0.181400001049042,0.222000002861023,0.423599988222122,0.323599994182587,0.268799990415573,0.151800006628036,0.245399996638298,0.151800006628036,0.423599988222122,9.640380859375,-3.38784790039062,28.617919921875,0.806477427482605,8.8240327835083,690.080017089844,28.8299999237061,-0.170000001788139,26.6000003814697,51.3400001525879,10762.5,7192.5,-82,43,3,7.01999998092651,14.3299999237061,4969.9501953125,124.650001525879,124.650001525879,-173,0,0.765600025653839,0.132200002670288,0,0,0.000899999984540045,0.0970000028610229,0,0,0,0,0.00430000014603138,1.10000002384186,18,16,2.29999995231628,3.29999995231628,6.19999980926514,35,47,42.0999984741211,9.23537731170654,12464.25,3480.5,20543.5,2.67499995231628,2.34999990463257,2.79999995231628,0.412499994039536,0.189999997615814,0.850000023841858,0,0,0,0,0,0,0,0,0,0,0,0,0,3.85612893104553,27.5732135772705,52.932258605957,55.2116661071777,5.76580667495728,0,0,0,0,3.81677412986755,5.6486668586731,0.393548399209976,29013.572265625,34718.25390625,41953.80078125,49467.3671875,55957.54296875,59276.5078125,57456.51171875,51561.4140625,44198.05859375,36698.078125,30260.279296875,27110.1953125,NA,NA,NA,NA,NA,NA
8340,52.269,-115.915,1405.7490234375,1.7,13.3,-9.2,22.5,584,382,20,34.8,159,249,90,76,19.59,1202,901,5931,16,291,-42.7,31.7,505,13.5,136,168,58,-2.3,-2.5,1.6,6,13.3,16.3,19.9,19.5,14.4,9,-1.1,-4.2,-13.7,-15.1,-9.7,-4.7,0.7,4.5,6.8,6.3,2.2,-3.3,-9.6,-14.2,-8,-8.8,-4,0.6,7,10.4,13.3,12.9,8.3,2.9,-5.3,-9.2,24,22,31,36,71,108,88,58,57,39,29,21,4.5,7.9,12.9,18.2,23,22.5,22.3,19.4,13.9,9,4.9,3.4,255,251,153,48,2,0,0,0,1,22,182,287,0,0,0,8,82,164,259,246,110,31,0,0,806,746,684,522,341,229,144,160,292,470,699,840,0,1,1,0,0,1,3,4,2,0,2,1,0,0,1,3,16,27,30,30,21,6,1,0,21,21,29,26,9,2,1,1,5,9,24,20,0,0,0,44,83,96,110,92,53,27,0,0,0,0,0,8,12,0,22,34,0,0,0,0,53,49,56,61,59,62,60,59,61,57,65,58,2.4,2.2,2.93,2.27,2.34,3.85,-0.13,-2.95,0.13,1.54,2.9,2.1,0.181400001049042,0.222000002861023,0.423599988222122,0.323599994182587,0.268799990415573,0.151800006628036,0.245399996638298,0.151800006628036,0.423599988222122,9.640380859375,-3.38784790039062,28.617919921875,0.806477427482605,8.8240327835083,690.080017089844,28.8299999237061,-0.170000001788139,26.6000003814697,51.3400001525879,10762.5,7192.5,-82,43,3,7.01999998092651,14.3299999237061,4969.9501953125,124.650001525879,124.650001525879,-173,0,0.765600025653839,0.132200002670288,0,0,0.000899999984540045,0.0970000028610229,0,0,0,0,0.00430000014603138,1.10000002384186,18,16,2.29999995231628,3.29999995231628,6.19999980926514,35,47,42.0999984741211,9.23537731170654,12464.25,3480.5,20543.5,2.67499995231628,2.34999990463257,2.79999995231628,0.412499994039536,0.189999997615814,0.850000023841858,0,0,0,0,0,0,0,0,0,0,0,0,0,3.85612893104553,27.5732135772705,52.932258605957,55.2116661071777,5.76580667495728,0,0,0,0,3.81677412986755,5.6486668586731,0.393548399209976,29013.572265625,34718.25390625,41953.80078125,49467.3671875,55957.54296875,59276.5078125,57456.51171875,51561.4140625,44198.05859375,36698.078125,30260.279296875,27110.1953125,NA,NA,NA,NA,NA,NA
8341,50.921,-114.527,1383.03466796875,3.5,14.9,-7.3,22.2,556,363,24.3,41,159,250,91,162,2.38,914,1141,5298,26,443,-39.9,35,602,14.3,142,125,53,-0.1,-0.7,3.7,9.5,15.5,19,23,22.9,17.9,10.6,3.7,-0.7,-12.2,-14,-9.1,-3.7,1.2,4.7,6.9,6.2,2.4,-2.7,-8.3,-12.4,-6.1,-7.3,-2.7,2.9,8.3,11.8,14.9,14.5,10.1,3.9,-2.3,-6.6,15,21,34,45,84,111,60,58,50,32,27,19,5.1,8.6,13.8,19.4,22.9,23.6,23.1,20.6,15.2,9.4,5.6,4.1,208,218,120,22,1,0,0,0,1,15,110,220,0,0,0,23,114,205,304,294,160,41,0,0,748,704,644,453,301,187,104,113,238,439,609,759,0,0,1,0,0,3,8,8,3,0,2,1,1,0,1,5,18,27,30,30,21,7,1,0,12,20,30,17,5,1,0,1,2,4,15,16,0,0,0,57,94,112,130,111,66,32,0,0,0,0,0,12,10,1,70,53,16,0,0,0,52,47,52,55,55,56,52,51,52,55,55,53,1.5,2.1,2.9,1.99,2.08,2.36,-5.5,-5.79,-3.44,0.14,2.13,1.9,0.20160000026226,0.347600013017654,0.580399990081787,0.479200005531311,0.211799994111061,0.223199993371964,0.285400003194809,0.20160000026226,0.580399990081787,15.4967651367188,8.91290283203125,48.8446044921875,0.842253684997559,8.25543308258057,715.739990234375,41.2299995422363,-0.270000010728836,25.6000003814697,48.5699996948242,12705,8190,-56,63,3,8.47000026702881,18.9799995422363,4981.81982421875,127.110000610352,121.610000610352,-130,11,0.837400019168854,0.123499996960163,0,0,0.0171000007539988,0.0178999993950129,0,0,0,0,0.00410000002011657,1.10000002384186,12,25,2.70000004768372,4,6.40000009536743,31,41,49.0999984741211,16.7680568695068,12867.5,3835,21149.5,3.625,3.04999995231628,3.79999995231628,0.464999988675117,0.229999989271164,0.975000023841858,8.66262054443359,0,0,0,0,0,0,0,0,0,0,0,0,2.17322587966919,7.24285745620728,26.1235485076904,12.9549999237061,0,0,0,0,0,5.32709693908691,3.98699998855591,0.674838721752167,29760.07421875,35140.7734375,42014.16015625,49159.2265625,55297.05078125,58409.7734375,56705.6875,51144.9609375,44149.74609375,37018.2578125,30931.3828125,27977.8046875,NA,NA,NA,NA,NA,NA
8342,50.921,-114.527,1383.03466796875,3.5,14.9,-7.3,22.2,556,363,24.3,41,159,250,91,162,2.38,914,1141,5298,26,443,-39.9,35,602,14.3,142,125,53,-0.1,-0.7,3.7,9.5,15.5,19,23,22.9,17.9,10.6,3.7,-0.7,-12.2,-14,-9.1,-3.7,1.2,4.7,6.9,6.2,2.4,-2.7,-8.3,-12.4,-6.1,-7.3,-2.7,2.9,8.3,11.8,14.9,14.5,10.1,3.9,-2.3,-6.6,15,21,34,45,84,111,60,58,50,32,27,19,5.1,8.6,13.8,19.4,22.9,23.6,23.1,20.6,15.2,9.4,5.6,4.1,208,218,120,22,1,0,0,0,1,15,110,220,0,0,0,23,114,205,304,294,160,41,0,0,748,704,644,453,301,187,104,113,238,439,609,759,0,0,1,0,0,3,8,8,3,0,2,1,1,0,1,5,18,27,30,30,21,7,1,0,12,20,30,17,5,1,0,1,2,4,15,16,0,0,0,57,94,112,130,111,66,32,0,0,0,0,0,12,10,1,70,53,16,0,0,0,52,47,52,55,55,56,52,51,52,55,55,53,1.5,2.1,2.9,1.99,2.08,2.36,-5.5,-5.79,-3.44,0.14,2.13,1.9,0.20160000026226,0.347600013017654,0.580399990081787,0.479200005531311,0.211799994111061,0.223199993371964,0.285400003194809,0.20160000026226,0.580399990081787,15.4967651367188,8.91290283203125,48.8446044921875,0.842253684997559,8.25543308258057,715.739990234375,41.2299995422363,-0.270000010728836,25.6000003814697,48.5699996948242,12705,8190,-56,63,3,8.47000026702881,18.9799995422363,4981.81982421875,127.110000610352,121.610000610352,-130,11,0.837400019168854,0.123499996960163,0,0,0.0171000007539988,0.0178999993950129,0,0,0,0,0.00410000002011657,1.10000002384186,12,25,2.70000004768372,4,6.40000009536743,31,41,49.0999984741211,16.7680568695068,12867.5,3835,21149.5,3.625,3.04999995231628,3.79999995231628,0.464999988675117,0.229999989271164,0.975000023841858,8.66262054443359,0,0,0,0,0,0,0,0,0,0,0,0,2.17322587966919,7.24285745620728,26.1235485076904,12.9549999237061,0,0,0,0,0,5.32709693908691,3.98699998855591,0.674838721752167,29760.07421875,35140.7734375,42014.16015625,49159.2265625,55297.05078125,58409.7734375,56705.6875,51144.9609375,44149.74609375,37018.2578125,30931.3828125,27977.8046875,NA,NA,NA,NA,NA,NA
8343,50.921,-114.527,1383.03466796875,3.5,14.9,-7.3,22.2,556,363,24.3,41,159,250,91,162,2.38,914,1141,5298,26,443,-39.9,35,602,14.3,142,125,53,-0.1,-0.7,3.7,9.5,15.5,19,23,22.9,17.9,10.6,3.7,-0.7,-12.2,-14,-9.1,-3.7,1.2,4.7,6.9,6.2,2.4,-2.7,-8.3,-12.4,-6.1,-7.3,-2.7,2.9,8.3,11.8,14.9,14.5,10.1,3.9,-2.3,-6.6,15,21,34,45,84,111,60,58,50,32,27,19,5.1,8.6,13.8,19.4,22.9,23.6,23.1,20.6,15.2,9.4,5.6,4.1,208,218,120,22,1,0,0,0,1,15,110,220,0,0,0,23,114,205,304,294,160,41,0,0,748,704,644,453,301,187,104,113,238,439,609,759,0,0,1,0,0,3,8,8,3,0,2,1,1,0,1,5,18,27,30,30,21,7,1,0,12,20,30,17,5,1,0,1,2,4,15,16,0,0,0,57,94,112,130,111,66,32,0,0,0,0,0,12,10,1,70,53,16,0,0,0,52,47,52,55,55,56,52,51,52,55,55,53,1.5,2.1,2.9,1.99,2.08,2.36,-5.5,-5.79,-3.44,0.14,2.13,1.9,0.20160000026226,0.347600013017654,0.580399990081787,0.479200005531311,0.211799994111061,0.223199993371964,0.285400003194809,0.20160000026226,0.580399990081787,15.4967651367188,8.91290283203125,48.8446044921875,0.842253684997559,8.25543308258057,715.739990234375,41.2299995422363,-0.270000010728836,25.6000003814697,48.5699996948242,12705,8190,-56,63,3,8.47000026702881,18.9799995422363,4981.81982421875,127.110000610352,121.610000610352,-130,11,0.837400019168854,0.123499996960163,0,0,0.0171000007539988,0.0178999993950129,0,0,0,0,0.00410000002011657,1.10000002384186,12,25,2.70000004768372,4,6.40000009536743,31,41,49.0999984741211,16.7680568695068,12867.5,3835,21149.5,3.625,3.04999995231628,3.79999995231628,0.464999988675117,0.229999989271164,0.975000023841858,8.66262054443359,0,0,0,0,0,0,0,0,0,0,0,0,2.17322587966919,7.24285745620728,26.1235485076904,12.9549999237061,0,0,0,0,0,5.32709693908691,3.98699998855591,0.674838721752167,29760.07421875,35140.7734375,42014.16015625,49159.2265625,55297.05078125,58409.7734375,56705.6875,51144.9609375,44149.74609375,37018.2578125,30931.3828125,27977.8046875,NA,NA,NA,NA,NA,NA
8344,50.921,-114.527,1383.03466796875,3.5,14.9,-7.3,22.2,556,363,24.3,41,159,250,91,162,2.38,914,1141,5298,26,443,-39.9,35,602,14.3,142,125,53,-0.1,-0.7,3.7,9.5,15.5,19,23,22.9,17.9,10.6,3.7,-0.7,-12.2,-14,-9.1,-3.7,1.2,4.7,6.9,6.2,2.4,-2.7,-8.3,-12.4,-6.1,-7.3,-2.7,2.9,8.3,11.8,14.9,14.5,10.1,3.9,-2.3,-6.6,15,21,34,45,84,111,60,58,50,32,27,19,5.1,8.6,13.8,19.4,22.9,23.6,23.1,20.6,15.2,9.4,5.6,4.1,208,218,120,22,1,0,0,0,1,15,110,220,0,0,0,23,114,205,304,294,160,41,0,0,748,704,644,453,301,187,104,113,238,439,609,759,0,0,1,0,0,3,8,8,3,0,2,1,1,0,1,5,18,27,30,30,21,7,1,0,12,20,30,17,5,1,0,1,2,4,15,16,0,0,0,57,94,112,130,111,66,32,0,0,0,0,0,12,10,1,70,53,16,0,0,0,52,47,52,55,55,56,52,51,52,55,55,53,1.5,2.1,2.9,1.99,2.08,2.36,-5.5,-5.79,-3.44,0.14,2.13,1.9,0.20160000026226,0.347600013017654,0.580399990081787,0.479200005531311,0.211799994111061,0.223199993371964,0.285400003194809,0.20160000026226,0.580399990081787,15.4967651367188,8.91290283203125,48.8446044921875,0.842253684997559,8.25543308258057,715.739990234375,41.2299995422363,-0.270000010728836,25.6000003814697,48.5699996948242,12705,8190,-56,63,3,8.47000026702881,18.9799995422363,4981.81982421875,127.110000610352,121.610000610352,-130,11,0.837400019168854,0.123499996960163,0,0,0.0171000007539988,0.0178999993950129,0,0,0,0,0.00410000002011657,1.10000002384186,12,25,2.70000004768372,4,6.40000009536743,31,41,49.0999984741211,16.7680568695068,12867.5,3835,21149.5,3.625,3.04999995231628,3.79999995231628,0.464999988675117,0.229999989271164,0.975000023841858,8.66262054443359,0,0,0,0,0,0,0,0,0,0,0,0,2.17322587966919,7.24285745620728,26.1235485076904,12.9549999237061,0,0,0,0,0,5.32709693908691,3.98699998855591,0.674838721752167,29760.07421875,35140.7734375,42014.16015625,49159.2265625,55297.05078125,58409.7734375,56705.6875,51144.9609375,44149.74609375,37018.2578125,30931.3828125,27977.8046875,NA,NA,NA,NA,NA,NA
8345,50.921,-114.527,1383.03466796875,3.5,14.9,-7.3,22.2,556,363,24.3,41,159,250,91,162,2.38,914,1141,5298,26,443,-39.9,35,602,14.3,142,125,53,-0.1,-0.7,3.7,9.5,15.5,19,23,22.9,17.9,10.6,3.7,-0.7,-12.2,-14,-9.1,-3.7,1.2,4.7,6.9,6.2,2.4,-2.7,-8.3,-12.4,-6.1,-7.3,-2.7,2.9,8.3,11.8,14.9,14.5,10.1,3.9,-2.3,-6.6,15,21,34,45,84,111,60,58,50,32,27,19,5.1,8.6,13.8,19.4,22.9,23.6,23.1,20.6,15.2,9.4,5.6,4.1,208,218,120,22,1,0,0,0,1,15,110,220,0,0,0,23,114,205,304,294,160,41,0,0,748,704,644,453,301,187,104,113,238,439,609,759,0,0,1,0,0,3,8,8,3,0,2,1,1,0,1,5,18,27,30,30,21,7,1,0,12,20,30,17,5,1,0,1,2,4,15,16,0,0,0,57,94,112,130,111,66,32,0,0,0,0,0,12,10,1,70,53,16,0,0,0,52,47,52,55,55,56,52,51,52,55,55,53,1.5,2.1,2.9,1.99,2.08,2.36,-5.5,-5.79,-3.44,0.14,2.13,1.9,0.20160000026226,0.347600013017654,0.580399990081787,0.479200005531311,0.211799994111061,0.223199993371964,0.285400003194809,0.20160000026226,0.580399990081787,15.4967651367188,8.91290283203125,48.8446044921875,0.842253684997559,8.25543308258057,715.739990234375,41.2299995422363,-0.270000010728836,25.6000003814697,48.5699996948242,12705,8190,-56,63,3,8.47000026702881,18.9799995422363,4981.81982421875,127.110000610352,121.610000610352,-130,11,0.837400019168854,0.123499996960163,0,0,0.0171000007539988,0.0178999993950129,0,0,0,0,0.00410000002011657,1.10000002384186,12,25,2.70000004768372,4,6.40000009536743,31,41,49.0999984741211,16.7680568695068,12867.5,3835,21149.5,3.625,3.04999995231628,3.79999995231628,0.464999988675117,0.229999989271164,0.975000023841858,8.66262054443359,0,0,0,0,0,0,0,0,0,0,0,0,2.17322587966919,7.24285745620728,26.1235485076904,12.9549999237061,0,0,0,0,0,5.32709693908691,3.98699998855591,0.674838721752167,29760.07421875,35140.7734375,42014.16015625,49159.2265625,55297.05078125,58409.7734375,56705.6875,51144.9609375,44149.74609375,37018.2578125,30931.3828125,27977.8046875,NA,NA,NA,NA,NA,NA
8346,50.921,-114.527,1383.03466796875,3.5,14.9,-7.3,22.2,556,363,24.3,41,159,250,91,162,2.38,914,1141,5298,26,443,-39.9,35,602,14.3,142,125,53,-0.1,-0.7,3.7,9.5,15.5,19,23,22.9,17.9,10.6,3.7,-0.7,-12.2,-14,-9.1,-3.7,1.2,4.7,6.9,6.2,2.4,-2.7,-8.3,-12.4,-6.1,-7.3,-2.7,2.9,8.3,11.8,14.9,14.5,10.1,3.9,-2.3,-6.6,15,21,34,45,84,111,60,58,50,32,27,19,5.1,8.6,13.8,19.4,22.9,23.6,23.1,20.6,15.2,9.4,5.6,4.1,208,218,120,22,1,0,0,0,1,15,110,220,0,0,0,23,114,205,304,294,160,41,0,0,748,704,644,453,301,187,104,113,238,439,609,759,0,0,1,0,0,3,8,8,3,0,2,1,1,0,1,5,18,27,30,30,21,7,1,0,12,20,30,17,5,1,0,1,2,4,15,16,0,0,0,57,94,112,130,111,66,32,0,0,0,0,0,12,10,1,70,53,16,0,0,0,52,47,52,55,55,56,52,51,52,55,55,53,1.5,2.1,2.9,1.99,2.08,2.36,-5.5,-5.79,-3.44,0.14,2.13,1.9,0.20160000026226,0.347600013017654,0.580399990081787,0.479200005531311,0.211799994111061,0.223199993371964,0.285400003194809,0.20160000026226,0.580399990081787,15.4967651367188,8.91290283203125,48.8446044921875,0.842253684997559,8.25543308258057,715.739990234375,41.2299995422363,-0.270000010728836,25.6000003814697,48.5699996948242,12705,8190,-56,63,3,8.47000026702881,18.9799995422363,4981.81982421875,127.110000610352,121.610000610352,-130,11,0.837400019168854,0.123499996960163,0,0,0.0171000007539988,0.0178999993950129,0,0,0,0,0.00410000002011657,1.10000002384186,12,25,2.70000004768372,4,6.40000009536743,31,41,49.0999984741211,16.7680568695068,12867.5,3835,21149.5,3.625,3.04999995231628,3.79999995231628,0.464999988675117,0.229999989271164,0.975000023841858,8.66262054443359,0,0,0,0,0,0,0,0,0,0,0,0,2.17322587966919,7.24285745620728,26.1235485076904,12.9549999237061,0,0,0,0,0,5.32709693908691,3.98699998855591,0.674838721752167,29760.07421875,35140.7734375,42014.16015625,49159.2265625,55297.05078125,58409.7734375,56705.6875,51144.9609375,44149.74609375,37018.2578125,30931.3828125,27977.8046875,NA,NA,NA,NA,NA,NA
8347,50.921,-114.527,1383.03466796875,3.5,14.9,-7.3,22.2,556,363,24.3,41,159,250,91,162,2.38,914,1141,5298,26,443,-39.9,35,602,14.3,142,125,53,-0.1,-0.7,3.7,9.5,15.5,19,23,22.9,17.9,10.6,3.7,-0.7,-12.2,-14,-9.1,-3.7,1.2,4.7,6.9,6.2,2.4,-2.7,-8.3,-12.4,-6.1,-7.3,-2.7,2.9,8.3,11.8,14.9,14.5,10.1,3.9,-2.3,-6.6,15,21,34,45,84,111,60,58,50,32,27,19,5.1,8.6,13.8,19.4,22.9,23.6,23.1,20.6,15.2,9.4,5.6,4.1,208,218,120,22,1,0,0,0,1,15,110,220,0,0,0,23,114,205,304,294,160,41,0,0,748,704,644,453,301,187,104,113,238,439,609,759,0,0,1,0,0,3,8,8,3,0,2,1,1,0,1,5,18,27,30,30,21,7,1,0,12,20,30,17,5,1,0,1,2,4,15,16,0,0,0,57,94,112,130,111,66,32,0,0,0,0,0,12,10,1,70,53,16,0,0,0,52,47,52,55,55,56,52,51,52,55,55,53,1.5,2.1,2.9,1.99,2.08,2.36,-5.5,-5.79,-3.44,0.14,2.13,1.9,0.20160000026226,0.347600013017654,0.580399990081787,0.479200005531311,0.211799994111061,0.223199993371964,0.285400003194809,0.20160000026226,0.580399990081787,15.4967651367188,8.91290283203125,48.8446044921875,0.842253684997559,8.25543308258057,715.739990234375,41.2299995422363,-0.270000010728836,25.6000003814697,48.5699996948242,12705,8190,-56,63,3,8.47000026702881,18.9799995422363,4981.81982421875,127.110000610352,121.610000610352,-130,11,0.837400019168854,0.123499996960163,0,0,0.0171000007539988,0.0178999993950129,0,0,0,0,0.00410000002011657,1.10000002384186,12,25,2.70000004768372,4,6.40000009536743,31,41,49.0999984741211,16.7680568695068,12867.5,3835,21149.5,3.625,3.04999995231628,3.79999995231628,0.464999988675117,0.229999989271164,0.975000023841858,8.66262054443359,0,0,0,0,0,0,0,0,0,0,0,0,2.17322587966919,7.24285745620728,26.1235485076904,12.9549999237061,0,0,0,0,0,5.32709693908691,3.98699998855591,0.674838721752167,29760.07421875,35140.7734375,42014.16015625,49159.2265625,55297.05078125,58409.7734375,56705.6875,51144.9609375,44149.74609375,37018.2578125,30931.3828125,27977.8046875,NA,NA,NA,NA,NA,NA
8348,50.921,-114.527,1383.03466796875,3.5,14.9,-7.3,22.2,556,363,24.3,41,159,250,91,162,2.38,914,1141,5298,26,443,-39.9,35,602,14.3,142,125,53,-0.1,-0.7,3.7,9.5,15.5,19,23,22.9,17.9,10.6,3.7,-0.7,-12.2,-14,-9.1,-3.7,1.2,4.7,6.9,6.2,2.4,-2.7,-8.3,-12.4,-6.1,-7.3,-2.7,2.9,8.3,11.8,14.9,14.5,10.1,3.9,-2.3,-6.6,15,21,34,45,84,111,60,58,50,32,27,19,5.1,8.6,13.8,19.4,22.9,23.6,23.1,20.6,15.2,9.4,5.6,4.1,208,218,120,22,1,0,0,0,1,15,110,220,0,0,0,23,114,205,304,294,160,41,0,0,748,704,644,453,301,187,104,113,238,439,609,759,0,0,1,0,0,3,8,8,3,0,2,1,1,0,1,5,18,27,30,30,21,7,1,0,12,20,30,17,5,1,0,1,2,4,15,16,0,0,0,57,94,112,130,111,66,32,0,0,0,0,0,12,10,1,70,53,16,0,0,0,52,47,52,55,55,56,52,51,52,55,55,53,1.5,2.1,2.9,1.99,2.08,2.36,-5.5,-5.79,-3.44,0.14,2.13,1.9,0.20160000026226,0.347600013017654,0.580399990081787,0.479200005531311,0.211799994111061,0.223199993371964,0.285400003194809,0.20160000026226,0.580399990081787,15.4967651367188,8.91290283203125,48.8446044921875,0.842253684997559,8.25543308258057,715.739990234375,41.2299995422363,-0.270000010728836,25.6000003814697,48.5699996948242,12705,8190,-56,63,3,8.47000026702881,18.9799995422363,4981.81982421875,127.110000610352,121.610000610352,-130,11,0.837400019168854,0.123499996960163,0,0,0.0171000007539988,0.0178999993950129,0,0,0,0,0.00410000002011657,1.10000002384186,12,25,2.70000004768372,4,6.40000009536743,31,41,49.0999984741211,16.7680568695068,12867.5,3835,21149.5,3.625,3.04999995231628,3.79999995231628,0.464999988675117,0.229999989271164,0.975000023841858,8.66262054443359,0,0,0,0,0,0,0,0,0,0,0,0,2.17322587966919,7.24285745620728,26.1235485076904,12.9549999237061,0,0,0,0,0,5.32709693908691,3.98699998855591,0.674838721752167,29760.07421875,35140.7734375,42014.16015625,49159.2265625,55297.05078125,58409.7734375,56705.6875,51144.9609375,44149.74609375,37018.2578125,30931.3828125,27977.8046875,NA,NA,NA,NA,NA,NA
8349,50.921,-114.527,1383.03466796875,3.5,14.9,-7.3,22.2,556,363,24.3,41,159,250,91,162,2.38,914,1141,5298,26,443,-39.9,35,602,14.3,142,125,53,-0.1,-0.7,3.7,9.5,15.5,19,23,22.9,17.9,10.6,3.7,-0.7,-12.2,-14,-9.1,-3.7,1.2,4.7,6.9,6.2,2.4,-2.7,-8.3,-12.4,-6.1,-7.3,-2.7,2.9,8.3,11.8,14.9,14.5,10.1,3.9,-2.3,-6.6,15,21,34,45,84,111,60,58,50,32,27,19,5.1,8.6,13.8,19.4,22.9,23.6,23.1,20.6,15.2,9.4,5.6,4.1,208,218,120,22,1,0,0,0,1,15,110,220,0,0,0,23,114,205,304,294,160,41,0,0,748,704,644,453,301,187,104,113,238,439,609,759,0,0,1,0,0,3,8,8,3,0,2,1,1,0,1,5,18,27,30,30,21,7,1,0,12,20,30,17,5,1,0,1,2,4,15,16,0,0,0,57,94,112,130,111,66,32,0,0,0,0,0,12,10,1,70,53,16,0,0,0,52,47,52,55,55,56,52,51,52,55,55,53,1.5,2.1,2.9,1.99,2.08,2.36,-5.5,-5.79,-3.44,0.14,2.13,1.9,0.20160000026226,0.347600013017654,0.580399990081787,0.479200005531311,0.211799994111061,0.223199993371964,0.285400003194809,0.20160000026226,0.580399990081787,15.4967651367188,8.91290283203125,48.8446044921875,0.842253684997559,8.25543308258057,715.739990234375,41.2299995422363,-0.270000010728836,25.6000003814697,48.5699996948242,12705,8190,-56,63,3,8.47000026702881,18.9799995422363,4981.81982421875,127.110000610352,121.610000610352,-130,11,0.837400019168854,0.123499996960163,0,0,0.0171000007539988,0.0178999993950129,0,0,0,0,0.00410000002011657,1.10000002384186,12,25,2.70000004768372,4,6.40000009536743,31,41,49.0999984741211,16.7680568695068,12867.5,3835,21149.5,3.625,3.04999995231628,3.79999995231628,0.464999988675117,0.229999989271164,0.975000023841858,8.66262054443359,0,0,0,0,0,0,0,0,0,0,0,0,2.17322587966919,7.24285745620728,26.1235485076904,12.9549999237061,0,0,0,0,0,5.32709693908691,3.98699998855591,0.674838721752167,29760.07421875,35140.7734375,42014.16015625,49159.2265625,55297.05078125,58409.7734375,56705.6875,51144.9609375,44149.74609375,37018.2578125,30931.3828125,27977.8046875,NA,NA,NA,NA,NA,NA
8350,50.921,-114.527,1383.03466796875,3.5,14.9,-7.3,22.2,556,363,24.3,41,159,250,91,162,2.38,914,1141,5298,26,443,-39.9,35,602,14.3,142,125,53,-0.1,-0.7,3.7,9.5,15.5,19,23,22.9,17.9,10.6,3.7,-0.7,-12.2,-14,-9.1,-3.7,1.2,4.7,6.9,6.2,2.4,-2.7,-8.3,-12.4,-6.1,-7.3,-2.7,2.9,8.3,11.8,14.9,14.5,10.1,3.9,-2.3,-6.6,15,21,34,45,84,111,60,58,50,32,27,19,5.1,8.6,13.8,19.4,22.9,23.6,23.1,20.6,15.2,9.4,5.6,4.1,208,218,120,22,1,0,0,0,1,15,110,220,0,0,0,23,114,205,304,294,160,41,0,0,748,704,644,453,301,187,104,113,238,439,609,759,0,0,1,0,0,3,8,8,3,0,2,1,1,0,1,5,18,27,30,30,21,7,1,0,12,20,30,17,5,1,0,1,2,4,15,16,0,0,0,57,94,112,130,111,66,32,0,0,0,0,0,12,10,1,70,53,16,0,0,0,52,47,52,55,55,56,52,51,52,55,55,53,1.5,2.1,2.9,1.99,2.08,2.36,-5.5,-5.79,-3.44,0.14,2.13,1.9,0.20160000026226,0.347600013017654,0.580399990081787,0.479200005531311,0.211799994111061,0.223199993371964,0.285400003194809,0.20160000026226,0.580399990081787,15.4967651367188,8.91290283203125,48.8446044921875,0.842253684997559,8.25543308258057,715.739990234375,41.2299995422363,-0.270000010728836,25.6000003814697,48.5699996948242,12705,8190,-56,63,3,8.47000026702881,18.9799995422363,4981.81982421875,127.110000610352,121.610000610352,-130,11,0.837400019168854,0.123499996960163,0,0,0.0171000007539988,0.0178999993950129,0,0,0,0,0.00410000002011657,1.10000002384186,12,25,2.70000004768372,4,6.40000009536743,31,41,49.0999984741211,16.7680568695068,12867.5,3835,21149.5,3.625,3.04999995231628,3.79999995231628,0.464999988675117,0.229999989271164,0.975000023841858,8.66262054443359,0,0,0,0,0,0,0,0,0,0,0,0,2.17322587966919,7.24285745620728,26.1235485076904,12.9549999237061,0,0,0,0,0,5.32709693908691,3.98699998855591,0.674838721752167,29760.07421875,35140.7734375,42014.16015625,49159.2265625,55297.05078125,58409.7734375,56705.6875,51144.9609375,44149.74609375,37018.2578125,30931.3828125,27977.8046875,NA,NA,NA,NA,NA,NA
8351,50.921,-114.527,1383.03466796875,3.5,14.9,-7.3,22.2,556,363,24.3,41,159,250,91,162,2.38,914,1141,5298,26,443,-39.9,35,602,14.3,142,125,53,-0.1,-0.7,3.7,9.5,15.5,19,23,22.9,17.9,10.6,3.7,-0.7,-12.2,-14,-9.1,-3.7,1.2,4.7,6.9,6.2,2.4,-2.7,-8.3,-12.4,-6.1,-7.3,-2.7,2.9,8.3,11.8,14.9,14.5,10.1,3.9,-2.3,-6.6,15,21,34,45,84,111,60,58,50,32,27,19,5.1,8.6,13.8,19.4,22.9,23.6,23.1,20.6,15.2,9.4,5.6,4.1,208,218,120,22,1,0,0,0,1,15,110,220,0,0,0,23,114,205,304,294,160,41,0,0,748,704,644,453,301,187,104,113,238,439,609,759,0,0,1,0,0,3,8,8,3,0,2,1,1,0,1,5,18,27,30,30,21,7,1,0,12,20,30,17,5,1,0,1,2,4,15,16,0,0,0,57,94,112,130,111,66,32,0,0,0,0,0,12,10,1,70,53,16,0,0,0,52,47,52,55,55,56,52,51,52,55,55,53,1.5,2.1,2.9,1.99,2.08,2.36,-5.5,-5.79,-3.44,0.14,2.13,1.9,0.20160000026226,0.347600013017654,0.580399990081787,0.479200005531311,0.211799994111061,0.223199993371964,0.285400003194809,0.20160000026226,0.580399990081787,15.4967651367188,8.91290283203125,48.8446044921875,0.842253684997559,8.25543308258057,715.739990234375,41.2299995422363,-0.270000010728836,25.6000003814697,48.5699996948242,12705,8190,-56,63,3,8.47000026702881,18.9799995422363,4981.81982421875,127.110000610352,121.610000610352,-130,11,0.837400019168854,0.123499996960163,0,0,0.0171000007539988,0.0178999993950129,0,0,0,0,0.00410000002011657,1.10000002384186,12,25,2.70000004768372,4,6.40000009536743,31,41,49.0999984741211,16.7680568695068,12867.5,3835,21149.5,3.625,3.04999995231628,3.79999995231628,0.464999988675117,0.229999989271164,0.975000023841858,8.66262054443359,0,0,0,0,0,0,0,0,0,0,0,0,2.17322587966919,7.24285745620728,26.1235485076904,12.9549999237061,0,0,0,0,0,5.32709693908691,3.98699998855591,0.674838721752167,29760.07421875,35140.7734375,42014.16015625,49159.2265625,55297.05078125,58409.7734375,56705.6875,51144.9609375,44149.74609375,37018.2578125,30931.3828125,27977.8046875,NA,NA,NA,NA,NA,NA
8352,50.921,-114.527,1383.03466796875,3.5,14.9,-7.3,22.2,556,363,24.3,41,159,250,91,162,2.38,914,1141,5298,26,443,-39.9,35,602,14.3,142,125,53,-0.1,-0.7,3.7,9.5,15.5,19,23,22.9,17.9,10.6,3.7,-0.7,-12.2,-14,-9.1,-3.7,1.2,4.7,6.9,6.2,2.4,-2.7,-8.3,-12.4,-6.1,-7.3,-2.7,2.9,8.3,11.8,14.9,14.5,10.1,3.9,-2.3,-6.6,15,21,34,45,84,111,60,58,50,32,27,19,5.1,8.6,13.8,19.4,22.9,23.6,23.1,20.6,15.2,9.4,5.6,4.1,208,218,120,22,1,0,0,0,1,15,110,220,0,0,0,23,114,205,304,294,160,41,0,0,748,704,644,453,301,187,104,113,238,439,609,759,0,0,1,0,0,3,8,8,3,0,2,1,1,0,1,5,18,27,30,30,21,7,1,0,12,20,30,17,5,1,0,1,2,4,15,16,0,0,0,57,94,112,130,111,66,32,0,0,0,0,0,12,10,1,70,53,16,0,0,0,52,47,52,55,55,56,52,51,52,55,55,53,1.5,2.1,2.9,1.99,2.08,2.36,-5.5,-5.79,-3.44,0.14,2.13,1.9,0.20160000026226,0.347600013017654,0.580399990081787,0.479200005531311,0.211799994111061,0.223199993371964,0.285400003194809,0.20160000026226,0.580399990081787,15.4967651367188,8.91290283203125,48.8446044921875,0.842253684997559,8.25543308258057,715.739990234375,41.2299995422363,-0.270000010728836,25.6000003814697,48.5699996948242,12705,8190,-56,63,3,8.47000026702881,18.9799995422363,4981.81982421875,127.110000610352,121.610000610352,-130,11,0.837400019168854,0.123499996960163,0,0,0.0171000007539988,0.0178999993950129,0,0,0,0,0.00410000002011657,1.10000002384186,12,25,2.70000004768372,4,6.40000009536743,31,41,49.0999984741211,16.7680568695068,12867.5,3835,21149.5,3.625,3.04999995231628,3.79999995231628,0.464999988675117,0.229999989271164,0.975000023841858,8.66262054443359,0,0,0,0,0,0,0,0,0,0,0,0,2.17322587966919,7.24285745620728,26.1235485076904,12.9549999237061,0,0,0,0,0,5.32709693908691,3.98699998855591,0.674838721752167,29760.07421875,35140.7734375,42014.16015625,49159.2265625,55297.05078125,58409.7734375,56705.6875,51144.9609375,44149.74609375,37018.2578125,30931.3828125,27977.8046875,NA,NA,NA,NA,NA,NA
8353,50.921,-114.527,1383.03466796875,3.5,14.9,-7.3,22.2,556,363,24.3,41,159,250,91,162,2.38,914,1141,5298,26,443,-39.9,35,602,14.3,142,125,53,-0.1,-0.7,3.7,9.5,15.5,19,23,22.9,17.9,10.6,3.7,-0.7,-12.2,-14,-9.1,-3.7,1.2,4.7,6.9,6.2,2.4,-2.7,-8.3,-12.4,-6.1,-7.3,-2.7,2.9,8.3,11.8,14.9,14.5,10.1,3.9,-2.3,-6.6,15,21,34,45,84,111,60,58,50,32,27,19,5.1,8.6,13.8,19.4,22.9,23.6,23.1,20.6,15.2,9.4,5.6,4.1,208,218,120,22,1,0,0,0,1,15,110,220,0,0,0,23,114,205,304,294,160,41,0,0,748,704,644,453,301,187,104,113,238,439,609,759,0,0,1,0,0,3,8,8,3,0,2,1,1,0,1,5,18,27,30,30,21,7,1,0,12,20,30,17,5,1,0,1,2,4,15,16,0,0,0,57,94,112,130,111,66,32,0,0,0,0,0,12,10,1,70,53,16,0,0,0,52,47,52,55,55,56,52,51,52,55,55,53,1.5,2.1,2.9,1.99,2.08,2.36,-5.5,-5.79,-3.44,0.14,2.13,1.9,0.20160000026226,0.347600013017654,0.580399990081787,0.479200005531311,0.211799994111061,0.223199993371964,0.285400003194809,0.20160000026226,0.580399990081787,15.4967651367188,8.91290283203125,48.8446044921875,0.842253684997559,8.25543308258057,715.739990234375,41.2299995422363,-0.270000010728836,25.6000003814697,48.5699996948242,12705,8190,-56,63,3,8.47000026702881,18.9799995422363,4981.81982421875,127.110000610352,121.610000610352,-130,11,0.837400019168854,0.123499996960163,0,0,0.0171000007539988,0.0178999993950129,0,0,0,0,0.00410000002011657,1.10000002384186,12,25,2.70000004768372,4,6.40000009536743,31,41,49.0999984741211,16.7680568695068,12867.5,3835,21149.5,3.625,3.04999995231628,3.79999995231628,0.464999988675117,0.229999989271164,0.975000023841858,8.66262054443359,0,0,0,0,0,0,0,0,0,0,0,0,2.17322587966919,7.24285745620728,26.1235485076904,12.9549999237061,0,0,0,0,0,5.32709693908691,3.98699998855591,0.674838721752167,29760.07421875,35140.7734375,42014.16015625,49159.2265625,55297.05078125,58409.7734375,56705.6875,51144.9609375,44149.74609375,37018.2578125,30931.3828125,27977.8046875,NA,NA,NA,NA,NA,NA
8354,50.921,-114.527,1383.03466796875,3.5,14.9,-7.3,22.2,556,363,24.3,41,159,250,91,162,2.38,914,1141,5298,26,443,-39.9,35,602,14.3,142,125,53,-0.1,-0.7,3.7,9.5,15.5,19,23,22.9,17.9,10.6,3.7,-0.7,-12.2,-14,-9.1,-3.7,1.2,4.7,6.9,6.2,2.4,-2.7,-8.3,-12.4,-6.1,-7.3,-2.7,2.9,8.3,11.8,14.9,14.5,10.1,3.9,-2.3,-6.6,15,21,34,45,84,111,60,58,50,32,27,19,5.1,8.6,13.8,19.4,22.9,23.6,23.1,20.6,15.2,9.4,5.6,4.1,208,218,120,22,1,0,0,0,1,15,110,220,0,0,0,23,114,205,304,294,160,41,0,0,748,704,644,453,301,187,104,113,238,439,609,759,0,0,1,0,0,3,8,8,3,0,2,1,1,0,1,5,18,27,30,30,21,7,1,0,12,20,30,17,5,1,0,1,2,4,15,16,0,0,0,57,94,112,130,111,66,32,0,0,0,0,0,12,10,1,70,53,16,0,0,0,52,47,52,55,55,56,52,51,52,55,55,53,1.5,2.1,2.9,1.99,2.08,2.36,-5.5,-5.79,-3.44,0.14,2.13,1.9,0.20160000026226,0.347600013017654,0.580399990081787,0.479200005531311,0.211799994111061,0.223199993371964,0.285400003194809,0.20160000026226,0.580399990081787,15.4967651367188,8.91290283203125,48.8446044921875,0.842253684997559,8.25543308258057,715.739990234375,41.2299995422363,-0.270000010728836,25.6000003814697,48.5699996948242,12705,8190,-56,63,3,8.47000026702881,18.9799995422363,4981.81982421875,127.110000610352,121.610000610352,-130,11,0.837400019168854,0.123499996960163,0,0,0.0171000007539988,0.0178999993950129,0,0,0,0,0.00410000002011657,1.10000002384186,12,25,2.70000004768372,4,6.40000009536743,31,41,49.0999984741211,16.7680568695068,12867.5,3835,21149.5,3.625,3.04999995231628,3.79999995231628,0.464999988675117,0.229999989271164,0.975000023841858,8.66262054443359,0,0,0,0,0,0,0,0,0,0,0,0,2.17322587966919,7.24285745620728,26.1235485076904,12.9549999237061,0,0,0,0,0,5.32709693908691,3.98699998855591,0.674838721752167,29760.07421875,35140.7734375,42014.16015625,49159.2265625,55297.05078125,58409.7734375,56705.6875,51144.9609375,44149.74609375,37018.2578125,30931.3828125,27977.8046875,NA,NA,NA,NA,NA,NA
8355,50.921,-114.527,1383.03466796875,3.5,14.9,-7.3,22.2,556,363,24.3,41,159,250,91,162,2.38,914,1141,5298,26,443,-39.9,35,602,14.3,142,125,53,-0.1,-0.7,3.7,9.5,15.5,19,23,22.9,17.9,10.6,3.7,-0.7,-12.2,-14,-9.1,-3.7,1.2,4.7,6.9,6.2,2.4,-2.7,-8.3,-12.4,-6.1,-7.3,-2.7,2.9,8.3,11.8,14.9,14.5,10.1,3.9,-2.3,-6.6,15,21,34,45,84,111,60,58,50,32,27,19,5.1,8.6,13.8,19.4,22.9,23.6,23.1,20.6,15.2,9.4,5.6,4.1,208,218,120,22,1,0,0,0,1,15,110,220,0,0,0,23,114,205,304,294,160,41,0,0,748,704,644,453,301,187,104,113,238,439,609,759,0,0,1,0,0,3,8,8,3,0,2,1,1,0,1,5,18,27,30,30,21,7,1,0,12,20,30,17,5,1,0,1,2,4,15,16,0,0,0,57,94,112,130,111,66,32,0,0,0,0,0,12,10,1,70,53,16,0,0,0,52,47,52,55,55,56,52,51,52,55,55,53,1.5,2.1,2.9,1.99,2.08,2.36,-5.5,-5.79,-3.44,0.14,2.13,1.9,0.20160000026226,0.347600013017654,0.580399990081787,0.479200005531311,0.211799994111061,0.223199993371964,0.285400003194809,0.20160000026226,0.580399990081787,15.4967651367188,8.91290283203125,48.8446044921875,0.842253684997559,8.25543308258057,715.739990234375,41.2299995422363,-0.270000010728836,25.6000003814697,48.5699996948242,12705,8190,-56,63,3,8.47000026702881,18.9799995422363,4981.81982421875,127.110000610352,121.610000610352,-130,11,0.837400019168854,0.123499996960163,0,0,0.0171000007539988,0.0178999993950129,0,0,0,0,0.00410000002011657,1.10000002384186,12,25,2.70000004768372,4,6.40000009536743,31,41,49.0999984741211,16.7680568695068,12867.5,3835,21149.5,3.625,3.04999995231628,3.79999995231628,0.464999988675117,0.229999989271164,0.975000023841858,8.66262054443359,0,0,0,0,0,0,0,0,0,0,0,0,2.17322587966919,7.24285745620728,26.1235485076904,12.9549999237061,0,0,0,0,0,5.32709693908691,3.98699998855591,0.674838721752167,29760.07421875,35140.7734375,42014.16015625,49159.2265625,55297.05078125,58409.7734375,56705.6875,51144.9609375,44149.74609375,37018.2578125,30931.3828125,27977.8046875,NA,NA,NA,NA,NA,NA
8356,50.921,-114.527,1383.03466796875,3.5,14.9,-7.3,22.2,556,363,24.3,41,159,250,91,162,2.38,914,1141,5298,26,443,-39.9,35,602,14.3,142,125,53,-0.1,-0.7,3.7,9.5,15.5,19,23,22.9,17.9,10.6,3.7,-0.7,-12.2,-14,-9.1,-3.7,1.2,4.7,6.9,6.2,2.4,-2.7,-8.3,-12.4,-6.1,-7.3,-2.7,2.9,8.3,11.8,14.9,14.5,10.1,3.9,-2.3,-6.6,15,21,34,45,84,111,60,58,50,32,27,19,5.1,8.6,13.8,19.4,22.9,23.6,23.1,20.6,15.2,9.4,5.6,4.1,208,218,120,22,1,0,0,0,1,15,110,220,0,0,0,23,114,205,304,294,160,41,0,0,748,704,644,453,301,187,104,113,238,439,609,759,0,0,1,0,0,3,8,8,3,0,2,1,1,0,1,5,18,27,30,30,21,7,1,0,12,20,30,17,5,1,0,1,2,4,15,16,0,0,0,57,94,112,130,111,66,32,0,0,0,0,0,12,10,1,70,53,16,0,0,0,52,47,52,55,55,56,52,51,52,55,55,53,1.5,2.1,2.9,1.99,2.08,2.36,-5.5,-5.79,-3.44,0.14,2.13,1.9,0.20160000026226,0.347600013017654,0.580399990081787,0.479200005531311,0.211799994111061,0.223199993371964,0.285400003194809,0.20160000026226,0.580399990081787,15.4967651367188,8.91290283203125,48.8446044921875,0.842253684997559,8.25543308258057,715.739990234375,41.2299995422363,-0.270000010728836,25.6000003814697,48.5699996948242,12705,8190,-56,63,3,8.47000026702881,18.9799995422363,4981.81982421875,127.110000610352,121.610000610352,-130,11,0.837400019168854,0.123499996960163,0,0,0.0171000007539988,0.0178999993950129,0,0,0,0,0.00410000002011657,1.10000002384186,12,25,2.70000004768372,4,6.40000009536743,31,41,49.0999984741211,16.7680568695068,12867.5,3835,21149.5,3.625,3.04999995231628,3.79999995231628,0.464999988675117,0.229999989271164,0.975000023841858,8.66262054443359,0,0,0,0,0,0,0,0,0,0,0,0,2.17322587966919,7.24285745620728,26.1235485076904,12.9549999237061,0,0,0,0,0,5.32709693908691,3.98699998855591,0.674838721752167,29760.07421875,35140.7734375,42014.16015625,49159.2265625,55297.05078125,58409.7734375,56705.6875,51144.9609375,44149.74609375,37018.2578125,30931.3828125,27977.8046875,NA,NA,NA,NA,NA,NA
8357,50.921,-114.527,1383.03466796875,3.5,14.9,-7.3,22.2,556,363,24.3,41,159,250,91,162,2.38,914,1141,5298,26,443,-39.9,35,602,14.3,142,125,53,-0.1,-0.7,3.7,9.5,15.5,19,23,22.9,17.9,10.6,3.7,-0.7,-12.2,-14,-9.1,-3.7,1.2,4.7,6.9,6.2,2.4,-2.7,-8.3,-12.4,-6.1,-7.3,-2.7,2.9,8.3,11.8,14.9,14.5,10.1,3.9,-2.3,-6.6,15,21,34,45,84,111,60,58,50,32,27,19,5.1,8.6,13.8,19.4,22.9,23.6,23.1,20.6,15.2,9.4,5.6,4.1,208,218,120,22,1,0,0,0,1,15,110,220,0,0,0,23,114,205,304,294,160,41,0,0,748,704,644,453,301,187,104,113,238,439,609,759,0,0,1,0,0,3,8,8,3,0,2,1,1,0,1,5,18,27,30,30,21,7,1,0,12,20,30,17,5,1,0,1,2,4,15,16,0,0,0,57,94,112,130,111,66,32,0,0,0,0,0,12,10,1,70,53,16,0,0,0,52,47,52,55,55,56,52,51,52,55,55,53,1.5,2.1,2.9,1.99,2.08,2.36,-5.5,-5.79,-3.44,0.14,2.13,1.9,0.20160000026226,0.347600013017654,0.580399990081787,0.479200005531311,0.211799994111061,0.223199993371964,0.285400003194809,0.20160000026226,0.580399990081787,15.4967651367188,8.91290283203125,48.8446044921875,0.842253684997559,8.25543308258057,715.739990234375,41.2299995422363,-0.270000010728836,25.6000003814697,48.5699996948242,12705,8190,-56,63,3,8.47000026702881,18.9799995422363,4981.81982421875,127.110000610352,121.610000610352,-130,11,0.837400019168854,0.123499996960163,0,0,0.0171000007539988,0.0178999993950129,0,0,0,0,0.00410000002011657,1.10000002384186,12,25,2.70000004768372,4,6.40000009536743,31,41,49.0999984741211,16.7680568695068,12867.5,3835,21149.5,3.625,3.04999995231628,3.79999995231628,0.464999988675117,0.229999989271164,0.975000023841858,8.66262054443359,0,0,0,0,0,0,0,0,0,0,0,0,2.17322587966919,7.24285745620728,26.1235485076904,12.9549999237061,0,0,0,0,0,5.32709693908691,3.98699998855591,0.674838721752167,29760.07421875,35140.7734375,42014.16015625,49159.2265625,55297.05078125,58409.7734375,56705.6875,51144.9609375,44149.74609375,37018.2578125,30931.3828125,27977.8046875,NA,NA,NA,NA,NA,NA
8358,53.071,-114.078,855.8798828125,3.2,16.4,-9.8,26.2,520,356,25.4,46.1,142,257,115,161,3.84,1171,1375,5402,48,615,-41.6,34.4,568,13,158,117,58,-2.8,-3.7,1.1,9.7,17.7,20.3,22.8,22.3,17.3,9.3,0.7,-3.4,-13.7,-15.8,-10.2,-2.5,3.4,7.8,9.9,8.7,3.9,-2.2,-9.7,-13.8,-8.2,-9.8,-4.6,3.6,10.5,14.1,16.4,15.5,10.6,3.6,-4.5,-8.6,22,20,25,28,57,91,107,59,42,23,29,17,4.1,7.5,12.6,18.3,22.1,22.4,21.6,18.8,13.5,7.7,4.2,3,260,271,169,18,0,0,0,0,1,17,163,273,0,0,0,33,177,273,354,327,174,38,0,0,812,774,703,432,231,126,66,91,223,448,675,821,0,0,1,0,2,9,17,13,4,0,2,0,0,0,1,7,25,29,31,31,24,9,1,0,20,20,24,8,1,0,0,0,2,4,22,16,0,0,0,54,99,111,119,100,59,26,0,0,0,0,0,26,42,20,12,41,17,3,0,0,55,50,55,58,56,62,61,59,58,61,58,57,2.2,2,2.43,0.26,-1.95,0.64,0.83,-3.89,-3.09,-0.11,2.82,1.7,NA,NA,NA,NA,NA,NA,NA,NA,NA,5.25833892822266,-0.213127136230469,15.0341796875,0.802113771438599,11.5524969100952,740.409973144531,41.5400009155273,-0.330000013113022,29.2000007629395,41.4300003051758,14868,9412.5,-62,84,3,5.57000017166138,35.0699996948242,5397.52001953125,132.190002441406,132.190002441406,-103,8,0.558799982070923,0.000300000014249235,0,0,0.0119000002741814,0.0111999996006489,0,0.417800009250641,0,0,0,NA,NA,11,NA,NA,NA,NA,NA,NA,16.0740356445312,12434.25,3310.5,21327.5,3.27499997615814,2.95000004768372,3.55000019073486,0.537499994039536,0.219999998807907,1.1800000667572,12.2970237731934,0,0,0,0,0,0,0,0,0,0,0,0,0.565806448459625,11.9614286422729,22.2435474395752,9.4593334197998,0,0,0,0,0,2.26709675788879,1.27866661548615,1.25096774101257,28550.474609375,34458.2890625,41916.80078125,49656.6171875,56366.2421875,59816.3359375,57922.3515625,51817.6484375,44227.66796875,36501.38671875,29844.90625,26569.8046875,NA,NA,NA,NA,NA,NA
8359,50.921,-114.527,1383.03466796875,3.5,14.9,-7.3,22.2,556,363,24.3,41,159,250,91,162,2.38,914,1141,5298,26,443,-39.9,35,602,14.3,142,125,53,-0.1,-0.7,3.7,9.5,15.5,19,23,22.9,17.9,10.6,3.7,-0.7,-12.2,-14,-9.1,-3.7,1.2,4.7,6.9,6.2,2.4,-2.7,-8.3,-12.4,-6.1,-7.3,-2.7,2.9,8.3,11.8,14.9,14.5,10.1,3.9,-2.3,-6.6,15,21,34,45,84,111,60,58,50,32,27,19,5.1,8.6,13.8,19.4,22.9,23.6,23.1,20.6,15.2,9.4,5.6,4.1,208,218,120,22,1,0,0,0,1,15,110,220,0,0,0,23,114,205,304,294,160,41,0,0,748,704,644,453,301,187,104,113,238,439,609,759,0,0,1,0,0,3,8,8,3,0,2,1,1,0,1,5,18,27,30,30,21,7,1,0,12,20,30,17,5,1,0,1,2,4,15,16,0,0,0,57,94,112,130,111,66,32,0,0,0,0,0,12,10,1,70,53,16,0,0,0,52,47,52,55,55,56,52,51,52,55,55,53,1.5,2.1,2.9,1.99,2.08,2.36,-5.5,-5.79,-3.44,0.14,2.13,1.9,0.20160000026226,0.347600013017654,0.580399990081787,0.479200005531311,0.211799994111061,0.223199993371964,0.285400003194809,0.20160000026226,0.580399990081787,15.4967651367188,8.91290283203125,48.8446044921875,0.842253684997559,8.25543308258057,715.739990234375,41.2299995422363,-0.270000010728836,25.6000003814697,48.5699996948242,12705,8190,-56,63,3,8.47000026702881,18.9799995422363,4981.81982421875,127.110000610352,121.610000610352,-130,11,0.837400019168854,0.123499996960163,0,0,0.0171000007539988,0.0178999993950129,0,0,0,0,0.00410000002011657,1.10000002384186,12,25,2.70000004768372,4,6.40000009536743,31,41,49.0999984741211,16.7680568695068,12867.5,3835,21149.5,3.625,3.04999995231628,3.79999995231628,0.464999988675117,0.229999989271164,0.975000023841858,8.66262054443359,0,0,0,0,0,0,0,0,0,0,0,0,2.17322587966919,7.24285745620728,26.1235485076904,12.9549999237061,0,0,0,0,0,5.32709693908691,3.98699998855591,0.674838721752167,29760.07421875,35140.7734375,42014.16015625,49159.2265625,55297.05078125,58409.7734375,56705.6875,51144.9609375,44149.74609375,37018.2578125,30931.3828125,27977.8046875,NA,NA,NA,NA,NA,NA
8360,50.921,-114.527,1383.03466796875,3.5,14.9,-7.3,22.2,556,363,24.3,41,159,250,91,162,2.38,914,1141,5298,26,443,-39.9,35,602,14.3,142,125,53,-0.1,-0.7,3.7,9.5,15.5,19,23,22.9,17.9,10.6,3.7,-0.7,-12.2,-14,-9.1,-3.7,1.2,4.7,6.9,6.2,2.4,-2.7,-8.3,-12.4,-6.1,-7.3,-2.7,2.9,8.3,11.8,14.9,14.5,10.1,3.9,-2.3,-6.6,15,21,34,45,84,111,60,58,50,32,27,19,5.1,8.6,13.8,19.4,22.9,23.6,23.1,20.6,15.2,9.4,5.6,4.1,208,218,120,22,1,0,0,0,1,15,110,220,0,0,0,23,114,205,304,294,160,41,0,0,748,704,644,453,301,187,104,113,238,439,609,759,0,0,1,0,0,3,8,8,3,0,2,1,1,0,1,5,18,27,30,30,21,7,1,0,12,20,30,17,5,1,0,1,2,4,15,16,0,0,0,57,94,112,130,111,66,32,0,0,0,0,0,12,10,1,70,53,16,0,0,0,52,47,52,55,55,56,52,51,52,55,55,53,1.5,2.1,2.9,1.99,2.08,2.36,-5.5,-5.79,-3.44,0.14,2.13,1.9,0.20160000026226,0.347600013017654,0.580399990081787,0.479200005531311,0.211799994111061,0.223199993371964,0.285400003194809,0.20160000026226,0.580399990081787,15.4967651367188,8.91290283203125,48.8446044921875,0.842253684997559,8.25543308258057,715.739990234375,41.2299995422363,-0.270000010728836,25.6000003814697,48.5699996948242,12705,8190,-56,63,3,8.47000026702881,18.9799995422363,4981.81982421875,127.110000610352,121.610000610352,-130,11,0.837400019168854,0.123499996960163,0,0,0.0171000007539988,0.0178999993950129,0,0,0,0,0.00410000002011657,1.10000002384186,12,25,2.70000004768372,4,6.40000009536743,31,41,49.0999984741211,16.7680568695068,12867.5,3835,21149.5,3.625,3.04999995231628,3.79999995231628,0.464999988675117,0.229999989271164,0.975000023841858,8.66262054443359,0,0,0,0,0,0,0,0,0,0,0,0,2.17322587966919,7.24285745620728,26.1235485076904,12.9549999237061,0,0,0,0,0,5.32709693908691,3.98699998855591,0.674838721752167,29760.07421875,35140.7734375,42014.16015625,49159.2265625,55297.05078125,58409.7734375,56705.6875,51144.9609375,44149.74609375,37018.2578125,30931.3828125,27977.8046875,NA,NA,NA,NA,NA,NA
8361,50.921,-114.527,1383.03466796875,3.5,14.9,-7.3,22.2,556,363,24.3,41,159,250,91,162,2.38,914,1141,5298,26,443,-39.9,35,602,14.3,142,125,53,-0.1,-0.7,3.7,9.5,15.5,19,23,22.9,17.9,10.6,3.7,-0.7,-12.2,-14,-9.1,-3.7,1.2,4.7,6.9,6.2,2.4,-2.7,-8.3,-12.4,-6.1,-7.3,-2.7,2.9,8.3,11.8,14.9,14.5,10.1,3.9,-2.3,-6.6,15,21,34,45,84,111,60,58,50,32,27,19,5.1,8.6,13.8,19.4,22.9,23.6,23.1,20.6,15.2,9.4,5.6,4.1,208,218,120,22,1,0,0,0,1,15,110,220,0,0,0,23,114,205,304,294,160,41,0,0,748,704,644,453,301,187,104,113,238,439,609,759,0,0,1,0,0,3,8,8,3,0,2,1,1,0,1,5,18,27,30,30,21,7,1,0,12,20,30,17,5,1,0,1,2,4,15,16,0,0,0,57,94,112,130,111,66,32,0,0,0,0,0,12,10,1,70,53,16,0,0,0,52,47,52,55,55,56,52,51,52,55,55,53,1.5,2.1,2.9,1.99,2.08,2.36,-5.5,-5.79,-3.44,0.14,2.13,1.9,0.20160000026226,0.347600013017654,0.580399990081787,0.479200005531311,0.211799994111061,0.223199993371964,0.285400003194809,0.20160000026226,0.580399990081787,15.4967651367188,8.91290283203125,48.8446044921875,0.842253684997559,8.25543308258057,715.739990234375,41.2299995422363,-0.270000010728836,25.6000003814697,48.5699996948242,12705,8190,-56,63,3,8.47000026702881,18.9799995422363,4981.81982421875,127.110000610352,121.610000610352,-130,11,0.837400019168854,0.123499996960163,0,0,0.0171000007539988,0.0178999993950129,0,0,0,0,0.00410000002011657,1.10000002384186,12,25,2.70000004768372,4,6.40000009536743,31,41,49.0999984741211,16.7680568695068,12867.5,3835,21149.5,3.625,3.04999995231628,3.79999995231628,0.464999988675117,0.229999989271164,0.975000023841858,8.66262054443359,0,0,0,0,0,0,0,0,0,0,0,0,2.17322587966919,7.24285745620728,26.1235485076904,12.9549999237061,0,0,0,0,0,5.32709693908691,3.98699998855591,0.674838721752167,29760.07421875,35140.7734375,42014.16015625,49159.2265625,55297.05078125,58409.7734375,56705.6875,51144.9609375,44149.74609375,37018.2578125,30931.3828125,27977.8046875,NA,NA,NA,NA,NA,NA
8362,50.921,-114.527,1383.03466796875,3.5,14.9,-7.3,22.2,556,363,24.3,41,159,250,91,162,2.38,914,1141,5298,26,443,-39.9,35,602,14.3,142,125,53,-0.1,-0.7,3.7,9.5,15.5,19,23,22.9,17.9,10.6,3.7,-0.7,-12.2,-14,-9.1,-3.7,1.2,4.7,6.9,6.2,2.4,-2.7,-8.3,-12.4,-6.1,-7.3,-2.7,2.9,8.3,11.8,14.9,14.5,10.1,3.9,-2.3,-6.6,15,21,34,45,84,111,60,58,50,32,27,19,5.1,8.6,13.8,19.4,22.9,23.6,23.1,20.6,15.2,9.4,5.6,4.1,208,218,120,22,1,0,0,0,1,15,110,220,0,0,0,23,114,205,304,294,160,41,0,0,748,704,644,453,301,187,104,113,238,439,609,759,0,0,1,0,0,3,8,8,3,0,2,1,1,0,1,5,18,27,30,30,21,7,1,0,12,20,30,17,5,1,0,1,2,4,15,16,0,0,0,57,94,112,130,111,66,32,0,0,0,0,0,12,10,1,70,53,16,0,0,0,52,47,52,55,55,56,52,51,52,55,55,53,1.5,2.1,2.9,1.99,2.08,2.36,-5.5,-5.79,-3.44,0.14,2.13,1.9,0.20160000026226,0.347600013017654,0.580399990081787,0.479200005531311,0.211799994111061,0.223199993371964,0.285400003194809,0.20160000026226,0.580399990081787,15.4967651367188,8.91290283203125,48.8446044921875,0.842253684997559,8.25543308258057,715.739990234375,41.2299995422363,-0.270000010728836,25.6000003814697,48.5699996948242,12705,8190,-56,63,3,8.47000026702881,18.9799995422363,4981.81982421875,127.110000610352,121.610000610352,-130,11,0.837400019168854,0.123499996960163,0,0,0.0171000007539988,0.0178999993950129,0,0,0,0,0.00410000002011657,1.10000002384186,12,25,2.70000004768372,4,6.40000009536743,31,41,49.0999984741211,16.7680568695068,12867.5,3835,21149.5,3.625,3.04999995231628,3.79999995231628,0.464999988675117,0.229999989271164,0.975000023841858,8.66262054443359,0,0,0,0,0,0,0,0,0,0,0,0,2.17322587966919,7.24285745620728,26.1235485076904,12.9549999237061,0,0,0,0,0,5.32709693908691,3.98699998855591,0.674838721752167,29760.07421875,35140.7734375,42014.16015625,49159.2265625,55297.05078125,58409.7734375,56705.6875,51144.9609375,44149.74609375,37018.2578125,30931.3828125,27977.8046875,NA,NA,NA,NA,NA,NA
8363,53.071,-114.083,849,3.2,16.4,-9.8,26.2,520,356,25.4,46.1,141,256,116,161,3.88,1174,1378,5403,48,616,-41.6,34.4,568,13,158,117,57,-2.8,-3.7,1.1,9.7,17.7,20.3,22.8,22.3,17.3,9.4,0.7,-3.4,-13.8,-15.8,-10.2,-2.5,3.5,7.8,10,8.7,3.9,-2.2,-9.7,-13.8,-8.3,-9.8,-4.6,3.6,10.6,14.1,16.4,15.5,10.6,3.6,-4.5,-8.6,22,20,25,28,57,91,107,59,42,23,29,17,4,7.5,12.6,18.3,22.1,22.4,21.6,18.8,13.5,7.7,4.2,3,262,271,169,18,0,0,0,0,1,17,163,273,0,0,0,33,180,273,354,327,174,38,0,0,815,774,703,432,228,126,66,91,223,448,675,821,0,0,1,0,2,9,17,13,4,0,2,0,0,0,1,7,25,29,31,31,24,9,1,0,20,20,24,8,1,0,0,0,2,4,22,16,0,0,0,54,99,111,119,100,59,26,0,0,0,0,0,26,42,20,12,41,17,3,0,0,55,50,55,58,56,62,61,59,58,60,58,57,2.2,2,2.43,0.26,-1.93,0.65,0.87,-3.89,-3.09,-0.15,2.82,1.7,NA,NA,NA,NA,NA,NA,NA,NA,NA,0.794769287109375,-0.794769287109375,6.358154296875,0.820986211299896,13.4472064971924,740.409973144531,41.5400009155273,-0.330000013113022,29.2000007629395,41.4300003051758,14868,9412.5,-62,84,3,5.57000017166138,35.0699996948242,5397.52001953125,132.190002441406,132.190002441406,-103,8,0.558799982070923,0.000300000014249235,0,0,0.0119000002741814,0.0111999996006489,0,0.417800009250641,0,0,0,NA,NA,11,NA,NA,NA,NA,NA,NA,12.4859409332275,12434.25,3310.5,21327.5,3.27499997615814,2.95000004768372,3.55000019073486,0.537499994039536,0.219999998807907,1.1800000667572,12.1969089508057,0,0,0,0,0,0,0,0,0,0,0,0,0.565806448459625,11.9614286422729,22.2435474395752,9.4593334197998,0,0,0,0,0,2.26709675788879,1.27866661548615,1.25096774101257,28550.474609375,34458.2890625,41916.80078125,49656.6171875,56366.2421875,59816.3359375,57922.3515625,51817.6484375,44227.66796875,36501.38671875,29844.90625,26569.8046875,NA,NA,NA,NA,NA,NA
8364,52.939,-114.288,957.046691894531,3.2,15.9,-9.2,25.1,548,383,24.1,41.5,145,256,111,122,7.48,1126,1303,5406,39,559,-41.4,33.9,558,13.1,155,117,57,-2.1,-2.9,1.7,9.6,17.1,19.7,22.3,21.8,17,9.2,1.3,-2.8,-13.4,-15.5,-10,-2.7,3,7.3,9.5,8.3,3.7,-2.5,-9.7,-13.6,-7.8,-9.2,-4.2,3.4,10.1,13.5,15.9,15.1,10.3,3.3,-4.2,-8.2,21,20,25,28,64,95,114,63,47,25,29,17,4.2,7.6,12.8,18.4,22.2,22.4,21.7,18.8,13.5,7.9,4.5,3.1,251,259,159,19,0,0,0,0,1,19,156,263,0,0,0,30,165,255,339,314,165,35,0,0,800,758,690,438,239,139,78,100,232,457,666,809,0,0,1,0,1,7,13,11,3,0,2,0,0,0,1,7,24,29,31,31,24,8,1,0,18,20,24,9,2,0,0,1,2,5,22,16,0,0,0,54,97,108,117,98,58,26,0,0,0,0,0,26,33,13,3,35,11,1,0,0,54,49,54,58,56,62,61,59,58,60,56,55,2.1,2,2.35,0.28,-1.03,1.27,1.73,-3.3,-2.52,0.12,2.77,1.7,0.25,0.292800009250641,0.536800026893616,0.510399997234344,0.275200009346008,0.211199998855591,0.284000009298325,0.211199998855591,0.536800026893616,2.18682098388672,1.05382537841797,5.9517822265625,0.820089042186737,11.5517387390137,744.75,39.8899993896484,-0.310000002384186,28.2999992370605,42.2000007629395,14038.5,8940,-49,74,3,5.80000019073486,17.2199993133545,5392.91015625,132.649993896484,132.649993896484,-124.5,3,0.947700023651123,0.0454000011086464,0.00689999992027879,0,0,0,0,0,0,0,0,1.10000002384186,12,20,2.70000004768372,4.5,5.80000019073486,30,48,48.0999984741211,14.546537399292,12481,3321,21141.5,3.27499997615814,2.95000004768372,3.54999995231628,0.512499988079071,0.215000003576279,1.125,6.60988903045654,0,0,0,0,0,0,0,0,0,0,0,0,0.700967729091644,14.0153570175171,25.9180660247803,14.2083330154419,0,0,0,0,0,2.96612906455994,2.1966667175293,0.605483889579773,28651.552734375,34514.88671875,41924.84765625,49615.44140625,56277.109375,59698.36328125,57820.671875,51761.86328125,44221.2265625,36544.1875,29935.5,26687.900390625,NA,NA,NA,NA,NA,NA
8365,52.939,-114.288,957.046691894531,3.2,15.9,-9.2,25.1,548,383,24.1,41.5,145,256,111,122,7.48,1126,1303,5406,39,559,-41.4,33.9,558,13.1,155,117,57,-2.1,-2.9,1.7,9.6,17.1,19.7,22.3,21.8,17,9.2,1.3,-2.8,-13.4,-15.5,-10,-2.7,3,7.3,9.5,8.3,3.7,-2.5,-9.7,-13.6,-7.8,-9.2,-4.2,3.4,10.1,13.5,15.9,15.1,10.3,3.3,-4.2,-8.2,21,20,25,28,64,95,114,63,47,25,29,17,4.2,7.6,12.8,18.4,22.2,22.4,21.7,18.8,13.5,7.9,4.5,3.1,251,259,159,19,0,0,0,0,1,19,156,263,0,0,0,30,165,255,339,314,165,35,0,0,800,758,690,438,239,139,78,100,232,457,666,809,0,0,1,0,1,7,13,11,3,0,2,0,0,0,1,7,24,29,31,31,24,8,1,0,18,20,24,9,2,0,0,1,2,5,22,16,0,0,0,54,97,108,117,98,58,26,0,0,0,0,0,26,33,13,3,35,11,1,0,0,54,49,54,58,56,62,61,59,58,60,56,55,2.1,2,2.35,0.28,-1.03,1.27,1.73,-3.3,-2.52,0.12,2.77,1.7,0.25,0.292800009250641,0.536800026893616,0.510399997234344,0.275200009346008,0.211199998855591,0.284000009298325,0.211199998855591,0.536800026893616,2.18682098388672,1.05382537841797,5.9517822265625,0.820089042186737,11.5517387390137,744.75,39.8899993896484,-0.310000002384186,28.2999992370605,42.2000007629395,14038.5,8940,-49,74,3,5.80000019073486,17.2199993133545,5392.91015625,132.649993896484,132.649993896484,-124.5,3,0.947700023651123,0.0454000011086464,0.00689999992027879,0,0,0,0,0,0,0,0,1.10000002384186,12,20,2.70000004768372,4.5,5.80000019073486,30,48,48.0999984741211,14.546537399292,12481,3321,21141.5,3.27499997615814,2.95000004768372,3.54999995231628,0.512499988079071,0.215000003576279,1.125,6.60988903045654,0,0,0,0,0,0,0,0,0,0,0,0,0.700967729091644,14.0153570175171,25.9180660247803,14.2083330154419,0,0,0,0,0,2.96612906455994,2.1966667175293,0.605483889579773,28651.552734375,34514.88671875,41924.84765625,49615.44140625,56277.109375,59698.36328125,57820.671875,51761.86328125,44221.2265625,36544.1875,29935.5,26687.900390625,NA,NA,NA,NA,NA,NA
8366,52.939,-114.288,957.046691894531,3.2,15.9,-9.2,25.1,548,383,24.1,41.5,145,256,111,122,7.48,1126,1303,5406,39,559,-41.4,33.9,558,13.1,155,117,57,-2.1,-2.9,1.7,9.6,17.1,19.7,22.3,21.8,17,9.2,1.3,-2.8,-13.4,-15.5,-10,-2.7,3,7.3,9.5,8.3,3.7,-2.5,-9.7,-13.6,-7.8,-9.2,-4.2,3.4,10.1,13.5,15.9,15.1,10.3,3.3,-4.2,-8.2,21,20,25,28,64,95,114,63,47,25,29,17,4.2,7.6,12.8,18.4,22.2,22.4,21.7,18.8,13.5,7.9,4.5,3.1,251,259,159,19,0,0,0,0,1,19,156,263,0,0,0,30,165,255,339,314,165,35,0,0,800,758,690,438,239,139,78,100,232,457,666,809,0,0,1,0,1,7,13,11,3,0,2,0,0,0,1,7,24,29,31,31,24,8,1,0,18,20,24,9,2,0,0,1,2,5,22,16,0,0,0,54,97,108,117,98,58,26,0,0,0,0,0,26,33,13,3,35,11,1,0,0,54,49,54,58,56,62,61,59,58,60,56,55,2.1,2,2.35,0.28,-1.03,1.27,1.73,-3.3,-2.52,0.12,2.77,1.7,0.25,0.292800009250641,0.536800026893616,0.510399997234344,0.275200009346008,0.211199998855591,0.284000009298325,0.211199998855591,0.536800026893616,2.18682098388672,1.05382537841797,5.9517822265625,0.820089042186737,11.5517387390137,744.75,39.8899993896484,-0.310000002384186,28.2999992370605,42.2000007629395,14038.5,8940,-49,74,3,5.80000019073486,17.2199993133545,5392.91015625,132.649993896484,132.649993896484,-124.5,3,0.947700023651123,0.0454000011086464,0.00689999992027879,0,0,0,0,0,0,0,0,1.10000002384186,12,20,2.70000004768372,4.5,5.80000019073486,30,48,48.0999984741211,14.546537399292,12481,3321,21141.5,3.27499997615814,2.95000004768372,3.54999995231628,0.512499988079071,0.215000003576279,1.125,6.60988903045654,0,0,0,0,0,0,0,0,0,0,0,0,0.700967729091644,14.0153570175171,25.9180660247803,14.2083330154419,0,0,0,0,0,2.96612906455994,2.1966667175293,0.605483889579773,28651.552734375,34514.88671875,41924.84765625,49615.44140625,56277.109375,59698.36328125,57820.671875,51761.86328125,44221.2265625,36544.1875,29935.5,26687.900390625,NA,NA,NA,NA,NA,NA
8367,53.052,-114.74,988.86181640625,3.4,15.9,-8.9,24.8,590,413,22.7,38.5,144,257,114,88,11.42,1079,1313,5327,39,562,-40.8,33.7,558,13.1,157,120,57,-1.9,-2.6,2.1,9.8,17,19.7,22.3,21.7,17,9.6,1.4,-2.7,-12.9,-15.2,-9.7,-2.5,3.1,7.3,9.6,8.5,3.9,-2.1,-9.2,-13.2,-7.4,-8.9,-3.8,3.7,10.1,13.5,15.9,15.1,10.4,3.8,-3.9,-7.9,21,21,26,31,67,106,118,67,55,29,30,19,4.1,7.6,12.8,18.4,22.1,22.4,21.6,18.7,13.5,8,4.4,3.1,241,253,148,17,0,0,0,0,1,16,149,255,0,0,0,32,165,255,339,314,168,40,0,0,787,749,678,429,239,139,78,100,229,442,657,799,0,0,1,0,1,7,13,11,3,0,2,0,0,0,1,7,24,29,31,31,24,9,1,0,18,21,24,9,2,0,0,1,2,4,22,17,0,0,0,54,97,108,117,97,58,27,0,0,0,0,0,23,30,2,0,30,3,0,0,0,55,49,54,58,57,62,61,60,59,60,58,56,2.1,2.1,2.38,0.48,-0.67,2.34,2.13,-2.79,-1.71,0.33,2.82,1.9,0.196400001645088,0.541599988937378,0.723599970340729,0.592000007629395,0.231199994683266,0.217999994754791,0.386399991810322,0.196400001645088,0.723599970340729,31.2305908203125,31.2305908203125,49.365478515625,0.802435100078583,7.60714721679688,742.700012207031,37.4599990844727,-0.28999999165535,28,44.1699981689453,13933.5,8850,-53,72,3,5.86999988555908,14.4200000762939,5377.68994140625,132.440002441406,132.440002441406,-128,9,0.748399972915649,0.250600010156631,0,0,0.000500000023748726,0.000199999994947575,0,0,0,0,0.000300000014249235,1.10000002384186,12,26,5.59999990463257,5,5.69999980926514,26,46,58.5,14.1229724884033,12366.75,3234.5,21111.5,3.14999985694885,2.80000019073486,3.40000009536743,0.512499988079071,0.224999994039536,1.0900000333786,7.40672874450684,0,0,0,0,0,0,0,0,0,0,0,0,0.829999983310699,18.7157135009766,33.8593559265137,20.9050006866455,0,0,0,0,0,3.47516131401062,3.18766665458679,0.847419321537018,28584.283203125,34477.2109375,41919.4921875,49642.8515625,56336.43359375,59776.8671875,57888.33984375,51799,44225.515625,36515.6953125,29875.203125,26609.3125,NA,NA,NA,NA,NA,NA
8368,53.017,-113.365,756.807922363281,3.1,17,-10.8,27.8,484,324,27.1,52.5,138,256,118,214,-1.72,1305,1468,5472,63,694,-42.5,35.8,583,13,159,121,58,-4.1,-5,0,9,18.3,21.1,23.6,23.4,18.1,9.9,-0.5,-4.6,-14.9,-16.5,-10.8,-2.5,3.8,8.4,10.4,9,4,-2.2,-10,-14.5,-9.5,-10.8,-5.4,3.2,11.1,14.8,17,16.2,11.1,3.9,-5.2,-9.6,23,23,28,26,48,92,99,52,33,19,26,15,4,7.4,12.4,18,21.9,22.5,21.7,19,13.7,7.7,4.2,3,297,305,191,20,0,0,0,0,0,15,180,296,0,0,0,30,194,293,373,348,188,41,0,0,852,802,727,444,217,109,54,75,205,439,696,852,0,0,0,0,4,12,23,18,4,0,1,0,0,0,0,7,25,30,31,31,25,9,1,0,21,23,27,9,1,0,0,0,1,3,21,14,0,0,0,51,102,114,123,105,61,27,0,0,0,0,0,25,54,22,24,53,28,8,0,0,55,52,56,60,55,61,60,57,56,59,61,58,2.3,2.3,2.8,0.34,-3.08,0.39,-0.41,-5.34,-4.41,-0.71,2.6,1.5,0.104299999773502,0.180999994277954,0.609600007534027,0.609600007534027,0.173500001430511,0.162300005555153,0.177249997854233,0.104299999773502,0.609600007534027,0.558647155761719,0.203086853027344,1.6448974609375,0.824540376663208,13.3127489089966,713.25,44.6800003051758,-0.360000014305115,30.5,38.9099998474121,15655.5,9892.5,-87,98,5,4.88000011444092,16.2399997711182,5262.1201171875,127.970001220703,127.970001220703,-80.5,17,0.0307000000029802,0.538500010967255,0,0.364600002765656,0.0305000003427267,0.0353999994695187,0,0.000300000014249235,0,0,0,1.10000002384186,7,23,5.09999990463257,5,6.30000019073486,34,40,60,0.499064296483994,12547.5,3267,21261,3.35000014305115,3,3.59999990463257,0.557500019669533,0.219999998807907,1.24000000953674,25.3214206695557,0,0,0,0,0,0,0,0,0,0,0,0,1.25709676742554,6.08249998092651,10.987096786499,2.46366667747498,0,0,0,0,0,1.06161296367645,0.0989999994635582,2.31903219223022,28584.283203125,34477.2109375,41919.4921875,49642.8515625,56336.43359375,59776.8671875,57888.33984375,51799,44225.515625,36515.6953125,29875.203125,26609.3125,NA,NA,NA,NA,NA,NA
8369,53.017,-113.365,756.807922363281,3.1,17,-10.8,27.8,484,324,27.1,52.5,138,256,118,214,-1.72,1305,1468,5472,63,694,-42.5,35.8,583,13,159,121,58,-4.1,-5,0,9,18.3,21.1,23.6,23.4,18.1,9.9,-0.5,-4.6,-14.9,-16.5,-10.8,-2.5,3.8,8.4,10.4,9,4,-2.2,-10,-14.5,-9.5,-10.8,-5.4,3.2,11.1,14.8,17,16.2,11.1,3.9,-5.2,-9.6,23,23,28,26,48,92,99,52,33,19,26,15,4,7.4,12.4,18,21.9,22.5,21.7,19,13.7,7.7,4.2,3,297,305,191,20,0,0,0,0,0,15,180,296,0,0,0,30,194,293,373,348,188,41,0,0,852,802,727,444,217,109,54,75,205,439,696,852,0,0,0,0,4,12,23,18,4,0,1,0,0,0,0,7,25,30,31,31,25,9,1,0,21,23,27,9,1,0,0,0,1,3,21,14,0,0,0,51,102,114,123,105,61,27,0,0,0,0,0,25,54,22,24,53,28,8,0,0,55,52,56,60,55,61,60,57,56,59,61,58,2.3,2.3,2.8,0.34,-3.08,0.39,-0.41,-5.34,-4.41,-0.71,2.6,1.5,0.104299999773502,0.180999994277954,0.609600007534027,0.609600007534027,0.173500001430511,0.162300005555153,0.177249997854233,0.104299999773502,0.609600007534027,0.558647155761719,0.203086853027344,1.6448974609375,0.824540376663208,13.3127489089966,713.25,44.6800003051758,-0.360000014305115,30.5,38.9099998474121,15655.5,9892.5,-87,98,5,4.88000011444092,16.2399997711182,5262.1201171875,127.970001220703,127.970001220703,-80.5,17,0.0307000000029802,0.538500010967255,0,0.364600002765656,0.0305000003427267,0.0353999994695187,0,0.000300000014249235,0,0,0,1.10000002384186,7,23,5.09999990463257,5,6.30000019073486,34,40,60,0.499064296483994,12547.5,3267,21261,3.35000014305115,3,3.59999990463257,0.557500019669533,0.219999998807907,1.24000000953674,25.3214206695557,0,0,0,0,0,0,0,0,0,0,0,0,1.25709676742554,6.08249998092651,10.987096786499,2.46366667747498,0,0,0,0,0,1.06161296367645,0.0989999994635582,2.31903219223022,28584.283203125,34477.2109375,41919.4921875,49642.8515625,56336.43359375,59776.8671875,57888.33984375,51799,44225.515625,36515.6953125,29875.203125,26609.3125,NA,NA,NA,NA,NA,NA
8370,51.418,-112.285,931.599853515625,3.3,16.6,-9.7,26.3,405,297,32.8,55.9,147,257,110,278,-12.07,1149,1396,5358,53,638,-41.9,36.5,610,13.6,153,78,55,-2.5,-3.5,1.9,9.6,17.3,20.6,23.8,24,18.5,10.1,0.8,-2.7,-14.1,-15.8,-10,-3.1,2.8,7.2,9.3,8.4,3.7,-2.8,-9.7,-14,-8.3,-9.7,-4,3.2,10.1,13.9,16.6,16.2,11.1,3.6,-4.4,-8.3,13,13,18,20,47,89,75,51,35,15,17,12,4.6,8.1,13.3,18.8,22.2,22.9,22.3,19.9,14.5,8.5,4.9,3.6,262,269,153,20,0,0,0,0,0,17,161,265,0,0,0,30,165,267,360,348,188,38,0,0,815,772,684,444,239,130,62,75,205,448,672,812,0,0,0,0,2,8,19,18,4,0,1,0,0,0,1,6,23,29,31,31,24,7,1,0,12,13,17,7,1,0,0,0,1,2,13,11,0,0,0,56,101,116,129,112,66,30,0,0,0,0,0,36,54,27,54,61,31,15,0,0,52,50,54,57,55,59,57,54,54,56,58,53,1.3,1.3,1.63,-0.48,-2.87,-0.01,-3.52,-6.35,-4.69,-1.2,1.61,1.2,0.12049999833107,0.149399995803833,0.693599998950958,0.537999987602234,0.139500007033348,0.125900000333786,0.144450001418591,0.12049999833107,0.693599998950958,3.5673828125,0.5909423828125,11.7898559570312,0.83066862821579,11.2988891601562,771.299987792969,59.2400016784668,-0.519999980926514,31.4500007629395,29.8999996185303,15907.5,10125,-90,92,4,5.44999980926514,18.2800006866455,5699.0498046875,140.5,140.5,-61.75,2,0,0,0,1,0,0,0,0,0,0,0,1.20000004768372,7,42,4.19999980926514,4.59999990463257,7.19999980926514,20,34,44.0999984741211,0,12998.25,3742,21491,4.22499990463257,3.54999995231628,4.44999980926514,0.507499992847443,0.194999992847443,1.125,0,0,0,0,0,0,0,0,0,0,0,0,0,0.687419354915619,1.41142857074738,5.09548377990723,1.12733328342438,0,0,0,0,0,1.37870967388153,0.900666654109955,0.253548383712769,29486.744140625,34985.5859375,41991.95703125,49272.48046875,55539.12109375,58726.65234375,56980.5859375,51297.91796875,44167.515625,36900.58984375,30685.447265625,27660.609375,NA,NA,NA,NA,NA,NA
8371,53.052,-114.74,988.86181640625,3.4,15.9,-8.9,24.8,590,413,22.7,38.5,144,257,114,88,11.42,1079,1313,5327,39,562,-40.8,33.7,558,13.1,157,120,57,-1.9,-2.6,2.1,9.8,17,19.7,22.3,21.7,17,9.6,1.4,-2.7,-12.9,-15.2,-9.7,-2.5,3.1,7.3,9.6,8.5,3.9,-2.1,-9.2,-13.2,-7.4,-8.9,-3.8,3.7,10.1,13.5,15.9,15.1,10.4,3.8,-3.9,-7.9,21,21,26,31,67,106,118,67,55,29,30,19,4.1,7.6,12.8,18.4,22.1,22.4,21.6,18.7,13.5,8,4.4,3.1,241,253,148,17,0,0,0,0,1,16,149,255,0,0,0,32,165,255,339,314,168,40,0,0,787,749,678,429,239,139,78,100,229,442,657,799,0,0,1,0,1,7,13,11,3,0,2,0,0,0,1,7,24,29,31,31,24,9,1,0,18,21,24,9,2,0,0,1,2,4,22,17,0,0,0,54,97,108,117,97,58,27,0,0,0,0,0,23,30,2,0,30,3,0,0,0,55,49,54,58,57,62,61,60,59,60,58,56,2.1,2.1,2.38,0.48,-0.67,2.34,2.13,-2.79,-1.71,0.33,2.82,1.9,0.196400001645088,0.541599988937378,0.723599970340729,0.592000007629395,0.231199994683266,0.217999994754791,0.386399991810322,0.196400001645088,0.723599970340729,31.2305908203125,31.2305908203125,49.365478515625,0.802435100078583,7.60714721679688,742.700012207031,37.4599990844727,-0.28999999165535,28,44.1699981689453,13933.5,8850,-53,72,3,5.86999988555908,14.4200000762939,5377.68994140625,132.440002441406,132.440002441406,-128,9,0.748399972915649,0.250600010156631,0,0,0.000500000023748726,0.000199999994947575,0,0,0,0,0.000300000014249235,1.10000002384186,12,26,5.59999990463257,5,5.69999980926514,26,46,58.5,14.1229724884033,12366.75,3234.5,21111.5,3.14999985694885,2.80000019073486,3.40000009536743,0.512499988079071,0.224999994039536,1.0900000333786,7.40672874450684,0,0,0,0,0,0,0,0,0,0,0,0,0.829999983310699,18.7157135009766,33.8593559265137,20.9050006866455,0,0,0,0,0,3.47516131401062,3.18766665458679,0.847419321537018,28584.283203125,34477.2109375,41919.4921875,49642.8515625,56336.43359375,59776.8671875,57888.33984375,51799,44225.515625,36515.6953125,29875.203125,26609.3125,NA,NA,NA,NA,NA,NA
8372,53.052,-114.74,988.86181640625,3.4,15.9,-8.9,24.8,590,413,22.7,38.5,144,257,114,88,11.42,1079,1313,5327,39,562,-40.8,33.7,558,13.1,157,120,57,-1.9,-2.6,2.1,9.8,17,19.7,22.3,21.7,17,9.6,1.4,-2.7,-12.9,-15.2,-9.7,-2.5,3.1,7.3,9.6,8.5,3.9,-2.1,-9.2,-13.2,-7.4,-8.9,-3.8,3.7,10.1,13.5,15.9,15.1,10.4,3.8,-3.9,-7.9,21,21,26,31,67,106,118,67,55,29,30,19,4.1,7.6,12.8,18.4,22.1,22.4,21.6,18.7,13.5,8,4.4,3.1,241,253,148,17,0,0,0,0,1,16,149,255,0,0,0,32,165,255,339,314,168,40,0,0,787,749,678,429,239,139,78,100,229,442,657,799,0,0,1,0,1,7,13,11,3,0,2,0,0,0,1,7,24,29,31,31,24,9,1,0,18,21,24,9,2,0,0,1,2,4,22,17,0,0,0,54,97,108,117,97,58,27,0,0,0,0,0,23,30,2,0,30,3,0,0,0,55,49,54,58,57,62,61,60,59,60,58,56,2.1,2.1,2.38,0.48,-0.67,2.34,2.13,-2.79,-1.71,0.33,2.82,1.9,0.196400001645088,0.541599988937378,0.723599970340729,0.592000007629395,0.231199994683266,0.217999994754791,0.386399991810322,0.196400001645088,0.723599970340729,31.2305908203125,31.2305908203125,49.365478515625,0.802435100078583,7.60714721679688,742.700012207031,37.4599990844727,-0.28999999165535,28,44.1699981689453,13933.5,8850,-53,72,3,5.86999988555908,14.4200000762939,5377.68994140625,132.440002441406,132.440002441406,-128,9,0.748399972915649,0.250600010156631,0,0,0.000500000023748726,0.000199999994947575,0,0,0,0,0.000300000014249235,1.10000002384186,12,26,5.59999990463257,5,5.69999980926514,26,46,58.5,14.1229724884033,12366.75,3234.5,21111.5,3.14999985694885,2.80000019073486,3.40000009536743,0.512499988079071,0.224999994039536,1.0900000333786,7.40672874450684,0,0,0,0,0,0,0,0,0,0,0,0,0.829999983310699,18.7157135009766,33.8593559265137,20.9050006866455,0,0,0,0,0,3.47516131401062,3.18766665458679,0.847419321537018,28584.283203125,34477.2109375,41919.4921875,49642.8515625,56336.43359375,59776.8671875,57888.33984375,51799,44225.515625,36515.6953125,29875.203125,26609.3125,NA,NA,NA,NA,NA,NA
8373,52.939,-114.288,957.046691894531,3.2,15.9,-9.2,25.1,548,383,24.1,41.5,145,256,111,122,7.48,1126,1303,5406,39,559,-41.4,33.9,558,13.1,155,117,57,-2.1,-2.9,1.7,9.6,17.1,19.7,22.3,21.8,17,9.2,1.3,-2.8,-13.4,-15.5,-10,-2.7,3,7.3,9.5,8.3,3.7,-2.5,-9.7,-13.6,-7.8,-9.2,-4.2,3.4,10.1,13.5,15.9,15.1,10.3,3.3,-4.2,-8.2,21,20,25,28,64,95,114,63,47,25,29,17,4.2,7.6,12.8,18.4,22.2,22.4,21.7,18.8,13.5,7.9,4.5,3.1,251,259,159,19,0,0,0,0,1,19,156,263,0,0,0,30,165,255,339,314,165,35,0,0,800,758,690,438,239,139,78,100,232,457,666,809,0,0,1,0,1,7,13,11,3,0,2,0,0,0,1,7,24,29,31,31,24,8,1,0,18,20,24,9,2,0,0,1,2,5,22,16,0,0,0,54,97,108,117,98,58,26,0,0,0,0,0,26,33,13,3,35,11,1,0,0,54,49,54,58,56,62,61,59,58,60,56,55,2.1,2,2.35,0.28,-1.03,1.27,1.73,-3.3,-2.52,0.12,2.77,1.7,0.25,0.292800009250641,0.536800026893616,0.510399997234344,0.275200009346008,0.211199998855591,0.284000009298325,0.211199998855591,0.536800026893616,2.18682098388672,1.05382537841797,5.9517822265625,0.820089042186737,11.5517387390137,744.75,39.8899993896484,-0.310000002384186,28.2999992370605,42.2000007629395,14038.5,8940,-49,74,3,5.80000019073486,17.2199993133545,5392.91015625,132.649993896484,132.649993896484,-124.5,3,0.947700023651123,0.0454000011086464,0.00689999992027879,0,0,0,0,0,0,0,0,1.10000002384186,12,20,2.70000004768372,4.5,5.80000019073486,30,48,48.0999984741211,14.546537399292,12481,3321,21141.5,3.27499997615814,2.95000004768372,3.54999995231628,0.512499988079071,0.215000003576279,1.125,6.60988903045654,0,0,0,0,0,0,0,0,0,0,0,0,0.700967729091644,14.0153570175171,25.9180660247803,14.2083330154419,0,0,0,0,0,2.96612906455994,2.1966667175293,0.605483889579773,28651.552734375,34514.88671875,41924.84765625,49615.44140625,56277.109375,59698.36328125,57820.671875,51761.86328125,44221.2265625,36544.1875,29935.5,26687.900390625,NA,NA,NA,NA,NA,NA
8374,51.418,-112.285,931.599853515625,3.3,16.6,-9.7,26.3,405,297,32.8,55.9,147,257,110,278,-12.07,1149,1396,5358,53,638,-41.9,36.5,610,13.6,153,78,55,-2.5,-3.5,1.9,9.6,17.3,20.6,23.8,24,18.5,10.1,0.8,-2.7,-14.1,-15.8,-10,-3.1,2.8,7.2,9.3,8.4,3.7,-2.8,-9.7,-14,-8.3,-9.7,-4,3.2,10.1,13.9,16.6,16.2,11.1,3.6,-4.4,-8.3,13,13,18,20,47,89,75,51,35,15,17,12,4.6,8.1,13.3,18.8,22.2,22.9,22.3,19.9,14.5,8.5,4.9,3.6,262,269,153,20,0,0,0,0,0,17,161,265,0,0,0,30,165,267,360,348,188,38,0,0,815,772,684,444,239,130,62,75,205,448,672,812,0,0,0,0,2,8,19,18,4,0,1,0,0,0,1,6,23,29,31,31,24,7,1,0,12,13,17,7,1,0,0,0,1,2,13,11,0,0,0,56,101,116,129,112,66,30,0,0,0,0,0,36,54,27,54,61,31,15,0,0,52,50,54,57,55,59,57,54,54,56,58,53,1.3,1.3,1.63,-0.48,-2.87,-0.01,-3.52,-6.35,-4.69,-1.2,1.61,1.2,0.12049999833107,0.149399995803833,0.693599998950958,0.537999987602234,0.139500007033348,0.125900000333786,0.144450001418591,0.12049999833107,0.693599998950958,3.5673828125,0.5909423828125,11.7898559570312,0.83066862821579,11.2988891601562,771.299987792969,59.2400016784668,-0.519999980926514,31.4500007629395,29.8999996185303,15907.5,10125,-90,92,4,5.44999980926514,18.2800006866455,5699.0498046875,140.5,140.5,-61.75,2,0,0,0,1,0,0,0,0,0,0,0,1.20000004768372,7,42,4.19999980926514,4.59999990463257,7.19999980926514,20,34,44.0999984741211,0,12998.25,3742,21491,4.22499990463257,3.54999995231628,4.44999980926514,0.507499992847443,0.194999992847443,1.125,0,0,0,0,0,0,0,0,0,0,0,0,0,0.687419354915619,1.41142857074738,5.09548377990723,1.12733328342438,0,0,0,0,0,1.37870967388153,0.900666654109955,0.253548383712769,29486.744140625,34985.5859375,41991.95703125,49272.48046875,55539.12109375,58726.65234375,56980.5859375,51297.91796875,44167.515625,36900.58984375,30685.447265625,27660.609375,NA,NA,NA,NA,NA,NA
8375,50.921,-114.536,1332.61193847656,3.5,14.9,-7.3,22.2,552,361,24.5,41.3,159,251,91,166,2.2,908,1151,5281,27,450,-39.7,35.1,603,14.3,143,122,53,-0.1,-0.7,3.7,9.5,15.5,19,23,23,17.9,10.6,3.7,-0.7,-12.1,-14,-9.1,-3.6,1.2,4.8,6.9,6.2,2.5,-2.7,-8.2,-12.3,-6.1,-7.3,-2.7,3,8.3,11.9,14.9,14.6,10.2,3.9,-2.2,-6.5,15,21,33,44,83,110,60,58,50,32,27,19,5.1,8.6,13.8,19.4,22.9,23.6,23.2,20.7,15.2,9.4,5.6,4.1,208,218,120,22,1,0,0,0,1,15,107,217,0,0,0,24,114,208,304,296,162,41,0,0,748,704,644,450,301,184,104,111,235,439,606,756,0,0,1,0,0,3,8,9,3,0,2,1,1,0,1,5,18,27,30,30,21,7,2,0,12,20,29,16,5,1,0,1,2,4,15,16,0,0,0,57,94,112,130,112,66,32,0,0,0,0,0,13,11,2,70,54,16,0,0,0,52,47,52,55,55,56,52,50,53,55,55,53,1.5,2.1,2.81,1.89,2.01,2.33,-5.44,-5.82,-3.37,0.16,2.12,1.9,0.182600006461143,0.250600010156631,0.472400009632111,0.380400002002716,0.363599985837936,0.191599994897842,0.307099997997284,0.182600006461143,0.472400009632111,13.0797424316406,-4.66363525390625,38.150634765625,0.814540863037109,7.59617710113525,723.809997558594,40.9900016784668,-0.280000001192093,25.75,47.6399993896484,12999,8340,-55,65,3,8.59000015258789,19.1700000762939,5029.31005859375,128.389999389648,122.970001220703,-123.75,12,0.774699985980988,0.153099998831749,0,0,0.0165999997407198,0.0210999995470047,0,0.0193000007420778,0,0,0.0152000002563,1.20000004768372,11,25,2.79999995231628,4,6.5,31,42,49.7999992370605,19.4072799682617,12862.5,3832,21161,3.55000007152557,3,3.70000004768372,0.472499996423721,0.229999989271164,0.990000009536743,9.44235610961914,0,0,0,0,0,0,0,0,0,0,0,0,2.17322587966919,7.24285745620728,26.1235485076904,12.9549999237061,0,0,0,0,0,5.32709693908691,3.98699998855591,0.674838721752167,29760.07421875,35140.7734375,42014.16015625,49159.2265625,55297.05078125,58409.7734375,56705.6875,51144.9609375,44149.74609375,37018.2578125,30931.3828125,27977.8046875,NA,NA,NA,NA,NA,NA
8376,52.939,-114.288,957.046691894531,3.2,15.9,-9.2,25.1,548,383,24.1,41.5,145,256,111,122,7.48,1126,1303,5406,39,559,-41.4,33.9,558,13.1,155,117,57,-2.1,-2.9,1.7,9.6,17.1,19.7,22.3,21.8,17,9.2,1.3,-2.8,-13.4,-15.5,-10,-2.7,3,7.3,9.5,8.3,3.7,-2.5,-9.7,-13.6,-7.8,-9.2,-4.2,3.4,10.1,13.5,15.9,15.1,10.3,3.3,-4.2,-8.2,21,20,25,28,64,95,114,63,47,25,29,17,4.2,7.6,12.8,18.4,22.2,22.4,21.7,18.8,13.5,7.9,4.5,3.1,251,259,159,19,0,0,0,0,1,19,156,263,0,0,0,30,165,255,339,314,165,35,0,0,800,758,690,438,239,139,78,100,232,457,666,809,0,0,1,0,1,7,13,11,3,0,2,0,0,0,1,7,24,29,31,31,24,8,1,0,18,20,24,9,2,0,0,1,2,5,22,16,0,0,0,54,97,108,117,98,58,26,0,0,0,0,0,26,33,13,3,35,11,1,0,0,54,49,54,58,56,62,61,59,58,60,56,55,2.1,2,2.35,0.28,-1.03,1.27,1.73,-3.3,-2.52,0.12,2.77,1.7,0.25,0.292800009250641,0.536800026893616,0.510399997234344,0.275200009346008,0.211199998855591,0.284000009298325,0.211199998855591,0.536800026893616,2.18682098388672,1.05382537841797,5.9517822265625,0.820089042186737,11.5517387390137,744.75,39.8899993896484,-0.310000002384186,28.2999992370605,42.2000007629395,14038.5,8940,-49,74,3,5.80000019073486,17.2199993133545,5392.91015625,132.649993896484,132.649993896484,-124.5,3,0.947700023651123,0.0454000011086464,0.00689999992027879,0,0,0,0,0,0,0,0,1.10000002384186,12,20,2.70000004768372,4.5,5.80000019073486,30,48,48.0999984741211,14.546537399292,12481,3321,21141.5,3.27499997615814,2.95000004768372,3.54999995231628,0.512499988079071,0.215000003576279,1.125,6.60988903045654,0,0,0,0,0,0,0,0,0,0,0,0,0.700967729091644,14.0153570175171,25.9180660247803,14.2083330154419,0,0,0,0,0,2.96612906455994,2.1966667175293,0.605483889579773,28651.552734375,34514.88671875,41924.84765625,49615.44140625,56277.109375,59698.36328125,57820.671875,51761.86328125,44221.2265625,36544.1875,29935.5,26687.900390625,NA,NA,NA,NA,NA,NA
8377,53.052,-114.74,988.86181640625,3.4,15.9,-8.9,24.8,590,413,22.7,38.5,144,257,114,88,11.42,1079,1313,5327,39,562,-40.8,33.7,558,13.1,157,120,57,-1.9,-2.6,2.1,9.8,17,19.7,22.3,21.7,17,9.6,1.4,-2.7,-12.9,-15.2,-9.7,-2.5,3.1,7.3,9.6,8.5,3.9,-2.1,-9.2,-13.2,-7.4,-8.9,-3.8,3.7,10.1,13.5,15.9,15.1,10.4,3.8,-3.9,-7.9,21,21,26,31,67,106,118,67,55,29,30,19,4.1,7.6,12.8,18.4,22.1,22.4,21.6,18.7,13.5,8,4.4,3.1,241,253,148,17,0,0,0,0,1,16,149,255,0,0,0,32,165,255,339,314,168,40,0,0,787,749,678,429,239,139,78,100,229,442,657,799,0,0,1,0,1,7,13,11,3,0,2,0,0,0,1,7,24,29,31,31,24,9,1,0,18,21,24,9,2,0,0,1,2,4,22,17,0,0,0,54,97,108,117,97,58,27,0,0,0,0,0,23,30,2,0,30,3,0,0,0,55,49,54,58,57,62,61,60,59,60,58,56,2.1,2.1,2.38,0.48,-0.67,2.34,2.13,-2.79,-1.71,0.33,2.82,1.9,0.196400001645088,0.541599988937378,0.723599970340729,0.592000007629395,0.231199994683266,0.217999994754791,0.386399991810322,0.196400001645088,0.723599970340729,31.2305908203125,31.2305908203125,49.365478515625,0.802435100078583,7.60714721679688,742.700012207031,37.4599990844727,-0.28999999165535,28,44.1699981689453,13933.5,8850,-53,72,3,5.86999988555908,14.4200000762939,5377.68994140625,132.440002441406,132.440002441406,-128,9,0.748399972915649,0.250600010156631,0,0,0.000500000023748726,0.000199999994947575,0,0,0,0,0.000300000014249235,1.10000002384186,12,26,5.59999990463257,5,5.69999980926514,26,46,58.5,14.1229724884033,12366.75,3234.5,21111.5,3.14999985694885,2.80000019073486,3.40000009536743,0.512499988079071,0.224999994039536,1.0900000333786,7.40672874450684,0,0,0,0,0,0,0,0,0,0,0,0,0.829999983310699,18.7157135009766,33.8593559265137,20.9050006866455,0,0,0,0,0,3.47516131401062,3.18766665458679,0.847419321537018,28584.283203125,34477.2109375,41919.4921875,49642.8515625,56336.43359375,59776.8671875,57888.33984375,51799,44225.515625,36515.6953125,29875.203125,26609.3125,NA,NA,NA,NA,NA,NA
8378,51.418,-112.285,931.599853515625,3.3,16.6,-9.7,26.3,405,297,32.8,55.9,147,257,110,278,-12.07,1149,1396,5358,53,638,-41.9,36.5,610,13.6,153,78,55,-2.5,-3.5,1.9,9.6,17.3,20.6,23.8,24,18.5,10.1,0.8,-2.7,-14.1,-15.8,-10,-3.1,2.8,7.2,9.3,8.4,3.7,-2.8,-9.7,-14,-8.3,-9.7,-4,3.2,10.1,13.9,16.6,16.2,11.1,3.6,-4.4,-8.3,13,13,18,20,47,89,75,51,35,15,17,12,4.6,8.1,13.3,18.8,22.2,22.9,22.3,19.9,14.5,8.5,4.9,3.6,262,269,153,20,0,0,0,0,0,17,161,265,0,0,0,30,165,267,360,348,188,38,0,0,815,772,684,444,239,130,62,75,205,448,672,812,0,0,0,0,2,8,19,18,4,0,1,0,0,0,1,6,23,29,31,31,24,7,1,0,12,13,17,7,1,0,0,0,1,2,13,11,0,0,0,56,101,116,129,112,66,30,0,0,0,0,0,36,54,27,54,61,31,15,0,0,52,50,54,57,55,59,57,54,54,56,58,53,1.3,1.3,1.63,-0.48,-2.87,-0.01,-3.52,-6.35,-4.69,-1.2,1.61,1.2,0.12049999833107,0.149399995803833,0.693599998950958,0.537999987602234,0.139500007033348,0.125900000333786,0.144450001418591,0.12049999833107,0.693599998950958,3.5673828125,0.5909423828125,11.7898559570312,0.83066862821579,11.2988891601562,771.299987792969,59.2400016784668,-0.519999980926514,31.4500007629395,29.8999996185303,15907.5,10125,-90,92,4,5.44999980926514,18.2800006866455,5699.0498046875,140.5,140.5,-61.75,2,0,0,0,1,0,0,0,0,0,0,0,1.20000004768372,7,42,4.19999980926514,4.59999990463257,7.19999980926514,20,34,44.0999984741211,0,12998.25,3742,21491,4.22499990463257,3.54999995231628,4.44999980926514,0.507499992847443,0.194999992847443,1.125,0,0,0,0,0,0,0,0,0,0,0,0,0,0.687419354915619,1.41142857074738,5.09548377990723,1.12733328342438,0,0,0,0,0,1.37870967388153,0.900666654109955,0.253548383712769,29486.744140625,34985.5859375,41991.95703125,49272.48046875,55539.12109375,58726.65234375,56980.5859375,51297.91796875,44167.515625,36900.58984375,30685.447265625,27660.609375,NA,NA,NA,NA,NA,NA
8379,52.494,-114.323,1086.0478515625,2.9,15.6,-9.5,25.1,523,366,24.7,42.6,149,254,105,156,3.62,1163,1263,5495,34,533,-42.6,34.4,572,13.4,150,115,55,-2.2,-2.9,1.8,9.6,16.9,19.7,22.2,22.1,17.4,9.5,0.9,-2.9,-14,-16.1,-10.3,-3.2,2.5,6.8,8.9,7.9,3.3,-3,-10.1,-14.4,-8.1,-9.5,-4.2,3.2,9.7,13.2,15.6,15,10.3,3.2,-4.6,-8.7,19,19,24,27,61,95,104,60,46,23,27,18,4.3,7.9,13.1,18.8,22.4,22.7,21.9,19.2,14,8.3,4.6,3.3,258,265,159,20,0,0,0,0,1,19,166,275,0,0,0,28,153,246,330,307,165,34,0,0,809,766,690,444,258,146,86,102,232,460,678,824,0,0,1,0,0,6,11,11,3,0,2,0,0,0,1,6,22,29,31,31,23,7,1,0,17,19,23,9,2,0,0,1,2,4,21,17,0,0,0,55,98,110,119,101,61,28,0,0,0,0,0,28,37,15,15,41,15,5,0,0,52,47,53,56,55,60,60,57,56,57,56,53,1.9,1.9,2.26,0.19,-1.25,1.02,0.5,-4.09,-3.06,-0.19,2.63,1.8,0.284200012683868,0.439200013875961,0.701600015163422,0.465200006961823,0.217999994754791,0.164599999785423,0.361700013279915,0.164599999785423,0.701600015163422,13.8499450683594,13.8499450683594,23.5518798828125,0.821562469005585,7.71617126464844,724.97998046875,37.4199981689453,-0.28999999165535,27.2999992370605,44.9700012207031,13660.5,8737.5,-55,73,3,5.94000005722046,17.1299991607666,5219.3798828125,128.770004272461,128.770004272461,-130.5,5,0.587499976158142,0.38510000705719,0,0.0176999997347593,0.00039999998989515,0.00860000029206276,0,0,0,0,0.000699999975040555,1.10000002384186,14,23,7.30000019073486,5.19999980926514,6.09999990463257,29,46,67.1999969482422,11.2729902267456,12559.25,3421,21221,3.27499997615814,2.95000004768372,3.54999995231628,0.489999994635582,0.204999998211861,1.08500003814697,11.6339864730835,0,0,0,0,0,0,0,0,0,0,0,0,5.63677406311035,14.9107141494751,29.1387100219727,19.1556663513184,0,0,0,0,0,2.77677416801453,4.96666669845581,6.3903226852417,28883.458984375,34645.04296875,41943.3671875,49520.69140625,56072.45703125,59428.0078125,57587.390625,51633.57421875,44206.40234375,36642.66015625,30143.498046875,26958.5390625,NA,NA,NA,NA,NA,NA
8380,53.506,-113.613,674.340148925781,3.1,17.1,-11,28.1,481,330,27.2,51.8,135,258,122,196,-1.15,1330,1486,5475,64,703,-42.6,35,575,12.7,162,108,58,-4.8,-5.3,0.1,9.7,18.6,21.2,23.6,22.9,17.9,9.7,-0.6,-5.1,-15.3,-16.7,-10.8,-2.2,4.2,8.6,10.7,9.3,4.3,-1.7,-9.8,-14.6,-10.1,-11,-5.4,3.7,11.4,14.9,17.1,16.1,11.1,4,-5.2,-9.8,21,19,20,27,49,87,105,53,36,22,26,16,3.8,7.2,12.3,18.1,21.8,22.4,21.5,18.6,13.3,7.5,3.9,2.8,316,311,191,17,0,0,0,0,0,14,180,300,0,0,0,35,202,296,376,345,188,43,0,0,871,808,727,429,210,107,52,77,205,435,696,858,0,0,0,0,4,13,24,18,4,0,1,0,0,0,0,8,26,30,31,31,25,10,1,0,20,19,20,7,1,0,0,0,1,3,21,15,0,0,0,53,102,113,121,101,59,26,0,0,0,0,0,26,53,26,16,48,23,4,0,0,56,52,56,59,56,61,61,59,58,61,62,60,2.1,1.9,2,0.19,-3.03,-0.06,0.38,-4.64,-3.85,-0.34,2.6,1.6,0.121799997985363,0.296400010585785,0.396800011396408,0.312400013208389,0.230000004172325,0.16889999806881,0.263200007379055,0.121799997985363,0.396800011396408,0.961555480957031,0.158271789550781,3.10772705078125,0.819235324859619,11.0856637954712,704.859985351562,43.310001373291,-0.340000003576279,30.5499992370605,40.2599983215332,16317,13239,-87,105,5,4.90000009536743,15.3800001144409,5229.580078125,126.669998168945,126.669998168945,-67.25,37,0.387499988079071,0.0888999998569489,0,0,0.505699992179871,0.0178999993950129,0,0,0,0,0,NA,NA,7,NA,NA,NA,NA,NA,NA,17.7589092254639,12383.25,3234.5,21080.5,3.19999992847443,2.95000004768372,3.44999980926514,0.575000017881393,0.229999989271164,1.25999999046326,59.4034271240234,0,0,0,0,0,0,0,0,0,0,0,0,0.41354838013649,7.37785720825195,12.4899997711182,2.52333331108093,0,0,0,0,0,0.515806496143341,0,0.0548387095332146,28310.544921875,34324.27734375,41897.7734375,49754.07421875,56577.65625,60096.71484375,58163.72265625,51949.734375,44242.89453125,36400.08984375,29630.00390625,26289.12890625,NA,NA,NA,NA,NA,NA
8381,50.921,-114.527,1383.03466796875,3.5,14.9,-7.3,22.2,556,363,24.3,41,159,250,91,162,2.38,914,1141,5298,26,443,-39.9,35,602,14.3,142,125,53,-0.1,-0.7,3.7,9.5,15.5,19,23,22.9,17.9,10.6,3.7,-0.7,-12.2,-14,-9.1,-3.7,1.2,4.7,6.9,6.2,2.4,-2.7,-8.3,-12.4,-6.1,-7.3,-2.7,2.9,8.3,11.8,14.9,14.5,10.1,3.9,-2.3,-6.6,15,21,34,45,84,111,60,58,50,32,27,19,5.1,8.6,13.8,19.4,22.9,23.6,23.1,20.6,15.2,9.4,5.6,4.1,208,218,120,22,1,0,0,0,1,15,110,220,0,0,0,23,114,205,304,294,160,41,0,0,748,704,644,453,301,187,104,113,238,439,609,759,0,0,1,0,0,3,8,8,3,0,2,1,1,0,1,5,18,27,30,30,21,7,1,0,12,20,30,17,5,1,0,1,2,4,15,16,0,0,0,57,94,112,130,111,66,32,0,0,0,0,0,12,10,1,70,53,16,0,0,0,52,47,52,55,55,56,52,51,52,55,55,53,1.5,2.1,2.9,1.99,2.08,2.36,-5.5,-5.79,-3.44,0.14,2.13,1.9,0.20160000026226,0.347600013017654,0.580399990081787,0.479200005531311,0.211799994111061,0.223199993371964,0.285400003194809,0.20160000026226,0.580399990081787,15.4967651367188,8.91290283203125,48.8446044921875,0.842253684997559,8.25543308258057,715.739990234375,41.2299995422363,-0.270000010728836,25.6000003814697,48.5699996948242,12705,8190,-56,63,3,8.47000026702881,18.9799995422363,4981.81982421875,127.110000610352,121.610000610352,-130,11,0.837400019168854,0.123499996960163,0,0,0.0171000007539988,0.0178999993950129,0,0,0,0,0.00410000002011657,1.10000002384186,12,25,2.70000004768372,4,6.40000009536743,31,41,49.0999984741211,16.7680568695068,12867.5,3835,21149.5,3.625,3.04999995231628,3.79999995231628,0.464999988675117,0.229999989271164,0.975000023841858,8.66262054443359,0,0,0,0,0,0,0,0,0,0,0,0,2.17322587966919,7.24285745620728,26.1235485076904,12.9549999237061,0,0,0,0,0,5.32709693908691,3.98699998855591,0.674838721752167,29760.07421875,35140.7734375,42014.16015625,49159.2265625,55297.05078125,58409.7734375,56705.6875,51144.9609375,44149.74609375,37018.2578125,30931.3828125,27977.8046875,NA,NA,NA,NA,NA,NA
8382,52.468,-116.082,1370.44323730469,2.1,13.6,-8.6,22.2,580,396,20.9,34.3,164,249,85,87,15.65,1135,950,5789,18,319,-42.6,32.2,531,13.7,134,146,55,-1.4,-1.5,2.7,7.9,14.4,17.2,20.6,20.1,15.2,8.7,1.1,-2.9,-13.9,-15.6,-10.3,-4.6,0.5,4.3,6.6,6,2.1,-3.5,-9.8,-14.1,-7.7,-8.6,-3.8,1.7,7.4,10.8,13.6,13.1,8.7,2.6,-4.4,-8.5,21,19,30,38,66,114,96,61,59,32,26,18,4.5,8.2,13.4,18.9,23.2,22.9,22.6,19.6,14.1,8.9,5,3.5,248,247,148,34,2,0,0,0,1,24,161,270,0,0,0,14,91,176,268,253,121,29,0,0,797,741,678,489,329,217,137,154,280,479,672,818,0,1,2,0,0,2,4,4,2,0,2,1,0,0,1,3,16,27,30,30,20,6,1,0,18,18,28,21,7,2,1,1,5,8,20,17,0,0,0,50,88,101,115,95,55,27,0,0,0,0,0,12,22,0,19,34,0,0,0,0,50,44,50,56,56,59,57,57,58,58,57,54,2.1,1.9,2.76,1.93,1.15,3.85,0.1,-3.15,-0.24,0.97,2.49,1.8,0.143500000238419,0.220400005578995,0.392599999904633,0.424800008535385,0.136899992823601,0.168200001120567,0.194300003349781,0.136899992823601,0.424800008535385,20.8346710205078,-4.98075866699219,61.6912841796875,0.845600485801697,11.3900384902954,702.309997558594,28.5699996948242,-0.189999997615814,26.3999996185303,51.5800018310547,11256,7417.5,-79,45,3,7.53999996185303,16.8899993896484,5037.9599609375,126.309997558594,126.309997558594,-160,13,0.712000012397766,0.244200006127357,0,0,0,0.0113000003620982,0,0,0,0,0.0324999988079071,1.10000002384186,16,18,1.70000004768372,3,6,33,46,28.8999996185303,24.5074024200439,12460.5,3385.5,20522.5,2.5,2.25,2.70000004768372,0.404999986290932,0.189999997615814,0.845000028610229,6.53436088562012,0,0,0,0,0,0,58268.83203125,0,0,0,0,0,4.32354831695557,31.2549991607666,55.1632270812988,59.2646675109863,7.67354822158813,0,0,0,0,3.90967750549316,6.47000026702881,0.505483865737915,28916.1484375,34663.42578125,41945.98828125,49507.3046875,56043.58984375,59389.93359375,57554.5078125,51615.45703125,44204.30859375,36656.57421875,30172.833984375,26996.65625,NA,NA,NA,NA,NA,NA
8383,52.939,-114.288,957.046691894531,3.2,15.9,-9.2,25.1,548,383,24.1,41.5,145,256,111,122,7.48,1126,1303,5406,39,559,-41.4,33.9,558,13.1,155,117,57,-2.1,-2.9,1.7,9.6,17.1,19.7,22.3,21.8,17,9.2,1.3,-2.8,-13.4,-15.5,-10,-2.7,3,7.3,9.5,8.3,3.7,-2.5,-9.7,-13.6,-7.8,-9.2,-4.2,3.4,10.1,13.5,15.9,15.1,10.3,3.3,-4.2,-8.2,21,20,25,28,64,95,114,63,47,25,29,17,4.2,7.6,12.8,18.4,22.2,22.4,21.7,18.8,13.5,7.9,4.5,3.1,251,259,159,19,0,0,0,0,1,19,156,263,0,0,0,30,165,255,339,314,165,35,0,0,800,758,690,438,239,139,78,100,232,457,666,809,0,0,1,0,1,7,13,11,3,0,2,0,0,0,1,7,24,29,31,31,24,8,1,0,18,20,24,9,2,0,0,1,2,5,22,16,0,0,0,54,97,108,117,98,58,26,0,0,0,0,0,26,33,13,3,35,11,1,0,0,54,49,54,58,56,62,61,59,58,60,56,55,2.1,2,2.35,0.28,-1.03,1.27,1.73,-3.3,-2.52,0.12,2.77,1.7,0.25,0.292800009250641,0.536800026893616,0.510399997234344,0.275200009346008,0.211199998855591,0.284000009298325,0.211199998855591,0.536800026893616,2.18682098388672,1.05382537841797,5.9517822265625,0.820089042186737,11.5517387390137,744.75,39.8899993896484,-0.310000002384186,28.2999992370605,42.2000007629395,14038.5,8940,-49,74,3,5.80000019073486,17.2199993133545,5392.91015625,132.649993896484,132.649993896484,-124.5,3,0.947700023651123,0.0454000011086464,0.00689999992027879,0,0,0,0,0,0,0,0,1.10000002384186,12,20,2.70000004768372,4.5,5.80000019073486,30,48,48.0999984741211,14.546537399292,12481,3321,21141.5,3.27499997615814,2.95000004768372,3.54999995231628,0.512499988079071,0.215000003576279,1.125,6.60988903045654,0,0,0,0,0,0,0,0,0,0,0,0,0.700967729091644,14.0153570175171,25.9180660247803,14.2083330154419,0,0,0,0,0,2.96612906455994,2.1966667175293,0.605483889579773,28651.552734375,34514.88671875,41924.84765625,49615.44140625,56277.109375,59698.36328125,57820.671875,51761.86328125,44221.2265625,36544.1875,29935.5,26687.900390625,NA,NA,NA,NA,NA,NA
8384,52.939,-114.288,957.046691894531,3.2,15.9,-9.2,25.1,548,383,24.1,41.5,145,256,111,122,7.48,1126,1303,5406,39,559,-41.4,33.9,558,13.1,155,117,57,-2.1,-2.9,1.7,9.6,17.1,19.7,22.3,21.8,17,9.2,1.3,-2.8,-13.4,-15.5,-10,-2.7,3,7.3,9.5,8.3,3.7,-2.5,-9.7,-13.6,-7.8,-9.2,-4.2,3.4,10.1,13.5,15.9,15.1,10.3,3.3,-4.2,-8.2,21,20,25,28,64,95,114,63,47,25,29,17,4.2,7.6,12.8,18.4,22.2,22.4,21.7,18.8,13.5,7.9,4.5,3.1,251,259,159,19,0,0,0,0,1,19,156,263,0,0,0,30,165,255,339,314,165,35,0,0,800,758,690,438,239,139,78,100,232,457,666,809,0,0,1,0,1,7,13,11,3,0,2,0,0,0,1,7,24,29,31,31,24,8,1,0,18,20,24,9,2,0,0,1,2,5,22,16,0,0,0,54,97,108,117,98,58,26,0,0,0,0,0,26,33,13,3,35,11,1,0,0,54,49,54,58,56,62,61,59,58,60,56,55,2.1,2,2.35,0.28,-1.03,1.27,1.73,-3.3,-2.52,0.12,2.77,1.7,0.25,0.292800009250641,0.536800026893616,0.510399997234344,0.275200009346008,0.211199998855591,0.284000009298325,0.211199998855591,0.536800026893616,2.18682098388672,1.05382537841797,5.9517822265625,0.820089042186737,11.5517387390137,744.75,39.8899993896484,-0.310000002384186,28.2999992370605,42.2000007629395,14038.5,8940,-49,74,3,5.80000019073486,17.2199993133545,5392.91015625,132.649993896484,132.649993896484,-124.5,3,0.947700023651123,0.0454000011086464,0.00689999992027879,0,0,0,0,0,0,0,0,1.10000002384186,12,20,2.70000004768372,4.5,5.80000019073486,30,48,48.0999984741211,14.546537399292,12481,3321,21141.5,3.27499997615814,2.95000004768372,3.54999995231628,0.512499988079071,0.215000003576279,1.125,6.60988903045654,0,0,0,0,0,0,0,0,0,0,0,0,0.700967729091644,14.0153570175171,25.9180660247803,14.2083330154419,0,0,0,0,0,2.96612906455994,2.1966667175293,0.605483889579773,28651.552734375,34514.88671875,41924.84765625,49615.44140625,56277.109375,59698.36328125,57820.671875,51761.86328125,44221.2265625,36544.1875,29935.5,26687.900390625,NA,NA,NA,NA,NA,NA
8385,53.071,-114.084,849,3.2,16.4,-9.8,26.2,520,356,25.4,46.1,141,256,116,161,3.88,1174,1378,5403,48,616,-41.6,34.4,568,13,158,117,57,-2.8,-3.7,1.1,9.7,17.7,20.3,22.8,22.3,17.3,9.4,0.7,-3.4,-13.8,-15.8,-10.2,-2.5,3.5,7.8,10,8.7,3.9,-2.2,-9.7,-13.8,-8.3,-9.8,-4.6,3.6,10.6,14.1,16.4,15.5,10.6,3.6,-4.5,-8.6,22,20,25,28,57,91,107,59,42,23,29,17,4,7.5,12.6,18.3,22.1,22.4,21.6,18.8,13.5,7.7,4.2,3,262,271,169,18,0,0,0,0,1,17,163,273,0,0,0,33,180,273,354,327,174,38,0,0,815,774,703,432,228,126,66,91,223,448,675,821,0,0,1,0,2,9,17,13,4,0,2,0,0,0,1,7,25,29,31,31,24,9,1,0,20,20,24,8,1,0,0,0,2,4,22,16,0,0,0,54,99,111,119,100,59,26,0,0,0,0,0,26,42,20,12,41,17,3,0,0,55,50,55,58,56,62,61,59,58,60,58,57,2.2,2,2.43,0.26,-1.93,0.65,0.87,-3.89,-3.09,-0.15,2.82,1.7,NA,NA,NA,NA,NA,NA,NA,NA,NA,0.794769287109375,-0.794769287109375,6.358154296875,0.820986211299896,13.4472064971924,740.690002441406,41.560001373291,-0.330000013113022,29.1000003814697,41.5099983215332,14878.5,9412.5,-61,84,3,5.59999990463257,35.0699996948242,5395.8701171875,132.190002441406,132.190002441406,-103.5,8,0.00179999996908009,0,0,0,0,0,0,0.998199999332428,0,0,0,NA,NA,7,NA,NA,NA,NA,NA,NA,12.4859409332275,12437.25,3317,21328,3.27499997615814,2.95000004768372,3.55000019073486,0.542499989271164,0.224999994039536,1.1800000667572,12.1969089508057,0,0,0,0,0,0,0,0,0,0,0,0,0.565806448459625,11.9614286422729,22.2435474395752,9.4593334197998,0,0,0,0,0,2.26709675788879,1.27866661548615,1.25096774101257,28550.474609375,34458.2890625,41916.80078125,49656.6171875,56366.2421875,59816.3359375,57922.3515625,51817.6484375,44227.66796875,36501.38671875,29844.90625,26569.8046875,NA,NA,NA,NA,NA,NA
8386,52.939,-114.288,957.046691894531,3.2,15.9,-9.2,25.1,548,383,24.1,41.5,145,256,111,122,7.48,1126,1303,5406,39,559,-41.4,33.9,558,13.1,155,117,57,-2.1,-2.9,1.7,9.6,17.1,19.7,22.3,21.8,17,9.2,1.3,-2.8,-13.4,-15.5,-10,-2.7,3,7.3,9.5,8.3,3.7,-2.5,-9.7,-13.6,-7.8,-9.2,-4.2,3.4,10.1,13.5,15.9,15.1,10.3,3.3,-4.2,-8.2,21,20,25,28,64,95,114,63,47,25,29,17,4.2,7.6,12.8,18.4,22.2,22.4,21.7,18.8,13.5,7.9,4.5,3.1,251,259,159,19,0,0,0,0,1,19,156,263,0,0,0,30,165,255,339,314,165,35,0,0,800,758,690,438,239,139,78,100,232,457,666,809,0,0,1,0,1,7,13,11,3,0,2,0,0,0,1,7,24,29,31,31,24,8,1,0,18,20,24,9,2,0,0,1,2,5,22,16,0,0,0,54,97,108,117,98,58,26,0,0,0,0,0,26,33,13,3,35,11,1,0,0,54,49,54,58,56,62,61,59,58,60,56,55,2.1,2,2.35,0.28,-1.03,1.27,1.73,-3.3,-2.52,0.12,2.77,1.7,0.25,0.292800009250641,0.536800026893616,0.510399997234344,0.275200009346008,0.211199998855591,0.284000009298325,0.211199998855591,0.536800026893616,2.18682098388672,1.05382537841797,5.9517822265625,0.820089042186737,11.5517387390137,744.75,39.8899993896484,-0.310000002384186,28.2999992370605,42.2000007629395,14038.5,8940,-49,74,3,5.80000019073486,17.2199993133545,5392.91015625,132.649993896484,132.649993896484,-124.5,3,0.947700023651123,0.0454000011086464,0.00689999992027879,0,0,0,0,0,0,0,0,1.10000002384186,12,20,2.70000004768372,4.5,5.80000019073486,30,48,48.0999984741211,14.546537399292,12481,3321,21141.5,3.27499997615814,2.95000004768372,3.54999995231628,0.512499988079071,0.215000003576279,1.125,6.60988903045654,0,0,0,0,0,0,0,0,0,0,0,0,0.700967729091644,14.0153570175171,25.9180660247803,14.2083330154419,0,0,0,0,0,2.96612906455994,2.1966667175293,0.605483889579773,28651.552734375,34514.88671875,41924.84765625,49615.44140625,56277.109375,59698.36328125,57820.671875,51761.86328125,44221.2265625,36544.1875,29935.5,26687.900390625,NA,NA,NA,NA,NA,NA
8387,52.939,-114.288,957.046691894531,3.2,15.9,-9.2,25.1,548,383,24.1,41.5,145,256,111,122,7.48,1126,1303,5406,39,559,-41.4,33.9,558,13.1,155,117,57,-2.1,-2.9,1.7,9.6,17.1,19.7,22.3,21.8,17,9.2,1.3,-2.8,-13.4,-15.5,-10,-2.7,3,7.3,9.5,8.3,3.7,-2.5,-9.7,-13.6,-7.8,-9.2,-4.2,3.4,10.1,13.5,15.9,15.1,10.3,3.3,-4.2,-8.2,21,20,25,28,64,95,114,63,47,25,29,17,4.2,7.6,12.8,18.4,22.2,22.4,21.7,18.8,13.5,7.9,4.5,3.1,251,259,159,19,0,0,0,0,1,19,156,263,0,0,0,30,165,255,339,314,165,35,0,0,800,758,690,438,239,139,78,100,232,457,666,809,0,0,1,0,1,7,13,11,3,0,2,0,0,0,1,7,24,29,31,31,24,8,1,0,18,20,24,9,2,0,0,1,2,5,22,16,0,0,0,54,97,108,117,98,58,26,0,0,0,0,0,26,33,13,3,35,11,1,0,0,54,49,54,58,56,62,61,59,58,60,56,55,2.1,2,2.35,0.28,-1.03,1.27,1.73,-3.3,-2.52,0.12,2.77,1.7,0.25,0.292800009250641,0.536800026893616,0.510399997234344,0.275200009346008,0.211199998855591,0.284000009298325,0.211199998855591,0.536800026893616,2.18682098388672,1.05382537841797,5.9517822265625,0.820089042186737,11.5517387390137,744.75,39.8899993896484,-0.310000002384186,28.2999992370605,42.2000007629395,14038.5,8940,-49,74,3,5.80000019073486,17.2199993133545,5392.91015625,132.649993896484,132.649993896484,-124.5,3,0.947700023651123,0.0454000011086464,0.00689999992027879,0,0,0,0,0,0,0,0,1.10000002384186,12,20,2.70000004768372,4.5,5.80000019073486,30,48,48.0999984741211,14.546537399292,12481,3321,21141.5,3.27499997615814,2.95000004768372,3.54999995231628,0.512499988079071,0.215000003576279,1.125,6.60988903045654,0,0,0,0,0,0,0,0,0,0,0,0,0.700967729091644,14.0153570175171,25.9180660247803,14.2083330154419,0,0,0,0,0,2.96612906455994,2.1966667175293,0.605483889579773,28651.552734375,34514.88671875,41924.84765625,49615.44140625,56277.109375,59698.36328125,57820.671875,51761.86328125,44221.2265625,36544.1875,29935.5,26687.900390625,NA,NA,NA,NA,NA,NA
8388,52.483,-115.738,1430.43103027344,2.8,14.7,-7.8,22.5,628,431,20.4,34.1,153,253,100,61,17.72,1075,1095,5542,26,412,-41,33.6,533,13.5,149,149,58,-2,-0.7,2.7,6.7,14.4,17.3,21.5,21.4,15.7,11.4,0.1,-2.7,-13.6,-13.8,-9.4,-4,1.5,5.3,7.9,7.4,3.1,-1.2,-9.6,-12.9,-7.8,-7.2,-3.4,1.4,8,11.3,14.7,14.4,9.4,5.1,-4.8,-7.8,22,21,34,41,80,123,101,66,61,33,27,19,4.4,7.9,13.1,17.9,22.7,22.5,22.4,19.6,13.8,9.1,4.7,3.5,251,215,138,37,1,0,0,0,1,9,170,253,0,0,0,12,106,190,298,291,140,57,0,0,800,702,665,498,310,202,109,116,259,401,684,796,0,1,2,0,0,2,7,8,2,0,2,1,0,0,1,4,19,28,31,30,23,11,1,0,19,20,31,25,6,2,1,1,4,2,21,17,0,0,0,46,87,99,117,99,55,30,0,0,0,0,0,5,7,0,16,33,0,0,0,0,53,48,54,62,59,62,59,58,60,58,60,58,2.2,2.1,3.07,2.53,2.45,4.86,0.14,-3.41,-0.52,-0.27,2.66,1.9,0.288800001144409,0.268400013446808,0.498800009489059,0.400400012731552,0.798799991607666,0.236399993300438,0.344600006937981,0.236399993300438,0.798799991607666,6.81573486328125,3.52505493164062,20.743408203125,0.836993038654327,9.49697589874268,678.469970703125,26.0100002288818,-0.140000000596046,26.6499996185303,51.7700004577637,10458,6997.5,-80,42,2,6.40999984741211,16.1000003814697,4897.2900390625,122.470001220703,122.470001220703,-183.25,3,0.92849999666214,0.0640999972820282,0,0,0.00039999998989515,9.99999974737875e-05,0,0,0,0,0.00689999992027879,1,17,18,1.60000002384186,3.09999990463257,5.59999990463257,29,51,29.7000007629395,22.1200504302979,12434.75,3397.5,20572,2.79999995231628,2.45000004768372,2.95000004768372,0.402499988675117,0.185000002384186,0.850000023841858,0,0,9719.3330078125,0,0,0,0,0,0,19467,0,19427.833984375,485814.34375,7.61290311813354,37.521427154541,68.6738739013672,71.3573303222656,12.173225402832,0,0,0,0,4.2470965385437,9.42933368682861,5.52193546295166,28883.458984375,34645.04296875,41943.3671875,49520.69140625,56072.45703125,59428.0078125,57587.390625,51633.57421875,44206.40234375,36642.66015625,30143.498046875,26958.5390625,NA,NA,NA,NA,NA,NA
8389,52.483,-115.738,1430.43103027344,2.8,14.7,-7.8,22.5,628,431,20.4,34.1,153,253,100,61,17.72,1075,1095,5542,26,412,-41,33.6,533,13.5,149,149,58,-2,-0.7,2.7,6.7,14.4,17.3,21.5,21.4,15.7,11.4,0.1,-2.7,-13.6,-13.8,-9.4,-4,1.5,5.3,7.9,7.4,3.1,-1.2,-9.6,-12.9,-7.8,-7.2,-3.4,1.4,8,11.3,14.7,14.4,9.4,5.1,-4.8,-7.8,22,21,34,41,80,123,101,66,61,33,27,19,4.4,7.9,13.1,17.9,22.7,22.5,22.4,19.6,13.8,9.1,4.7,3.5,251,215,138,37,1,0,0,0,1,9,170,253,0,0,0,12,106,190,298,291,140,57,0,0,800,702,665,498,310,202,109,116,259,401,684,796,0,1,2,0,0,2,7,8,2,0,2,1,0,0,1,4,19,28,31,30,23,11,1,0,19,20,31,25,6,2,1,1,4,2,21,17,0,0,0,46,87,99,117,99,55,30,0,0,0,0,0,5,7,0,16,33,0,0,0,0,53,48,54,62,59,62,59,58,60,58,60,58,2.2,2.1,3.07,2.53,2.45,4.86,0.14,-3.41,-0.52,-0.27,2.66,1.9,0.288800001144409,0.268400013446808,0.498800009489059,0.400400012731552,0.798799991607666,0.236399993300438,0.344600006937981,0.236399993300438,0.798799991607666,6.81573486328125,3.52505493164062,20.743408203125,0.836993038654327,9.49697589874268,678.469970703125,26.0100002288818,-0.140000000596046,26.6499996185303,51.7700004577637,10458,6997.5,-80,42,2,6.40999984741211,16.1000003814697,4897.2900390625,122.470001220703,122.470001220703,-183.25,3,0.92849999666214,0.0640999972820282,0,0,0.00039999998989515,9.99999974737875e-05,0,0,0,0,0.00689999992027879,1,17,18,1.60000002384186,3.09999990463257,5.59999990463257,29,51,29.7000007629395,22.1200504302979,12434.75,3397.5,20572,2.79999995231628,2.45000004768372,2.95000004768372,0.402499988675117,0.185000002384186,0.850000023841858,0,0,9719.3330078125,0,0,0,0,0,0,19467,0,19427.833984375,485814.34375,7.61290311813354,37.521427154541,68.6738739013672,71.3573303222656,12.173225402832,0,0,0,0,4.2470965385437,9.42933368682861,5.52193546295166,28883.458984375,34645.04296875,41943.3671875,49520.69140625,56072.45703125,59428.0078125,57587.390625,51633.57421875,44206.40234375,36642.66015625,30143.498046875,26958.5390625,NA,NA,NA,NA,NA,NA
8390,52.483,-115.738,1430.43103027344,2.8,14.7,-7.8,22.5,628,431,20.4,34.1,153,253,100,61,17.72,1075,1095,5542,26,412,-41,33.6,533,13.5,149,149,58,-2,-0.7,2.7,6.7,14.4,17.3,21.5,21.4,15.7,11.4,0.1,-2.7,-13.6,-13.8,-9.4,-4,1.5,5.3,7.9,7.4,3.1,-1.2,-9.6,-12.9,-7.8,-7.2,-3.4,1.4,8,11.3,14.7,14.4,9.4,5.1,-4.8,-7.8,22,21,34,41,80,123,101,66,61,33,27,19,4.4,7.9,13.1,17.9,22.7,22.5,22.4,19.6,13.8,9.1,4.7,3.5,251,215,138,37,1,0,0,0,1,9,170,253,0,0,0,12,106,190,298,291,140,57,0,0,800,702,665,498,310,202,109,116,259,401,684,796,0,1,2,0,0,2,7,8,2,0,2,1,0,0,1,4,19,28,31,30,23,11,1,0,19,20,31,25,6,2,1,1,4,2,21,17,0,0,0,46,87,99,117,99,55,30,0,0,0,0,0,5,7,0,16,33,0,0,0,0,53,48,54,62,59,62,59,58,60,58,60,58,2.2,2.1,3.07,2.53,2.45,4.86,0.14,-3.41,-0.52,-0.27,2.66,1.9,0.288800001144409,0.268400013446808,0.498800009489059,0.400400012731552,0.798799991607666,0.236399993300438,0.344600006937981,0.236399993300438,0.798799991607666,6.81573486328125,3.52505493164062,20.743408203125,0.836993038654327,9.49697589874268,678.469970703125,26.0100002288818,-0.140000000596046,26.6499996185303,51.7700004577637,10458,6997.5,-80,42,2,6.40999984741211,16.1000003814697,4897.2900390625,122.470001220703,122.470001220703,-183.25,3,0.92849999666214,0.0640999972820282,0,0,0.00039999998989515,9.99999974737875e-05,0,0,0,0,0.00689999992027879,1,17,18,1.60000002384186,3.09999990463257,5.59999990463257,29,51,29.7000007629395,22.1200504302979,12434.75,3397.5,20572,2.79999995231628,2.45000004768372,2.95000004768372,0.402499988675117,0.185000002384186,0.850000023841858,0,0,9719.3330078125,0,0,0,0,0,0,19467,0,19427.833984375,485814.34375,7.61290311813354,37.521427154541,68.6738739013672,71.3573303222656,12.173225402832,0,0,0,0,4.2470965385437,9.42933368682861,5.52193546295166,28883.458984375,34645.04296875,41943.3671875,49520.69140625,56072.45703125,59428.0078125,57587.390625,51633.57421875,44206.40234375,36642.66015625,30143.498046875,26958.5390625,NA,NA,NA,NA,NA,NA
8391,53.506,-113.613,674.340148925781,3.1,17.1,-11,28.1,481,330,27.2,51.8,135,258,122,196,-1.15,1330,1486,5475,64,703,-42.6,35,575,12.7,162,108,58,-4.8,-5.3,0.1,9.7,18.6,21.2,23.6,22.9,17.9,9.7,-0.6,-5.1,-15.3,-16.7,-10.8,-2.2,4.2,8.6,10.7,9.3,4.3,-1.7,-9.8,-14.6,-10.1,-11,-5.4,3.7,11.4,14.9,17.1,16.1,11.1,4,-5.2,-9.8,21,19,20,27,49,87,105,53,36,22,26,16,3.8,7.2,12.3,18.1,21.8,22.4,21.5,18.6,13.3,7.5,3.9,2.8,316,311,191,17,0,0,0,0,0,14,180,300,0,0,0,35,202,296,376,345,188,43,0,0,871,808,727,429,210,107,52,77,205,435,696,858,0,0,0,0,4,13,24,18,4,0,1,0,0,0,0,8,26,30,31,31,25,10,1,0,20,19,20,7,1,0,0,0,1,3,21,15,0,0,0,53,102,113,121,101,59,26,0,0,0,0,0,26,53,26,16,48,23,4,0,0,56,52,56,59,56,61,61,59,58,61,62,60,2.1,1.9,2,0.19,-3.03,-0.06,0.38,-4.64,-3.85,-0.34,2.6,1.6,0.121799997985363,0.296400010585785,0.396800011396408,0.312400013208389,0.230000004172325,0.16889999806881,0.263200007379055,0.121799997985363,0.396800011396408,0.961555480957031,0.158271789550781,3.10772705078125,0.819235324859619,11.0856637954712,704.859985351562,43.310001373291,-0.340000003576279,30.5499992370605,40.2599983215332,16317,13239,-87,105,5,4.90000009536743,15.3800001144409,5229.580078125,126.669998168945,126.669998168945,-67.25,37,0.387499988079071,0.0888999998569489,0,0,0.505699992179871,0.0178999993950129,0,0,0,0,0,NA,NA,7,NA,NA,NA,NA,NA,NA,17.7589092254639,12383.25,3234.5,21080.5,3.19999992847443,2.95000004768372,3.44999980926514,0.575000017881393,0.229999989271164,1.25999999046326,59.4034271240234,0,0,0,0,0,0,0,0,0,0,0,0,0.41354838013649,7.37785720825195,12.4899997711182,2.52333331108093,0,0,0,0,0,0.515806496143341,0,0.0548387095332146,28310.544921875,34324.27734375,41897.7734375,49754.07421875,56577.65625,60096.71484375,58163.72265625,51949.734375,44242.89453125,36400.08984375,29630.00390625,26289.12890625,NA,NA,NA,NA,NA,NA
8392,52.339,-115.742,1762.03674316406,1.3,13,-9.4,22.4,710,450,15.9,28.9,160,249,89,25,33.06,1260,851,6069,15,264,-43.4,31.4,448,13.4,133,232,59,-2.5,-2.6,1.4,4.7,12.6,15.7,19.4,19.1,14.1,8.3,-1.7,-4.3,-14.3,-15.4,-10.2,-5,0.4,4.3,6.7,6.3,2.1,-3.6,-10.2,-14.6,-8.4,-9,-4.4,-0.1,6.5,10,13,12.7,8.1,2.4,-5.9,-9.4,34,29,41,45,87,123,104,68,68,44,39,28,4.5,8,13,17.7,22.9,22.3,22.2,19.3,13.8,8.9,4.7,3.4,265,255,164,59,3,0,0,0,2,26,195,292,0,0,0,5,72,152,249,240,105,27,0,0,818,752,696,543,357,241,150,166,298,485,717,846,0,1,2,0,0,1,3,3,1,0,2,1,0,0,1,3,15,27,30,30,20,6,1,0,30,28,39,36,14,3,1,1,6,12,33,27,0,0,0,0,80,93,107,90,52,26,0,0,0,0,0,0,0,0,3,22,0,0,0,0,52,48,54,64,60,64,61,60,61,58,65,57,3.4,2.9,3.99,3.45,4.22,5.43,1.5,-1.98,1.24,2.23,3.9,2.8,0.774800002574921,0.218600004911423,0.381599992513657,0.326200008392334,0.559599995613098,0.358399987220764,0.36999998986721,0.218600004911423,0.774800002574921,42.2900543212891,3.68452453613281,129.840209960938,0.71180385351181,7.34573078155518,625.849975585938,20.2399997711182,-0.0500000007450581,26,54.4799995422363,7452,4242,-89,31,2,5.80000019073486,14.7799997329712,4593.02001953125,114.830001831055,114.830001831055,-217,0,0.836000025272369,0.153400003910065,0,0,0,0.00120000005699694,0,0,0,0,0.00939999986439943,1,20,20,3.29999995231628,3.70000004768372,5.69999980926514,33,45,48.4000015258789,15.6656579971313,12411.5,3431,20514,3.10000002384186,2.65000009536743,3.25,0.359999999403954,0.16499999165535,0.769999980926514,0,0,9719.3330078125,0,0,0,0,0,0,19467,0,19427.833984375,485814.34375,6.57096767425537,44.0574989318848,94.2483901977539,109.289337158203,52.9167747497559,0.0540000014007092,0,0,0,4.53677415847778,8.89000034332275,1.76064515113831,28981.205078125,34700.03125,41951.203125,49480.640625,55986.13671875,59314.1796875,57489.06640625,51579.37890625,44200.1328125,36684.28125,30231.22265625,27072.482421875,NA,NA,NA,NA,NA,NA
8393,50.921,-114.527,1383.03466796875,3.5,14.9,-7.3,22.2,556,363,24.3,41,159,250,91,162,2.38,914,1141,5298,26,443,-39.9,35,602,14.3,142,125,53,-0.1,-0.7,3.7,9.5,15.5,19,23,22.9,17.9,10.6,3.7,-0.7,-12.2,-14,-9.1,-3.7,1.2,4.7,6.9,6.2,2.4,-2.7,-8.3,-12.4,-6.1,-7.3,-2.7,2.9,8.3,11.8,14.9,14.5,10.1,3.9,-2.3,-6.6,15,21,34,45,84,111,60,58,50,32,27,19,5.1,8.6,13.8,19.4,22.9,23.6,23.1,20.6,15.2,9.4,5.6,4.1,208,218,120,22,1,0,0,0,1,15,110,220,0,0,0,23,114,205,304,294,160,41,0,0,748,704,644,453,301,187,104,113,238,439,609,759,0,0,1,0,0,3,8,8,3,0,2,1,1,0,1,5,18,27,30,30,21,7,1,0,12,20,30,17,5,1,0,1,2,4,15,16,0,0,0,57,94,112,130,111,66,32,0,0,0,0,0,12,10,1,70,53,16,0,0,0,52,47,52,55,55,56,52,51,52,55,55,53,1.5,2.1,2.9,1.99,2.08,2.36,-5.5,-5.79,-3.44,0.14,2.13,1.9,0.20160000026226,0.347600013017654,0.580399990081787,0.479200005531311,0.211799994111061,0.223199993371964,0.285400003194809,0.20160000026226,0.580399990081787,15.4967651367188,8.91290283203125,48.8446044921875,0.842253684997559,8.25543308258057,715.739990234375,41.2299995422363,-0.270000010728836,25.6000003814697,48.5699996948242,12705,8190,-56,63,3,8.47000026702881,18.9799995422363,4981.81982421875,127.110000610352,121.610000610352,-130,11,0.837400019168854,0.123499996960163,0,0,0.0171000007539988,0.0178999993950129,0,0,0,0,0.00410000002011657,1.10000002384186,12,25,2.70000004768372,4,6.40000009536743,31,41,49.0999984741211,16.7680568695068,12867.5,3835,21149.5,3.625,3.04999995231628,3.79999995231628,0.464999988675117,0.229999989271164,0.975000023841858,8.66262054443359,0,0,0,0,0,0,0,0,0,0,0,0,2.17322587966919,7.24285745620728,26.1235485076904,12.9549999237061,0,0,0,0,0,5.32709693908691,3.98699998855591,0.674838721752167,29760.07421875,35140.7734375,42014.16015625,49159.2265625,55297.05078125,58409.7734375,56705.6875,51144.9609375,44149.74609375,37018.2578125,30931.3828125,27977.8046875,NA,NA,NA,NA,NA,NA
8394,49.002,-113.907,1315.92907714844,4,15.3,-6.8,22.1,846,319,16.5,48,145,266,121,158,40.4,773,1176,5107,28,472,-33.2,33.9,549,13.9,169,301,65,-0.3,-2.2,3.2,7.9,12.9,17.2,22,21.8,16.4,8.5,1.9,-1.9,-8,-11.4,-5.7,-2,2.4,6,8.6,8.3,4.8,-0.5,-5.4,-9,-4.2,-6.8,-1.2,3,7.7,11.6,15.3,15.1,10.6,4,-1.8,-5.4,57,69,77,81,85,101,35,35,63,103,80,60,5.8,8,12.7,18.1,22.6,22.4,22.9,20.4,14.8,9.2,5.9,4.7,157,206,87,22,1,0,0,0,1,14,98,186,0,0,0,25,99,199,320,314,174,43,2,0,689,690,597,450,320,193,93,100,223,435,594,722,0,0,0,0,0,3,10,11,4,0,1,0,2,0,3,8,22,29,31,31,26,13,4,1,35,65,58,30,8,1,0,0,3,13,42,47,0,0,0,51,81,100,123,105,61,28,0,0,0,0,0,0,0,0,88,70,0,0,0,0,68,62,66,65,66,65,59,59,63,69,71,70,5.58,6.9,7.02,6.06,3.98,2.99,-6.56,-6.47,-0.58,7.99,7.49,6,0.0798999965190887,0.0987000018358231,0.208000004291534,0.244599997997284,0.105800002813339,0.0182000007480383,0.102250002324581,0.0182000007480383,0.244599997997284,25.8296966552734,15.2794647216797,57.5592041015625,0.890707850456238,7.81832218170166,822.669982910156,51.1100006103516,-0.300000011920929,22.8500003814697,55.1199989318848,14710.5,11961,-17,66,3,12.3100004196167,40.9000015258789,5515.490234375,144.399993896484,135.389999389648,-64.25,0,0.19879999756813,0,0,0,0,0,0,0.801199972629547,0,0,0,0.899999976158142,13,7,5.80000019073486,4.59999990463257,6.09999990463257,36,42,96.5,18.4644546508789,13081,3999.5,21982,4.09999990463257,3.34999990463257,4.44999980926514,0.527500003576279,0.290000021457672,0.985000014305115,0,0,0,0,208706.5,845357.3125,0,0,0,0,0,0,0,2.36419343948364,8.5478572845459,24.8903217315674,13.2053337097168,0,0,0,0,0,3.63354825973511,2.40666675567627,1.6599999666214,30701.51953125,35679.33203125,42091.48046875,48765.52734375,54461.33984375,57322.2109375,55758.95703125,50614.11328125,44087.8515625,37427.23046875,31780.22265625,29066.423828125,NA,NA,NA,NA,NA,NA
8395,52.339,-115.742,1762.03674316406,1.3,13,-9.4,22.4,710,450,15.9,28.9,160,249,89,25,33.06,1260,851,6069,15,264,-43.4,31.4,448,13.4,133,232,59,-2.5,-2.6,1.4,4.7,12.6,15.7,19.4,19.1,14.1,8.3,-1.7,-4.3,-14.3,-15.4,-10.2,-5,0.4,4.3,6.7,6.3,2.1,-3.6,-10.2,-14.6,-8.4,-9,-4.4,-0.1,6.5,10,13,12.7,8.1,2.4,-5.9,-9.4,34,29,41,45,87,123,104,68,68,44,39,28,4.5,8,13,17.7,22.9,22.3,22.2,19.3,13.8,8.9,4.7,3.4,265,255,164,59,3,0,0,0,2,26,195,292,0,0,0,5,72,152,249,240,105,27,0,0,818,752,696,543,357,241,150,166,298,485,717,846,0,1,2,0,0,1,3,3,1,0,2,1,0,0,1,3,15,27,30,30,20,6,1,0,30,28,39,36,14,3,1,1,6,12,33,27,0,0,0,0,80,93,107,90,52,26,0,0,0,0,0,0,0,0,3,22,0,0,0,0,52,48,54,64,60,64,61,60,61,58,65,57,3.4,2.9,3.99,3.45,4.22,5.43,1.5,-1.98,1.24,2.23,3.9,2.8,0.774800002574921,0.218600004911423,0.381599992513657,0.326200008392334,0.559599995613098,0.358399987220764,0.36999998986721,0.218600004911423,0.774800002574921,42.2900543212891,3.68452453613281,129.840209960938,0.71180385351181,7.34573078155518,625.849975585938,20.2399997711182,-0.0500000007450581,26,54.4799995422363,7452,4242,-89,31,2,5.80000019073486,14.7799997329712,4593.02001953125,114.830001831055,114.830001831055,-217,0,0.836000025272369,0.153400003910065,0,0,0,0.00120000005699694,0,0,0,0,0.00939999986439943,1,20,20,3.29999995231628,3.70000004768372,5.69999980926514,33,45,48.4000015258789,15.6656579971313,12411.5,3431,20514,3.10000002384186,2.65000009536743,3.25,0.359999999403954,0.16499999165535,0.769999980926514,0,0,9719.3330078125,0,0,0,0,0,0,19467,0,19427.833984375,485814.34375,6.57096767425537,44.0574989318848,94.2483901977539,109.289337158203,52.9167747497559,0.0540000014007092,0,0,0,4.53677415847778,8.89000034332275,1.76064515113831,28981.205078125,34700.03125,41951.203125,49480.640625,55986.13671875,59314.1796875,57489.06640625,51579.37890625,44200.1328125,36684.28125,30231.22265625,27072.482421875,NA,NA,NA,NA,NA,NA
8396,53.506,-113.613,674.340148925781,3.1,17.1,-11,28.1,481,330,27.2,51.8,135,258,122,196,-1.15,1330,1486,5475,64,703,-42.6,35,575,12.7,162,108,58,-4.8,-5.3,0.1,9.7,18.6,21.2,23.6,22.9,17.9,9.7,-0.6,-5.1,-15.3,-16.7,-10.8,-2.2,4.2,8.6,10.7,9.3,4.3,-1.7,-9.8,-14.6,-10.1,-11,-5.4,3.7,11.4,14.9,17.1,16.1,11.1,4,-5.2,-9.8,21,19,20,27,49,87,105,53,36,22,26,16,3.8,7.2,12.3,18.1,21.8,22.4,21.5,18.6,13.3,7.5,3.9,2.8,316,311,191,17,0,0,0,0,0,14,180,300,0,0,0,35,202,296,376,345,188,43,0,0,871,808,727,429,210,107,52,77,205,435,696,858,0,0,0,0,4,13,24,18,4,0,1,0,0,0,0,8,26,30,31,31,25,10,1,0,20,19,20,7,1,0,0,0,1,3,21,15,0,0,0,53,102,113,121,101,59,26,0,0,0,0,0,26,53,26,16,48,23,4,0,0,56,52,56,59,56,61,61,59,58,61,62,60,2.1,1.9,2,0.19,-3.03,-0.06,0.38,-4.64,-3.85,-0.34,2.6,1.6,0.121799997985363,0.296400010585785,0.396800011396408,0.312400013208389,0.230000004172325,0.16889999806881,0.263200007379055,0.121799997985363,0.396800011396408,0.961555480957031,0.158271789550781,3.10772705078125,0.819235324859619,11.0856637954712,704.859985351562,43.310001373291,-0.340000003576279,30.5499992370605,40.2599983215332,16317,13239,-87,105,5,4.90000009536743,15.3800001144409,5229.580078125,126.669998168945,126.669998168945,-67.25,37,0.387499988079071,0.0888999998569489,0,0,0.505699992179871,0.0178999993950129,0,0,0,0,0,NA,NA,7,NA,NA,NA,NA,NA,NA,17.7589092254639,12383.25,3234.5,21080.5,3.19999992847443,2.95000004768372,3.44999980926514,0.575000017881393,0.229999989271164,1.25999999046326,59.4034271240234,0,0,0,0,0,0,0,0,0,0,0,0,0.41354838013649,7.37785720825195,12.4899997711182,2.52333331108093,0,0,0,0,0,0.515806496143341,0,0.0548387095332146,28310.544921875,34324.27734375,41897.7734375,49754.07421875,56577.65625,60096.71484375,58163.72265625,51949.734375,44242.89453125,36400.08984375,29630.00390625,26289.12890625,NA,NA,NA,NA,NA,NA
8397,51.766,-112.788,828.461608886719,3.3,17.3,-10.8,28.1,423,305,31.4,56.7,143,258,114,284,-12.32,1263,1503,5390,69,719,-42.7,36.8,625,13.5,155,85,55,-3.8,-5,0.9,10.5,18.3,21.4,24.6,24.4,19.3,10.6,0.8,-3.9,-15,-16.7,-10.5,-2.9,3.4,8,10,8.8,4,-2.8,-10.2,-14.7,-9.4,-10.8,-4.8,3.8,10.8,14.7,17.3,16.6,11.7,3.9,-4.7,-9.3,14,15,20,21,50,90,78,52,35,15,19,14,4.4,7.9,13,19,22.1,22.9,22.3,19.8,14.6,8.4,4.6,3.3,294,305,175,16,0,0,0,0,0,15,168,289,0,0,0,37,185,290,382,360,205,41,1,0,849,802,709,426,224,112,48,66,191,439,681,843,0,0,0,0,3,12,27,22,6,0,0,0,0,0,0,6,25,29,31,31,25,7,1,0,13,15,19,6,1,0,0,0,1,2,15,13,0,0,0,59,104,118,132,113,68,31,0,0,0,0,0,38,54,28,54,61,33,16,0,0,53,51,55,55,54,59,57,54,53,55,56,55,1.4,1.5,1.97,-0.72,-3.02,-0.23,-3.62,-6.39,-5.09,-1.37,1.85,1.4,0.121500000357628,0.149299994111061,0.576799988746643,0.589999973773956,0.14640000462532,0.1317999958992,0.147849999368191,0.121500000357628,0.589999973773956,1.77925109863281,1.70939636230469,3.709716796875,0.839691162109375,11.0708169937134,775.52001953125,57.8600006103516,-0.5,31.5499992370605,31.4400005340576,16537.5,13500,-88,99,5,5.55000019073486,12.8299999237061,5716.10986328125,140.649993896484,140.649993896484,-47.25,14,0.0127999996766448,0.462199985980988,0,0.475699990987778,0.0342000015079975,0.0151000004261732,0,0,0,0,0,1.10000002384186,7,21,4.5,4.5,7.09999990463257,40,36,45.7999992370605,2.13159155845642,12861.5,3586.5,21338.5,3.90000009536743,3.40000009536743,4.09999990463257,0.519999980926514,0.204999998211861,1.15499997138977,7.3965106010437,0,0,0,0,0,0,0,0,0,0,0,0,0.578064501285553,2.47357153892517,7.6680645942688,1.746333360672,0,0,0,0,0,1.8835483789444,0.524999976158142,0.096451610326767,29300.19921875,34879.9921875,41976.87109375,49349.4921875,55704.1796875,58943.23046875,57168.2109375,51402,44179.58984375,36820.56640625,30517.73828125,27443.8125,NA,NA,NA,NA,NA,NA
9201,50.921,-114.527,1383.03466796875,3.5,14.9,-7.3,22.2,556,363,24.3,41,159,250,91,162,2.38,914,1141,5298,26,443,-39.9,35,602,14.3,142,125,53,-0.1,-0.7,3.7,9.5,15.5,19,23,22.9,17.9,10.6,3.7,-0.7,-12.2,-14,-9.1,-3.7,1.2,4.7,6.9,6.2,2.4,-2.7,-8.3,-12.4,-6.1,-7.3,-2.7,2.9,8.3,11.8,14.9,14.5,10.1,3.9,-2.3,-6.6,15,21,34,45,84,111,60,58,50,32,27,19,5.1,8.6,13.8,19.4,22.9,23.6,23.1,20.6,15.2,9.4,5.6,4.1,208,218,120,22,1,0,0,0,1,15,110,220,0,0,0,23,114,205,304,294,160,41,0,0,748,704,644,453,301,187,104,113,238,439,609,759,0,0,1,0,0,3,8,8,3,0,2,1,1,0,1,5,18,27,30,30,21,7,1,0,12,20,30,17,5,1,0,1,2,4,15,16,0,0,0,57,94,112,130,111,66,32,0,0,0,0,0,12,10,1,70,53,16,0,0,0,52,47,52,55,55,56,52,51,52,55,55,53,1.5,2.1,2.9,1.99,2.08,2.36,-5.5,-5.79,-3.44,0.14,2.13,1.9,0.20160000026226,0.347600013017654,0.580399990081787,0.479200005531311,0.211799994111061,0.223199993371964,0.285400003194809,0.20160000026226,0.580399990081787,15.4967651367188,8.91290283203125,48.8446044921875,0.842253684997559,8.25543308258057,715.739990234375,41.2299995422363,-0.270000010728836,25.6000003814697,48.5699996948242,12705,8190,-56,63,3,8.47000026702881,18.9799995422363,4981.81982421875,127.110000610352,121.610000610352,-130,11,0.837400019168854,0.123499996960163,0,0,0.0171000007539988,0.0178999993950129,0,0,0,0,0.00410000002011657,1.10000002384186,12,25,2.70000004768372,4,6.40000009536743,31,41,49.0999984741211,16.7680568695068,12867.5,3835,21149.5,3.625,3.04999995231628,3.79999995231628,0.464999988675117,0.229999989271164,0.975000023841858,8.66262054443359,0,0,0,0,0,0,0,0,0,0,0,0,2.17322587966919,7.24285745620728,26.1235485076904,12.9549999237061,0,0,0,0,0,5.32709693908691,3.98699998855591,0.674838721752167,29760.07421875,35140.7734375,42014.16015625,49159.2265625,55297.05078125,58409.7734375,56705.6875,51144.9609375,44149.74609375,37018.2578125,30931.3828125,27977.8046875,NA,NA,NA,NA,NA,NA
9202,53.547,-113.558,671.533020019531,3.1,17.2,-11,28.2,470,321,27.9,53.6,135,258,123,203,-2.21,1321,1499,5454,67,714,-42.6,35.2,573,12.7,163,105,59,-4.8,-5.3,0.1,9.7,18.6,21.2,23.6,23,18,9.7,-0.6,-5.1,-15.2,-16.6,-10.7,-2.1,4.3,8.7,10.9,9.5,4.4,-1.6,-9.7,-14.6,-10,-11,-5.3,3.8,11.5,14.9,17.2,16.2,11.2,4,-5.1,-9.8,21,19,20,29,47,85,103,52,34,20,24,16,3.8,7.1,12.2,17.9,21.8,22.3,21.4,18.5,13.3,7.5,3.9,2.7,313,311,188,16,0,0,0,0,0,14,177,300,0,0,0,36,205,296,379,348,191,43,0,0,867,808,724,426,207,107,50,75,203,435,693,858,0,0,0,0,4,13,25,18,5,0,1,0,0,0,0,8,26,30,31,31,25,10,1,0,20,19,20,8,1,0,0,0,1,3,19,15,0,0,0,53,102,113,120,100,59,26,0,0,0,0,0,24,55,28,17,48,25,6,0,0,56,53,56,60,56,62,62,59,58,62,63,60,2.1,1.9,2,0.38,-3.21,-0.23,0.24,-4.76,-4.09,-0.55,2.4,1.6,0.0736000016331673,0.366800010204315,0.427599996328354,0.327600002288818,0.179900005459785,0.162699997425079,0.253750003874302,0.0736000016331673,0.427599996328354,0.668930053710938,-0.301589965820312,2.3682861328125,0.81924170255661,12.0382490158081,698.200012207031,43.0699996948242,-0.340000003576279,30.7999992370605,40.1800003051758,16401,13311,-90,108,5,4.82000017166138,15.1499996185303,5189.93017578125,125.790000915527,125.790000915527,-62,40,0.642499983310699,0.0758000016212463,0,0,0.270500004291534,0.0111999996006489,0,0,0,0,0,1.20000004768372,8,3,4.5,4.19999980926514,6.59999990463257,36,38,55.7999992370605,10.5193090438843,12412.25,3247.5,21199,3.19999992847443,2.95000004768372,3.44999980926514,0.575000017881393,0.229999989271164,1.25999999046326,59.4034271240234,0,0,0,0,0,0,0,0,0,0,0,0,0.395483881235123,6.96857118606567,11.9832258224487,2.371333360672,0,0,0,0,0,0.491290301084518,0,0.0445161275565624,28275.791015625,34304.90234375,41895.0234375,49768.15625,56608.26171875,60137.3671875,58198.6875,51968.828125,44245.09375,36385.44921875,29598.892578125,26248.431640625,NA,NA,NA,NA,NA,NA
9203,53.547,-113.558,671.533020019531,3.1,17.2,-11,28.2,470,321,27.9,53.6,135,258,123,203,-2.21,1321,1499,5454,67,714,-42.6,35.2,573,12.7,163,105,59,-4.8,-5.3,0.1,9.7,18.6,21.2,23.6,23,18,9.7,-0.6,-5.1,-15.2,-16.6,-10.7,-2.1,4.3,8.7,10.9,9.5,4.4,-1.6,-9.7,-14.6,-10,-11,-5.3,3.8,11.5,14.9,17.2,16.2,11.2,4,-5.1,-9.8,21,19,20,29,47,85,103,52,34,20,24,16,3.8,7.1,12.2,17.9,21.8,22.3,21.4,18.5,13.3,7.5,3.9,2.7,313,311,188,16,0,0,0,0,0,14,177,300,0,0,0,36,205,296,379,348,191,43,0,0,867,808,724,426,207,107,50,75,203,435,693,858,0,0,0,0,4,13,25,18,5,0,1,0,0,0,0,8,26,30,31,31,25,10,1,0,20,19,20,8,1,0,0,0,1,3,19,15,0,0,0,53,102,113,120,100,59,26,0,0,0,0,0,24,55,28,17,48,25,6,0,0,56,53,56,60,56,62,62,59,58,62,63,60,2.1,1.9,2,0.38,-3.21,-0.23,0.24,-4.76,-4.09,-0.55,2.4,1.6,0.0736000016331673,0.366800010204315,0.427599996328354,0.327600002288818,0.179900005459785,0.162699997425079,0.253750003874302,0.0736000016331673,0.427599996328354,0.668930053710938,-0.301589965820312,2.3682861328125,0.81924170255661,12.0382490158081,698.200012207031,43.0699996948242,-0.340000003576279,30.7999992370605,40.1800003051758,16401,13311,-90,108,5,4.82000017166138,15.1499996185303,5189.93017578125,125.790000915527,125.790000915527,-62,40,0.642499983310699,0.0758000016212463,0,0,0.270500004291534,0.0111999996006489,0,0,0,0,0,1.20000004768372,8,3,4.5,4.19999980926514,6.59999990463257,36,38,55.7999992370605,10.5193090438843,12412.25,3247.5,21199,3.19999992847443,2.95000004768372,3.44999980926514,0.575000017881393,0.229999989271164,1.25999999046326,59.4034271240234,0,0,0,0,0,0,0,0,0,0,0,0,0.395483881235123,6.96857118606567,11.9832258224487,2.371333360672,0,0,0,0,0,0.491290301084518,0,0.0445161275565624,28275.791015625,34304.90234375,41895.0234375,49768.15625,56608.26171875,60137.3671875,58198.6875,51968.828125,44245.09375,36385.44921875,29598.892578125,26248.431640625,NA,NA,NA,NA,NA,NA
9204,53.547,-113.558,671.533020019531,3.1,17.2,-11,28.2,470,321,27.9,53.6,135,258,123,203,-2.21,1321,1499,5454,67,714,-42.6,35.2,573,12.7,163,105,59,-4.8,-5.3,0.1,9.7,18.6,21.2,23.6,23,18,9.7,-0.6,-5.1,-15.2,-16.6,-10.7,-2.1,4.3,8.7,10.9,9.5,4.4,-1.6,-9.7,-14.6,-10,-11,-5.3,3.8,11.5,14.9,17.2,16.2,11.2,4,-5.1,-9.8,21,19,20,29,47,85,103,52,34,20,24,16,3.8,7.1,12.2,17.9,21.8,22.3,21.4,18.5,13.3,7.5,3.9,2.7,313,311,188,16,0,0,0,0,0,14,177,300,0,0,0,36,205,296,379,348,191,43,0,0,867,808,724,426,207,107,50,75,203,435,693,858,0,0,0,0,4,13,25,18,5,0,1,0,0,0,0,8,26,30,31,31,25,10,1,0,20,19,20,8,1,0,0,0,1,3,19,15,0,0,0,53,102,113,120,100,59,26,0,0,0,0,0,24,55,28,17,48,25,6,0,0,56,53,56,60,56,62,62,59,58,62,63,60,2.1,1.9,2,0.38,-3.21,-0.23,0.24,-4.76,-4.09,-0.55,2.4,1.6,0.0736000016331673,0.366800010204315,0.427599996328354,0.327600002288818,0.179900005459785,0.162699997425079,0.253750003874302,0.0736000016331673,0.427599996328354,0.668930053710938,-0.301589965820312,2.3682861328125,0.81924170255661,12.0382490158081,698.200012207031,43.0699996948242,-0.340000003576279,30.7999992370605,40.1800003051758,16401,13311,-90,108,5,4.82000017166138,15.1499996185303,5189.93017578125,125.790000915527,125.790000915527,-62,40,0.642499983310699,0.0758000016212463,0,0,0.270500004291534,0.0111999996006489,0,0,0,0,0,1.20000004768372,8,3,4.5,4.19999980926514,6.59999990463257,36,38,55.7999992370605,10.5193090438843,12412.25,3247.5,21199,3.19999992847443,2.95000004768372,3.44999980926514,0.575000017881393,0.229999989271164,1.25999999046326,59.4034271240234,0,0,0,0,0,0,0,0,0,0,0,0,0.395483881235123,6.96857118606567,11.9832258224487,2.371333360672,0,0,0,0,0,0.491290301084518,0,0.0445161275565624,28275.791015625,34304.90234375,41895.0234375,49768.15625,56608.26171875,60137.3671875,58198.6875,51968.828125,44245.09375,36385.44921875,29598.892578125,26248.431640625,NA,NA,NA,NA,NA,NA
9205,52.339,-115.742,1762.03674316406,1.3,13,-9.4,22.4,710,450,15.9,28.9,160,249,89,25,33.06,1260,851,6069,15,264,-43.4,31.4,448,13.4,133,232,59,-2.5,-2.6,1.4,4.7,12.6,15.7,19.4,19.1,14.1,8.3,-1.7,-4.3,-14.3,-15.4,-10.2,-5,0.4,4.3,6.7,6.3,2.1,-3.6,-10.2,-14.6,-8.4,-9,-4.4,-0.1,6.5,10,13,12.7,8.1,2.4,-5.9,-9.4,34,29,41,45,87,123,104,68,68,44,39,28,4.5,8,13,17.7,22.9,22.3,22.2,19.3,13.8,8.9,4.7,3.4,265,255,164,59,3,0,0,0,2,26,195,292,0,0,0,5,72,152,249,240,105,27,0,0,818,752,696,543,357,241,150,166,298,485,717,846,0,1,2,0,0,1,3,3,1,0,2,1,0,0,1,3,15,27,30,30,20,6,1,0,30,28,39,36,14,3,1,1,6,12,33,27,0,0,0,0,80,93,107,90,52,26,0,0,0,0,0,0,0,0,3,22,0,0,0,0,52,48,54,64,60,64,61,60,61,58,65,57,3.4,2.9,3.99,3.45,4.22,5.43,1.5,-1.98,1.24,2.23,3.9,2.8,0.774800002574921,0.218600004911423,0.381599992513657,0.326200008392334,0.559599995613098,0.358399987220764,0.36999998986721,0.218600004911423,0.774800002574921,42.2900543212891,3.68452453613281,129.840209960938,0.71180385351181,7.34573078155518,625.849975585938,20.2399997711182,-0.0500000007450581,26,54.4799995422363,7452,4242,-89,31,2,5.80000019073486,14.7799997329712,4593.02001953125,114.830001831055,114.830001831055,-217,0,0.836000025272369,0.153400003910065,0,0,0,0.00120000005699694,0,0,0,0,0.00939999986439943,1,20,20,3.29999995231628,3.70000004768372,5.69999980926514,33,45,48.4000015258789,15.6656579971313,12411.5,3431,20514,3.10000002384186,2.65000009536743,3.25,0.359999999403954,0.16499999165535,0.769999980926514,0,0,9719.3330078125,0,0,0,0,0,0,19467,0,19427.833984375,485814.34375,6.57096767425537,44.0574989318848,94.2483901977539,109.289337158203,52.9167747497559,0.0540000014007092,0,0,0,4.53677415847778,8.89000034332275,1.76064515113831,28981.205078125,34700.03125,41951.203125,49480.640625,55986.13671875,59314.1796875,57489.06640625,51579.37890625,44200.1328125,36684.28125,30231.22265625,27072.482421875,NA,NA,NA,NA,NA,NA
9206,52.339,-115.742,1762.03674316406,1.3,13,-9.4,22.4,710,450,15.9,28.9,160,249,89,25,33.06,1260,851,6069,15,264,-43.4,31.4,448,13.4,133,232,59,-2.5,-2.6,1.4,4.7,12.6,15.7,19.4,19.1,14.1,8.3,-1.7,-4.3,-14.3,-15.4,-10.2,-5,0.4,4.3,6.7,6.3,2.1,-3.6,-10.2,-14.6,-8.4,-9,-4.4,-0.1,6.5,10,13,12.7,8.1,2.4,-5.9,-9.4,34,29,41,45,87,123,104,68,68,44,39,28,4.5,8,13,17.7,22.9,22.3,22.2,19.3,13.8,8.9,4.7,3.4,265,255,164,59,3,0,0,0,2,26,195,292,0,0,0,5,72,152,249,240,105,27,0,0,818,752,696,543,357,241,150,166,298,485,717,846,0,1,2,0,0,1,3,3,1,0,2,1,0,0,1,3,15,27,30,30,20,6,1,0,30,28,39,36,14,3,1,1,6,12,33,27,0,0,0,0,80,93,107,90,52,26,0,0,0,0,0,0,0,0,3,22,0,0,0,0,52,48,54,64,60,64,61,60,61,58,65,57,3.4,2.9,3.99,3.45,4.22,5.43,1.5,-1.98,1.24,2.23,3.9,2.8,0.774800002574921,0.218600004911423,0.381599992513657,0.326200008392334,0.559599995613098,0.358399987220764,0.36999998986721,0.218600004911423,0.774800002574921,42.2900543212891,3.68452453613281,129.840209960938,0.71180385351181,7.34573078155518,625.849975585938,20.2399997711182,-0.0500000007450581,26,54.4799995422363,7452,4242,-89,31,2,5.80000019073486,14.7799997329712,4593.02001953125,114.830001831055,114.830001831055,-217,0,0.836000025272369,0.153400003910065,0,0,0,0.00120000005699694,0,0,0,0,0.00939999986439943,1,20,20,3.29999995231628,3.70000004768372,5.69999980926514,33,45,48.4000015258789,15.6656579971313,12411.5,3431,20514,3.10000002384186,2.65000009536743,3.25,0.359999999403954,0.16499999165535,0.769999980926514,0,0,9719.3330078125,0,0,0,0,0,0,19467,0,19427.833984375,485814.34375,6.57096767425537,44.0574989318848,94.2483901977539,109.289337158203,52.9167747497559,0.0540000014007092,0,0,0,4.53677415847778,8.89000034332275,1.76064515113831,28981.205078125,34700.03125,41951.203125,49480.640625,55986.13671875,59314.1796875,57489.06640625,51579.37890625,44200.1328125,36684.28125,30231.22265625,27072.482421875,NA,NA,NA,NA,NA,NA
9207,52.339,-115.742,1762.03674316406,1.3,13,-9.4,22.4,710,450,15.9,28.9,160,249,89,25,33.06,1260,851,6069,15,264,-43.4,31.4,448,13.4,133,232,59,-2.5,-2.6,1.4,4.7,12.6,15.7,19.4,19.1,14.1,8.3,-1.7,-4.3,-14.3,-15.4,-10.2,-5,0.4,4.3,6.7,6.3,2.1,-3.6,-10.2,-14.6,-8.4,-9,-4.4,-0.1,6.5,10,13,12.7,8.1,2.4,-5.9,-9.4,34,29,41,45,87,123,104,68,68,44,39,28,4.5,8,13,17.7,22.9,22.3,22.2,19.3,13.8,8.9,4.7,3.4,265,255,164,59,3,0,0,0,2,26,195,292,0,0,0,5,72,152,249,240,105,27,0,0,818,752,696,543,357,241,150,166,298,485,717,846,0,1,2,0,0,1,3,3,1,0,2,1,0,0,1,3,15,27,30,30,20,6,1,0,30,28,39,36,14,3,1,1,6,12,33,27,0,0,0,0,80,93,107,90,52,26,0,0,0,0,0,0,0,0,3,22,0,0,0,0,52,48,54,64,60,64,61,60,61,58,65,57,3.4,2.9,3.99,3.45,4.22,5.43,1.5,-1.98,1.24,2.23,3.9,2.8,0.774800002574921,0.218600004911423,0.381599992513657,0.326200008392334,0.559599995613098,0.358399987220764,0.36999998986721,0.218600004911423,0.774800002574921,42.2900543212891,3.68452453613281,129.840209960938,0.71180385351181,7.34573078155518,625.849975585938,20.2399997711182,-0.0500000007450581,26,54.4799995422363,7452,4242,-89,31,2,5.80000019073486,14.7799997329712,4593.02001953125,114.830001831055,114.830001831055,-217,0,0.836000025272369,0.153400003910065,0,0,0,0.00120000005699694,0,0,0,0,0.00939999986439943,1,20,20,3.29999995231628,3.70000004768372,5.69999980926514,33,45,48.4000015258789,15.6656579971313,12411.5,3431,20514,3.10000002384186,2.65000009536743,3.25,0.359999999403954,0.16499999165535,0.769999980926514,0,0,9719.3330078125,0,0,0,0,0,0,19467,0,19427.833984375,485814.34375,6.57096767425537,44.0574989318848,94.2483901977539,109.289337158203,52.9167747497559,0.0540000014007092,0,0,0,4.53677415847778,8.89000034332275,1.76064515113831,28981.205078125,34700.03125,41951.203125,49480.640625,55986.13671875,59314.1796875,57489.06640625,51579.37890625,44200.1328125,36684.28125,30231.22265625,27072.482421875,NA,NA,NA,NA,NA,NA
9208,52.339,-115.742,1762.03674316406,1.3,13,-9.4,22.4,710,450,15.9,28.9,160,249,89,25,33.06,1260,851,6069,15,264,-43.4,31.4,448,13.4,133,232,59,-2.5,-2.6,1.4,4.7,12.6,15.7,19.4,19.1,14.1,8.3,-1.7,-4.3,-14.3,-15.4,-10.2,-5,0.4,4.3,6.7,6.3,2.1,-3.6,-10.2,-14.6,-8.4,-9,-4.4,-0.1,6.5,10,13,12.7,8.1,2.4,-5.9,-9.4,34,29,41,45,87,123,104,68,68,44,39,28,4.5,8,13,17.7,22.9,22.3,22.2,19.3,13.8,8.9,4.7,3.4,265,255,164,59,3,0,0,0,2,26,195,292,0,0,0,5,72,152,249,240,105,27,0,0,818,752,696,543,357,241,150,166,298,485,717,846,0,1,2,0,0,1,3,3,1,0,2,1,0,0,1,3,15,27,30,30,20,6,1,0,30,28,39,36,14,3,1,1,6,12,33,27,0,0,0,0,80,93,107,90,52,26,0,0,0,0,0,0,0,0,3,22,0,0,0,0,52,48,54,64,60,64,61,60,61,58,65,57,3.4,2.9,3.99,3.45,4.22,5.43,1.5,-1.98,1.24,2.23,3.9,2.8,0.774800002574921,0.218600004911423,0.381599992513657,0.326200008392334,0.559599995613098,0.358399987220764,0.36999998986721,0.218600004911423,0.774800002574921,42.2900543212891,3.68452453613281,129.840209960938,0.71180385351181,7.34573078155518,625.849975585938,20.2399997711182,-0.0500000007450581,26,54.4799995422363,7452,4242,-89,31,2,5.80000019073486,14.7799997329712,4593.02001953125,114.830001831055,114.830001831055,-217,0,0.836000025272369,0.153400003910065,0,0,0,0.00120000005699694,0,0,0,0,0.00939999986439943,1,20,20,3.29999995231628,3.70000004768372,5.69999980926514,33,45,48.4000015258789,15.6656579971313,12411.5,3431,20514,3.10000002384186,2.65000009536743,3.25,0.359999999403954,0.16499999165535,0.769999980926514,0,0,9719.3330078125,0,0,0,0,0,0,19467,0,19427.833984375,485814.34375,6.57096767425537,44.0574989318848,94.2483901977539,109.289337158203,52.9167747497559,0.0540000014007092,0,0,0,4.53677415847778,8.89000034332275,1.76064515113831,28981.205078125,34700.03125,41951.203125,49480.640625,55986.13671875,59314.1796875,57489.06640625,51579.37890625,44200.1328125,36684.28125,30231.22265625,27072.482421875,NA,NA,NA,NA,NA,NA
9209,49.14,-113.851,1327.33923339844,4.7,16.1,-6.2,22.3,751,315,19.6,51.1,143,265,122,195,22.87,701,1323,4854,41,567,-34,35.5,598,14.3,172,221,61,0.7,-0.9,4.2,9.4,14.5,18.5,23.6,23.5,18.3,10.2,3.5,-0.6,-8.6,-11.6,-5.9,-1.7,2.9,6.4,8.6,8,4.7,-0.2,-5.3,-9.2,-3.9,-6.2,-0.9,3.9,8.7,12.4,16.1,15.8,11.5,5,-0.9,-4.9,49,53,68,73,83,98,38,39,57,81,65,47,5.8,8.5,13.2,18.6,22.6,22.9,23.3,20.9,15.5,9.5,6,4.7,150,191,81,16,1,0,0,0,0,10,79,173,0,0,1,34,125,222,345,336,200,56,5,0,680,674,588,423,289,169,73,84,196,404,567,707,0,0,0,0,0,4,15,15,5,0,1,0,2,0,3,9,23,29,31,31,26,14,4,1,29,49,49,18,4,1,0,0,2,6,28,35,0,0,0,56,88,107,133,114,68,32,0,0,0,0,0,0,5,9,95,75,11,0,0,0,62,56,62,62,63,62,55,54,58,65,66,64,4.74,5.3,5.95,4.69,2.69,1.88,-7.71,-7.69,-2.48,5.08,5.74,4.69,0.281199991703033,0.305200010538101,0.566799998283386,0.435999989509583,0.233199998736382,0.126800000667572,0.293200001120567,0.126800000667572,0.566799998283386,4.83274841308594,-2.15003967285156,18.2445068359375,0.865763127803802,16.9450721740723,805.510009765625,49.7700004577637,-0.319999992847443,22.6499996185303,53.0299987792969,14448,11790,-16,66,3,12.1800003051758,22.1900005340576,5384.08984375,141.169998168945,132.440002441406,-70.25,5,0.143700003623962,0.790199995040894,0,0.00559999980032444,0.0248000007122755,0.0351000018417835,0,0,0,0,0.000600000028498471,1.10000002384186,14,22,7.09999990463257,4.69999980926514,6.40000009536743,32,44,81.9000015258789,7.43371677398682,13231.75,3947.5,22008.5,4.20000028610229,3.40000009536743,4.64999961853027,0.512499988079071,0.280000001192093,0.975000023841858,0,0,0,0,208706.5,845357.3125,0,0,0,0,0,0,0,2.38129019737244,7.97214269638062,30.0080642700195,19.158332824707,0,0,0,0,0,3.45096778869629,2.19266653060913,1.53741931915283,30646.984375,35647.96484375,42086.96875,48788.48046875,54509.828125,57385.0546875,55813.796875,50645.03125,44091.46484375,37403.38671875,31730.98046875,29003.517578125,NA,NA,NA,NA,NA,NA
9210,49.14,-113.851,1327.33923339844,4.7,16.1,-6.2,22.3,751,315,19.6,51.1,143,265,122,195,22.87,701,1323,4854,41,567,-34,35.5,598,14.3,172,221,61,0.7,-0.9,4.2,9.4,14.5,18.5,23.6,23.5,18.3,10.2,3.5,-0.6,-8.6,-11.6,-5.9,-1.7,2.9,6.4,8.6,8,4.7,-0.2,-5.3,-9.2,-3.9,-6.2,-0.9,3.9,8.7,12.4,16.1,15.8,11.5,5,-0.9,-4.9,49,53,68,73,83,98,38,39,57,81,65,47,5.8,8.5,13.2,18.6,22.6,22.9,23.3,20.9,15.5,9.5,6,4.7,150,191,81,16,1,0,0,0,0,10,79,173,0,0,1,34,125,222,345,336,200,56,5,0,680,674,588,423,289,169,73,84,196,404,567,707,0,0,0,0,0,4,15,15,5,0,1,0,2,0,3,9,23,29,31,31,26,14,4,1,29,49,49,18,4,1,0,0,2,6,28,35,0,0,0,56,88,107,133,114,68,32,0,0,0,0,0,0,5,9,95,75,11,0,0,0,62,56,62,62,63,62,55,54,58,65,66,64,4.74,5.3,5.95,4.69,2.69,1.88,-7.71,-7.69,-2.48,5.08,5.74,4.69,0.281199991703033,0.305200010538101,0.566799998283386,0.435999989509583,0.233199998736382,0.126800000667572,0.293200001120567,0.126800000667572,0.566799998283386,4.83274841308594,-2.15003967285156,18.2445068359375,0.865763127803802,16.9450721740723,805.510009765625,49.7700004577637,-0.319999992847443,22.6499996185303,53.0299987792969,14448,11790,-16,66,3,12.1800003051758,22.1900005340576,5384.08984375,141.169998168945,132.440002441406,-70.25,5,0.143700003623962,0.790199995040894,0,0.00559999980032444,0.0248000007122755,0.0351000018417835,0,0,0,0,0.000600000028498471,1.10000002384186,14,22,7.09999990463257,4.69999980926514,6.40000009536743,32,44,81.9000015258789,7.43371677398682,13231.75,3947.5,22008.5,4.20000028610229,3.40000009536743,4.64999961853027,0.512499988079071,0.280000001192093,0.975000023841858,0,0,0,0,208706.5,845357.3125,0,0,0,0,0,0,0,2.38129019737244,7.97214269638062,30.0080642700195,19.158332824707,0,0,0,0,0,3.45096778869629,2.19266653060913,1.53741931915283,30646.984375,35647.96484375,42086.96875,48788.48046875,54509.828125,57385.0546875,55813.796875,50645.03125,44091.46484375,37403.38671875,31730.98046875,29003.517578125,NA,NA,NA,NA,NA,NA
9211,54.031,-115.721,1167.2431640625,3.3,15.3,-8.3,23.6,624,438,21.3,34.9,143,256,112,57,18.69,1014,1218,5342,35,493,-39.9,32.2,516,12.7,158,128,59,-1,-2.1,3,10.1,16.1,18.6,21.1,20.3,15.9,7.7,1.5,-2.3,-11.9,-14.6,-9,-2.6,3.2,7.4,9.5,8.5,3.7,-2,-9.2,-12.7,-6.4,-8.3,-3,3.8,9.7,13,15.3,14.4,9.8,2.9,-3.8,-7.5,25,22,24,34,66,108,135,76,53,25,34,22,3.9,7.2,12.5,18.3,22.1,22,21.2,17.9,12.9,7.3,4.2,2.9,215,241,127,16,0,0,0,0,1,22,146,245,0,0,0,32,153,239,320,291,151,31,0,0,757,732,653,426,258,150,93,116,247,470,654,787,0,1,2,1,0,5,10,8,3,1,3,1,1,0,1,7,24,29,31,31,24,9,1,0,20,21,22,9,2,1,1,1,3,6,24,20,0,0,0,54,91,100,108,88,53,22,0,0,0,0,0,20,25,0,0,12,0,0,0,0,56,49,54,57,59,65,64,64,61,66,58,57,2.5,2.2,2.01,0.62,-0.16,3.21,4.61,-0.95,-1.31,0.56,3.2,2.2,0.170100003480911,0.43079999089241,0.614400029182434,0.507200002670288,0.230399996042252,0.179000005125999,0.330599993467331,0.170100003480911,0.614400029182434,6.19741821289062,5.77862548828125,13.763427734375,0.799318909645081,9.16601371765137,664.789978027344,23.0300006866455,-0.100000001490116,28.6000003814697,52.2200012207031,11770.5,7747.5,-90,63,3,4.42999982833862,14.2399997711182,4989.60009765625,121.449996948242,121.449996948242,-164,0,0.833999991416931,0.160699993371964,0,0,0,0.00499999988824129,0,0,0,0,0.000300000014249235,1,22,17,3.5,3.79999995231628,5.69999980926514,35,45,53.4000015258789,13.5792503356934,11939.75,2932.5,20884,3.14999997615814,2.75,3.29999995231628,0.477500006556511,0.229999989271164,0.995000004768372,0,0,0,0,0,0,0,0,0,0,0,0,0,9.15129089355469,18.3350009918213,27.7851619720459,34.3919982910156,1.76032257080078,0,0,0,0,0.61258065700531,2.33800005912781,8.56258106231689,27993.306640625,34147.80859375,41872.76171875,49882.2890625,56856.83203125,60468.1953125,58482.890625,52123.6640625,44262.91015625,36266.8046875,29346.1875,25917.25,NA,NA,NA,NA,NA,NA
9212,54.031,-115.721,1167.2431640625,3.3,15.3,-8.3,23.6,624,438,21.3,34.9,143,256,112,57,18.69,1014,1218,5342,35,493,-39.9,32.2,516,12.7,158,128,59,-1,-2.1,3,10.1,16.1,18.6,21.1,20.3,15.9,7.7,1.5,-2.3,-11.9,-14.6,-9,-2.6,3.2,7.4,9.5,8.5,3.7,-2,-9.2,-12.7,-6.4,-8.3,-3,3.8,9.7,13,15.3,14.4,9.8,2.9,-3.8,-7.5,25,22,24,34,66,108,135,76,53,25,34,22,3.9,7.2,12.5,18.3,22.1,22,21.2,17.9,12.9,7.3,4.2,2.9,215,241,127,16,0,0,0,0,1,22,146,245,0,0,0,32,153,239,320,291,151,31,0,0,757,732,653,426,258,150,93,116,247,470,654,787,0,1,2,1,0,5,10,8,3,1,3,1,1,0,1,7,24,29,31,31,24,9,1,0,20,21,22,9,2,1,1,1,3,6,24,20,0,0,0,54,91,100,108,88,53,22,0,0,0,0,0,20,25,0,0,12,0,0,0,0,56,49,54,57,59,65,64,64,61,66,58,57,2.5,2.2,2.01,0.62,-0.16,3.21,4.61,-0.95,-1.31,0.56,3.2,2.2,0.170100003480911,0.43079999089241,0.614400029182434,0.507200002670288,0.230399996042252,0.179000005125999,0.330599993467331,0.170100003480911,0.614400029182434,6.19741821289062,5.77862548828125,13.763427734375,0.799318909645081,9.16601371765137,664.789978027344,23.0300006866455,-0.100000001490116,28.6000003814697,52.2200012207031,11770.5,7747.5,-90,63,3,4.42999982833862,14.2399997711182,4989.60009765625,121.449996948242,121.449996948242,-164,0,0.833999991416931,0.160699993371964,0,0,0,0.00499999988824129,0,0,0,0,0.000300000014249235,1,22,17,3.5,3.79999995231628,5.69999980926514,35,45,53.4000015258789,13.5792503356934,11939.75,2932.5,20884,3.14999997615814,2.75,3.29999995231628,0.477500006556511,0.229999989271164,0.995000004768372,0,0,0,0,0,0,0,0,0,0,0,0,0,9.15129089355469,18.3350009918213,27.7851619720459,34.3919982910156,1.76032257080078,0,0,0,0,0.61258065700531,2.33800005912781,8.56258106231689,27993.306640625,34147.80859375,41872.76171875,49882.2890625,56856.83203125,60468.1953125,58482.890625,52123.6640625,44262.91015625,36266.8046875,29346.1875,25917.25,NA,NA,NA,NA,NA,NA
9213,52.939,-114.288,957.046691894531,3.2,15.9,-9.2,25.1,548,383,24.1,41.5,145,256,111,122,7.48,1126,1303,5406,39,559,-41.4,33.9,558,13.1,155,117,57,-2.1,-2.9,1.7,9.6,17.1,19.7,22.3,21.8,17,9.2,1.3,-2.8,-13.4,-15.5,-10,-2.7,3,7.3,9.5,8.3,3.7,-2.5,-9.7,-13.6,-7.8,-9.2,-4.2,3.4,10.1,13.5,15.9,15.1,10.3,3.3,-4.2,-8.2,21,20,25,28,64,95,114,63,47,25,29,17,4.2,7.6,12.8,18.4,22.2,22.4,21.7,18.8,13.5,7.9,4.5,3.1,251,259,159,19,0,0,0,0,1,19,156,263,0,0,0,30,165,255,339,314,165,35,0,0,800,758,690,438,239,139,78,100,232,457,666,809,0,0,1,0,1,7,13,11,3,0,2,0,0,0,1,7,24,29,31,31,24,8,1,0,18,20,24,9,2,0,0,1,2,5,22,16,0,0,0,54,97,108,117,98,58,26,0,0,0,0,0,26,33,13,3,35,11,1,0,0,54,49,54,58,56,62,61,59,58,60,56,55,2.1,2,2.35,0.28,-1.03,1.27,1.73,-3.3,-2.52,0.12,2.77,1.7,0.25,0.292800009250641,0.536800026893616,0.510399997234344,0.275200009346008,0.211199998855591,0.284000009298325,0.211199998855591,0.536800026893616,2.18682098388672,1.05382537841797,5.9517822265625,0.820089042186737,11.5517387390137,744.75,39.8899993896484,-0.310000002384186,28.2999992370605,42.2000007629395,14038.5,8940,-49,74,3,5.80000019073486,17.2199993133545,5392.91015625,132.649993896484,132.649993896484,-124.5,3,0.947700023651123,0.0454000011086464,0.00689999992027879,0,0,0,0,0,0,0,0,1.10000002384186,12,20,2.70000004768372,4.5,5.80000019073486,30,48,48.0999984741211,14.546537399292,12481,3321,21141.5,3.27499997615814,2.95000004768372,3.54999995231628,0.512499988079071,0.215000003576279,1.125,6.60988903045654,0,0,0,0,0,0,0,0,0,0,0,0,0.700967729091644,14.0153570175171,25.9180660247803,14.2083330154419,0,0,0,0,0,2.96612906455994,2.1966667175293,0.605483889579773,28651.552734375,34514.88671875,41924.84765625,49615.44140625,56277.109375,59698.36328125,57820.671875,51761.86328125,44221.2265625,36544.1875,29935.5,26687.900390625,NA,NA,NA,NA,NA,NA
9214,52.843,-119.256,926.365966796875,4.2,15.8,-6.9,22.7,568,231,25,68.4,152,261,108,299,4.56,850,1319,5031,40,564,-35.7,35.2,590,13.5,166,202,62,-2.3,-1.9,3.9,10.3,17.7,20.3,23.4,23.2,17.3,8.5,0.9,-3.1,-9.5,-11.8,-6,-2.1,2.1,6.2,8.1,7.6,4.1,-0.3,-5.4,-10.2,-5.9,-6.9,-1,4.1,9.9,13.2,15.8,15.4,10.7,4.1,-2.2,-6.6,55,45,49,36,29,63,52,34,53,60,54,38,4.3,7,12.2,18.6,23.4,23.3,23.1,20.3,14.3,7.9,4.5,3.2,202,208,83,15,0,0,0,0,1,14,107,220,0,0,0,34,159,246,336,323,177,44,0,0,741,693,591,418,252,146,81,93,220,432,606,759,0,0,1,0,0,6,13,13,4,0,2,1,1,0,3,8,21,29,31,30,25,14,4,1,42,42,36,8,1,0,0,0,2,7,30,33,0,0,0,56,102,114,128,107,59,24,0,0,0,0,0,20,73,51,76,73,6,0,0,0,70,59,62,58,52,57,55,54,59,70,74,70,5.5,4.5,4.15,0.77,-5.01,-2.63,-5.79,-7.54,-2.01,3.78,5.04,3.8,0.256599992513657,0.383199989795685,0.508000016212463,0.38280001282692,0.318199992179871,0.255199998617172,0.350500002503395,0.255199998617172,0.508000016212463,28.5559005737305,3.25659942626953,101.767822265625,0.701042592525482,7.63169431686401,723.150024414062,52.6800003051758,-0.0900000035762787,26.5,61.9300003051758,13755,8737.5,-76,68,3,6.92000007629395,67.8199996948242,5323.60009765625,131.429992675781,5.59999990463257,-110.5,16,0.986100018024445,0.00100000004749745,0,0,0,0.0129000004380941,0,0,0,0,0,0.899999976158142,16,20,5.30000019073486,4,5.90000009536743,40,38,45.4000015258789,23.1568069458008,11871.75,2813.5,20492,1.70000004768372,1.5,1.95000004768372,0.527499973773956,0.274999976158142,0.965000033378601,25.3000736236572,0,0,0,0,0,0,0,0,0,0,0,0,46.7429046630859,76.2649993896484,127.987098693848,113.081001281738,31.436128616333,0,0,0,0,0,0,42.398063659668,28685.015625,34533.640625,41927.515625,49601.7890625,56247.58984375,59659.32421875,57787.01171875,51743.37890625,44219.09375,36558.375,29965.50390625,26726.98046875,NA,NA,NA,NA,NA,NA
9215,49.092,-119.538,280.809173583984,11,23.3,-0.5,23.8,326,121,64.4,192.6,101,298,196,586,-46.88,224,2791,3007,476,1624,-21.5,42,826,14,268,26,68,2.2,4.3,11.4,17.3,23.2,25.8,30.4,30.5,24.2,15.5,7.2,1.8,-2.4,-2.8,1.6,4.8,9.4,12.9,16.2,16,11,5.2,1.3,-2.7,-0.1,0.8,6.5,11.1,16.3,19.4,23.3,23.2,17.6,10.3,4.2,-0.5,29,25,33,26,36,38,16,11,20,29,32,31,5.1,6.6,13.2,19,22.5,23.1,23.5,21.2,16,8.9,5.1,3.9,70,51,11,1,0,0,0,0,0,1,17,73,10,10,76,182,351,431,566,563,378,174,41,8,563,478,359,213,81,27,3,4,56,239,414,570,0,0,0,4,28,71,166,163,44,2,0,0,9,7,20,27,31,30,31,31,30,27,18,8,7,6,1,0,0,0,0,0,0,0,3,9,0,17,44,80,123,136,157,135,81,39,14,0,0,0,11,54,87,98,141,124,61,10,0,0,82,74,67,61,59,62,60,59,61,67,80,82,2.31,1.57,0.03,-4.08,-6.14,-7.16,-13,-13.7,-8.12,-2.67,1.52,2.57,0.184000000357628,0.498400002717972,0.551999986171722,0.478399991989136,0.279199987649918,0.178100004792213,0.378799989819527,0.178100004792213,0.551999986171722,0.716270446777344,0.502662658691406,2.04339599609375,0.868076622486115,15.8796691894531,975.549987792969,78.5800018310547,-0.699999988079071,24.4500007629395,28.7399997711182,36225,27972,4,134,5,14.0200004577637,98.7799987792969,6366.85009765625,165.259994506836,12.4099998474121,105.75,10,0.142499998211861,0.697200000286102,0,0.0636000037193298,0.0249000005424023,0.0675999969244003,0,0.00419999985024333,0,0,0,1.20000004768372,12,20,3.5,3.29999995231628,7,37,41,42.5999984741211,12.8981447219849,12837.25,3333,21913,2.42499995231628,2.20000004768372,2.70000004768372,0.790000021457672,0.5,1.26499998569489,6.36300420761108,0,0,73151.6640625,0,783479.3125,31329.166015625,3717626.25,8930128,0,0,0,0,0,0.0857142880558968,0.012580644339323,0,0,0,0,0,0,0,0,0,30674.291015625,35663.66796875,42089.2265625,48776.9921875,54485.5546875,57353.5859375,55786.3359375,50629.5546875,44089.65625,37415.3203125,31755.63671875,29035.017578125,NA,NA,NA,NA,NA,NA
9216,52.939,-114.288,957.046691894531,3.2,15.9,-9.2,25.1,548,383,24.1,41.5,145,256,111,122,7.48,1126,1303,5406,39,559,-41.4,33.9,558,13.1,155,117,57,-2.1,-2.9,1.7,9.6,17.1,19.7,22.3,21.8,17,9.2,1.3,-2.8,-13.4,-15.5,-10,-2.7,3,7.3,9.5,8.3,3.7,-2.5,-9.7,-13.6,-7.8,-9.2,-4.2,3.4,10.1,13.5,15.9,15.1,10.3,3.3,-4.2,-8.2,21,20,25,28,64,95,114,63,47,25,29,17,4.2,7.6,12.8,18.4,22.2,22.4,21.7,18.8,13.5,7.9,4.5,3.1,251,259,159,19,0,0,0,0,1,19,156,263,0,0,0,30,165,255,339,314,165,35,0,0,800,758,690,438,239,139,78,100,232,457,666,809,0,0,1,0,1,7,13,11,3,0,2,0,0,0,1,7,24,29,31,31,24,8,1,0,18,20,24,9,2,0,0,1,2,5,22,16,0,0,0,54,97,108,117,98,58,26,0,0,0,0,0,26,33,13,3,35,11,1,0,0,54,49,54,58,56,62,61,59,58,60,56,55,2.1,2,2.35,0.28,-1.03,1.27,1.73,-3.3,-2.52,0.12,2.77,1.7,0.25,0.292800009250641,0.536800026893616,0.510399997234344,0.275200009346008,0.211199998855591,0.284000009298325,0.211199998855591,0.536800026893616,2.18682098388672,1.05382537841797,5.9517822265625,0.820089042186737,11.5517387390137,744.75,39.8899993896484,-0.310000002384186,28.2999992370605,42.2000007629395,14038.5,8940,-49,74,3,5.80000019073486,17.2199993133545,5392.91015625,132.649993896484,132.649993896484,-124.5,3,0.947700023651123,0.0454000011086464,0.00689999992027879,0,0,0,0,0,0,0,0,1.10000002384186,12,20,2.70000004768372,4.5,5.80000019073486,30,48,48.0999984741211,14.546537399292,12481,3321,21141.5,3.27499997615814,2.95000004768372,3.54999995231628,0.512499988079071,0.215000003576279,1.125,6.60988903045654,0,0,0,0,0,0,0,0,0,0,0,0,0.700967729091644,14.0153570175171,25.9180660247803,14.2083330154419,0,0,0,0,0,2.96612906455994,2.1966667175293,0.605483889579773,28651.552734375,34514.88671875,41924.84765625,49615.44140625,56277.109375,59698.36328125,57820.671875,51761.86328125,44221.2265625,36544.1875,29935.5,26687.900390625,NA,NA,NA,NA,NA,NA
9217,52.635,-114.624,987.030700683594,3.1,15.8,-9.4,25.2,552,384,23.7,41.1,147,256,109,129,7.06,1146,1292,5446,37,550,-42.5,34.2,567,13.3,153,120,56,-2.3,-2.8,1.9,9.7,17,19.7,22.3,22,17.3,9.6,1.2,-2.9,-13.9,-16,-10.2,-2.9,2.7,7,9.2,8.1,3.6,-2.7,-9.8,-14.3,-8.1,-9.4,-4.1,3.4,9.8,13.3,15.8,15.1,10.5,3.4,-4.3,-8.6,21,20,26,28,67,98,110,61,48,26,28,19,4.3,7.9,13,18.6,22.3,22.6,21.8,19,13.9,8.1,4.5,3.3,258,263,156,19,0,0,0,0,1,18,158,273,0,0,0,30,156,249,336,314,171,36,0,0,809,763,687,438,255,144,81,100,226,454,669,821,0,0,1,0,1,6,13,11,4,0,2,0,0,0,1,6,23,29,31,31,24,7,1,0,19,20,25,9,2,0,0,1,2,5,21,18,0,0,0,55,97,109,119,100,60,27,0,0,0,0,0,27,30,11,9,39,12,1,0,0,53,47,53,57,55,61,60,58,57,58,56,53,2.1,2,2.45,0.25,-0.67,1.46,1.21,-3.75,-2.66,0.08,2.68,1.9,0.283600002527237,0.39860001206398,0.554400026798248,0.519999980926514,0.243599995970726,0.168500006198883,0.341100007295609,0.168500006198883,0.554400026798248,5.07872772216797,3.16634368896484,18.0965576171875,0.829568684101105,9.36958789825439,749.200012207031,38.2700004577637,-0.300000011920929,27.1000003814697,44.5999984741211,14028,8895,-44,72,3,6.3899998664856,15.1300001144409,5357.39013671875,132.630004882812,132.630004882812,-121.5,9,0.0143999997526407,0.958199977874756,0,0.00380000006407499,0.0147000001743436,0.00810000021010637,0,0,0,0,0.0007999999797903,1.20000004768372,9,21,4,4.40000009536743,6.09999990463257,29,48,48.4000015258789,0,12456.25,3344.5,21023,3.05000007152557,2.75,3.34999990463257,0.504999995231628,0.215000003576279,1.09500002861023,8.06354236602783,0,0,0,0,0,0,0,0,0,0,0,0,3.35483860969543,13.9771423339844,26.3383865356445,16.5796661376953,0,0,0,0,0,2.92612910270691,4.73666667938232,4.00870990753174,28817.751953125,34608.125,41938.11328125,49547.57421875,56130.46484375,59504.5625,57653.484375,51669.96484375,44210.61328125,36614.72265625,30084.546875,26881.90234375,NA,NA,NA,NA,NA,NA
9218,52.635,-114.624,987.030700683594,3.1,15.8,-9.4,25.2,552,384,23.7,41.1,147,256,109,129,7.06,1146,1292,5446,37,550,-42.5,34.2,567,13.3,153,120,56,-2.3,-2.8,1.9,9.7,17,19.7,22.3,22,17.3,9.6,1.2,-2.9,-13.9,-16,-10.2,-2.9,2.7,7,9.2,8.1,3.6,-2.7,-9.8,-14.3,-8.1,-9.4,-4.1,3.4,9.8,13.3,15.8,15.1,10.5,3.4,-4.3,-8.6,21,20,26,28,67,98,110,61,48,26,28,19,4.3,7.9,13,18.6,22.3,22.6,21.8,19,13.9,8.1,4.5,3.3,258,263,156,19,0,0,0,0,1,18,158,273,0,0,0,30,156,249,336,314,171,36,0,0,809,763,687,438,255,144,81,100,226,454,669,821,0,0,1,0,1,6,13,11,4,0,2,0,0,0,1,6,23,29,31,31,24,7,1,0,19,20,25,9,2,0,0,1,2,5,21,18,0,0,0,55,97,109,119,100,60,27,0,0,0,0,0,27,30,11,9,39,12,1,0,0,53,47,53,57,55,61,60,58,57,58,56,53,2.1,2,2.45,0.25,-0.67,1.46,1.21,-3.75,-2.66,0.08,2.68,1.9,0.283600002527237,0.39860001206398,0.554400026798248,0.519999980926514,0.243599995970726,0.168500006198883,0.341100007295609,0.168500006198883,0.554400026798248,5.07872772216797,3.16634368896484,18.0965576171875,0.829568684101105,9.36958789825439,749.200012207031,38.2700004577637,-0.300000011920929,27.1000003814697,44.5999984741211,14028,8895,-44,72,3,6.3899998664856,15.1300001144409,5357.39013671875,132.630004882812,132.630004882812,-121.5,9,0.0143999997526407,0.958199977874756,0,0.00380000006407499,0.0147000001743436,0.00810000021010637,0,0,0,0,0.0007999999797903,1.20000004768372,9,21,4,4.40000009536743,6.09999990463257,29,48,48.4000015258789,0,12456.25,3344.5,21023,3.05000007152557,2.75,3.34999990463257,0.504999995231628,0.215000003576279,1.09500002861023,8.06354236602783,0,0,0,0,0,0,0,0,0,0,0,0,3.35483860969543,13.9771423339844,26.3383865356445,16.5796661376953,0,0,0,0,0,2.92612910270691,4.73666667938232,4.00870990753174,28817.751953125,34608.125,41938.11328125,49547.57421875,56130.46484375,59504.5625,57653.484375,51669.96484375,44210.61328125,36614.72265625,30084.546875,26881.90234375,NA,NA,NA,NA,NA,NA
9219,52.635,-114.624,987.030700683594,3.1,15.8,-9.4,25.2,552,384,23.7,41.1,147,256,109,129,7.06,1146,1292,5446,37,550,-42.5,34.2,567,13.3,153,120,56,-2.3,-2.8,1.9,9.7,17,19.7,22.3,22,17.3,9.6,1.2,-2.9,-13.9,-16,-10.2,-2.9,2.7,7,9.2,8.1,3.6,-2.7,-9.8,-14.3,-8.1,-9.4,-4.1,3.4,9.8,13.3,15.8,15.1,10.5,3.4,-4.3,-8.6,21,20,26,28,67,98,110,61,48,26,28,19,4.3,7.9,13,18.6,22.3,22.6,21.8,19,13.9,8.1,4.5,3.3,258,263,156,19,0,0,0,0,1,18,158,273,0,0,0,30,156,249,336,314,171,36,0,0,809,763,687,438,255,144,81,100,226,454,669,821,0,0,1,0,1,6,13,11,4,0,2,0,0,0,1,6,23,29,31,31,24,7,1,0,19,20,25,9,2,0,0,1,2,5,21,18,0,0,0,55,97,109,119,100,60,27,0,0,0,0,0,27,30,11,9,39,12,1,0,0,53,47,53,57,55,61,60,58,57,58,56,53,2.1,2,2.45,0.25,-0.67,1.46,1.21,-3.75,-2.66,0.08,2.68,1.9,0.283600002527237,0.39860001206398,0.554400026798248,0.519999980926514,0.243599995970726,0.168500006198883,0.341100007295609,0.168500006198883,0.554400026798248,5.07872772216797,3.16634368896484,18.0965576171875,0.829568684101105,9.36958789825439,749.200012207031,38.2700004577637,-0.300000011920929,27.1000003814697,44.5999984741211,14028,8895,-44,72,3,6.3899998664856,15.1300001144409,5357.39013671875,132.630004882812,132.630004882812,-121.5,9,0.0143999997526407,0.958199977874756,0,0.00380000006407499,0.0147000001743436,0.00810000021010637,0,0,0,0,0.0007999999797903,1.20000004768372,9,21,4,4.40000009536743,6.09999990463257,29,48,48.4000015258789,0,12456.25,3344.5,21023,3.05000007152557,2.75,3.34999990463257,0.504999995231628,0.215000003576279,1.09500002861023,8.06354236602783,0,0,0,0,0,0,0,0,0,0,0,0,3.35483860969543,13.9771423339844,26.3383865356445,16.5796661376953,0,0,0,0,0,2.92612910270691,4.73666667938232,4.00870990753174,28817.751953125,34608.125,41938.11328125,49547.57421875,56130.46484375,59504.5625,57653.484375,51669.96484375,44210.61328125,36614.72265625,30084.546875,26881.90234375,NA,NA,NA,NA,NA,NA
9220,52.939,-114.288,957.046691894531,3.2,15.9,-9.2,25.1,548,383,24.1,41.5,145,256,111,122,7.48,1126,1303,5406,39,559,-41.4,33.9,558,13.1,155,117,57,-2.1,-2.9,1.7,9.6,17.1,19.7,22.3,21.8,17,9.2,1.3,-2.8,-13.4,-15.5,-10,-2.7,3,7.3,9.5,8.3,3.7,-2.5,-9.7,-13.6,-7.8,-9.2,-4.2,3.4,10.1,13.5,15.9,15.1,10.3,3.3,-4.2,-8.2,21,20,25,28,64,95,114,63,47,25,29,17,4.2,7.6,12.8,18.4,22.2,22.4,21.7,18.8,13.5,7.9,4.5,3.1,251,259,159,19,0,0,0,0,1,19,156,263,0,0,0,30,165,255,339,314,165,35,0,0,800,758,690,438,239,139,78,100,232,457,666,809,0,0,1,0,1,7,13,11,3,0,2,0,0,0,1,7,24,29,31,31,24,8,1,0,18,20,24,9,2,0,0,1,2,5,22,16,0,0,0,54,97,108,117,98,58,26,0,0,0,0,0,26,33,13,3,35,11,1,0,0,54,49,54,58,56,62,61,59,58,60,56,55,2.1,2,2.35,0.28,-1.03,1.27,1.73,-3.3,-2.52,0.12,2.77,1.7,0.25,0.292800009250641,0.536800026893616,0.510399997234344,0.275200009346008,0.211199998855591,0.284000009298325,0.211199998855591,0.536800026893616,2.18682098388672,1.05382537841797,5.9517822265625,0.820089042186737,11.5517387390137,744.75,39.8899993896484,-0.310000002384186,28.2999992370605,42.2000007629395,14038.5,8940,-49,74,3,5.80000019073486,17.2199993133545,5392.91015625,132.649993896484,132.649993896484,-124.5,3,0.947700023651123,0.0454000011086464,0.00689999992027879,0,0,0,0,0,0,0,0,1.10000002384186,12,20,2.70000004768372,4.5,5.80000019073486,30,48,48.0999984741211,14.546537399292,12481,3321,21141.5,3.27499997615814,2.95000004768372,3.54999995231628,0.512499988079071,0.215000003576279,1.125,6.60988903045654,0,0,0,0,0,0,0,0,0,0,0,0,0.700967729091644,14.0153570175171,25.9180660247803,14.2083330154419,0,0,0,0,0,2.96612906455994,2.1966667175293,0.605483889579773,28651.552734375,34514.88671875,41924.84765625,49615.44140625,56277.109375,59698.36328125,57820.671875,51761.86328125,44221.2265625,36544.1875,29935.5,26687.900390625,NA,NA,NA,NA,NA,NA
9221,53.987,-113.319,656.759887695312,2.7,17,-11.7,28.7,481,322,26.4,52.8,138,257,119,194,-0.36,1438,1456,5622,59,683,-43.9,34.9,569,12.6,160,115,58,-5.6,-5.9,-0.2,9.4,18.5,21.1,23.4,22.7,17.7,9.2,-1.3,-5.8,-16.4,-17.5,-11.3,-2.5,3.9,8.4,10.6,9.1,4.1,-1.9,-10.3,-15.6,-11,-11.7,-5.8,3.5,11.2,14.8,17,15.9,10.9,3.6,-5.8,-10.7,23,20,20,28,44,92,103,50,33,25,26,17,3.6,7.1,12.2,18,21.7,22.3,21.4,18.4,13.1,7.3,3.7,2.6,343,330,202,18,0,0,0,0,0,17,193,334,0,0,0,34,197,293,373,339,183,38,0,0,898,828,740,435,215,109,54,82,214,448,714,886,0,0,0,0,4,12,23,16,4,0,0,0,0,0,0,7,26,30,31,31,25,9,1,0,22,20,20,8,1,0,0,0,1,4,22,17,0,0,0,52,102,113,120,99,58,25,0,0,0,0,0,24,58,21,17,49,25,0,0,0,54,51,55,59,55,61,62,59,58,62,63,58,2.3,2,2,0.42,-3.51,0.48,0.34,-4.81,-4.05,0.16,2.6,1.7,0.145699992775917,0.283199995756149,0.361400008201599,0.357800006866455,0.229200005531311,0.205599993467331,0.25620000064373,0.145699992775917,0.361400008201599,2.78466033935547,-1.66254425048828,8.4796142578125,0.81816577911377,9.53772068023682,707.739990234375,44.4099998474121,-0.340000003576279,31.25,39.25,15739.5,9990,-96,99,4,4.03000020980835,31.7199993133545,5412.14013671875,129.699996948242,129.699996948242,-70.75,3,0.604700028896332,0.375800013542175,0,0.00120000005699694,0,0.0094999996945262,0,0,0,0,0.00879999995231628,1.10000002384186,8,23,3.59999990463257,4,6.30000019073486,41,34,46.9000015258789,9.15375137329102,12343.5,3101.5,21285.5,3.22500002384186,2.95000004768372,3.44999980926514,0.572500005364418,0.229999989271164,1.26499998569489,7.96717643737793,0,0,0,0,0,0,0,0,0,0,0,0,0.458064526319504,3.69821429252625,10.5067739486694,3.04633331298828,0,0,0,0,0,0.159354835748672,0,0.0306451618671417,27993.306640625,34147.80859375,41872.76171875,49882.2890625,56856.83203125,60468.1953125,58482.890625,52123.6640625,44262.91015625,36266.8046875,29346.1875,25917.25,NA,NA,NA,NA,NA,NA
9222,53.987,-113.319,656.759887695312,2.7,17,-11.7,28.7,481,322,26.4,52.8,138,257,119,194,-0.36,1438,1456,5622,59,683,-43.9,34.9,569,12.6,160,115,58,-5.6,-5.9,-0.2,9.4,18.5,21.1,23.4,22.7,17.7,9.2,-1.3,-5.8,-16.4,-17.5,-11.3,-2.5,3.9,8.4,10.6,9.1,4.1,-1.9,-10.3,-15.6,-11,-11.7,-5.8,3.5,11.2,14.8,17,15.9,10.9,3.6,-5.8,-10.7,23,20,20,28,44,92,103,50,33,25,26,17,3.6,7.1,12.2,18,21.7,22.3,21.4,18.4,13.1,7.3,3.7,2.6,343,330,202,18,0,0,0,0,0,17,193,334,0,0,0,34,197,293,373,339,183,38,0,0,898,828,740,435,215,109,54,82,214,448,714,886,0,0,0,0,4,12,23,16,4,0,0,0,0,0,0,7,26,30,31,31,25,9,1,0,22,20,20,8,1,0,0,0,1,4,22,17,0,0,0,52,102,113,120,99,58,25,0,0,0,0,0,24,58,21,17,49,25,0,0,0,54,51,55,59,55,61,62,59,58,62,63,58,2.3,2,2,0.42,-3.51,0.48,0.34,-4.81,-4.05,0.16,2.6,1.7,0.145699992775917,0.283199995756149,0.361400008201599,0.357800006866455,0.229200005531311,0.205599993467331,0.25620000064373,0.145699992775917,0.361400008201599,2.78466033935547,-1.66254425048828,8.4796142578125,0.81816577911377,9.53772068023682,707.739990234375,44.4099998474121,-0.340000003576279,31.25,39.25,15739.5,9990,-96,99,4,4.03000020980835,31.7199993133545,5412.14013671875,129.699996948242,129.699996948242,-70.75,3,0.604700028896332,0.375800013542175,0,0.00120000005699694,0,0.0094999996945262,0,0,0,0,0.00879999995231628,1.10000002384186,8,23,3.59999990463257,4,6.30000019073486,41,34,46.9000015258789,9.15375137329102,12343.5,3101.5,21285.5,3.22500002384186,2.95000004768372,3.44999980926514,0.572500005364418,0.229999989271164,1.26499998569489,7.96717643737793,0,0,0,0,0,0,0,0,0,0,0,0,0.458064526319504,3.69821429252625,10.5067739486694,3.04633331298828,0,0,0,0,0,0.159354835748672,0,0.0306451618671417,27993.306640625,34147.80859375,41872.76171875,49882.2890625,56856.83203125,60468.1953125,58482.890625,52123.6640625,44262.91015625,36266.8046875,29346.1875,25917.25,NA,NA,NA,NA,NA,NA
9223,53.987,-113.319,656.759887695312,2.7,17,-11.7,28.7,481,322,26.4,52.8,138,257,119,194,-0.36,1438,1456,5622,59,683,-43.9,34.9,569,12.6,160,115,58,-5.6,-5.9,-0.2,9.4,18.5,21.1,23.4,22.7,17.7,9.2,-1.3,-5.8,-16.4,-17.5,-11.3,-2.5,3.9,8.4,10.6,9.1,4.1,-1.9,-10.3,-15.6,-11,-11.7,-5.8,3.5,11.2,14.8,17,15.9,10.9,3.6,-5.8,-10.7,23,20,20,28,44,92,103,50,33,25,26,17,3.6,7.1,12.2,18,21.7,22.3,21.4,18.4,13.1,7.3,3.7,2.6,343,330,202,18,0,0,0,0,0,17,193,334,0,0,0,34,197,293,373,339,183,38,0,0,898,828,740,435,215,109,54,82,214,448,714,886,0,0,0,0,4,12,23,16,4,0,0,0,0,0,0,7,26,30,31,31,25,9,1,0,22,20,20,8,1,0,0,0,1,4,22,17,0,0,0,52,102,113,120,99,58,25,0,0,0,0,0,24,58,21,17,49,25,0,0,0,54,51,55,59,55,61,62,59,58,62,63,58,2.3,2,2,0.42,-3.51,0.48,0.34,-4.81,-4.05,0.16,2.6,1.7,0.145699992775917,0.283199995756149,0.361400008201599,0.357800006866455,0.229200005531311,0.205599993467331,0.25620000064373,0.145699992775917,0.361400008201599,2.78466033935547,-1.66254425048828,8.4796142578125,0.81816577911377,9.53772068023682,707.739990234375,44.4099998474121,-0.340000003576279,31.25,39.25,15739.5,9990,-96,99,4,4.03000020980835,31.7199993133545,5412.14013671875,129.699996948242,129.699996948242,-70.75,3,0.604700028896332,0.375800013542175,0,0.00120000005699694,0,0.0094999996945262,0,0,0,0,0.00879999995231628,1.10000002384186,8,23,3.59999990463257,4,6.30000019073486,41,34,46.9000015258789,9.15375137329102,12343.5,3101.5,21285.5,3.22500002384186,2.95000004768372,3.44999980926514,0.572500005364418,0.229999989271164,1.26499998569489,7.96717643737793,0,0,0,0,0,0,0,0,0,0,0,0,0.458064526319504,3.69821429252625,10.5067739486694,3.04633331298828,0,0,0,0,0,0.159354835748672,0,0.0306451618671417,27993.306640625,34147.80859375,41872.76171875,49882.2890625,56856.83203125,60468.1953125,58482.890625,52123.6640625,44262.91015625,36266.8046875,29346.1875,25917.25,NA,NA,NA,NA,NA,NA
9224,53.396,-113.738,703.43115234375,3.2,17,-10.8,27.8,523,369,25.2,46.1,138,257,119,165,1.9,1279,1471,5425,60,687,-42.2,34.7,585,12.9,160,108,57,-4.1,-4.9,0.4,10.3,18.7,21.2,23.7,22.8,18.2,10,-0.2,-4.5,-14.8,-16.7,-10.7,-2.3,3.9,8.2,10.4,9,4.1,-1.9,-9.9,-14.3,-9.4,-10.8,-5.1,4,11.3,14.7,17,15.9,11.1,4,-5,-9.4,20,20,22,28,58,91,118,58,44,23,25,16,3.9,7.3,12.4,18.4,21.9,22.5,21.6,18.6,13.6,7.6,4.1,2.9,294,305,183,15,0,0,0,0,0,14,175,292,0,0,0,38,200,290,373,339,188,43,0,0,849,802,718,420,212,112,54,82,205,435,690,846,0,0,0,0,4,12,23,16,4,0,1,0,0,0,0,8,26,30,31,31,25,9,1,0,19,20,21,7,1,0,0,0,2,3,20,15,0,0,0,55,104,114,123,101,61,27,0,0,0,0,0,27,46,23,5,43,17,4,0,0,55,51,55,57,54,60,60,59,56,60,60,59,2,2,2.2,0.05,-2.29,0.21,1.47,-4.17,-3.31,-0.36,2.5,1.6,0.19480000436306,0.441599994897842,0.580799996852875,0.448399990797043,0.219200000166893,0.229200005531311,0.335400000214577,0.19480000436306,0.580799996852875,2.31365966796875,-0.921051025390625,7.65618896484375,0.812991142272949,9.61846542358398,720.210021972656,43.3600006103516,-0.340000003576279,30.3999996185303,40.5800018310547,16096.5,13068,-83,100,5,5,33.2599983215332,5332.7998046875,129.449996948242,129.449996948242,-73,25,0.973900020122528,0.0159000009298325,0,0,0.00939999986439943,0.0007999999797903,0,0,0,0,0,1.10000002384186,10,22,3.59999990463257,4.80000019073486,6.40000009536743,52,25,45.9000015258789,20.3226451873779,12470.5,3222,21258.5,3.19999992847443,2.95000004768372,3.5,0.565000012516975,0.229999989271164,1.25,34.811954498291,0,0,0,0,0,0,0,0,0,0,0,0,0.380967736244202,7.2228569984436,12.4883871078491,2.52866673469543,0,0,0,0,0,0.596774220466614,0,0.0777419358491898,28345.177734375,34343.58984375,41900.515625,49740.03125,56547.15234375,60056.2109375,58128.8828125,51930.69921875,44240.703125,36414.68359375,29661.01171875,26329.673828125,NA,NA,NA,NA,NA,NA
9225,53.396,-113.738,703.43115234375,3.2,17,-10.8,27.8,523,369,25.2,46.1,138,257,119,165,1.9,1279,1471,5425,60,687,-42.2,34.7,585,12.9,160,108,57,-4.1,-4.9,0.4,10.3,18.7,21.2,23.7,22.8,18.2,10,-0.2,-4.5,-14.8,-16.7,-10.7,-2.3,3.9,8.2,10.4,9,4.1,-1.9,-9.9,-14.3,-9.4,-10.8,-5.1,4,11.3,14.7,17,15.9,11.1,4,-5,-9.4,20,20,22,28,58,91,118,58,44,23,25,16,3.9,7.3,12.4,18.4,21.9,22.5,21.6,18.6,13.6,7.6,4.1,2.9,294,305,183,15,0,0,0,0,0,14,175,292,0,0,0,38,200,290,373,339,188,43,0,0,849,802,718,420,212,112,54,82,205,435,690,846,0,0,0,0,4,12,23,16,4,0,1,0,0,0,0,8,26,30,31,31,25,9,1,0,19,20,21,7,1,0,0,0,2,3,20,15,0,0,0,55,104,114,123,101,61,27,0,0,0,0,0,27,46,23,5,43,17,4,0,0,55,51,55,57,54,60,60,59,56,60,60,59,2,2,2.2,0.05,-2.29,0.21,1.47,-4.17,-3.31,-0.36,2.5,1.6,0.19480000436306,0.441599994897842,0.580799996852875,0.448399990797043,0.219200000166893,0.229200005531311,0.335400000214577,0.19480000436306,0.580799996852875,2.31365966796875,-0.921051025390625,7.65618896484375,0.812991142272949,9.61846542358398,720.210021972656,43.3600006103516,-0.340000003576279,30.3999996185303,40.5800018310547,16096.5,13068,-83,100,5,5,33.2599983215332,5332.7998046875,129.449996948242,129.449996948242,-73,25,0.973900020122528,0.0159000009298325,0,0,0.00939999986439943,0.0007999999797903,0,0,0,0,0,1.10000002384186,10,22,3.59999990463257,4.80000019073486,6.40000009536743,52,25,45.9000015258789,20.3226451873779,12470.5,3222,21258.5,3.19999992847443,2.95000004768372,3.5,0.565000012516975,0.229999989271164,1.25,34.811954498291,0,0,0,0,0,0,0,0,0,0,0,0,0.380967736244202,7.2228569984436,12.4883871078491,2.52866673469543,0,0,0,0,0,0.596774220466614,0,0.0777419358491898,28345.177734375,34343.58984375,41900.515625,49740.03125,56547.15234375,60056.2109375,58128.8828125,51930.69921875,44240.703125,36414.68359375,29661.01171875,26329.673828125,NA,NA,NA,NA,NA,NA
9226,53.396,-113.738,703.43115234375,3.2,17,-10.8,27.8,523,369,25.2,46.1,138,257,119,165,1.9,1279,1471,5425,60,687,-42.2,34.7,585,12.9,160,108,57,-4.1,-4.9,0.4,10.3,18.7,21.2,23.7,22.8,18.2,10,-0.2,-4.5,-14.8,-16.7,-10.7,-2.3,3.9,8.2,10.4,9,4.1,-1.9,-9.9,-14.3,-9.4,-10.8,-5.1,4,11.3,14.7,17,15.9,11.1,4,-5,-9.4,20,20,22,28,58,91,118,58,44,23,25,16,3.9,7.3,12.4,18.4,21.9,22.5,21.6,18.6,13.6,7.6,4.1,2.9,294,305,183,15,0,0,0,0,0,14,175,292,0,0,0,38,200,290,373,339,188,43,0,0,849,802,718,420,212,112,54,82,205,435,690,846,0,0,0,0,4,12,23,16,4,0,1,0,0,0,0,8,26,30,31,31,25,9,1,0,19,20,21,7,1,0,0,0,2,3,20,15,0,0,0,55,104,114,123,101,61,27,0,0,0,0,0,27,46,23,5,43,17,4,0,0,55,51,55,57,54,60,60,59,56,60,60,59,2,2,2.2,0.05,-2.29,0.21,1.47,-4.17,-3.31,-0.36,2.5,1.6,0.19480000436306,0.441599994897842,0.580799996852875,0.448399990797043,0.219200000166893,0.229200005531311,0.335400000214577,0.19480000436306,0.580799996852875,2.31365966796875,-0.921051025390625,7.65618896484375,0.812991142272949,9.61846542358398,720.210021972656,43.3600006103516,-0.340000003576279,30.3999996185303,40.5800018310547,16096.5,13068,-83,100,5,5,33.2599983215332,5332.7998046875,129.449996948242,129.449996948242,-73,25,0.973900020122528,0.0159000009298325,0,0,0.00939999986439943,0.0007999999797903,0,0,0,0,0,1.10000002384186,10,22,3.59999990463257,4.80000019073486,6.40000009536743,52,25,45.9000015258789,20.3226451873779,12470.5,3222,21258.5,3.19999992847443,2.95000004768372,3.5,0.565000012516975,0.229999989271164,1.25,34.811954498291,0,0,0,0,0,0,0,0,0,0,0,0,0.380967736244202,7.2228569984436,12.4883871078491,2.52866673469543,0,0,0,0,0,0.596774220466614,0,0.0777419358491898,28345.177734375,34343.58984375,41900.515625,49740.03125,56547.15234375,60056.2109375,58128.8828125,51930.69921875,44240.703125,36414.68359375,29661.01171875,26329.673828125,NA,NA,NA,NA,NA,NA
9227,53.032,-115.522,965.450012207031,3.3,15.9,-9,24.9,614,431,21.7,36.9,142,258,116,80,14.56,1096,1319,5344,40,567,-41.4,33.7,553,13.1,158,127,57,-2.2,-2.4,2.4,10.1,17.1,19.5,22.1,21.6,16.8,9.5,1.3,-2.9,-13.4,-15.6,-9.8,-2.6,3.4,7.5,9.7,8.8,4,-2.1,-9.2,-13.6,-7.8,-9,-3.7,3.8,10.2,13.5,15.9,15.2,10.4,3.7,-3.9,-8.2,22,22,28,33,68,117,119,68,59,26,31,21,4.2,7.7,12.9,18.6,22.3,22.3,21.6,18.7,13.5,8,4.5,3.1,251,255,145,16,0,0,0,0,1,16,149,263,0,0,0,33,168,255,339,317,168,39,0,0,800,752,675,426,237,139,78,98,229,445,657,809,0,0,1,0,2,7,13,12,3,0,2,0,0,0,1,7,25,29,31,31,25,9,1,0,19,22,26,9,2,0,0,1,3,4,22,19,0,0,0,56,96,106,115,96,57,27,0,0,0,0,0,23,28,0,0,28,0,1,0,0,54,47,53,57,57,63,62,61,60,60,58,56,2.2,2.2,2.56,0.58,-0.55,3.66,2.45,-2.5,-1.14,0.08,2.93,2.1,0.251199990510941,0.297199994325638,0.486400008201599,0.439200013875961,0.257999986410141,0.321999996900558,0.309599995613098,0.251199990510941,0.486400008201599,7.98586273193359,-6.73909759521484,25.3735961914062,0.800182580947876,9.57481288909912,742.02001953125,33.7599983215332,-0.25,27.7999992370605,47.5,13461,8550,-65,64,3,6.17999982833862,15.0100002288818,5343.33984375,132.149993896484,132.149993896484,-135,10,0.950999975204468,0.0458000004291534,0,0,0.00240000011399388,0.0007999999797903,0,0,0,0,0,1.10000002384186,11,16,1.29999995231628,3,5.80000019073486,40,43,28.3999996185303,23.1156558990479,12402,3244.5,20934,2.75000011920929,2.45000004768372,2.95000004768372,0.504999995231628,0.240000009536743,1.02499997615814,14.7630615234375,0,0,0,0,13245828,947080.3125,0,0,0,19144.833984375,650670.3125,0,0.859032273292542,13.72678565979,27.9648380279541,17.7549991607666,0,0,0,0,0,2.24354839324951,1.89400005340576,0,28584.283203125,34477.2109375,41919.4921875,49642.8515625,56336.43359375,59776.8671875,57888.33984375,51799,44225.515625,36515.6953125,29875.203125,26609.3125,NA,NA,NA,NA,NA,NA
9228,53.494,-114.176,735.792297363281,3.2,16.8,-10.1,26.9,533,356,24.8,47.2,135,258,123,148,5.83,1227,1435,5411,56,661,-41.7,34.5,561,12.7,163,125,59,-3.7,-4.4,0.7,9.5,18.1,20.5,23,22.4,17.5,9.1,-0.4,-4.3,-14.2,-15.8,-10.2,-2.1,4.1,8.3,10.5,9.2,4.3,-1.6,-9.4,-13.9,-8.9,-10.1,-4.8,3.7,11.1,14.4,16.8,15.8,10.9,3.8,-4.9,-9.1,21,21,26,32,50,91,116,59,40,25,32,20,3.9,7.1,12.3,18,21.9,22.3,21.4,18.4,13.3,7.4,4,2.9,276,286,175,17,0,0,0,0,0,16,173,285,0,0,0,34,194,281,367,336,183,40,0,0,834,783,709,429,217,119,58,84,214,442,687,836,0,0,1,0,3,10,21,15,4,0,1,0,0,0,1,8,26,30,31,31,25,10,1,0,19,21,25,9,1,0,0,0,1,4,25,19,0,0,0,52,100,110,118,98,58,25,0,0,0,0,0,20,50,19,2,39,18,0,0,0,56,53,56,60,57,62,62,60,59,63,63,59,2.1,2.1,2.56,0.74,-2.67,0.74,1.87,-3.71,-3.24,0.16,3.19,2,0.270399987697601,0.374399989843369,0.507200002670288,0.447200000286102,0.0939999967813492,0.320199996232986,0.347299993038177,0.0939999967813492,0.507200002670288,4.97917175292969,-0.450149536132812,18.1057739257812,0.811837732791901,9.71339797973633,731.330017089844,41.9000015258789,-0.319999992847443,29.75,41.9199981689453,15424.5,9727.5,-74,90,4,5.28999996185303,34.189998626709,5399.47998046875,131.380004882812,131.380004882812,-88.25,9,0.691999971866608,0.280400007963181,0,0,0.000899999984540045,0.000899999984540045,0,0.0136000001803041,0.0121999997645617,0,0,1.10000002384186,8,17,4.19999980926514,5,6.19999980926514,33,46,52.2000007629395,16.5778427124023,12362.75,3125,21230,3.22500002384186,2.90000009536743,3.5,0.565000012516975,0.239999994635582,1.21000003814697,10.9379959106445,0,0,0,0,0,0,0,0,0,0,0,0,0.37064516544342,5.68321418762207,11.1425809860229,1.90400004386902,0,0,0,0,0,0.675161242485046,0.0806666687130928,0.01290322560817,28310.544921875,34324.27734375,41897.7734375,49754.07421875,56577.65625,60096.71484375,58163.72265625,51949.734375,44242.89453125,36400.08984375,29630.00390625,26289.12890625,NA,NA,NA,NA,NA,NA
9229,53.494,-114.176,735.792297363281,3.2,16.8,-10.1,26.9,533,356,24.8,47.2,135,258,123,148,5.83,1227,1435,5411,56,661,-41.7,34.5,561,12.7,163,125,59,-3.7,-4.4,0.7,9.5,18.1,20.5,23,22.4,17.5,9.1,-0.4,-4.3,-14.2,-15.8,-10.2,-2.1,4.1,8.3,10.5,9.2,4.3,-1.6,-9.4,-13.9,-8.9,-10.1,-4.8,3.7,11.1,14.4,16.8,15.8,10.9,3.8,-4.9,-9.1,21,21,26,32,50,91,116,59,40,25,32,20,3.9,7.1,12.3,18,21.9,22.3,21.4,18.4,13.3,7.4,4,2.9,276,286,175,17,0,0,0,0,0,16,173,285,0,0,0,34,194,281,367,336,183,40,0,0,834,783,709,429,217,119,58,84,214,442,687,836,0,0,1,0,3,10,21,15,4,0,1,0,0,0,1,8,26,30,31,31,25,10,1,0,19,21,25,9,1,0,0,0,1,4,25,19,0,0,0,52,100,110,118,98,58,25,0,0,0,0,0,20,50,19,2,39,18,0,0,0,56,53,56,60,57,62,62,60,59,63,63,59,2.1,2.1,2.56,0.74,-2.67,0.74,1.87,-3.71,-3.24,0.16,3.19,2,0.270399987697601,0.374399989843369,0.507200002670288,0.447200000286102,0.0939999967813492,0.320199996232986,0.347299993038177,0.0939999967813492,0.507200002670288,4.97917175292969,-0.450149536132812,18.1057739257812,0.811837732791901,9.71339797973633,731.330017089844,41.9000015258789,-0.319999992847443,29.75,41.9199981689453,15424.5,9727.5,-74,90,4,5.28999996185303,34.189998626709,5399.47998046875,131.380004882812,131.380004882812,-88.25,9,0.691999971866608,0.280400007963181,0,0,0.000899999984540045,0.000899999984540045,0,0.0136000001803041,0.0121999997645617,0,0,1.10000002384186,8,17,4.19999980926514,5,6.19999980926514,33,46,52.2000007629395,16.5778427124023,12362.75,3125,21230,3.22500002384186,2.90000009536743,3.5,0.565000012516975,0.239999994635582,1.21000003814697,10.9379959106445,0,0,0,0,0,0,0,0,0,0,0,0,0.37064516544342,5.68321418762207,11.1425809860229,1.90400004386902,0,0,0,0,0,0.675161242485046,0.0806666687130928,0.01290322560817,28310.544921875,34324.27734375,41897.7734375,49754.07421875,56577.65625,60096.71484375,58163.72265625,51949.734375,44242.89453125,36400.08984375,29630.00390625,26289.12890625,NA,NA,NA,NA,NA,NA
9230,53.494,-114.176,735.792297363281,3.2,16.8,-10.1,26.9,533,356,24.8,47.2,135,258,123,148,5.83,1227,1435,5411,56,661,-41.7,34.5,561,12.7,163,125,59,-3.7,-4.4,0.7,9.5,18.1,20.5,23,22.4,17.5,9.1,-0.4,-4.3,-14.2,-15.8,-10.2,-2.1,4.1,8.3,10.5,9.2,4.3,-1.6,-9.4,-13.9,-8.9,-10.1,-4.8,3.7,11.1,14.4,16.8,15.8,10.9,3.8,-4.9,-9.1,21,21,26,32,50,91,116,59,40,25,32,20,3.9,7.1,12.3,18,21.9,22.3,21.4,18.4,13.3,7.4,4,2.9,276,286,175,17,0,0,0,0,0,16,173,285,0,0,0,34,194,281,367,336,183,40,0,0,834,783,709,429,217,119,58,84,214,442,687,836,0,0,1,0,3,10,21,15,4,0,1,0,0,0,1,8,26,30,31,31,25,10,1,0,19,21,25,9,1,0,0,0,1,4,25,19,0,0,0,52,100,110,118,98,58,25,0,0,0,0,0,20,50,19,2,39,18,0,0,0,56,53,56,60,57,62,62,60,59,63,63,59,2.1,2.1,2.56,0.74,-2.67,0.74,1.87,-3.71,-3.24,0.16,3.19,2,0.270399987697601,0.374399989843369,0.507200002670288,0.447200000286102,0.0939999967813492,0.320199996232986,0.347299993038177,0.0939999967813492,0.507200002670288,4.97917175292969,-0.450149536132812,18.1057739257812,0.811837732791901,9.71339797973633,731.330017089844,41.9000015258789,-0.319999992847443,29.75,41.9199981689453,15424.5,9727.5,-74,90,4,5.28999996185303,34.189998626709,5399.47998046875,131.380004882812,131.380004882812,-88.25,9,0.691999971866608,0.280400007963181,0,0,0.000899999984540045,0.000899999984540045,0,0.0136000001803041,0.0121999997645617,0,0,1.10000002384186,8,17,4.19999980926514,5,6.19999980926514,33,46,52.2000007629395,16.5778427124023,12362.75,3125,21230,3.22500002384186,2.90000009536743,3.5,0.565000012516975,0.239999994635582,1.21000003814697,10.9379959106445,0,0,0,0,0,0,0,0,0,0,0,0,0.37064516544342,5.68321418762207,11.1425809860229,1.90400004386902,0,0,0,0,0,0.675161242485046,0.0806666687130928,0.01290322560817,28310.544921875,34324.27734375,41897.7734375,49754.07421875,56577.65625,60096.71484375,58163.72265625,51949.734375,44242.89453125,36400.08984375,29630.00390625,26289.12890625,NA,NA,NA,NA,NA,NA
9231,53.494,-114.176,735.792297363281,3.2,16.8,-10.1,26.9,533,356,24.8,47.2,135,258,123,148,5.83,1227,1435,5411,56,661,-41.7,34.5,561,12.7,163,125,59,-3.7,-4.4,0.7,9.5,18.1,20.5,23,22.4,17.5,9.1,-0.4,-4.3,-14.2,-15.8,-10.2,-2.1,4.1,8.3,10.5,9.2,4.3,-1.6,-9.4,-13.9,-8.9,-10.1,-4.8,3.7,11.1,14.4,16.8,15.8,10.9,3.8,-4.9,-9.1,21,21,26,32,50,91,116,59,40,25,32,20,3.9,7.1,12.3,18,21.9,22.3,21.4,18.4,13.3,7.4,4,2.9,276,286,175,17,0,0,0,0,0,16,173,285,0,0,0,34,194,281,367,336,183,40,0,0,834,783,709,429,217,119,58,84,214,442,687,836,0,0,1,0,3,10,21,15,4,0,1,0,0,0,1,8,26,30,31,31,25,10,1,0,19,21,25,9,1,0,0,0,1,4,25,19,0,0,0,52,100,110,118,98,58,25,0,0,0,0,0,20,50,19,2,39,18,0,0,0,56,53,56,60,57,62,62,60,59,63,63,59,2.1,2.1,2.56,0.74,-2.67,0.74,1.87,-3.71,-3.24,0.16,3.19,2,0.270399987697601,0.374399989843369,0.507200002670288,0.447200000286102,0.0939999967813492,0.320199996232986,0.347299993038177,0.0939999967813492,0.507200002670288,4.97917175292969,-0.450149536132812,18.1057739257812,0.811837732791901,9.71339797973633,731.330017089844,41.9000015258789,-0.319999992847443,29.75,41.9199981689453,15424.5,9727.5,-74,90,4,5.28999996185303,34.189998626709,5399.47998046875,131.380004882812,131.380004882812,-88.25,9,0.691999971866608,0.280400007963181,0,0,0.000899999984540045,0.000899999984540045,0,0.0136000001803041,0.0121999997645617,0,0,1.10000002384186,8,17,4.19999980926514,5,6.19999980926514,33,46,52.2000007629395,16.5778427124023,12362.75,3125,21230,3.22500002384186,2.90000009536743,3.5,0.565000012516975,0.239999994635582,1.21000003814697,10.9379959106445,0,0,0,0,0,0,0,0,0,0,0,0,0.37064516544342,5.68321418762207,11.1425809860229,1.90400004386902,0,0,0,0,0,0.675161242485046,0.0806666687130928,0.01290322560817,28310.544921875,34324.27734375,41897.7734375,49754.07421875,56577.65625,60096.71484375,58163.72265625,51949.734375,44242.89453125,36400.08984375,29630.00390625,26289.12890625,NA,NA,NA,NA,NA,NA
9232,55.114,-121.019,842.473876953125,2.8,14.5,-8.4,22.9,524,275,24.4,52.7,154,252,97,200,8.55,1091,1110,5541,29,413,-39.5,32.7,525,12.5,153,168,61,-3.2,-3.5,1.8,9,16.6,19,21.1,20.6,15.9,7.6,-0.9,-4.1,-11.5,-13.4,-8.8,-2.5,1.6,5.2,7.9,6.5,2.9,-0.9,-8.1,-12.5,-7.3,-8.4,-3.5,3.2,9.1,12.1,14.5,13.6,9.4,3.3,-4.5,-8.3,34,22,32,30,29,84,81,46,35,56,46,29,3.4,6.3,11.8,17.8,22.3,23,21.3,18.2,12.9,6.8,3.6,2.5,238,243,140,20,1,0,0,0,1,19,163,265,0,0,0,24,136,214,293,268,140,35,0,0,784,735,668,444,276,178,114,138,259,457,675,812,1,1,2,1,0,3,6,5,2,2,3,1,1,0,1,7,19,28,31,30,22,12,2,0,29,21,30,10,1,1,1,1,2,10,35,27,0,0,0,49,94,107,111,92,52,20,0,0,0,0,0,19,65,23,30,46,17,0,0,0,65,58,58,60,53,57,60,57,59,70,70,64,3.4,2.2,2.95,0.72,-3.95,0.26,-0.93,-4.4,-2.86,3.71,4.54,2.9,0.0760999992489815,0.375,0.409200012683868,0.312999993562698,0.241999998688698,0.151800006628036,0.277499996125698,0.0760999992489815,0.409200012683868,14.1508941650391,10.0127563476562,67.02685546875,0.785326063632965,8.77896118164062,663.789978027344,41,-0.0799999982118607,27.1499996185303,56.9599990844727,13786.5,8760,-77,78,3,4.80999994277954,31.25,5024.669921875,122.360000610352,122.360000610352,-124.75,25,0.765500009059906,0.0379000008106232,0,0,0.00260000000707805,0.148900002241135,0,0,0,0,0.045099999755621,1,18,22,4.09999990463257,4.59999990463257,6,33,43,42.2999992370605,8.40164375305176,11057,2416,20132,2.70000004768372,2.5,2.94999980926514,0.5,0.224999994039536,1.02999997138977,26.4919891357422,0,0,0,0,0,0,0,356356.84375,63968.33203125,45683.33203125,0,0,1.94290328025818,23.2203578948975,39.1935501098633,27.9910011291504,0,0,0,0,0,0,0,0.394193559885025,27288.560546875,33758.86328125,41817.8203125,50164.421875,57475.46484375,61296.7265625,59192.01171875,52507.015625,44306.875,35973.45703125,28717.1015625,25087.798828125,NA,NA,NA,NA,NA,NA
9233,55.114,-121.019,842.473876953125,2.8,14.5,-8.4,22.9,524,275,24.4,52.7,154,252,97,200,8.55,1091,1110,5541,29,413,-39.5,32.7,525,12.5,153,168,61,-3.2,-3.5,1.8,9,16.6,19,21.1,20.6,15.9,7.6,-0.9,-4.1,-11.5,-13.4,-8.8,-2.5,1.6,5.2,7.9,6.5,2.9,-0.9,-8.1,-12.5,-7.3,-8.4,-3.5,3.2,9.1,12.1,14.5,13.6,9.4,3.3,-4.5,-8.3,34,22,32,30,29,84,81,46,35,56,46,29,3.4,6.3,11.8,17.8,22.3,23,21.3,18.2,12.9,6.8,3.6,2.5,238,243,140,20,1,0,0,0,1,19,163,265,0,0,0,24,136,214,293,268,140,35,0,0,784,735,668,444,276,178,114,138,259,457,675,812,1,1,2,1,0,3,6,5,2,2,3,1,1,0,1,7,19,28,31,30,22,12,2,0,29,21,30,10,1,1,1,1,2,10,35,27,0,0,0,49,94,107,111,92,52,20,0,0,0,0,0,19,65,23,30,46,17,0,0,0,65,58,58,60,53,57,60,57,59,70,70,64,3.4,2.2,2.95,0.72,-3.95,0.26,-0.93,-4.4,-2.86,3.71,4.54,2.9,0.0760999992489815,0.375,0.409200012683868,0.312999993562698,0.241999998688698,0.151800006628036,0.277499996125698,0.0760999992489815,0.409200012683868,14.1508941650391,10.0127563476562,67.02685546875,0.785326063632965,8.77896118164062,663.789978027344,41,-0.0799999982118607,27.1499996185303,56.9599990844727,13786.5,8760,-77,78,3,4.80999994277954,31.25,5024.669921875,122.360000610352,122.360000610352,-124.75,25,0.765500009059906,0.0379000008106232,0,0,0.00260000000707805,0.148900002241135,0,0,0,0,0.045099999755621,1,18,22,4.09999990463257,4.59999990463257,6,33,43,42.2999992370605,8.40164375305176,11057,2416,20132,2.70000004768372,2.5,2.94999980926514,0.5,0.224999994039536,1.02999997138977,26.4919891357422,0,0,0,0,0,0,0,356356.84375,63968.33203125,45683.33203125,0,0,1.94290328025818,23.2203578948975,39.1935501098633,27.9910011291504,0,0,0,0,0,0,0,0.394193559885025,27288.560546875,33758.86328125,41817.8203125,50164.421875,57475.46484375,61296.7265625,59192.01171875,52507.015625,44306.875,35973.45703125,28717.1015625,25087.798828125,NA,NA,NA,NA,NA,NA
9234,55.114,-121.019,842.473876953125,2.8,14.5,-8.4,22.9,524,275,24.4,52.7,154,252,97,200,8.55,1091,1110,5541,29,413,-39.5,32.7,525,12.5,153,168,61,-3.2,-3.5,1.8,9,16.6,19,21.1,20.6,15.9,7.6,-0.9,-4.1,-11.5,-13.4,-8.8,-2.5,1.6,5.2,7.9,6.5,2.9,-0.9,-8.1,-12.5,-7.3,-8.4,-3.5,3.2,9.1,12.1,14.5,13.6,9.4,3.3,-4.5,-8.3,34,22,32,30,29,84,81,46,35,56,46,29,3.4,6.3,11.8,17.8,22.3,23,21.3,18.2,12.9,6.8,3.6,2.5,238,243,140,20,1,0,0,0,1,19,163,265,0,0,0,24,136,214,293,268,140,35,0,0,784,735,668,444,276,178,114,138,259,457,675,812,1,1,2,1,0,3,6,5,2,2,3,1,1,0,1,7,19,28,31,30,22,12,2,0,29,21,30,10,1,1,1,1,2,10,35,27,0,0,0,49,94,107,111,92,52,20,0,0,0,0,0,19,65,23,30,46,17,0,0,0,65,58,58,60,53,57,60,57,59,70,70,64,3.4,2.2,2.95,0.72,-3.95,0.26,-0.93,-4.4,-2.86,3.71,4.54,2.9,0.0760999992489815,0.375,0.409200012683868,0.312999993562698,0.241999998688698,0.151800006628036,0.277499996125698,0.0760999992489815,0.409200012683868,14.1508941650391,10.0127563476562,67.02685546875,0.785326063632965,8.77896118164062,663.789978027344,41,-0.0799999982118607,27.1499996185303,56.9599990844727,13786.5,8760,-77,78,3,4.80999994277954,31.25,5024.669921875,122.360000610352,122.360000610352,-124.75,25,0.765500009059906,0.0379000008106232,0,0,0.00260000000707805,0.148900002241135,0,0,0,0,0.045099999755621,1,18,22,4.09999990463257,4.59999990463257,6,33,43,42.2999992370605,8.40164375305176,11057,2416,20132,2.70000004768372,2.5,2.94999980926514,0.5,0.224999994039536,1.02999997138977,26.4919891357422,0,0,0,0,0,0,0,356356.84375,63968.33203125,45683.33203125,0,0,1.94290328025818,23.2203578948975,39.1935501098633,27.9910011291504,0,0,0,0,0,0,0,0.394193559885025,27288.560546875,33758.86328125,41817.8203125,50164.421875,57475.46484375,61296.7265625,59192.01171875,52507.015625,44306.875,35973.45703125,28717.1015625,25087.798828125,NA,NA,NA,NA,NA,NA
9235,55.114,-121.019,842.473876953125,2.8,14.5,-8.4,22.9,524,275,24.4,52.7,154,252,97,200,8.55,1091,1110,5541,29,413,-39.5,32.7,525,12.5,153,168,61,-3.2,-3.5,1.8,9,16.6,19,21.1,20.6,15.9,7.6,-0.9,-4.1,-11.5,-13.4,-8.8,-2.5,1.6,5.2,7.9,6.5,2.9,-0.9,-8.1,-12.5,-7.3,-8.4,-3.5,3.2,9.1,12.1,14.5,13.6,9.4,3.3,-4.5,-8.3,34,22,32,30,29,84,81,46,35,56,46,29,3.4,6.3,11.8,17.8,22.3,23,21.3,18.2,12.9,6.8,3.6,2.5,238,243,140,20,1,0,0,0,1,19,163,265,0,0,0,24,136,214,293,268,140,35,0,0,784,735,668,444,276,178,114,138,259,457,675,812,1,1,2,1,0,3,6,5,2,2,3,1,1,0,1,7,19,28,31,30,22,12,2,0,29,21,30,10,1,1,1,1,2,10,35,27,0,0,0,49,94,107,111,92,52,20,0,0,0,0,0,19,65,23,30,46,17,0,0,0,65,58,58,60,53,57,60,57,59,70,70,64,3.4,2.2,2.95,0.72,-3.95,0.26,-0.93,-4.4,-2.86,3.71,4.54,2.9,0.0760999992489815,0.375,0.409200012683868,0.312999993562698,0.241999998688698,0.151800006628036,0.277499996125698,0.0760999992489815,0.409200012683868,14.1508941650391,10.0127563476562,67.02685546875,0.785326063632965,8.77896118164062,663.789978027344,41,-0.0799999982118607,27.1499996185303,56.9599990844727,13786.5,8760,-77,78,3,4.80999994277954,31.25,5024.669921875,122.360000610352,122.360000610352,-124.75,25,0.765500009059906,0.0379000008106232,0,0,0.00260000000707805,0.148900002241135,0,0,0,0,0.045099999755621,1,18,22,4.09999990463257,4.59999990463257,6,33,43,42.2999992370605,8.40164375305176,11057,2416,20132,2.70000004768372,2.5,2.94999980926514,0.5,0.224999994039536,1.02999997138977,26.4919891357422,0,0,0,0,0,0,0,356356.84375,63968.33203125,45683.33203125,0,0,1.94290328025818,23.2203578948975,39.1935501098633,27.9910011291504,0,0,0,0,0,0,0,0.394193559885025,27288.560546875,33758.86328125,41817.8203125,50164.421875,57475.46484375,61296.7265625,59192.01171875,52507.015625,44306.875,35973.45703125,28717.1015625,25087.798828125,NA,NA,NA,NA,NA,NA
9236,53.208,-117.551,1395.99377441406,2.1,14,-9,23,702,438,17.2,32,158,253,95,54,29.45,1155,994,5775,20,351,-41.2,31.7,511,13.4,140,213,58,-1.6,-2.8,1.9,7.9,14.7,17.2,20.4,19.7,14.8,7.9,0.1,-3.7,-12.7,-15.2,-9.8,-4.7,1.2,5.2,7.6,7.2,2.8,-3.4,-10.2,-13.4,-7.1,-9,-4,1.6,7.9,11.2,14,13.4,8.8,2.2,-5,-8.6,34,34,41,36,66,121,113,71,67,43,50,26,4.2,7.6,12.7,18.7,23.3,22.5,22.3,19.1,13.7,8.4,4.7,3.2,233,255,153,35,1,0,0,0,1,28,175,273,0,0,0,13,104,187,279,262,123,26,0,0,778,752,684,492,313,205,127,144,277,492,690,821,0,1,2,0,0,2,5,5,2,0,2,1,0,0,1,3,18,28,31,30,22,6,1,0,28,33,39,21,5,2,1,1,5,13,40,24,0,0,0,50,88,98,110,89,52,24,0,0,0,0,0,14,22,0,0,18,0,0,0,0,55,49,54,56,57,62,61,61,61,60,58,59,3.4,3.4,3.9,1.73,0.87,4.73,2.2,-1.56,0.82,2.33,5,2.6,0.17569999396801,0.225999996066093,0.452800005674362,0.393400013446808,0.312400013208389,0.266200006008148,0.289300009608269,0.17569999396801,0.452800005674362,12.2125549316406,-10.4093322753906,31.2254638671875,0.818216443061829,13.5648794174194,667.349975585938,35.0699996948242,-0.209999993443489,24.8500003814697,50.9799995422363,11329.5,7387.5,-65,54,3,6.53999996185303,32.1599998474121,4825.1201171875,120.559997558594,120.559997558594,-157.25,0,0.739000022411346,0.260899990797043,0,0,0,0,0,0,0,0,9.99999974737875e-05,1,19,15,2,3.29999995231628,5.90000009536743,31,51,31.6000003814697,15.9507274627686,11999.25,3116,20327.5,2.125,2.09999990463257,2.29999995231628,0.405000001192093,0.199999988079071,0.810000002384186,0,0,0,0,0,0,0,0,0,0,0,0,0,1.15419352054596,15.7950000762939,27.291934967041,28.0303325653076,1.57774198055267,0,0,0,0,1.77838706970215,2.50399994850159,0.185483872890472,28482.513671875,34420.28125,41911.40234375,49684.265625,56426.1484375,59895.70703125,57990.71875,51855.109375,44231.98828125,36472.65234375,29784.01171875,26490.349609375,NA,NA,NA,NA,NA,NA
9237,53.208,-117.551,1395.99377441406,2.1,14,-9,23,702,438,17.2,32,158,253,95,54,29.45,1155,994,5775,20,351,-41.2,31.7,511,13.4,140,213,58,-1.6,-2.8,1.9,7.9,14.7,17.2,20.4,19.7,14.8,7.9,0.1,-3.7,-12.7,-15.2,-9.8,-4.7,1.2,5.2,7.6,7.2,2.8,-3.4,-10.2,-13.4,-7.1,-9,-4,1.6,7.9,11.2,14,13.4,8.8,2.2,-5,-8.6,34,34,41,36,66,121,113,71,67,43,50,26,4.2,7.6,12.7,18.7,23.3,22.5,22.3,19.1,13.7,8.4,4.7,3.2,233,255,153,35,1,0,0,0,1,28,175,273,0,0,0,13,104,187,279,262,123,26,0,0,778,752,684,492,313,205,127,144,277,492,690,821,0,1,2,0,0,2,5,5,2,0,2,1,0,0,1,3,18,28,31,30,22,6,1,0,28,33,39,21,5,2,1,1,5,13,40,24,0,0,0,50,88,98,110,89,52,24,0,0,0,0,0,14,22,0,0,18,0,0,0,0,55,49,54,56,57,62,61,61,61,60,58,59,3.4,3.4,3.9,1.73,0.87,4.73,2.2,-1.56,0.82,2.33,5,2.6,0.17569999396801,0.225999996066093,0.452800005674362,0.393400013446808,0.312400013208389,0.266200006008148,0.289300009608269,0.17569999396801,0.452800005674362,12.2125549316406,-10.4093322753906,31.2254638671875,0.818216443061829,13.5648794174194,667.349975585938,35.0699996948242,-0.209999993443489,24.8500003814697,50.9799995422363,11329.5,7387.5,-65,54,3,6.53999996185303,32.1599998474121,4825.1201171875,120.559997558594,120.559997558594,-157.25,0,0.739000022411346,0.260899990797043,0,0,0,0,0,0,0,0,9.99999974737875e-05,1,19,15,2,3.29999995231628,5.90000009536743,31,51,31.6000003814697,15.9507274627686,11999.25,3116,20327.5,2.125,2.09999990463257,2.29999995231628,0.405000001192093,0.199999988079071,0.810000002384186,0,0,0,0,0,0,0,0,0,0,0,0,0,1.15419352054596,15.7950000762939,27.291934967041,28.0303325653076,1.57774198055267,0,0,0,0,1.77838706970215,2.50399994850159,0.185483872890472,28482.513671875,34420.28125,41911.40234375,49684.265625,56426.1484375,59895.70703125,57990.71875,51855.109375,44231.98828125,36472.65234375,29784.01171875,26490.349609375,NA,NA,NA,NA,NA,NA
9238,53.208,-117.551,1395.99377441406,2.1,14,-9,23,702,438,17.2,32,158,253,95,54,29.45,1155,994,5775,20,351,-41.2,31.7,511,13.4,140,213,58,-1.6,-2.8,1.9,7.9,14.7,17.2,20.4,19.7,14.8,7.9,0.1,-3.7,-12.7,-15.2,-9.8,-4.7,1.2,5.2,7.6,7.2,2.8,-3.4,-10.2,-13.4,-7.1,-9,-4,1.6,7.9,11.2,14,13.4,8.8,2.2,-5,-8.6,34,34,41,36,66,121,113,71,67,43,50,26,4.2,7.6,12.7,18.7,23.3,22.5,22.3,19.1,13.7,8.4,4.7,3.2,233,255,153,35,1,0,0,0,1,28,175,273,0,0,0,13,104,187,279,262,123,26,0,0,778,752,684,492,313,205,127,144,277,492,690,821,0,1,2,0,0,2,5,5,2,0,2,1,0,0,1,3,18,28,31,30,22,6,1,0,28,33,39,21,5,2,1,1,5,13,40,24,0,0,0,50,88,98,110,89,52,24,0,0,0,0,0,14,22,0,0,18,0,0,0,0,55,49,54,56,57,62,61,61,61,60,58,59,3.4,3.4,3.9,1.73,0.87,4.73,2.2,-1.56,0.82,2.33,5,2.6,0.17569999396801,0.225999996066093,0.452800005674362,0.393400013446808,0.312400013208389,0.266200006008148,0.289300009608269,0.17569999396801,0.452800005674362,12.2125549316406,-10.4093322753906,31.2254638671875,0.818216443061829,13.5648794174194,667.349975585938,35.0699996948242,-0.209999993443489,24.8500003814697,50.9799995422363,11329.5,7387.5,-65,54,3,6.53999996185303,32.1599998474121,4825.1201171875,120.559997558594,120.559997558594,-157.25,0,0.739000022411346,0.260899990797043,0,0,0,0,0,0,0,0,9.99999974737875e-05,1,19,15,2,3.29999995231628,5.90000009536743,31,51,31.6000003814697,15.9507274627686,11999.25,3116,20327.5,2.125,2.09999990463257,2.29999995231628,0.405000001192093,0.199999988079071,0.810000002384186,0,0,0,0,0,0,0,0,0,0,0,0,0,1.15419352054596,15.7950000762939,27.291934967041,28.0303325653076,1.57774198055267,0,0,0,0,1.77838706970215,2.50399994850159,0.185483872890472,28482.513671875,34420.28125,41911.40234375,49684.265625,56426.1484375,59895.70703125,57990.71875,51855.109375,44231.98828125,36472.65234375,29784.01171875,26490.349609375,NA,NA,NA,NA,NA,NA
9239,53.542,-117.01,1034.95947265625,3.1,15.2,-8.5,23.7,596,409,22,37.2,154,252,98,98,12.44,1057,1191,5422,31,476,-41.1,33.1,552,13.2,150,132,56,-4,-1.2,3.5,10.2,16.5,19.1,22.1,21.3,16.5,8.5,3.1,-2.6,-13,-15.2,-9.3,-3.2,2,6.2,8.3,7.6,3,-2.3,-9.3,-13.3,-8.5,-8.2,-2.9,3.5,9.2,12.7,15.2,14.4,9.8,3.1,-3.1,-8,25,23,31,31,62,114,111,63,59,28,30,19,4,7.7,13,18.8,22.6,22.7,22,18.9,13.6,7.7,4.6,3,267,238,125,18,1,0,0,0,1,20,129,258,0,0,0,29,139,231,317,291,151,33,0,0,821,730,650,435,273,156,96,116,247,463,633,802,0,1,2,0,0,5,9,8,3,0,2,1,0,0,1,6,21,29,31,30,23,8,1,0,23,22,28,9,2,1,1,1,3,6,19,17,0,0,0,56,95,107,118,96,56,24,0,0,0,0,0,25,33,0,7,33,0,0,0,0,62,45,52,55,55,60,58,58,58,62,53,56,2.5,2.3,2.67,0.37,-0.74,3.26,1.17,-3.16,-1.09,0.64,2.62,1.9,0.254000008106232,0.331200003623962,0.424800008535385,0.361999988555908,0.329199999570847,0.179000005125999,0.330200001597404,0.179000005125999,0.424800008535385,10.8809356689453,-7.80659484863281,34.0360107421875,0.800246715545654,9.81766605377197,734.809997558594,32.1699981689453,-0.219999998807907,25.8999996185303,52.7000007629395,13807.5,8700,-55,68,3,7.09000015258789,16.3600006103516,5276.330078125,131.080001831055,131.080001831055,-114.5,12,0.680499970912933,0.232600003480911,0,0,0.0586000010371208,0.0175999999046326,0,0,0,0,0.0107000004500151,1,15,16,1.20000004768372,2.70000004768372,5.90000009536743,37,45,23.8999996185303,14.1087045669556,11948,2966,20714,2.25,2.15000009536743,2.45000004768372,0.477500021457672,0.234999999403954,0.960000038146973,8.15788269042969,47300.66796875,47270.83203125,0,0,0,0,0,0,0,0,0,0,0.623870968818665,11.6982145309448,18.7874202728271,12.8806667327881,0,0,0,0,0,0.960967719554901,0.164666667580605,0.162580639123917,28275.791015625,34304.90234375,41895.0234375,49768.15625,56608.26171875,60137.3671875,58198.6875,51968.828125,44245.09375,36385.44921875,29598.892578125,26248.431640625,NA,NA,NA,NA,NA,NA
9240,55.675,-121.645,577.314392089844,3.4,15.3,-8.8,24.1,511,271,26.2,56.5,144,253,108,234,2.57,1064,1270,5318,38,513,-39.8,33.7,553,12.4,163,161,61,-4,-3.5,2.6,10.8,18.1,20.3,22.4,21.8,17,8.6,-0.8,-4.8,-11.7,-13.4,-7.6,-1.4,2.7,5.7,8.3,6.9,3.1,-0.2,-7.3,-12.8,-7.8,-8.4,-2.5,4.7,10.4,13,15.3,14.4,10.1,4.2,-4,-8.8,32,30,31,27,38,85,71,44,33,42,45,33,3.2,6.1,11.5,17.8,22.2,23.1,21.5,18.4,13,6.7,3.3,2.3,251,243,115,12,0,0,0,0,1,13,151,278,0,0,0,41,174,239,320,291,160,45,0,0,800,735,637,400,233,150,93,116,238,429,660,827,0,1,2,1,2,5,10,8,3,2,2,1,1,0,1,10,23,28,31,30,23,14,2,0,28,29,27,5,1,0,0,1,2,5,33,31,0,0,0,54,99,112,117,96,54,21,0,0,0,0,0,27,61,27,46,52,21,0,0,0,67,58,60,59,53,56,58,55,57,70,73,66,3.2,3,2.68,-0.28,-4.01,-0.21,-2.59,-5.17,-3.75,2.02,4.39,3.3,0.270999997854233,0.355599999427795,0.566399991512299,0.453599989414215,0.214000001549721,0.186499997973442,0.313299998641014,0.186499997973442,0.566399991512299,3.73963928222656,-3.23277282714844,11.6908569335938,0.785743415355682,11.5543165206909,684.789978027344,48.5499992370605,-0.280000001192093,28.6000003814697,45.060001373291,15508.5,12573,-84,93,4,4.21999979019165,32.0900001525879,5235.4599609375,126.279998779297,126.279998779297,-93,29,0.908399999141693,0.00240000011399388,0,0,0.000699999975040555,0.00289999996311963,0,0.0851000025868416,0.000500000023748726,0,0,1,17,26,3.40000009536743,4.40000009536743,6.09999990463257,24,47,51.5,16.5154571533203,10742.5,2150.5,20360,2.52499997615814,2.34999990463257,2.80000019073486,0.549999997019768,0.25,1.12000000476837,12.545262336731,4918003.5,126062.3359375,0,0,0,0,0,0,0,422629.5,9002.3330078125,0,2.47838711738586,9.65857124328613,11.881290435791,1.58866667747498,0,0,0,0,0,0.00225806445814669,0,0.0561290346086025,26896.791015625,33544.5546875,41787.6640625,50319.58984375,57818.39453125,61759.41015625,59586.27734375,52718.234375,44331.00390625,35812.08203125,28368.28125,24624.583984375,NA,NA,NA,NA,NA,NA
9241,55.675,-121.645,577.314392089844,3.4,15.3,-8.8,24.1,511,271,26.2,56.5,144,253,108,234,2.57,1064,1270,5318,38,513,-39.8,33.7,553,12.4,163,161,61,-4,-3.5,2.6,10.8,18.1,20.3,22.4,21.8,17,8.6,-0.8,-4.8,-11.7,-13.4,-7.6,-1.4,2.7,5.7,8.3,6.9,3.1,-0.2,-7.3,-12.8,-7.8,-8.4,-2.5,4.7,10.4,13,15.3,14.4,10.1,4.2,-4,-8.8,32,30,31,27,38,85,71,44,33,42,45,33,3.2,6.1,11.5,17.8,22.2,23.1,21.5,18.4,13,6.7,3.3,2.3,251,243,115,12,0,0,0,0,1,13,151,278,0,0,0,41,174,239,320,291,160,45,0,0,800,735,637,400,233,150,93,116,238,429,660,827,0,1,2,1,2,5,10,8,3,2,2,1,1,0,1,10,23,28,31,30,23,14,2,0,28,29,27,5,1,0,0,1,2,5,33,31,0,0,0,54,99,112,117,96,54,21,0,0,0,0,0,27,61,27,46,52,21,0,0,0,67,58,60,59,53,56,58,55,57,70,73,66,3.2,3,2.68,-0.28,-4.01,-0.21,-2.59,-5.17,-3.75,2.02,4.39,3.3,0.270999997854233,0.355599999427795,0.566399991512299,0.453599989414215,0.214000001549721,0.186499997973442,0.313299998641014,0.186499997973442,0.566399991512299,3.73963928222656,-3.23277282714844,11.6908569335938,0.785743415355682,11.5543165206909,684.789978027344,48.5499992370605,-0.280000001192093,28.6000003814697,45.060001373291,15508.5,12573,-84,93,4,4.21999979019165,32.0900001525879,5235.4599609375,126.279998779297,126.279998779297,-93,29,0.908399999141693,0.00240000011399388,0,0,0.000699999975040555,0.00289999996311963,0,0.0851000025868416,0.000500000023748726,0,0,1,17,26,3.40000009536743,4.40000009536743,6.09999990463257,24,47,51.5,16.5154571533203,10742.5,2150.5,20360,2.52499997615814,2.34999990463257,2.80000019073486,0.549999997019768,0.25,1.12000000476837,12.545262336731,4918003.5,126062.3359375,0,0,0,0,0,0,0,422629.5,9002.3330078125,0,2.47838711738586,9.65857124328613,11.881290435791,1.58866667747498,0,0,0,0,0,0.00225806445814669,0,0.0561290346086025,26896.791015625,33544.5546875,41787.6640625,50319.58984375,57818.39453125,61759.41015625,59586.27734375,52718.234375,44331.00390625,35812.08203125,28368.28125,24624.583984375,NA,NA,NA,NA,NA,NA
9242,55.675,-121.645,577.314392089844,3.4,15.3,-8.8,24.1,511,271,26.2,56.5,144,253,108,234,2.57,1064,1270,5318,38,513,-39.8,33.7,553,12.4,163,161,61,-4,-3.5,2.6,10.8,18.1,20.3,22.4,21.8,17,8.6,-0.8,-4.8,-11.7,-13.4,-7.6,-1.4,2.7,5.7,8.3,6.9,3.1,-0.2,-7.3,-12.8,-7.8,-8.4,-2.5,4.7,10.4,13,15.3,14.4,10.1,4.2,-4,-8.8,32,30,31,27,38,85,71,44,33,42,45,33,3.2,6.1,11.5,17.8,22.2,23.1,21.5,18.4,13,6.7,3.3,2.3,251,243,115,12,0,0,0,0,1,13,151,278,0,0,0,41,174,239,320,291,160,45,0,0,800,735,637,400,233,150,93,116,238,429,660,827,0,1,2,1,2,5,10,8,3,2,2,1,1,0,1,10,23,28,31,30,23,14,2,0,28,29,27,5,1,0,0,1,2,5,33,31,0,0,0,54,99,112,117,96,54,21,0,0,0,0,0,27,61,27,46,52,21,0,0,0,67,58,60,59,53,56,58,55,57,70,73,66,3.2,3,2.68,-0.28,-4.01,-0.21,-2.59,-5.17,-3.75,2.02,4.39,3.3,0.270999997854233,0.355599999427795,0.566399991512299,0.453599989414215,0.214000001549721,0.186499997973442,0.313299998641014,0.186499997973442,0.566399991512299,3.73963928222656,-3.23277282714844,11.6908569335938,0.785743415355682,11.5543165206909,684.789978027344,48.5499992370605,-0.280000001192093,28.6000003814697,45.060001373291,15508.5,12573,-84,93,4,4.21999979019165,32.0900001525879,5235.4599609375,126.279998779297,126.279998779297,-93,29,0.908399999141693,0.00240000011399388,0,0,0.000699999975040555,0.00289999996311963,0,0.0851000025868416,0.000500000023748726,0,0,1,17,26,3.40000009536743,4.40000009536743,6.09999990463257,24,47,51.5,16.5154571533203,10742.5,2150.5,20360,2.52499997615814,2.34999990463257,2.80000019073486,0.549999997019768,0.25,1.12000000476837,12.545262336731,4918003.5,126062.3359375,0,0,0,0,0,0,0,422629.5,9002.3330078125,0,2.47838711738586,9.65857124328613,11.881290435791,1.58866667747498,0,0,0,0,0,0.00225806445814669,0,0.0561290346086025,26896.791015625,33544.5546875,41787.6640625,50319.58984375,57818.39453125,61759.41015625,59586.27734375,52718.234375,44331.00390625,35812.08203125,28368.28125,24624.583984375,NA,NA,NA,NA,NA,NA
9243,55.675,-121.645,577.314392089844,3.4,15.3,-8.8,24.1,511,271,26.2,56.5,144,253,108,234,2.57,1064,1270,5318,38,513,-39.8,33.7,553,12.4,163,161,61,-4,-3.5,2.6,10.8,18.1,20.3,22.4,21.8,17,8.6,-0.8,-4.8,-11.7,-13.4,-7.6,-1.4,2.7,5.7,8.3,6.9,3.1,-0.2,-7.3,-12.8,-7.8,-8.4,-2.5,4.7,10.4,13,15.3,14.4,10.1,4.2,-4,-8.8,32,30,31,27,38,85,71,44,33,42,45,33,3.2,6.1,11.5,17.8,22.2,23.1,21.5,18.4,13,6.7,3.3,2.3,251,243,115,12,0,0,0,0,1,13,151,278,0,0,0,41,174,239,320,291,160,45,0,0,800,735,637,400,233,150,93,116,238,429,660,827,0,1,2,1,2,5,10,8,3,2,2,1,1,0,1,10,23,28,31,30,23,14,2,0,28,29,27,5,1,0,0,1,2,5,33,31,0,0,0,54,99,112,117,96,54,21,0,0,0,0,0,27,61,27,46,52,21,0,0,0,67,58,60,59,53,56,58,55,57,70,73,66,3.2,3,2.68,-0.28,-4.01,-0.21,-2.59,-5.17,-3.75,2.02,4.39,3.3,0.270999997854233,0.355599999427795,0.566399991512299,0.453599989414215,0.214000001549721,0.186499997973442,0.313299998641014,0.186499997973442,0.566399991512299,3.73963928222656,-3.23277282714844,11.6908569335938,0.785743415355682,11.5543165206909,684.789978027344,48.5499992370605,-0.280000001192093,28.6000003814697,45.060001373291,15508.5,12573,-84,93,4,4.21999979019165,32.0900001525879,5235.4599609375,126.279998779297,126.279998779297,-93,29,0.908399999141693,0.00240000011399388,0,0,0.000699999975040555,0.00289999996311963,0,0.0851000025868416,0.000500000023748726,0,0,1,17,26,3.40000009536743,4.40000009536743,6.09999990463257,24,47,51.5,16.5154571533203,10742.5,2150.5,20360,2.52499997615814,2.34999990463257,2.80000019073486,0.549999997019768,0.25,1.12000000476837,12.545262336731,4918003.5,126062.3359375,0,0,0,0,0,0,0,422629.5,9002.3330078125,0,2.47838711738586,9.65857124328613,11.881290435791,1.58866667747498,0,0,0,0,0,0.00225806445814669,0,0.0561290346086025,26896.791015625,33544.5546875,41787.6640625,50319.58984375,57818.39453125,61759.41015625,59586.27734375,52718.234375,44331.00390625,35812.08203125,28368.28125,24624.583984375,NA,NA,NA,NA,NA,NA
9244,54.963,-112.01,569.45361328125,1.8,16.9,-13.2,30.1,437,301,27,56.1,143,253,110,194,-1.92,1635,1373,5933,51,629,-45.3,34.3,544,12.2,154,102,58,-7.7,-6.9,-0.5,8.6,17.9,20.7,23.2,22.1,16.7,7.7,-2.7,-7.5,-18.6,-18.8,-12.1,-3.6,3.2,8.1,10.5,8.8,3.6,-2.1,-11.3,-17,-13.2,-12.9,-6.3,2.5,10.5,14.4,16.9,15.5,10.2,2.8,-7,-12.2,21,15,16,28,33,96,91,49,32,25,17,14,3.2,6.7,12.1,17.8,21.3,22.1,21.1,17.9,12.5,6.6,3.3,2.3,411,363,215,26,0,0,0,0,1,23,216,380,0,0,0,26,177,281,370,327,162,30,0,0,966,861,755,465,231,119,56,91,235,473,749,932,0,0,0,0,3,10,22,13,3,0,0,0,0,0,0,5,24,30,31,31,24,9,1,0,21,15,16,12,1,0,0,0,2,6,15,14,0,0,0,49,98,110,117,95,54,21,0,0,0,0,0,21,65,14,26,46,22,0,0,0,53,50,53,58,55,61,62,60,59,66,64,59,2.1,1.5,1.6,0.8,-4.28,1.18,-0.63,-4.41,-3.57,0.68,1.7,1.4,0.281800001859665,0.300799995660782,0.391999989748001,0.308999985456467,0.238399997353554,0.238800004124641,0.291299998760223,0.238399997353554,0.391999989748001,5.72837829589844,1.97227478027344,18.1281127929688,0.781388103961945,9.48191165924072,695.309997558594,44.1699981689453,-0.340000003576279,32.8499984741211,36.9700012207031,15004.5,9637.5,-109,95,4,2.54999995231628,30.6000003814697,5482.39990234375,129.520004272461,129.520004272461,-80.75,0,0.887899994850159,0.107500001788139,0,0,0,0.00460000010207295,0,0,0,0,0,1.10000002384186,11,12,2.09999990463257,3.59999990463257,6,58,29,38,16.6524829864502,12020,2746.5,21434,3.34999990463257,3.09999990463257,3.55000019073486,0.552500009536743,0.204999998211861,1.26499998569489,0,0,0,0,0,0,0,0,0,0,0,585831.5,27453.833984375,3.34322571754456,6.01535701751709,12.3729028701782,3.21133327484131,0,0,0,0,0,0.152903228998184,0.0286666676402092,0.390000015497208,27365.119140625,33800.90234375,41823.74609375,50133.95703125,57408.3671875,61206.48828125,59114.97265625,52465.578125,44302.1328125,36005.1328125,28785.34375,25178.13671875,NA,NA,NA,NA,NA,NA
9245,54.963,-112.01,569.45361328125,1.8,16.9,-13.2,30.1,437,301,27,56.1,143,253,110,194,-1.92,1635,1373,5933,51,629,-45.3,34.3,544,12.2,154,102,58,-7.7,-6.9,-0.5,8.6,17.9,20.7,23.2,22.1,16.7,7.7,-2.7,-7.5,-18.6,-18.8,-12.1,-3.6,3.2,8.1,10.5,8.8,3.6,-2.1,-11.3,-17,-13.2,-12.9,-6.3,2.5,10.5,14.4,16.9,15.5,10.2,2.8,-7,-12.2,21,15,16,28,33,96,91,49,32,25,17,14,3.2,6.7,12.1,17.8,21.3,22.1,21.1,17.9,12.5,6.6,3.3,2.3,411,363,215,26,0,0,0,0,1,23,216,380,0,0,0,26,177,281,370,327,162,30,0,0,966,861,755,465,231,119,56,91,235,473,749,932,0,0,0,0,3,10,22,13,3,0,0,0,0,0,0,5,24,30,31,31,24,9,1,0,21,15,16,12,1,0,0,0,2,6,15,14,0,0,0,49,98,110,117,95,54,21,0,0,0,0,0,21,65,14,26,46,22,0,0,0,53,50,53,58,55,61,62,60,59,66,64,59,2.1,1.5,1.6,0.8,-4.28,1.18,-0.63,-4.41,-3.57,0.68,1.7,1.4,0.281800001859665,0.300799995660782,0.391999989748001,0.308999985456467,0.238399997353554,0.238800004124641,0.291299998760223,0.238399997353554,0.391999989748001,5.72837829589844,1.97227478027344,18.1281127929688,0.781388103961945,9.48191165924072,695.309997558594,44.1699981689453,-0.340000003576279,32.8499984741211,36.9700012207031,15004.5,9637.5,-109,95,4,2.54999995231628,30.6000003814697,5482.39990234375,129.520004272461,129.520004272461,-80.75,0,0.887899994850159,0.107500001788139,0,0,0,0.00460000010207295,0,0,0,0,0,1.10000002384186,11,12,2.09999990463257,3.59999990463257,6,58,29,38,16.6524829864502,12020,2746.5,21434,3.34999990463257,3.09999990463257,3.55000019073486,0.552500009536743,0.204999998211861,1.26499998569489,0,0,0,0,0,0,0,0,0,0,0,585831.5,27453.833984375,3.34322571754456,6.01535701751709,12.3729028701782,3.21133327484131,0,0,0,0,0,0.152903228998184,0.0286666676402092,0.390000015497208,27365.119140625,33800.90234375,41823.74609375,50133.95703125,57408.3671875,61206.48828125,59114.97265625,52465.578125,44302.1328125,36005.1328125,28785.34375,25178.13671875,NA,NA,NA,NA,NA,NA
9246,54.963,-112.01,569.45361328125,1.8,16.9,-13.2,30.1,437,301,27,56.1,143,253,110,194,-1.92,1635,1373,5933,51,629,-45.3,34.3,544,12.2,154,102,58,-7.7,-6.9,-0.5,8.6,17.9,20.7,23.2,22.1,16.7,7.7,-2.7,-7.5,-18.6,-18.8,-12.1,-3.6,3.2,8.1,10.5,8.8,3.6,-2.1,-11.3,-17,-13.2,-12.9,-6.3,2.5,10.5,14.4,16.9,15.5,10.2,2.8,-7,-12.2,21,15,16,28,33,96,91,49,32,25,17,14,3.2,6.7,12.1,17.8,21.3,22.1,21.1,17.9,12.5,6.6,3.3,2.3,411,363,215,26,0,0,0,0,1,23,216,380,0,0,0,26,177,281,370,327,162,30,0,0,966,861,755,465,231,119,56,91,235,473,749,932,0,0,0,0,3,10,22,13,3,0,0,0,0,0,0,5,24,30,31,31,24,9,1,0,21,15,16,12,1,0,0,0,2,6,15,14,0,0,0,49,98,110,117,95,54,21,0,0,0,0,0,21,65,14,26,46,22,0,0,0,53,50,53,58,55,61,62,60,59,66,64,59,2.1,1.5,1.6,0.8,-4.28,1.18,-0.63,-4.41,-3.57,0.68,1.7,1.4,0.281800001859665,0.300799995660782,0.391999989748001,0.308999985456467,0.238399997353554,0.238800004124641,0.291299998760223,0.238399997353554,0.391999989748001,5.72837829589844,1.97227478027344,18.1281127929688,0.781388103961945,9.48191165924072,695.309997558594,44.1699981689453,-0.340000003576279,32.8499984741211,36.9700012207031,15004.5,9637.5,-109,95,4,2.54999995231628,30.6000003814697,5482.39990234375,129.520004272461,129.520004272461,-80.75,0,0.887899994850159,0.107500001788139,0,0,0,0.00460000010207295,0,0,0,0,0,1.10000002384186,11,12,2.09999990463257,3.59999990463257,6,58,29,38,16.6524829864502,12020,2746.5,21434,3.34999990463257,3.09999990463257,3.55000019073486,0.552500009536743,0.204999998211861,1.26499998569489,0,0,0,0,0,0,0,0,0,0,0,585831.5,27453.833984375,3.34322571754456,6.01535701751709,12.3729028701782,3.21133327484131,0,0,0,0,0,0.152903228998184,0.0286666676402092,0.390000015497208,27365.119140625,33800.90234375,41823.74609375,50133.95703125,57408.3671875,61206.48828125,59114.97265625,52465.578125,44302.1328125,36005.1328125,28785.34375,25178.13671875,NA,NA,NA,NA,NA,NA
9247,54.963,-112.01,569.45361328125,1.8,16.9,-13.2,30.1,437,301,27,56.1,143,253,110,194,-1.92,1635,1373,5933,51,629,-45.3,34.3,544,12.2,154,102,58,-7.7,-6.9,-0.5,8.6,17.9,20.7,23.2,22.1,16.7,7.7,-2.7,-7.5,-18.6,-18.8,-12.1,-3.6,3.2,8.1,10.5,8.8,3.6,-2.1,-11.3,-17,-13.2,-12.9,-6.3,2.5,10.5,14.4,16.9,15.5,10.2,2.8,-7,-12.2,21,15,16,28,33,96,91,49,32,25,17,14,3.2,6.7,12.1,17.8,21.3,22.1,21.1,17.9,12.5,6.6,3.3,2.3,411,363,215,26,0,0,0,0,1,23,216,380,0,0,0,26,177,281,370,327,162,30,0,0,966,861,755,465,231,119,56,91,235,473,749,932,0,0,0,0,3,10,22,13,3,0,0,0,0,0,0,5,24,30,31,31,24,9,1,0,21,15,16,12,1,0,0,0,2,6,15,14,0,0,0,49,98,110,117,95,54,21,0,0,0,0,0,21,65,14,26,46,22,0,0,0,53,50,53,58,55,61,62,60,59,66,64,59,2.1,1.5,1.6,0.8,-4.28,1.18,-0.63,-4.41,-3.57,0.68,1.7,1.4,0.281800001859665,0.300799995660782,0.391999989748001,0.308999985456467,0.238399997353554,0.238800004124641,0.291299998760223,0.238399997353554,0.391999989748001,5.72837829589844,1.97227478027344,18.1281127929688,0.781388103961945,9.48191165924072,695.309997558594,44.1699981689453,-0.340000003576279,32.8499984741211,36.9700012207031,15004.5,9637.5,-109,95,4,2.54999995231628,30.6000003814697,5482.39990234375,129.520004272461,129.520004272461,-80.75,0,0.887899994850159,0.107500001788139,0,0,0,0.00460000010207295,0,0,0,0,0,1.10000002384186,11,12,2.09999990463257,3.59999990463257,6,58,29,38,16.6524829864502,12020,2746.5,21434,3.34999990463257,3.09999990463257,3.55000019073486,0.552500009536743,0.204999998211861,1.26499998569489,0,0,0,0,0,0,0,0,0,0,0,585831.5,27453.833984375,3.34322571754456,6.01535701751709,12.3729028701782,3.21133327484131,0,0,0,0,0,0.152903228998184,0.0286666676402092,0.390000015497208,27365.119140625,33800.90234375,41823.74609375,50133.95703125,57408.3671875,61206.48828125,59114.97265625,52465.578125,44302.1328125,36005.1328125,28785.34375,25178.13671875,NA,NA,NA,NA,NA,NA
9248,47.876,-114.032,888.308166503906,8,19.9,-2.1,22,578,235,31.1,84.7,125,278,153,386,-12.43,365,1981,3828,187,1035,-26.8,39.6,770,14.7,215,83,63,2,2.3,8.4,12.8,18.7,22.5,28.2,28.1,21.6,12.8,5.6,1.2,-5,-6.5,-2.1,1.1,5.4,9,11.6,11.3,7.1,1.6,-2,-5,-1.5,-2.1,3.2,7,12.1,15.8,19.9,19.7,14.4,7.2,1.8,-1.9,43,43,49,55,63,83,25,22,42,58,47,48,6.1,7.9,13.7,18.9,22.8,23.6,24.4,22,16.4,9.8,6.1,4.9,95,96,28,5,0,0,0,0,0,4,37,99,5,0,27,83,225,323,462,456,283,96,18,4,606,559,461,331,192,86,16,20,123,336,486,614,0,0,0,0,4,19,76,73,15,0,0,0,5,2,9,18,28,30,31,31,28,20,9,4,15,25,8,3,1,0,0,0,0,1,10,20,0,0,41,68,108,127,157,136,80,38,15,0,0,0,0,13,45,44,132,114,38,0,0,0,72,66,63,62,59,59,53,52,56,63,72,75,3.78,3.83,2.79,1.27,-1.62,-1.61,-12.22,-12.51,-5.48,1.56,3.4,4.39,0.280000001192093,0.351799994707108,0.43079999089241,0.326599985361099,0.277399986982346,0.212400004267693,0.303299993276596,0.212400004267693,0.43079999089241,7.14109039306641,-2.08608245849609,24.58935546875,0.857696712017059,9.10723209381104,897.640014648438,56.4500007629395,-0.389999985694885,22.0499992370605,56.5999984741211,25083,18774,0,99,5,14.1199998855591,47.9500007629395,5887.759765625,154.860000610352,115.629997253418,29.75,8,0.618799984455109,0.266299992799759,0,0,0.0359999984502792,0.0187999997287989,0,0.0601000003516674,0,0,0,1.10000002384186,14,16,4.80000019073486,4.80000019073486,6.59999990463257,32,39,105.699996948242,18.0768966674805,13458.25,3900.5,22656,2.92500007152557,2.79999995231628,3.40000009536743,0.620000004768372,0.360000014305115,1.0699999332428,0,0,0,0,0,0,0,21418,546158.8125,0,0,0,0,0.268387079238892,2.29678559303284,10.9861288070679,0,0,0,0,0,0,0,0,0,31230.66796875,35984.63671875,42135.49609375,48541.90234375,53990.3984375,56713.37109375,55226.91015625,50313.17578125,44052.6171875,37659.46875,32258.435546875,29675.833984375,NA,NA,NA,NA,NA,NA
9249,48.47,-114.08,959.48291015625,6.9,18.9,-3.4,22.3,679,235,24.9,80.4,133,270,137,383,-0.41,461,1772,4146,133,895,-29.1,39.7,757,14.7,196,153,61,1.2,1.3,7.2,12.1,18.4,22.1,27.7,27.9,20.7,11.5,4.7,0.3,-6.3,-8.2,-3.3,0,4.3,7.8,10,9.6,5.6,0.4,-2.7,-6.1,-2.5,-3.4,2,6,11.3,15,18.9,18.8,13.1,6,1,-2.9,63,65,50,52,53,90,25,23,44,79,71,64,5.9,8.1,13.6,19.1,22.9,23.9,24.5,22.2,16.1,9.4,6,4.7,116,124,39,7,0,0,0,0,0,7,47,121,2,0,17,64,200,299,431,428,244,72,13,2,637,595,498,361,212,105,25,29,156,373,510,645,0,0,0,0,3,13,53,54,9,0,0,0,3,1,6,14,26,29,31,31,27,16,8,3,28,48,14,4,1,0,0,0,1,3,19,34,0,0,38,65,107,127,157,137,77,35,14,0,0,0,0,13,54,37,132,114,33,0,0,0,70,62,63,60,56,57,50,48,54,63,73,74,5.95,6.26,3.32,1.38,-2.72,-0.98,-12.29,-12.83,-5.01,4.37,6.02,6.13,0.261000007390976,0.501600027084351,0.501600027084351,0.353399991989136,0.140000000596046,0.262800008058548,0.308100000023842,0.140000000596046,0.501600027084351,5.87973022460938,5.32054138183594,12.8710327148438,0.87947952747345,9.57078647613525,887.619995117188,58.9900016784668,-0.259999990463257,23.5,63.0099983215332,19956,17335.5,-16,84,5,12.7600002288818,135.279998779297,5999.10986328125,156.020004272461,11.3900003433228,-9.5,5,0.800700008869171,0.0672999992966652,0,0,0.000300000014249235,0.0254999995231628,0,0.106200002133846,0,0,0,1.10000002384186,10,16,5.40000009536743,4.90000009536743,6.40000009536743,27,56,63.7000007629395,24.4053688049316,13203.75,3836,22401.5,3.375,3,3.65000009536743,0.607500016689301,0.345000028610229,1.07999992370605,0,0,0,0,0,0,0,0,137834.171875,10600.8330078125,0,0,0,0.176451623439789,2.78035712242126,9.35225772857666,0.308333337306976,0,0,0,0,0,0.3545161485672,0.671999990940094,0.721290349960327,30969.703125,35833.83984375,42113.7421875,48652.390625,54222.76171875,57013.4296875,55489.296875,50461.81640625,44070.03125,37544.7265625,32022.498046875,29375.494140625,NA,NA,NA,NA,NA,NA
9250,52.843,-119.256,926.365966796875,4.2,15.8,-6.9,22.7,568,231,25,68.4,152,261,108,299,4.56,850,1319,5031,40,564,-35.7,35.2,590,13.5,166,202,62,-2.3,-1.9,3.9,10.3,17.7,20.3,23.4,23.2,17.3,8.5,0.9,-3.1,-9.5,-11.8,-6,-2.1,2.1,6.2,8.1,7.6,4.1,-0.3,-5.4,-10.2,-5.9,-6.9,-1,4.1,9.9,13.2,15.8,15.4,10.7,4.1,-2.2,-6.6,55,45,49,36,29,63,52,34,53,60,54,38,4.3,7,12.2,18.6,23.4,23.3,23.1,20.3,14.3,7.9,4.5,3.2,202,208,83,15,0,0,0,0,1,14,107,220,0,0,0,34,159,246,336,323,177,44,0,0,741,693,591,418,252,146,81,93,220,432,606,759,0,0,1,0,0,6,13,13,4,0,2,1,1,0,3,8,21,29,31,30,25,14,4,1,42,42,36,8,1,0,0,0,2,7,30,33,0,0,0,56,102,114,128,107,59,24,0,0,0,0,0,20,73,51,76,73,6,0,0,0,70,59,62,58,52,57,55,54,59,70,74,70,5.5,4.5,4.15,0.77,-5.01,-2.63,-5.79,-7.54,-2.01,3.78,5.04,3.8,0.256599992513657,0.383199989795685,0.508000016212463,0.38280001282692,0.318199992179871,0.255199998617172,0.350500002503395,0.255199998617172,0.508000016212463,28.5559005737305,3.25659942626953,101.767822265625,0.701042592525482,7.63169431686401,723.150024414062,52.6800003051758,-0.0900000035762787,26.5,61.9300003051758,13755,8737.5,-76,68,3,6.92000007629395,67.8199996948242,5323.60009765625,131.429992675781,5.59999990463257,-110.5,16,0.986100018024445,0.00100000004749745,0,0,0,0.0129000004380941,0,0,0,0,0,0.899999976158142,16,20,5.30000019073486,4,5.90000009536743,40,38,45.4000015258789,23.1568069458008,11871.75,2813.5,20492,1.70000004768372,1.5,1.95000004768372,0.527499973773956,0.274999976158142,0.965000033378601,25.3000736236572,0,0,0,0,0,0,0,0,0,0,0,0,46.7429046630859,76.2649993896484,127.987098693848,113.081001281738,31.436128616333,0,0,0,0,0,0,42.398063659668,28685.015625,34533.640625,41927.515625,49601.7890625,56247.58984375,59659.32421875,57787.01171875,51743.37890625,44219.09375,36558.375,29965.50390625,26726.98046875,NA,NA,NA,NA,NA,NA
9251,52.843,-119.256,926.365966796875,4.2,15.8,-6.9,22.7,568,231,25,68.4,152,261,108,299,4.56,850,1319,5031,40,564,-35.7,35.2,590,13.5,166,202,62,-2.3,-1.9,3.9,10.3,17.7,20.3,23.4,23.2,17.3,8.5,0.9,-3.1,-9.5,-11.8,-6,-2.1,2.1,6.2,8.1,7.6,4.1,-0.3,-5.4,-10.2,-5.9,-6.9,-1,4.1,9.9,13.2,15.8,15.4,10.7,4.1,-2.2,-6.6,55,45,49,36,29,63,52,34,53,60,54,38,4.3,7,12.2,18.6,23.4,23.3,23.1,20.3,14.3,7.9,4.5,3.2,202,208,83,15,0,0,0,0,1,14,107,220,0,0,0,34,159,246,336,323,177,44,0,0,741,693,591,418,252,146,81,93,220,432,606,759,0,0,1,0,0,6,13,13,4,0,2,1,1,0,3,8,21,29,31,30,25,14,4,1,42,42,36,8,1,0,0,0,2,7,30,33,0,0,0,56,102,114,128,107,59,24,0,0,0,0,0,20,73,51,76,73,6,0,0,0,70,59,62,58,52,57,55,54,59,70,74,70,5.5,4.5,4.15,0.77,-5.01,-2.63,-5.79,-7.54,-2.01,3.78,5.04,3.8,0.256599992513657,0.383199989795685,0.508000016212463,0.38280001282692,0.318199992179871,0.255199998617172,0.350500002503395,0.255199998617172,0.508000016212463,28.5559005737305,3.25659942626953,101.767822265625,0.701042592525482,7.63169431686401,723.150024414062,52.6800003051758,-0.0900000035762787,26.5,61.9300003051758,13755,8737.5,-76,68,3,6.92000007629395,67.8199996948242,5323.60009765625,131.429992675781,5.59999990463257,-110.5,16,0.986100018024445,0.00100000004749745,0,0,0,0.0129000004380941,0,0,0,0,0,0.899999976158142,16,20,5.30000019073486,4,5.90000009536743,40,38,45.4000015258789,23.1568069458008,11871.75,2813.5,20492,1.70000004768372,1.5,1.95000004768372,0.527499973773956,0.274999976158142,0.965000033378601,25.3000736236572,0,0,0,0,0,0,0,0,0,0,0,0,46.7429046630859,76.2649993896484,127.987098693848,113.081001281738,31.436128616333,0,0,0,0,0,0,42.398063659668,28685.015625,34533.640625,41927.515625,49601.7890625,56247.58984375,59659.32421875,57787.01171875,51743.37890625,44219.09375,36558.375,29965.50390625,26726.98046875,NA,NA,NA,NA,NA,NA
9252,52.843,-119.256,926.365966796875,4.2,15.8,-6.9,22.7,568,231,25,68.4,152,261,108,299,4.56,850,1319,5031,40,564,-35.7,35.2,590,13.5,166,202,62,-2.3,-1.9,3.9,10.3,17.7,20.3,23.4,23.2,17.3,8.5,0.9,-3.1,-9.5,-11.8,-6,-2.1,2.1,6.2,8.1,7.6,4.1,-0.3,-5.4,-10.2,-5.9,-6.9,-1,4.1,9.9,13.2,15.8,15.4,10.7,4.1,-2.2,-6.6,55,45,49,36,29,63,52,34,53,60,54,38,4.3,7,12.2,18.6,23.4,23.3,23.1,20.3,14.3,7.9,4.5,3.2,202,208,83,15,0,0,0,0,1,14,107,220,0,0,0,34,159,246,336,323,177,44,0,0,741,693,591,418,252,146,81,93,220,432,606,759,0,0,1,0,0,6,13,13,4,0,2,1,1,0,3,8,21,29,31,30,25,14,4,1,42,42,36,8,1,0,0,0,2,7,30,33,0,0,0,56,102,114,128,107,59,24,0,0,0,0,0,20,73,51,76,73,6,0,0,0,70,59,62,58,52,57,55,54,59,70,74,70,5.5,4.5,4.15,0.77,-5.01,-2.63,-5.79,-7.54,-2.01,3.78,5.04,3.8,0.256599992513657,0.383199989795685,0.508000016212463,0.38280001282692,0.318199992179871,0.255199998617172,0.350500002503395,0.255199998617172,0.508000016212463,28.5559005737305,3.25659942626953,101.767822265625,0.701042592525482,7.63169431686401,723.150024414062,52.6800003051758,-0.0900000035762787,26.5,61.9300003051758,13755,8737.5,-76,68,3,6.92000007629395,67.8199996948242,5323.60009765625,131.429992675781,5.59999990463257,-110.5,16,0.986100018024445,0.00100000004749745,0,0,0,0.0129000004380941,0,0,0,0,0,0.899999976158142,16,20,5.30000019073486,4,5.90000009536743,40,38,45.4000015258789,23.1568069458008,11871.75,2813.5,20492,1.70000004768372,1.5,1.95000004768372,0.527499973773956,0.274999976158142,0.965000033378601,25.3000736236572,0,0,0,0,0,0,0,0,0,0,0,0,46.7429046630859,76.2649993896484,127.987098693848,113.081001281738,31.436128616333,0,0,0,0,0,0,42.398063659668,28685.015625,34533.640625,41927.515625,49601.7890625,56247.58984375,59659.32421875,57787.01171875,51743.37890625,44219.09375,36558.375,29965.50390625,26726.98046875,NA,NA,NA,NA,NA,NA
9253,52.843,-119.256,926.365966796875,4.2,15.8,-6.9,22.7,568,231,25,68.4,152,261,108,299,4.56,850,1319,5031,40,564,-35.7,35.2,590,13.5,166,202,62,-2.3,-1.9,3.9,10.3,17.7,20.3,23.4,23.2,17.3,8.5,0.9,-3.1,-9.5,-11.8,-6,-2.1,2.1,6.2,8.1,7.6,4.1,-0.3,-5.4,-10.2,-5.9,-6.9,-1,4.1,9.9,13.2,15.8,15.4,10.7,4.1,-2.2,-6.6,55,45,49,36,29,63,52,34,53,60,54,38,4.3,7,12.2,18.6,23.4,23.3,23.1,20.3,14.3,7.9,4.5,3.2,202,208,83,15,0,0,0,0,1,14,107,220,0,0,0,34,159,246,336,323,177,44,0,0,741,693,591,418,252,146,81,93,220,432,606,759,0,0,1,0,0,6,13,13,4,0,2,1,1,0,3,8,21,29,31,30,25,14,4,1,42,42,36,8,1,0,0,0,2,7,30,33,0,0,0,56,102,114,128,107,59,24,0,0,0,0,0,20,73,51,76,73,6,0,0,0,70,59,62,58,52,57,55,54,59,70,74,70,5.5,4.5,4.15,0.77,-5.01,-2.63,-5.79,-7.54,-2.01,3.78,5.04,3.8,0.256599992513657,0.383199989795685,0.508000016212463,0.38280001282692,0.318199992179871,0.255199998617172,0.350500002503395,0.255199998617172,0.508000016212463,28.5559005737305,3.25659942626953,101.767822265625,0.701042592525482,7.63169431686401,723.150024414062,52.6800003051758,-0.0900000035762787,26.5,61.9300003051758,13755,8737.5,-76,68,3,6.92000007629395,67.8199996948242,5323.60009765625,131.429992675781,5.59999990463257,-110.5,16,0.986100018024445,0.00100000004749745,0,0,0,0.0129000004380941,0,0,0,0,0,0.899999976158142,16,20,5.30000019073486,4,5.90000009536743,40,38,45.4000015258789,23.1568069458008,11871.75,2813.5,20492,1.70000004768372,1.5,1.95000004768372,0.527499973773956,0.274999976158142,0.965000033378601,25.3000736236572,0,0,0,0,0,0,0,0,0,0,0,0,46.7429046630859,76.2649993896484,127.987098693848,113.081001281738,31.436128616333,0,0,0,0,0,0,42.398063659668,28685.015625,34533.640625,41927.515625,49601.7890625,56247.58984375,59659.32421875,57787.01171875,51743.37890625,44219.09375,36558.375,29965.50390625,26726.98046875,NA,NA,NA,NA,NA,NA
9254,51.86,-119.299,582.392822265625,6.4,17.8,-4.3,22.1,894,413,18.3,43.1,134,273,139,174,32.7,542,1661,4311,91,804,-28.8,36.8,663,13.5,206,194,66,-1.1,-0.2,6.1,12.2,19.2,21.6,25.3,25.1,18.3,9.5,2.6,-1.7,-6,-8.5,-2.5,0.2,4.3,8.2,10.2,9.5,6,1.8,-1.8,-6.1,-3.5,-4.3,1.8,6.2,11.8,14.9,17.8,17.3,12.2,5.7,0.4,-3.9,68,62,72,44,60,106,96,59,92,84,72,79,4.5,6.7,11.8,18.4,23.4,23.2,23.4,20.7,14.3,7.9,4.5,3.5,140,145,41,7,0,0,0,0,0,7,56,146,0,0,12,65,213,296,397,382,219,67,8,0,668,620,504,355,200,107,39,52,179,383,528,676,0,0,1,0,4,13,33,30,7,0,2,1,3,1,8,15,26,30,31,31,27,20,10,3,37,50,22,3,1,0,0,0,2,4,23,51,0,0,30,61,108,119,136,115,61,25,8,0,0,0,0,17,48,13,40,56,0,0,0,0,79,66,69,61,54,59,56,54,62,74,83,81,6.65,6.12,5.84,0.67,-2.24,1.51,-2.12,-5.83,1.93,5.86,6.52,7.8,0.323399990797043,0.266999989748001,0.434399992227554,0.38400000333786,0.277599990367889,0.274800002574921,0.300499990582466,0.266999989748001,0.434399992227554,15.4282150268555,-12.140754699707,73.95263671875,0.769363343715668,8.74674797058105,783.099975585938,46.4099998474121,0.0299999993294477,25.0499992370605,77.9199981689453,18708,13122,-43,87,5,8.64999961853027,74.129997253418,5607.06005859375,140.25,7.09000015258789,-47.25,12,0.983299970626831,0.0015999999595806,0,0,0.0103000001981854,9.99999974737875e-05,0,0.00469999993219972,0,0,0,0.899999976158142,17,16,6.90000009536743,4.40000009536743,5.90000009536743,42,40,63.5999984741211,16.1735305786133,11829.5,2879.5,20300.5,1.57500004768372,1.39999997615814,1.75,0.652500003576279,0.350000023841858,1.13999998569489,0,0,0,0,0,0,0,0,0,0,49327.33203125,0,0,1.77580642700195,9.96249961853027,34.7809677124023,12.2923336029053,0,0,0,0,0,0,0,0.458387106657028,29237.220703125,34844.40234375,41971.79296875,49375.4375,55759.875,59016.40234375,57231.5546875,51437.08203125,44183.65625,36793.60546875,30461.146484375,27370.56640625,NA,NA,NA,NA,NA,NA
9255,51.86,-119.299,582.392822265625,6.4,17.8,-4.3,22.1,894,413,18.3,43.1,134,273,139,174,32.7,542,1661,4311,91,804,-28.8,36.8,663,13.5,206,194,66,-1.1,-0.2,6.1,12.2,19.2,21.6,25.3,25.1,18.3,9.5,2.6,-1.7,-6,-8.5,-2.5,0.2,4.3,8.2,10.2,9.5,6,1.8,-1.8,-6.1,-3.5,-4.3,1.8,6.2,11.8,14.9,17.8,17.3,12.2,5.7,0.4,-3.9,68,62,72,44,60,106,96,59,92,84,72,79,4.5,6.7,11.8,18.4,23.4,23.2,23.4,20.7,14.3,7.9,4.5,3.5,140,145,41,7,0,0,0,0,0,7,56,146,0,0,12,65,213,296,397,382,219,67,8,0,668,620,504,355,200,107,39,52,179,383,528,676,0,0,1,0,4,13,33,30,7,0,2,1,3,1,8,15,26,30,31,31,27,20,10,3,37,50,22,3,1,0,0,0,2,4,23,51,0,0,30,61,108,119,136,115,61,25,8,0,0,0,0,17,48,13,40,56,0,0,0,0,79,66,69,61,54,59,56,54,62,74,83,81,6.65,6.12,5.84,0.67,-2.24,1.51,-2.12,-5.83,1.93,5.86,6.52,7.8,0.323399990797043,0.266999989748001,0.434399992227554,0.38400000333786,0.277599990367889,0.274800002574921,0.300499990582466,0.266999989748001,0.434399992227554,15.4282150268555,-12.140754699707,73.95263671875,0.769363343715668,8.74674797058105,783.099975585938,46.4099998474121,0.0299999993294477,25.0499992370605,77.9199981689453,18708,13122,-43,87,5,8.64999961853027,74.129997253418,5607.06005859375,140.25,7.09000015258789,-47.25,12,0.983299970626831,0.0015999999595806,0,0,0.0103000001981854,9.99999974737875e-05,0,0.00469999993219972,0,0,0,0.899999976158142,17,16,6.90000009536743,4.40000009536743,5.90000009536743,42,40,63.5999984741211,16.1735305786133,11829.5,2879.5,20300.5,1.57500004768372,1.39999997615814,1.75,0.652500003576279,0.350000023841858,1.13999998569489,0,0,0,0,0,0,0,0,0,0,49327.33203125,0,0,1.77580642700195,9.96249961853027,34.7809677124023,12.2923336029053,0,0,0,0,0,0,0,0.458387106657028,29237.220703125,34844.40234375,41971.79296875,49375.4375,55759.875,59016.40234375,57231.5546875,51437.08203125,44183.65625,36793.60546875,30461.146484375,27370.56640625,NA,NA,NA,NA,NA,NA
9256,51.86,-119.299,582.392822265625,6.4,17.8,-4.3,22.1,894,413,18.3,43.1,134,273,139,174,32.7,542,1661,4311,91,804,-28.8,36.8,663,13.5,206,194,66,-1.1,-0.2,6.1,12.2,19.2,21.6,25.3,25.1,18.3,9.5,2.6,-1.7,-6,-8.5,-2.5,0.2,4.3,8.2,10.2,9.5,6,1.8,-1.8,-6.1,-3.5,-4.3,1.8,6.2,11.8,14.9,17.8,17.3,12.2,5.7,0.4,-3.9,68,62,72,44,60,106,96,59,92,84,72,79,4.5,6.7,11.8,18.4,23.4,23.2,23.4,20.7,14.3,7.9,4.5,3.5,140,145,41,7,0,0,0,0,0,7,56,146,0,0,12,65,213,296,397,382,219,67,8,0,668,620,504,355,200,107,39,52,179,383,528,676,0,0,1,0,4,13,33,30,7,0,2,1,3,1,8,15,26,30,31,31,27,20,10,3,37,50,22,3,1,0,0,0,2,4,23,51,0,0,30,61,108,119,136,115,61,25,8,0,0,0,0,17,48,13,40,56,0,0,0,0,79,66,69,61,54,59,56,54,62,74,83,81,6.65,6.12,5.84,0.67,-2.24,1.51,-2.12,-5.83,1.93,5.86,6.52,7.8,0.323399990797043,0.266999989748001,0.434399992227554,0.38400000333786,0.277599990367889,0.274800002574921,0.300499990582466,0.266999989748001,0.434399992227554,15.4282150268555,-12.140754699707,73.95263671875,0.769363343715668,8.74674797058105,783.099975585938,46.4099998474121,0.0299999993294477,25.0499992370605,77.9199981689453,18708,13122,-43,87,5,8.64999961853027,74.129997253418,5607.06005859375,140.25,7.09000015258789,-47.25,12,0.983299970626831,0.0015999999595806,0,0,0.0103000001981854,9.99999974737875e-05,0,0.00469999993219972,0,0,0,0.899999976158142,17,16,6.90000009536743,4.40000009536743,5.90000009536743,42,40,63.5999984741211,16.1735305786133,11829.5,2879.5,20300.5,1.57500004768372,1.39999997615814,1.75,0.652500003576279,0.350000023841858,1.13999998569489,0,0,0,0,0,0,0,0,0,0,49327.33203125,0,0,1.77580642700195,9.96249961853027,34.7809677124023,12.2923336029053,0,0,0,0,0,0,0,0.458387106657028,29237.220703125,34844.40234375,41971.79296875,49375.4375,55759.875,59016.40234375,57231.5546875,51437.08203125,44183.65625,36793.60546875,30461.146484375,27370.56640625,NA,NA,NA,NA,NA,NA
9257,51.86,-119.299,582.392822265625,6.4,17.8,-4.3,22.1,894,413,18.3,43.1,134,273,139,174,32.7,542,1661,4311,91,804,-28.8,36.8,663,13.5,206,194,66,-1.1,-0.2,6.1,12.2,19.2,21.6,25.3,25.1,18.3,9.5,2.6,-1.7,-6,-8.5,-2.5,0.2,4.3,8.2,10.2,9.5,6,1.8,-1.8,-6.1,-3.5,-4.3,1.8,6.2,11.8,14.9,17.8,17.3,12.2,5.7,0.4,-3.9,68,62,72,44,60,106,96,59,92,84,72,79,4.5,6.7,11.8,18.4,23.4,23.2,23.4,20.7,14.3,7.9,4.5,3.5,140,145,41,7,0,0,0,0,0,7,56,146,0,0,12,65,213,296,397,382,219,67,8,0,668,620,504,355,200,107,39,52,179,383,528,676,0,0,1,0,4,13,33,30,7,0,2,1,3,1,8,15,26,30,31,31,27,20,10,3,37,50,22,3,1,0,0,0,2,4,23,51,0,0,30,61,108,119,136,115,61,25,8,0,0,0,0,17,48,13,40,56,0,0,0,0,79,66,69,61,54,59,56,54,62,74,83,81,6.65,6.12,5.84,0.67,-2.24,1.51,-2.12,-5.83,1.93,5.86,6.52,7.8,0.323399990797043,0.266999989748001,0.434399992227554,0.38400000333786,0.277599990367889,0.274800002574921,0.300499990582466,0.266999989748001,0.434399992227554,15.4282150268555,-12.140754699707,73.95263671875,0.769363343715668,8.74674797058105,783.099975585938,46.4099998474121,0.0299999993294477,25.0499992370605,77.9199981689453,18708,13122,-43,87,5,8.64999961853027,74.129997253418,5607.06005859375,140.25,7.09000015258789,-47.25,12,0.983299970626831,0.0015999999595806,0,0,0.0103000001981854,9.99999974737875e-05,0,0.00469999993219972,0,0,0,0.899999976158142,17,16,6.90000009536743,4.40000009536743,5.90000009536743,42,40,63.5999984741211,16.1735305786133,11829.5,2879.5,20300.5,1.57500004768372,1.39999997615814,1.75,0.652500003576279,0.350000023841858,1.13999998569489,0,0,0,0,0,0,0,0,0,0,49327.33203125,0,0,1.77580642700195,9.96249961853027,34.7809677124023,12.2923336029053,0,0,0,0,0,0,0,0.458387106657028,29237.220703125,34844.40234375,41971.79296875,49375.4375,55759.875,59016.40234375,57231.5546875,51437.08203125,44183.65625,36793.60546875,30461.146484375,27370.56640625,NA,NA,NA,NA,NA,NA
9258,53.616,-114.074,741.58154296875,3.2,16.8,-10.1,26.9,530,353,24.9,47.6,135,258,123,150,5.72,1230,1434,5417,56,661,-41.7,34.3,560,12.7,163,125,59,-3.8,-4.4,0.7,9.4,18,20.5,23,22.3,17.5,9,-0.4,-4.3,-14.2,-15.8,-10.2,-2.1,4.1,8.3,10.5,9.2,4.3,-1.6,-9.4,-13.9,-9,-10.1,-4.8,3.7,11.1,14.4,16.8,15.8,10.9,3.7,-4.9,-9.1,22,21,25,32,49,92,115,58,39,25,32,20,3.8,7.1,12.3,17.8,21.9,22.3,21.5,18.5,13.3,7.4,3.9,2.9,278,286,175,17,0,0,0,0,0,16,173,285,0,0,0,34,194,281,367,336,183,39,0,0,837,783,709,429,217,119,58,84,214,445,687,836,0,0,1,0,3,10,21,15,4,0,1,0,0,0,1,8,26,30,31,31,25,10,1,0,20,21,24,9,1,0,0,0,1,4,25,19,0,0,0,52,99,110,118,98,58,25,0,0,0,0,0,20,50,18,3,40,19,0,0,0,56,53,56,61,57,62,62,60,59,64,63,59,2.2,2.1,2.46,0.78,-2.71,0.83,1.76,-3.73,-3.35,0.19,3.19,2,NA,NA,NA,NA,NA,NA,NA,NA,NA,8.71575164794922,-5.77127838134766,35.4414672851562,0.819908201694489,8.31928539276123,716.150024414062,40.8499984741211,-0.310000002384186,30,42.4000015258789,15382.5,9705,-81,93,4,5.09999990463257,33.25,5315.56005859375,129.169998168945,129.169998168945,-87,8,0.830200016498566,0.107100002467632,0,0,0.00300000002607703,0.0221999995410442,0,0.034000001847744,0,0,0.00350000010803342,1.10000002384186,11,19,3.79999995231628,4.5,6.09999990463257,38,41,55.9000015258789,17.0971946716309,12353.5,3123.5,21246.5,3.27500009536743,2.95000004768372,3.5,0.560000017285347,0.234999999403954,1.20000004768372,16.036075592041,0,0,0,9460.8330078125,0,0,0,0,0,0,0,0,0.416129022836685,5.53857135772705,12.0877418518066,2.44233322143555,0,0,0,0,0,0.464838683605194,0.0539999976754189,0.0174193549901247,28240.916015625,34285.47265625,41892.26953125,49782.27734375,56638.96484375,60178.171875,58233.7734375,51987.98046875,44247.30078125,36370.76953125,29567.6796875,26207.58203125,NA,NA,NA,NA,NA,NA
9259,52.635,-114.624,987.030700683594,3.1,15.8,-9.4,25.2,552,384,23.7,41.1,147,256,109,129,7.06,1146,1292,5446,37,550,-42.5,34.2,567,13.3,153,120,56,-2.3,-2.8,1.9,9.7,17,19.7,22.3,22,17.3,9.6,1.2,-2.9,-13.9,-16,-10.2,-2.9,2.7,7,9.2,8.1,3.6,-2.7,-9.8,-14.3,-8.1,-9.4,-4.1,3.4,9.8,13.3,15.8,15.1,10.5,3.4,-4.3,-8.6,21,20,26,28,67,98,110,61,48,26,28,19,4.3,7.9,13,18.6,22.3,22.6,21.8,19,13.9,8.1,4.5,3.3,258,263,156,19,0,0,0,0,1,18,158,273,0,0,0,30,156,249,336,314,171,36,0,0,809,763,687,438,255,144,81,100,226,454,669,821,0,0,1,0,1,6,13,11,4,0,2,0,0,0,1,6,23,29,31,31,24,7,1,0,19,20,25,9,2,0,0,1,2,5,21,18,0,0,0,55,97,109,119,100,60,27,0,0,0,0,0,27,30,11,9,39,12,1,0,0,53,47,53,57,55,61,60,58,57,58,56,53,2.1,2,2.45,0.25,-0.67,1.46,1.21,-3.75,-2.66,0.08,2.68,1.9,0.283600002527237,0.39860001206398,0.554400026798248,0.519999980926514,0.243599995970726,0.168500006198883,0.341100007295609,0.168500006198883,0.554400026798248,5.07872772216797,3.16634368896484,18.0965576171875,0.829568684101105,9.36958789825439,749.200012207031,38.2700004577637,-0.300000011920929,27.1000003814697,44.5999984741211,14028,8895,-44,72,3,6.3899998664856,15.1300001144409,5357.39013671875,132.630004882812,132.630004882812,-121.5,9,0.0143999997526407,0.958199977874756,0,0.00380000006407499,0.0147000001743436,0.00810000021010637,0,0,0,0,0.0007999999797903,1.20000004768372,9,21,4,4.40000009536743,6.09999990463257,29,48,48.4000015258789,0,12456.25,3344.5,21023,3.05000007152557,2.75,3.34999990463257,0.504999995231628,0.215000003576279,1.09500002861023,8.06354236602783,0,0,0,0,0,0,0,0,0,0,0,0,3.35483860969543,13.9771423339844,26.3383865356445,16.5796661376953,0,0,0,0,0,2.92612910270691,4.73666667938232,4.00870990753174,28817.751953125,34608.125,41938.11328125,49547.57421875,56130.46484375,59504.5625,57653.484375,51669.96484375,44210.61328125,36614.72265625,30084.546875,26881.90234375,NA,NA,NA,NA,NA,NA
9260,52.635,-114.624,987.030700683594,3.1,15.8,-9.4,25.2,552,384,23.7,41.1,147,256,109,129,7.06,1146,1292,5446,37,550,-42.5,34.2,567,13.3,153,120,56,-2.3,-2.8,1.9,9.7,17,19.7,22.3,22,17.3,9.6,1.2,-2.9,-13.9,-16,-10.2,-2.9,2.7,7,9.2,8.1,3.6,-2.7,-9.8,-14.3,-8.1,-9.4,-4.1,3.4,9.8,13.3,15.8,15.1,10.5,3.4,-4.3,-8.6,21,20,26,28,67,98,110,61,48,26,28,19,4.3,7.9,13,18.6,22.3,22.6,21.8,19,13.9,8.1,4.5,3.3,258,263,156,19,0,0,0,0,1,18,158,273,0,0,0,30,156,249,336,314,171,36,0,0,809,763,687,438,255,144,81,100,226,454,669,821,0,0,1,0,1,6,13,11,4,0,2,0,0,0,1,6,23,29,31,31,24,7,1,0,19,20,25,9,2,0,0,1,2,5,21,18,0,0,0,55,97,109,119,100,60,27,0,0,0,0,0,27,30,11,9,39,12,1,0,0,53,47,53,57,55,61,60,58,57,58,56,53,2.1,2,2.45,0.25,-0.67,1.46,1.21,-3.75,-2.66,0.08,2.68,1.9,0.283600002527237,0.39860001206398,0.554400026798248,0.519999980926514,0.243599995970726,0.168500006198883,0.341100007295609,0.168500006198883,0.554400026798248,5.07872772216797,3.16634368896484,18.0965576171875,0.829568684101105,9.36958789825439,749.200012207031,38.2700004577637,-0.300000011920929,27.1000003814697,44.5999984741211,14028,8895,-44,72,3,6.3899998664856,15.1300001144409,5357.39013671875,132.630004882812,132.630004882812,-121.5,9,0.0143999997526407,0.958199977874756,0,0.00380000006407499,0.0147000001743436,0.00810000021010637,0,0,0,0,0.0007999999797903,1.20000004768372,9,21,4,4.40000009536743,6.09999990463257,29,48,48.4000015258789,0,12456.25,3344.5,21023,3.05000007152557,2.75,3.34999990463257,0.504999995231628,0.215000003576279,1.09500002861023,8.06354236602783,0,0,0,0,0,0,0,0,0,0,0,0,3.35483860969543,13.9771423339844,26.3383865356445,16.5796661376953,0,0,0,0,0,2.92612910270691,4.73666667938232,4.00870990753174,28817.751953125,34608.125,41938.11328125,49547.57421875,56130.46484375,59504.5625,57653.484375,51669.96484375,44210.61328125,36614.72265625,30084.546875,26881.90234375,NA,NA,NA,NA,NA,NA
9261,52.635,-114.624,987.030700683594,3.1,15.8,-9.4,25.2,552,384,23.7,41.1,147,256,109,129,7.06,1146,1292,5446,37,550,-42.5,34.2,567,13.3,153,120,56,-2.3,-2.8,1.9,9.7,17,19.7,22.3,22,17.3,9.6,1.2,-2.9,-13.9,-16,-10.2,-2.9,2.7,7,9.2,8.1,3.6,-2.7,-9.8,-14.3,-8.1,-9.4,-4.1,3.4,9.8,13.3,15.8,15.1,10.5,3.4,-4.3,-8.6,21,20,26,28,67,98,110,61,48,26,28,19,4.3,7.9,13,18.6,22.3,22.6,21.8,19,13.9,8.1,4.5,3.3,258,263,156,19,0,0,0,0,1,18,158,273,0,0,0,30,156,249,336,314,171,36,0,0,809,763,687,438,255,144,81,100,226,454,669,821,0,0,1,0,1,6,13,11,4,0,2,0,0,0,1,6,23,29,31,31,24,7,1,0,19,20,25,9,2,0,0,1,2,5,21,18,0,0,0,55,97,109,119,100,60,27,0,0,0,0,0,27,30,11,9,39,12,1,0,0,53,47,53,57,55,61,60,58,57,58,56,53,2.1,2,2.45,0.25,-0.67,1.46,1.21,-3.75,-2.66,0.08,2.68,1.9,0.283600002527237,0.39860001206398,0.554400026798248,0.519999980926514,0.243599995970726,0.168500006198883,0.341100007295609,0.168500006198883,0.554400026798248,5.07872772216797,3.16634368896484,18.0965576171875,0.829568684101105,9.36958789825439,749.200012207031,38.2700004577637,-0.300000011920929,27.1000003814697,44.5999984741211,14028,8895,-44,72,3,6.3899998664856,15.1300001144409,5357.39013671875,132.630004882812,132.630004882812,-121.5,9,0.0143999997526407,0.958199977874756,0,0.00380000006407499,0.0147000001743436,0.00810000021010637,0,0,0,0,0.0007999999797903,1.20000004768372,9,21,4,4.40000009536743,6.09999990463257,29,48,48.4000015258789,0,12456.25,3344.5,21023,3.05000007152557,2.75,3.34999990463257,0.504999995231628,0.215000003576279,1.09500002861023,8.06354236602783,0,0,0,0,0,0,0,0,0,0,0,0,3.35483860969543,13.9771423339844,26.3383865356445,16.5796661376953,0,0,0,0,0,2.92612910270691,4.73666667938232,4.00870990753174,28817.751953125,34608.125,41938.11328125,49547.57421875,56130.46484375,59504.5625,57653.484375,51669.96484375,44210.61328125,36614.72265625,30084.546875,26881.90234375,NA,NA,NA,NA,NA,NA
9262,52.635,-114.624,987.030700683594,3.1,15.8,-9.4,25.2,552,384,23.7,41.1,147,256,109,129,7.06,1146,1292,5446,37,550,-42.5,34.2,567,13.3,153,120,56,-2.3,-2.8,1.9,9.7,17,19.7,22.3,22,17.3,9.6,1.2,-2.9,-13.9,-16,-10.2,-2.9,2.7,7,9.2,8.1,3.6,-2.7,-9.8,-14.3,-8.1,-9.4,-4.1,3.4,9.8,13.3,15.8,15.1,10.5,3.4,-4.3,-8.6,21,20,26,28,67,98,110,61,48,26,28,19,4.3,7.9,13,18.6,22.3,22.6,21.8,19,13.9,8.1,4.5,3.3,258,263,156,19,0,0,0,0,1,18,158,273,0,0,0,30,156,249,336,314,171,36,0,0,809,763,687,438,255,144,81,100,226,454,669,821,0,0,1,0,1,6,13,11,4,0,2,0,0,0,1,6,23,29,31,31,24,7,1,0,19,20,25,9,2,0,0,1,2,5,21,18,0,0,0,55,97,109,119,100,60,27,0,0,0,0,0,27,30,11,9,39,12,1,0,0,53,47,53,57,55,61,60,58,57,58,56,53,2.1,2,2.45,0.25,-0.67,1.46,1.21,-3.75,-2.66,0.08,2.68,1.9,0.283600002527237,0.39860001206398,0.554400026798248,0.519999980926514,0.243599995970726,0.168500006198883,0.341100007295609,0.168500006198883,0.554400026798248,5.07872772216797,3.16634368896484,18.0965576171875,0.829568684101105,9.36958789825439,749.200012207031,38.2700004577637,-0.300000011920929,27.1000003814697,44.5999984741211,14028,8895,-44,72,3,6.3899998664856,15.1300001144409,5357.39013671875,132.630004882812,132.630004882812,-121.5,9,0.0143999997526407,0.958199977874756,0,0.00380000006407499,0.0147000001743436,0.00810000021010637,0,0,0,0,0.0007999999797903,1.20000004768372,9,21,4,4.40000009536743,6.09999990463257,29,48,48.4000015258789,0,12456.25,3344.5,21023,3.05000007152557,2.75,3.34999990463257,0.504999995231628,0.215000003576279,1.09500002861023,8.06354236602783,0,0,0,0,0,0,0,0,0,0,0,0,3.35483860969543,13.9771423339844,26.3383865356445,16.5796661376953,0,0,0,0,0,2.92612910270691,4.73666667938232,4.00870990753174,28817.751953125,34608.125,41938.11328125,49547.57421875,56130.46484375,59504.5625,57653.484375,51669.96484375,44210.61328125,36614.72265625,30084.546875,26881.90234375,NA,NA,NA,NA,NA,NA
9263,53.408,-113.758,700.455993652344,3.2,17,-10.7,27.7,526,371,25.1,45.8,138,257,119,161,2.22,1276,1471,5422,60,687,-42.2,34.7,584,12.9,160,108,57,-4,-4.8,0.5,10.3,18.7,21.2,23.7,22.8,18.2,10,-0.1,-4.4,-14.8,-16.6,-10.7,-2.3,3.9,8.2,10.4,9,4.1,-1.9,-9.9,-14.3,-9.4,-10.7,-5.1,4,11.3,14.7,17,15.9,11.1,4,-5,-9.4,20,20,22,28,58,91,119,58,45,24,25,16,3.9,7.3,12.4,18.4,21.9,22.5,21.6,18.6,13.6,7.6,4.1,2.9,294,302,183,15,0,0,0,0,0,14,175,292,0,0,0,38,200,290,373,339,188,43,0,0,849,800,718,420,212,112,54,82,205,435,690,846,0,0,0,0,4,12,23,16,4,0,1,0,0,0,0,8,26,30,31,31,25,9,1,0,19,20,21,7,1,0,0,0,2,3,20,15,0,0,0,55,103,114,123,101,61,27,0,0,0,0,0,27,45,23,4,43,16,3,0,0,55,51,55,57,54,60,60,59,56,60,60,58,2,2,2.2,0.05,-2.28,0.21,1.57,-4.16,-3.21,-0.25,2.5,1.6,0.133699998259544,0.403200000524521,0.510399997234344,0.416399985551834,0.269800007343292,0.26240000128746,0.336500003933907,0.133699998259544,0.510399997234344,4.41318511962891,-4.41318511962891,10.9060668945312,0.819974839687347,10.8212471008301,719.210021972656,43.1300010681152,-0.340000003576279,30.4500007629395,40.560001373291,16054.5,13041,-83,100,5,5.01000022888184,33.2299995422363,5326.919921875,129.350006103516,129.350006103516,-71.75,27,0.905099987983704,0.0538000017404556,0,0.00300000002607703,0.0141000002622604,0.0217000003904104,0,0.000199999994947575,0,0,0.00209999992512167,1.10000002384186,10,23,3.29999995231628,4.59999990463257,6.40000009536743,44,30,47.5999984741211,15.7001028060913,12475.25,3219,21236.5,3.19999992847443,2.95000004768372,3.5,0.565000012516975,0.229999989271164,1.24000000953674,33.2220687866211,0,0,0,0,0,0,0,0,0,0,0,0,0.380322575569153,7.12607145309448,12.434193611145,2.52600002288818,0,0,0,0,0,0.591290354728699,0,0.0732258036732674,28345.177734375,34343.58984375,41900.515625,49740.03125,56547.15234375,60056.2109375,58128.8828125,51930.69921875,44240.703125,36414.68359375,29661.01171875,26329.673828125,NA,NA,NA,NA,NA,NA
9264,53.408,-113.758,700.455993652344,3.2,17,-10.7,27.7,526,371,25.1,45.8,138,257,119,161,2.22,1276,1471,5422,60,687,-42.2,34.7,584,12.9,160,108,57,-4,-4.8,0.5,10.3,18.7,21.2,23.7,22.8,18.2,10,-0.1,-4.4,-14.8,-16.6,-10.7,-2.3,3.9,8.2,10.4,9,4.1,-1.9,-9.9,-14.3,-9.4,-10.7,-5.1,4,11.3,14.7,17,15.9,11.1,4,-5,-9.4,20,20,22,28,58,91,119,58,45,24,25,16,3.9,7.3,12.4,18.4,21.9,22.5,21.6,18.6,13.6,7.6,4.1,2.9,294,302,183,15,0,0,0,0,0,14,175,292,0,0,0,38,200,290,373,339,188,43,0,0,849,800,718,420,212,112,54,82,205,435,690,846,0,0,0,0,4,12,23,16,4,0,1,0,0,0,0,8,26,30,31,31,25,9,1,0,19,20,21,7,1,0,0,0,2,3,20,15,0,0,0,55,103,114,123,101,61,27,0,0,0,0,0,27,45,23,4,43,16,3,0,0,55,51,55,57,54,60,60,59,56,60,60,58,2,2,2.2,0.05,-2.28,0.21,1.57,-4.16,-3.21,-0.25,2.5,1.6,0.133699998259544,0.403200000524521,0.510399997234344,0.416399985551834,0.269800007343292,0.26240000128746,0.336500003933907,0.133699998259544,0.510399997234344,4.41318511962891,-4.41318511962891,10.9060668945312,0.819974839687347,10.8212471008301,719.210021972656,43.1300010681152,-0.340000003576279,30.4500007629395,40.560001373291,16054.5,13041,-83,100,5,5.01000022888184,33.2299995422363,5326.919921875,129.350006103516,129.350006103516,-71.75,27,0.905099987983704,0.0538000017404556,0,0.00300000002607703,0.0141000002622604,0.0217000003904104,0,0.000199999994947575,0,0,0.00209999992512167,1.10000002384186,10,23,3.29999995231628,4.59999990463257,6.40000009536743,44,30,47.5999984741211,15.7001028060913,12475.25,3219,21236.5,3.19999992847443,2.95000004768372,3.5,0.565000012516975,0.229999989271164,1.24000000953674,33.2220687866211,0,0,0,0,0,0,0,0,0,0,0,0,0.380322575569153,7.12607145309448,12.434193611145,2.52600002288818,0,0,0,0,0,0.591290354728699,0,0.0732258036732674,28345.177734375,34343.58984375,41900.515625,49740.03125,56547.15234375,60056.2109375,58128.8828125,51930.69921875,44240.703125,36414.68359375,29661.01171875,26329.673828125,NA,NA,NA,NA,NA,NA
9265,53.616,-114.074,741.58154296875,3.2,16.8,-10.1,26.9,530,353,24.9,47.6,135,258,123,150,5.72,1230,1434,5417,56,661,-41.7,34.3,560,12.7,163,125,59,-3.8,-4.4,0.7,9.4,18,20.5,23,22.3,17.5,9,-0.4,-4.3,-14.2,-15.8,-10.2,-2.1,4.1,8.3,10.5,9.2,4.3,-1.6,-9.4,-13.9,-9,-10.1,-4.8,3.7,11.1,14.4,16.8,15.8,10.9,3.7,-4.9,-9.1,22,21,25,32,49,92,115,58,39,25,32,20,3.8,7.1,12.3,17.8,21.9,22.3,21.5,18.5,13.3,7.4,3.9,2.9,278,286,175,17,0,0,0,0,0,16,173,285,0,0,0,34,194,281,367,336,183,39,0,0,837,783,709,429,217,119,58,84,214,445,687,836,0,0,1,0,3,10,21,15,4,0,1,0,0,0,1,8,26,30,31,31,25,10,1,0,20,21,24,9,1,0,0,0,1,4,25,19,0,0,0,52,99,110,118,98,58,25,0,0,0,0,0,20,50,18,3,40,19,0,0,0,56,53,56,61,57,62,62,60,59,64,63,59,2.2,2.1,2.46,0.78,-2.71,0.83,1.76,-3.73,-3.35,0.19,3.19,2,NA,NA,NA,NA,NA,NA,NA,NA,NA,8.71575164794922,-5.77127838134766,35.4414672851562,0.819908201694489,8.31928539276123,716.150024414062,40.8499984741211,-0.310000002384186,30,42.4000015258789,15382.5,9705,-81,93,4,5.09999990463257,33.25,5315.56005859375,129.169998168945,129.169998168945,-87,8,0.830200016498566,0.107100002467632,0,0,0.00300000002607703,0.0221999995410442,0,0.034000001847744,0,0,0.00350000010803342,1.10000002384186,11,19,3.79999995231628,4.5,6.09999990463257,38,41,55.9000015258789,17.0971946716309,12353.5,3123.5,21246.5,3.27500009536743,2.95000004768372,3.5,0.560000017285347,0.234999999403954,1.20000004768372,16.036075592041,0,0,0,9460.8330078125,0,0,0,0,0,0,0,0,0.416129022836685,5.53857135772705,12.0877418518066,2.44233322143555,0,0,0,0,0,0.464838683605194,0.0539999976754189,0.0174193549901247,28240.916015625,34285.47265625,41892.26953125,49782.27734375,56638.96484375,60178.171875,58233.7734375,51987.98046875,44247.30078125,36370.76953125,29567.6796875,26207.58203125,NA,NA,NA,NA,NA,NA
9266,53.616,-114.074,741.58154296875,3.2,16.8,-10.1,26.9,530,353,24.9,47.6,135,258,123,150,5.72,1230,1434,5417,56,661,-41.7,34.3,560,12.7,163,125,59,-3.8,-4.4,0.7,9.4,18,20.5,23,22.3,17.5,9,-0.4,-4.3,-14.2,-15.8,-10.2,-2.1,4.1,8.3,10.5,9.2,4.3,-1.6,-9.4,-13.9,-9,-10.1,-4.8,3.7,11.1,14.4,16.8,15.8,10.9,3.7,-4.9,-9.1,22,21,25,32,49,92,115,58,39,25,32,20,3.8,7.1,12.3,17.8,21.9,22.3,21.5,18.5,13.3,7.4,3.9,2.9,278,286,175,17,0,0,0,0,0,16,173,285,0,0,0,34,194,281,367,336,183,39,0,0,837,783,709,429,217,119,58,84,214,445,687,836,0,0,1,0,3,10,21,15,4,0,1,0,0,0,1,8,26,30,31,31,25,10,1,0,20,21,24,9,1,0,0,0,1,4,25,19,0,0,0,52,99,110,118,98,58,25,0,0,0,0,0,20,50,18,3,40,19,0,0,0,56,53,56,61,57,62,62,60,59,64,63,59,2.2,2.1,2.46,0.78,-2.71,0.83,1.76,-3.73,-3.35,0.19,3.19,2,NA,NA,NA,NA,NA,NA,NA,NA,NA,8.71575164794922,-5.77127838134766,35.4414672851562,0.819908201694489,8.31928539276123,716.150024414062,40.8499984741211,-0.310000002384186,30,42.4000015258789,15382.5,9705,-81,93,4,5.09999990463257,33.25,5315.56005859375,129.169998168945,129.169998168945,-87,8,0.830200016498566,0.107100002467632,0,0,0.00300000002607703,0.0221999995410442,0,0.034000001847744,0,0,0.00350000010803342,1.10000002384186,11,19,3.79999995231628,4.5,6.09999990463257,38,41,55.9000015258789,17.0971946716309,12353.5,3123.5,21246.5,3.27500009536743,2.95000004768372,3.5,0.560000017285347,0.234999999403954,1.20000004768372,16.036075592041,0,0,0,9460.8330078125,0,0,0,0,0,0,0,0,0.416129022836685,5.53857135772705,12.0877418518066,2.44233322143555,0,0,0,0,0,0.464838683605194,0.0539999976754189,0.0174193549901247,28240.916015625,34285.47265625,41892.26953125,49782.27734375,56638.96484375,60178.171875,58233.7734375,51987.98046875,44247.30078125,36370.76953125,29567.6796875,26207.58203125,NA,NA,NA,NA,NA,NA
9267,53.987,-113.319,656.759887695312,2.7,17,-11.7,28.7,481,322,26.4,52.8,138,257,119,194,-0.36,1438,1456,5622,59,683,-43.9,34.9,569,12.6,160,115,58,-5.6,-5.9,-0.2,9.4,18.5,21.1,23.4,22.7,17.7,9.2,-1.3,-5.8,-16.4,-17.5,-11.3,-2.5,3.9,8.4,10.6,9.1,4.1,-1.9,-10.3,-15.6,-11,-11.7,-5.8,3.5,11.2,14.8,17,15.9,10.9,3.6,-5.8,-10.7,23,20,20,28,44,92,103,50,33,25,26,17,3.6,7.1,12.2,18,21.7,22.3,21.4,18.4,13.1,7.3,3.7,2.6,343,330,202,18,0,0,0,0,0,17,193,334,0,0,0,34,197,293,373,339,183,38,0,0,898,828,740,435,215,109,54,82,214,448,714,886,0,0,0,0,4,12,23,16,4,0,0,0,0,0,0,7,26,30,31,31,25,9,1,0,22,20,20,8,1,0,0,0,1,4,22,17,0,0,0,52,102,113,120,99,58,25,0,0,0,0,0,24,58,21,17,49,25,0,0,0,54,51,55,59,55,61,62,59,58,62,63,58,2.3,2,2,0.42,-3.51,0.48,0.34,-4.81,-4.05,0.16,2.6,1.7,0.145699992775917,0.283199995756149,0.361400008201599,0.357800006866455,0.229200005531311,0.205599993467331,0.25620000064373,0.145699992775917,0.361400008201599,2.78466033935547,-1.66254425048828,8.4796142578125,0.81816577911377,9.53772068023682,707.739990234375,44.4099998474121,-0.340000003576279,31.25,39.25,15739.5,9990,-96,99,4,4.03000020980835,31.7199993133545,5412.14013671875,129.699996948242,129.699996948242,-70.75,3,0.604700028896332,0.375800013542175,0,0.00120000005699694,0,0.0094999996945262,0,0,0,0,0.00879999995231628,1.10000002384186,8,23,3.59999990463257,4,6.30000019073486,41,34,46.9000015258789,9.15375137329102,12343.5,3101.5,21285.5,3.22500002384186,2.95000004768372,3.44999980926514,0.572500005364418,0.229999989271164,1.26499998569489,7.96717643737793,0,0,0,0,0,0,0,0,0,0,0,0,0.458064526319504,3.69821429252625,10.5067739486694,3.04633331298828,0,0,0,0,0,0.159354835748672,0,0.0306451618671417,27993.306640625,34147.80859375,41872.76171875,49882.2890625,56856.83203125,60468.1953125,58482.890625,52123.6640625,44262.91015625,36266.8046875,29346.1875,25917.25,NA,NA,NA,NA,NA,NA
9268,53.987,-113.319,656.759887695312,2.7,17,-11.7,28.7,481,322,26.4,52.8,138,257,119,194,-0.36,1438,1456,5622,59,683,-43.9,34.9,569,12.6,160,115,58,-5.6,-5.9,-0.2,9.4,18.5,21.1,23.4,22.7,17.7,9.2,-1.3,-5.8,-16.4,-17.5,-11.3,-2.5,3.9,8.4,10.6,9.1,4.1,-1.9,-10.3,-15.6,-11,-11.7,-5.8,3.5,11.2,14.8,17,15.9,10.9,3.6,-5.8,-10.7,23,20,20,28,44,92,103,50,33,25,26,17,3.6,7.1,12.2,18,21.7,22.3,21.4,18.4,13.1,7.3,3.7,2.6,343,330,202,18,0,0,0,0,0,17,193,334,0,0,0,34,197,293,373,339,183,38,0,0,898,828,740,435,215,109,54,82,214,448,714,886,0,0,0,0,4,12,23,16,4,0,0,0,0,0,0,7,26,30,31,31,25,9,1,0,22,20,20,8,1,0,0,0,1,4,22,17,0,0,0,52,102,113,120,99,58,25,0,0,0,0,0,24,58,21,17,49,25,0,0,0,54,51,55,59,55,61,62,59,58,62,63,58,2.3,2,2,0.42,-3.51,0.48,0.34,-4.81,-4.05,0.16,2.6,1.7,0.145699992775917,0.283199995756149,0.361400008201599,0.357800006866455,0.229200005531311,0.205599993467331,0.25620000064373,0.145699992775917,0.361400008201599,2.78466033935547,-1.66254425048828,8.4796142578125,0.81816577911377,9.53772068023682,707.739990234375,44.4099998474121,-0.340000003576279,31.25,39.25,15739.5,9990,-96,99,4,4.03000020980835,31.7199993133545,5412.14013671875,129.699996948242,129.699996948242,-70.75,3,0.604700028896332,0.375800013542175,0,0.00120000005699694,0,0.0094999996945262,0,0,0,0,0.00879999995231628,1.10000002384186,8,23,3.59999990463257,4,6.30000019073486,41,34,46.9000015258789,9.15375137329102,12343.5,3101.5,21285.5,3.22500002384186,2.95000004768372,3.44999980926514,0.572500005364418,0.229999989271164,1.26499998569489,7.96717643737793,0,0,0,0,0,0,0,0,0,0,0,0,0.458064526319504,3.69821429252625,10.5067739486694,3.04633331298828,0,0,0,0,0,0.159354835748672,0,0.0306451618671417,27993.306640625,34147.80859375,41872.76171875,49882.2890625,56856.83203125,60468.1953125,58482.890625,52123.6640625,44262.91015625,36266.8046875,29346.1875,25917.25,NA,NA,NA,NA,NA,NA
9269,53.987,-113.319,656.759887695312,2.7,17,-11.7,28.7,481,322,26.4,52.8,138,257,119,194,-0.36,1438,1456,5622,59,683,-43.9,34.9,569,12.6,160,115,58,-5.6,-5.9,-0.2,9.4,18.5,21.1,23.4,22.7,17.7,9.2,-1.3,-5.8,-16.4,-17.5,-11.3,-2.5,3.9,8.4,10.6,9.1,4.1,-1.9,-10.3,-15.6,-11,-11.7,-5.8,3.5,11.2,14.8,17,15.9,10.9,3.6,-5.8,-10.7,23,20,20,28,44,92,103,50,33,25,26,17,3.6,7.1,12.2,18,21.7,22.3,21.4,18.4,13.1,7.3,3.7,2.6,343,330,202,18,0,0,0,0,0,17,193,334,0,0,0,34,197,293,373,339,183,38,0,0,898,828,740,435,215,109,54,82,214,448,714,886,0,0,0,0,4,12,23,16,4,0,0,0,0,0,0,7,26,30,31,31,25,9,1,0,22,20,20,8,1,0,0,0,1,4,22,17,0,0,0,52,102,113,120,99,58,25,0,0,0,0,0,24,58,21,17,49,25,0,0,0,54,51,55,59,55,61,62,59,58,62,63,58,2.3,2,2,0.42,-3.51,0.48,0.34,-4.81,-4.05,0.16,2.6,1.7,0.145699992775917,0.283199995756149,0.361400008201599,0.357800006866455,0.229200005531311,0.205599993467331,0.25620000064373,0.145699992775917,0.361400008201599,2.78466033935547,-1.66254425048828,8.4796142578125,0.81816577911377,9.53772068023682,707.739990234375,44.4099998474121,-0.340000003576279,31.25,39.25,15739.5,9990,-96,99,4,4.03000020980835,31.7199993133545,5412.14013671875,129.699996948242,129.699996948242,-70.75,3,0.604700028896332,0.375800013542175,0,0.00120000005699694,0,0.0094999996945262,0,0,0,0,0.00879999995231628,1.10000002384186,8,23,3.59999990463257,4,6.30000019073486,41,34,46.9000015258789,9.15375137329102,12343.5,3101.5,21285.5,3.22500002384186,2.95000004768372,3.44999980926514,0.572500005364418,0.229999989271164,1.26499998569489,7.96717643737793,0,0,0,0,0,0,0,0,0,0,0,0,0.458064526319504,3.69821429252625,10.5067739486694,3.04633331298828,0,0,0,0,0,0.159354835748672,0,0.0306451618671417,27993.306640625,34147.80859375,41872.76171875,49882.2890625,56856.83203125,60468.1953125,58482.890625,52123.6640625,44262.91015625,36266.8046875,29346.1875,25917.25,NA,NA,NA,NA,NA,NA
9270,52.652,-114.724,1008.49078369141,3,15.6,-9.2,24.8,560,390,23.2,40,148,256,108,120,8.54,1134,1261,5455,34,531,-42.4,34.1,564,13.3,152,123,56,-2.1,-2.6,2.1,9.6,16.8,19.4,22.2,21.9,17,9.4,1.4,-2.8,-13.8,-15.9,-10.2,-3,2.6,6.9,9.1,8.1,3.6,-2.8,-9.8,-14.2,-8,-9.2,-4,3.3,9.7,13.1,15.6,15,10.3,3.3,-4.2,-8.5,21,21,27,28,68,102,110,62,48,26,28,19,4.3,7.9,13.1,18.6,22.4,22.6,21.9,19.1,13.8,8.1,4.6,3.3,255,259,153,20,0,0,0,0,1,19,156,270,0,0,0,28,153,243,330,307,165,35,0,0,806,758,684,441,258,148,86,102,232,457,666,818,0,0,1,0,0,5,11,11,3,0,2,0,0,0,1,6,23,29,31,31,24,7,1,0,18,21,26,9,2,0,0,1,2,5,21,18,0,0,0,55,97,108,118,100,59,27,0,0,0,0,0,27,29,6,8,38,11,1,0,0,52,46,52,57,56,61,60,58,58,58,56,53,2.1,2.1,2.53,0.29,-0.41,2.04,1.24,-3.59,-2.48,0.15,2.66,1.9,0.123000003397465,0.394800007343292,0.501600027084351,0.426800012588501,0.239600002765656,0.166500002145767,0.317200005054474,0.123000003397465,0.501600027084351,7.29069519042969,-0.496734619140625,26.6094970703125,0.830070316791534,9.6913595199585,743.280029296875,37.0800018310547,-0.300000011920929,26.8500003814697,45.189998626709,13755,8737.5,-44,70,3,6.32999992370605,15,5317.35009765625,131.630004882812,131.630004882812,-125.25,7,0.963599979877472,0.0254999995231628,0,0,0.00410000002011657,0.00669999979436398,0,0,0,0,9.99999974737875e-05,1.10000002384186,14,16,2.40000009536743,4.19999980926514,5.80000019073486,28,51,39.2999992370605,23.9206218719482,12457,3371,21027.5,3.04999995231628,2.75,3.30000019073486,0.49499998986721,0.215000003576279,1.07500004768372,0,0,0,0,0,0,0,0,0,0,0,0,0,3.20258069038391,15.9857139587402,29.0777416229248,19.7803325653076,0,0,0,0,0,2.92258048057556,4.80900001525879,3.33290314674377,28817.751953125,34608.125,41938.11328125,49547.57421875,56130.46484375,59504.5625,57653.484375,51669.96484375,44210.61328125,36614.72265625,30084.546875,26881.90234375,NA,NA,NA,NA,NA,NA
9271,55.114,-121.019,842.473876953125,2.8,14.5,-8.4,22.9,524,275,24.4,52.7,154,252,97,200,8.55,1091,1110,5541,29,413,-39.5,32.7,525,12.5,153,168,61,-3.2,-3.5,1.8,9,16.6,19,21.1,20.6,15.9,7.6,-0.9,-4.1,-11.5,-13.4,-8.8,-2.5,1.6,5.2,7.9,6.5,2.9,-0.9,-8.1,-12.5,-7.3,-8.4,-3.5,3.2,9.1,12.1,14.5,13.6,9.4,3.3,-4.5,-8.3,34,22,32,30,29,84,81,46,35,56,46,29,3.4,6.3,11.8,17.8,22.3,23,21.3,18.2,12.9,6.8,3.6,2.5,238,243,140,20,1,0,0,0,1,19,163,265,0,0,0,24,136,214,293,268,140,35,0,0,784,735,668,444,276,178,114,138,259,457,675,812,1,1,2,1,0,3,6,5,2,2,3,1,1,0,1,7,19,28,31,30,22,12,2,0,29,21,30,10,1,1,1,1,2,10,35,27,0,0,0,49,94,107,111,92,52,20,0,0,0,0,0,19,65,23,30,46,17,0,0,0,65,58,58,60,53,57,60,57,59,70,70,64,3.4,2.2,2.95,0.72,-3.95,0.26,-0.93,-4.4,-2.86,3.71,4.54,2.9,0.0760999992489815,0.375,0.409200012683868,0.312999993562698,0.241999998688698,0.151800006628036,0.277499996125698,0.0760999992489815,0.409200012683868,14.1508941650391,10.0127563476562,67.02685546875,0.785326063632965,8.77896118164062,663.789978027344,41,-0.0799999982118607,27.1499996185303,56.9599990844727,13786.5,8760,-77,78,3,4.80999994277954,31.25,5024.669921875,122.360000610352,122.360000610352,-124.75,25,0.765500009059906,0.0379000008106232,0,0,0.00260000000707805,0.148900002241135,0,0,0,0,0.045099999755621,1,18,22,4.09999990463257,4.59999990463257,6,33,43,42.2999992370605,8.40164375305176,11057,2416,20132,2.70000004768372,2.5,2.94999980926514,0.5,0.224999994039536,1.02999997138977,26.4919891357422,0,0,0,0,0,0,0,356356.84375,63968.33203125,45683.33203125,0,0,1.94290328025818,23.2203578948975,39.1935501098633,27.9910011291504,0,0,0,0,0,0,0,0.394193559885025,27288.560546875,33758.86328125,41817.8203125,50164.421875,57475.46484375,61296.7265625,59192.01171875,52507.015625,44306.875,35973.45703125,28717.1015625,25087.798828125,NA,NA,NA,NA,NA,NA
9272,55.114,-121.019,842.473876953125,2.8,14.5,-8.4,22.9,524,275,24.4,52.7,154,252,97,200,8.55,1091,1110,5541,29,413,-39.5,32.7,525,12.5,153,168,61,-3.2,-3.5,1.8,9,16.6,19,21.1,20.6,15.9,7.6,-0.9,-4.1,-11.5,-13.4,-8.8,-2.5,1.6,5.2,7.9,6.5,2.9,-0.9,-8.1,-12.5,-7.3,-8.4,-3.5,3.2,9.1,12.1,14.5,13.6,9.4,3.3,-4.5,-8.3,34,22,32,30,29,84,81,46,35,56,46,29,3.4,6.3,11.8,17.8,22.3,23,21.3,18.2,12.9,6.8,3.6,2.5,238,243,140,20,1,0,0,0,1,19,163,265,0,0,0,24,136,214,293,268,140,35,0,0,784,735,668,444,276,178,114,138,259,457,675,812,1,1,2,1,0,3,6,5,2,2,3,1,1,0,1,7,19,28,31,30,22,12,2,0,29,21,30,10,1,1,1,1,2,10,35,27,0,0,0,49,94,107,111,92,52,20,0,0,0,0,0,19,65,23,30,46,17,0,0,0,65,58,58,60,53,57,60,57,59,70,70,64,3.4,2.2,2.95,0.72,-3.95,0.26,-0.93,-4.4,-2.86,3.71,4.54,2.9,0.0760999992489815,0.375,0.409200012683868,0.312999993562698,0.241999998688698,0.151800006628036,0.277499996125698,0.0760999992489815,0.409200012683868,14.1508941650391,10.0127563476562,67.02685546875,0.785326063632965,8.77896118164062,663.789978027344,41,-0.0799999982118607,27.1499996185303,56.9599990844727,13786.5,8760,-77,78,3,4.80999994277954,31.25,5024.669921875,122.360000610352,122.360000610352,-124.75,25,0.765500009059906,0.0379000008106232,0,0,0.00260000000707805,0.148900002241135,0,0,0,0,0.045099999755621,1,18,22,4.09999990463257,4.59999990463257,6,33,43,42.2999992370605,8.40164375305176,11057,2416,20132,2.70000004768372,2.5,2.94999980926514,0.5,0.224999994039536,1.02999997138977,26.4919891357422,0,0,0,0,0,0,0,356356.84375,63968.33203125,45683.33203125,0,0,1.94290328025818,23.2203578948975,39.1935501098633,27.9910011291504,0,0,0,0,0,0,0,0.394193559885025,27288.560546875,33758.86328125,41817.8203125,50164.421875,57475.46484375,61296.7265625,59192.01171875,52507.015625,44306.875,35973.45703125,28717.1015625,25087.798828125,NA,NA,NA,NA,NA,NA
9273,55.114,-121.019,842.473876953125,2.8,14.5,-8.4,22.9,524,275,24.4,52.7,154,252,97,200,8.55,1091,1110,5541,29,413,-39.5,32.7,525,12.5,153,168,61,-3.2,-3.5,1.8,9,16.6,19,21.1,20.6,15.9,7.6,-0.9,-4.1,-11.5,-13.4,-8.8,-2.5,1.6,5.2,7.9,6.5,2.9,-0.9,-8.1,-12.5,-7.3,-8.4,-3.5,3.2,9.1,12.1,14.5,13.6,9.4,3.3,-4.5,-8.3,34,22,32,30,29,84,81,46,35,56,46,29,3.4,6.3,11.8,17.8,22.3,23,21.3,18.2,12.9,6.8,3.6,2.5,238,243,140,20,1,0,0,0,1,19,163,265,0,0,0,24,136,214,293,268,140,35,0,0,784,735,668,444,276,178,114,138,259,457,675,812,1,1,2,1,0,3,6,5,2,2,3,1,1,0,1,7,19,28,31,30,22,12,2,0,29,21,30,10,1,1,1,1,2,10,35,27,0,0,0,49,94,107,111,92,52,20,0,0,0,0,0,19,65,23,30,46,17,0,0,0,65,58,58,60,53,57,60,57,59,70,70,64,3.4,2.2,2.95,0.72,-3.95,0.26,-0.93,-4.4,-2.86,3.71,4.54,2.9,0.0760999992489815,0.375,0.409200012683868,0.312999993562698,0.241999998688698,0.151800006628036,0.277499996125698,0.0760999992489815,0.409200012683868,14.1508941650391,10.0127563476562,67.02685546875,0.785326063632965,8.77896118164062,663.789978027344,41,-0.0799999982118607,27.1499996185303,56.9599990844727,13786.5,8760,-77,78,3,4.80999994277954,31.25,5024.669921875,122.360000610352,122.360000610352,-124.75,25,0.765500009059906,0.0379000008106232,0,0,0.00260000000707805,0.148900002241135,0,0,0,0,0.045099999755621,1,18,22,4.09999990463257,4.59999990463257,6,33,43,42.2999992370605,8.40164375305176,11057,2416,20132,2.70000004768372,2.5,2.94999980926514,0.5,0.224999994039536,1.02999997138977,26.4919891357422,0,0,0,0,0,0,0,356356.84375,63968.33203125,45683.33203125,0,0,1.94290328025818,23.2203578948975,39.1935501098633,27.9910011291504,0,0,0,0,0,0,0,0.394193559885025,27288.560546875,33758.86328125,41817.8203125,50164.421875,57475.46484375,61296.7265625,59192.01171875,52507.015625,44306.875,35973.45703125,28717.1015625,25087.798828125,NA,NA,NA,NA,NA,NA
9274,55.114,-121.019,842.473876953125,2.8,14.5,-8.4,22.9,524,275,24.4,52.7,154,252,97,200,8.55,1091,1110,5541,29,413,-39.5,32.7,525,12.5,153,168,61,-3.2,-3.5,1.8,9,16.6,19,21.1,20.6,15.9,7.6,-0.9,-4.1,-11.5,-13.4,-8.8,-2.5,1.6,5.2,7.9,6.5,2.9,-0.9,-8.1,-12.5,-7.3,-8.4,-3.5,3.2,9.1,12.1,14.5,13.6,9.4,3.3,-4.5,-8.3,34,22,32,30,29,84,81,46,35,56,46,29,3.4,6.3,11.8,17.8,22.3,23,21.3,18.2,12.9,6.8,3.6,2.5,238,243,140,20,1,0,0,0,1,19,163,265,0,0,0,24,136,214,293,268,140,35,0,0,784,735,668,444,276,178,114,138,259,457,675,812,1,1,2,1,0,3,6,5,2,2,3,1,1,0,1,7,19,28,31,30,22,12,2,0,29,21,30,10,1,1,1,1,2,10,35,27,0,0,0,49,94,107,111,92,52,20,0,0,0,0,0,19,65,23,30,46,17,0,0,0,65,58,58,60,53,57,60,57,59,70,70,64,3.4,2.2,2.95,0.72,-3.95,0.26,-0.93,-4.4,-2.86,3.71,4.54,2.9,0.0760999992489815,0.375,0.409200012683868,0.312999993562698,0.241999998688698,0.151800006628036,0.277499996125698,0.0760999992489815,0.409200012683868,14.1508941650391,10.0127563476562,67.02685546875,0.785326063632965,8.77896118164062,663.789978027344,41,-0.0799999982118607,27.1499996185303,56.9599990844727,13786.5,8760,-77,78,3,4.80999994277954,31.25,5024.669921875,122.360000610352,122.360000610352,-124.75,25,0.765500009059906,0.0379000008106232,0,0,0.00260000000707805,0.148900002241135,0,0,0,0,0.045099999755621,1,18,22,4.09999990463257,4.59999990463257,6,33,43,42.2999992370605,8.40164375305176,11057,2416,20132,2.70000004768372,2.5,2.94999980926514,0.5,0.224999994039536,1.02999997138977,26.4919891357422,0,0,0,0,0,0,0,356356.84375,63968.33203125,45683.33203125,0,0,1.94290328025818,23.2203578948975,39.1935501098633,27.9910011291504,0,0,0,0,0,0,0,0.394193559885025,27288.560546875,33758.86328125,41817.8203125,50164.421875,57475.46484375,61296.7265625,59192.01171875,52507.015625,44306.875,35973.45703125,28717.1015625,25087.798828125,NA,NA,NA,NA,NA,NA
9275,53.208,-117.551,1395.99377441406,2.1,14,-9,23,702,438,17.2,32,158,253,95,54,29.45,1155,994,5775,20,351,-41.2,31.7,511,13.4,140,213,58,-1.6,-2.8,1.9,7.9,14.7,17.2,20.4,19.7,14.8,7.9,0.1,-3.7,-12.7,-15.2,-9.8,-4.7,1.2,5.2,7.6,7.2,2.8,-3.4,-10.2,-13.4,-7.1,-9,-4,1.6,7.9,11.2,14,13.4,8.8,2.2,-5,-8.6,34,34,41,36,66,121,113,71,67,43,50,26,4.2,7.6,12.7,18.7,23.3,22.5,22.3,19.1,13.7,8.4,4.7,3.2,233,255,153,35,1,0,0,0,1,28,175,273,0,0,0,13,104,187,279,262,123,26,0,0,778,752,684,492,313,205,127,144,277,492,690,821,0,1,2,0,0,2,5,5,2,0,2,1,0,0,1,3,18,28,31,30,22,6,1,0,28,33,39,21,5,2,1,1,5,13,40,24,0,0,0,50,88,98,110,89,52,24,0,0,0,0,0,14,22,0,0,18,0,0,0,0,55,49,54,56,57,62,61,61,61,60,58,59,3.4,3.4,3.9,1.73,0.87,4.73,2.2,-1.56,0.82,2.33,5,2.6,0.17569999396801,0.225999996066093,0.452800005674362,0.393400013446808,0.312400013208389,0.266200006008148,0.289300009608269,0.17569999396801,0.452800005674362,12.2125549316406,-10.4093322753906,31.2254638671875,0.818216443061829,13.5648794174194,667.349975585938,35.0699996948242,-0.209999993443489,24.8500003814697,50.9799995422363,11329.5,7387.5,-65,54,3,6.53999996185303,32.1599998474121,4825.1201171875,120.559997558594,120.559997558594,-157.25,0,0.739000022411346,0.260899990797043,0,0,0,0,0,0,0,0,9.99999974737875e-05,1,19,15,2,3.29999995231628,5.90000009536743,31,51,31.6000003814697,15.9507274627686,11999.25,3116,20327.5,2.125,2.09999990463257,2.29999995231628,0.405000001192093,0.199999988079071,0.810000002384186,0,0,0,0,0,0,0,0,0,0,0,0,0,1.15419352054596,15.7950000762939,27.291934967041,28.0303325653076,1.57774198055267,0,0,0,0,1.77838706970215,2.50399994850159,0.185483872890472,28482.513671875,34420.28125,41911.40234375,49684.265625,56426.1484375,59895.70703125,57990.71875,51855.109375,44231.98828125,36472.65234375,29784.01171875,26490.349609375,NA,NA,NA,NA,NA,NA
9276,53.208,-117.551,1395.99377441406,2.1,14,-9,23,702,438,17.2,32,158,253,95,54,29.45,1155,994,5775,20,351,-41.2,31.7,511,13.4,140,213,58,-1.6,-2.8,1.9,7.9,14.7,17.2,20.4,19.7,14.8,7.9,0.1,-3.7,-12.7,-15.2,-9.8,-4.7,1.2,5.2,7.6,7.2,2.8,-3.4,-10.2,-13.4,-7.1,-9,-4,1.6,7.9,11.2,14,13.4,8.8,2.2,-5,-8.6,34,34,41,36,66,121,113,71,67,43,50,26,4.2,7.6,12.7,18.7,23.3,22.5,22.3,19.1,13.7,8.4,4.7,3.2,233,255,153,35,1,0,0,0,1,28,175,273,0,0,0,13,104,187,279,262,123,26,0,0,778,752,684,492,313,205,127,144,277,492,690,821,0,1,2,0,0,2,5,5,2,0,2,1,0,0,1,3,18,28,31,30,22,6,1,0,28,33,39,21,5,2,1,1,5,13,40,24,0,0,0,50,88,98,110,89,52,24,0,0,0,0,0,14,22,0,0,18,0,0,0,0,55,49,54,56,57,62,61,61,61,60,58,59,3.4,3.4,3.9,1.73,0.87,4.73,2.2,-1.56,0.82,2.33,5,2.6,0.17569999396801,0.225999996066093,0.452800005674362,0.393400013446808,0.312400013208389,0.266200006008148,0.289300009608269,0.17569999396801,0.452800005674362,12.2125549316406,-10.4093322753906,31.2254638671875,0.818216443061829,13.5648794174194,667.349975585938,35.0699996948242,-0.209999993443489,24.8500003814697,50.9799995422363,11329.5,7387.5,-65,54,3,6.53999996185303,32.1599998474121,4825.1201171875,120.559997558594,120.559997558594,-157.25,0,0.739000022411346,0.260899990797043,0,0,0,0,0,0,0,0,9.99999974737875e-05,1,19,15,2,3.29999995231628,5.90000009536743,31,51,31.6000003814697,15.9507274627686,11999.25,3116,20327.5,2.125,2.09999990463257,2.29999995231628,0.405000001192093,0.199999988079071,0.810000002384186,0,0,0,0,0,0,0,0,0,0,0,0,0,1.15419352054596,15.7950000762939,27.291934967041,28.0303325653076,1.57774198055267,0,0,0,0,1.77838706970215,2.50399994850159,0.185483872890472,28482.513671875,34420.28125,41911.40234375,49684.265625,56426.1484375,59895.70703125,57990.71875,51855.109375,44231.98828125,36472.65234375,29784.01171875,26490.349609375,NA,NA,NA,NA,NA,NA
9277,53.208,-117.551,1395.99377441406,2.1,14,-9,23,702,438,17.2,32,158,253,95,54,29.45,1155,994,5775,20,351,-41.2,31.7,511,13.4,140,213,58,-1.6,-2.8,1.9,7.9,14.7,17.2,20.4,19.7,14.8,7.9,0.1,-3.7,-12.7,-15.2,-9.8,-4.7,1.2,5.2,7.6,7.2,2.8,-3.4,-10.2,-13.4,-7.1,-9,-4,1.6,7.9,11.2,14,13.4,8.8,2.2,-5,-8.6,34,34,41,36,66,121,113,71,67,43,50,26,4.2,7.6,12.7,18.7,23.3,22.5,22.3,19.1,13.7,8.4,4.7,3.2,233,255,153,35,1,0,0,0,1,28,175,273,0,0,0,13,104,187,279,262,123,26,0,0,778,752,684,492,313,205,127,144,277,492,690,821,0,1,2,0,0,2,5,5,2,0,2,1,0,0,1,3,18,28,31,30,22,6,1,0,28,33,39,21,5,2,1,1,5,13,40,24,0,0,0,50,88,98,110,89,52,24,0,0,0,0,0,14,22,0,0,18,0,0,0,0,55,49,54,56,57,62,61,61,61,60,58,59,3.4,3.4,3.9,1.73,0.87,4.73,2.2,-1.56,0.82,2.33,5,2.6,0.17569999396801,0.225999996066093,0.452800005674362,0.393400013446808,0.312400013208389,0.266200006008148,0.289300009608269,0.17569999396801,0.452800005674362,12.2125549316406,-10.4093322753906,31.2254638671875,0.818216443061829,13.5648794174194,667.349975585938,35.0699996948242,-0.209999993443489,24.8500003814697,50.9799995422363,11329.5,7387.5,-65,54,3,6.53999996185303,32.1599998474121,4825.1201171875,120.559997558594,120.559997558594,-157.25,0,0.739000022411346,0.260899990797043,0,0,0,0,0,0,0,0,9.99999974737875e-05,1,19,15,2,3.29999995231628,5.90000009536743,31,51,31.6000003814697,15.9507274627686,11999.25,3116,20327.5,2.125,2.09999990463257,2.29999995231628,0.405000001192093,0.199999988079071,0.810000002384186,0,0,0,0,0,0,0,0,0,0,0,0,0,1.15419352054596,15.7950000762939,27.291934967041,28.0303325653076,1.57774198055267,0,0,0,0,1.77838706970215,2.50399994850159,0.185483872890472,28482.513671875,34420.28125,41911.40234375,49684.265625,56426.1484375,59895.70703125,57990.71875,51855.109375,44231.98828125,36472.65234375,29784.01171875,26490.349609375,NA,NA,NA,NA,NA,NA
9278,53.208,-117.551,1395.99377441406,2.1,14,-9,23,702,438,17.2,32,158,253,95,54,29.45,1155,994,5775,20,351,-41.2,31.7,511,13.4,140,213,58,-1.6,-2.8,1.9,7.9,14.7,17.2,20.4,19.7,14.8,7.9,0.1,-3.7,-12.7,-15.2,-9.8,-4.7,1.2,5.2,7.6,7.2,2.8,-3.4,-10.2,-13.4,-7.1,-9,-4,1.6,7.9,11.2,14,13.4,8.8,2.2,-5,-8.6,34,34,41,36,66,121,113,71,67,43,50,26,4.2,7.6,12.7,18.7,23.3,22.5,22.3,19.1,13.7,8.4,4.7,3.2,233,255,153,35,1,0,0,0,1,28,175,273,0,0,0,13,104,187,279,262,123,26,0,0,778,752,684,492,313,205,127,144,277,492,690,821,0,1,2,0,0,2,5,5,2,0,2,1,0,0,1,3,18,28,31,30,22,6,1,0,28,33,39,21,5,2,1,1,5,13,40,24,0,0,0,50,88,98,110,89,52,24,0,0,0,0,0,14,22,0,0,18,0,0,0,0,55,49,54,56,57,62,61,61,61,60,58,59,3.4,3.4,3.9,1.73,0.87,4.73,2.2,-1.56,0.82,2.33,5,2.6,0.17569999396801,0.225999996066093,0.452800005674362,0.393400013446808,0.312400013208389,0.266200006008148,0.289300009608269,0.17569999396801,0.452800005674362,12.2125549316406,-10.4093322753906,31.2254638671875,0.818216443061829,13.5648794174194,667.349975585938,35.0699996948242,-0.209999993443489,24.8500003814697,50.9799995422363,11329.5,7387.5,-65,54,3,6.53999996185303,32.1599998474121,4825.1201171875,120.559997558594,120.559997558594,-157.25,0,0.739000022411346,0.260899990797043,0,0,0,0,0,0,0,0,9.99999974737875e-05,1,19,15,2,3.29999995231628,5.90000009536743,31,51,31.6000003814697,15.9507274627686,11999.25,3116,20327.5,2.125,2.09999990463257,2.29999995231628,0.405000001192093,0.199999988079071,0.810000002384186,0,0,0,0,0,0,0,0,0,0,0,0,0,1.15419352054596,15.7950000762939,27.291934967041,28.0303325653076,1.57774198055267,0,0,0,0,1.77838706970215,2.50399994850159,0.185483872890472,28482.513671875,34420.28125,41911.40234375,49684.265625,56426.1484375,59895.70703125,57990.71875,51855.109375,44231.98828125,36472.65234375,29784.01171875,26490.349609375,NA,NA,NA,NA,NA,NA
9279,55.675,-121.645,577.314392089844,3.4,15.3,-8.8,24.1,511,271,26.2,56.5,144,253,108,234,2.57,1064,1270,5318,38,513,-39.8,33.7,553,12.4,163,161,61,-4,-3.5,2.6,10.8,18.1,20.3,22.4,21.8,17,8.6,-0.8,-4.8,-11.7,-13.4,-7.6,-1.4,2.7,5.7,8.3,6.9,3.1,-0.2,-7.3,-12.8,-7.8,-8.4,-2.5,4.7,10.4,13,15.3,14.4,10.1,4.2,-4,-8.8,32,30,31,27,38,85,71,44,33,42,45,33,3.2,6.1,11.5,17.8,22.2,23.1,21.5,18.4,13,6.7,3.3,2.3,251,243,115,12,0,0,0,0,1,13,151,278,0,0,0,41,174,239,320,291,160,45,0,0,800,735,637,400,233,150,93,116,238,429,660,827,0,1,2,1,2,5,10,8,3,2,2,1,1,0,1,10,23,28,31,30,23,14,2,0,28,29,27,5,1,0,0,1,2,5,33,31,0,0,0,54,99,112,117,96,54,21,0,0,0,0,0,27,61,27,46,52,21,0,0,0,67,58,60,59,53,56,58,55,57,70,73,66,3.2,3,2.68,-0.28,-4.01,-0.21,-2.59,-5.17,-3.75,2.02,4.39,3.3,0.270999997854233,0.355599999427795,0.566399991512299,0.453599989414215,0.214000001549721,0.186499997973442,0.313299998641014,0.186499997973442,0.566399991512299,3.73963928222656,-3.23277282714844,11.6908569335938,0.785743415355682,11.5543165206909,684.789978027344,48.5499992370605,-0.280000001192093,28.6000003814697,45.060001373291,15508.5,12573,-84,93,4,4.21999979019165,32.0900001525879,5235.4599609375,126.279998779297,126.279998779297,-93,29,0.908399999141693,0.00240000011399388,0,0,0.000699999975040555,0.00289999996311963,0,0.0851000025868416,0.000500000023748726,0,0,1,17,26,3.40000009536743,4.40000009536743,6.09999990463257,24,47,51.5,16.5154571533203,10742.5,2150.5,20360,2.52499997615814,2.34999990463257,2.80000019073486,0.549999997019768,0.25,1.12000000476837,12.545262336731,4918003.5,126062.3359375,0,0,0,0,0,0,0,422629.5,9002.3330078125,0,2.47838711738586,9.65857124328613,11.881290435791,1.58866667747498,0,0,0,0,0,0.00225806445814669,0,0.0561290346086025,26896.791015625,33544.5546875,41787.6640625,50319.58984375,57818.39453125,61759.41015625,59586.27734375,52718.234375,44331.00390625,35812.08203125,28368.28125,24624.583984375,NA,NA,NA,NA,NA,NA
9280,55.675,-121.645,577.314392089844,3.4,15.3,-8.8,24.1,511,271,26.2,56.5,144,253,108,234,2.57,1064,1270,5318,38,513,-39.8,33.7,553,12.4,163,161,61,-4,-3.5,2.6,10.8,18.1,20.3,22.4,21.8,17,8.6,-0.8,-4.8,-11.7,-13.4,-7.6,-1.4,2.7,5.7,8.3,6.9,3.1,-0.2,-7.3,-12.8,-7.8,-8.4,-2.5,4.7,10.4,13,15.3,14.4,10.1,4.2,-4,-8.8,32,30,31,27,38,85,71,44,33,42,45,33,3.2,6.1,11.5,17.8,22.2,23.1,21.5,18.4,13,6.7,3.3,2.3,251,243,115,12,0,0,0,0,1,13,151,278,0,0,0,41,174,239,320,291,160,45,0,0,800,735,637,400,233,150,93,116,238,429,660,827,0,1,2,1,2,5,10,8,3,2,2,1,1,0,1,10,23,28,31,30,23,14,2,0,28,29,27,5,1,0,0,1,2,5,33,31,0,0,0,54,99,112,117,96,54,21,0,0,0,0,0,27,61,27,46,52,21,0,0,0,67,58,60,59,53,56,58,55,57,70,73,66,3.2,3,2.68,-0.28,-4.01,-0.21,-2.59,-5.17,-3.75,2.02,4.39,3.3,0.270999997854233,0.355599999427795,0.566399991512299,0.453599989414215,0.214000001549721,0.186499997973442,0.313299998641014,0.186499997973442,0.566399991512299,3.73963928222656,-3.23277282714844,11.6908569335938,0.785743415355682,11.5543165206909,684.789978027344,48.5499992370605,-0.280000001192093,28.6000003814697,45.060001373291,15508.5,12573,-84,93,4,4.21999979019165,32.0900001525879,5235.4599609375,126.279998779297,126.279998779297,-93,29,0.908399999141693,0.00240000011399388,0,0,0.000699999975040555,0.00289999996311963,0,0.0851000025868416,0.000500000023748726,0,0,1,17,26,3.40000009536743,4.40000009536743,6.09999990463257,24,47,51.5,16.5154571533203,10742.5,2150.5,20360,2.52499997615814,2.34999990463257,2.80000019073486,0.549999997019768,0.25,1.12000000476837,12.545262336731,4918003.5,126062.3359375,0,0,0,0,0,0,0,422629.5,9002.3330078125,0,2.47838711738586,9.65857124328613,11.881290435791,1.58866667747498,0,0,0,0,0,0.00225806445814669,0,0.0561290346086025,26896.791015625,33544.5546875,41787.6640625,50319.58984375,57818.39453125,61759.41015625,59586.27734375,52718.234375,44331.00390625,35812.08203125,28368.28125,24624.583984375,NA,NA,NA,NA,NA,NA
9281,55.675,-121.645,577.314392089844,3.4,15.3,-8.8,24.1,511,271,26.2,56.5,144,253,108,234,2.57,1064,1270,5318,38,513,-39.8,33.7,553,12.4,163,161,61,-4,-3.5,2.6,10.8,18.1,20.3,22.4,21.8,17,8.6,-0.8,-4.8,-11.7,-13.4,-7.6,-1.4,2.7,5.7,8.3,6.9,3.1,-0.2,-7.3,-12.8,-7.8,-8.4,-2.5,4.7,10.4,13,15.3,14.4,10.1,4.2,-4,-8.8,32,30,31,27,38,85,71,44,33,42,45,33,3.2,6.1,11.5,17.8,22.2,23.1,21.5,18.4,13,6.7,3.3,2.3,251,243,115,12,0,0,0,0,1,13,151,278,0,0,0,41,174,239,320,291,160,45,0,0,800,735,637,400,233,150,93,116,238,429,660,827,0,1,2,1,2,5,10,8,3,2,2,1,1,0,1,10,23,28,31,30,23,14,2,0,28,29,27,5,1,0,0,1,2,5,33,31,0,0,0,54,99,112,117,96,54,21,0,0,0,0,0,27,61,27,46,52,21,0,0,0,67,58,60,59,53,56,58,55,57,70,73,66,3.2,3,2.68,-0.28,-4.01,-0.21,-2.59,-5.17,-3.75,2.02,4.39,3.3,0.270999997854233,0.355599999427795,0.566399991512299,0.453599989414215,0.214000001549721,0.186499997973442,0.313299998641014,0.186499997973442,0.566399991512299,3.73963928222656,-3.23277282714844,11.6908569335938,0.785743415355682,11.5543165206909,684.789978027344,48.5499992370605,-0.280000001192093,28.6000003814697,45.060001373291,15508.5,12573,-84,93,4,4.21999979019165,32.0900001525879,5235.4599609375,126.279998779297,126.279998779297,-93,29,0.908399999141693,0.00240000011399388,0,0,0.000699999975040555,0.00289999996311963,0,0.0851000025868416,0.000500000023748726,0,0,1,17,26,3.40000009536743,4.40000009536743,6.09999990463257,24,47,51.5,16.5154571533203,10742.5,2150.5,20360,2.52499997615814,2.34999990463257,2.80000019073486,0.549999997019768,0.25,1.12000000476837,12.545262336731,4918003.5,126062.3359375,0,0,0,0,0,0,0,422629.5,9002.3330078125,0,2.47838711738586,9.65857124328613,11.881290435791,1.58866667747498,0,0,0,0,0,0.00225806445814669,0,0.0561290346086025,26896.791015625,33544.5546875,41787.6640625,50319.58984375,57818.39453125,61759.41015625,59586.27734375,52718.234375,44331.00390625,35812.08203125,28368.28125,24624.583984375,NA,NA,NA,NA,NA,NA
9282,55.675,-121.645,577.314392089844,3.4,15.3,-8.8,24.1,511,271,26.2,56.5,144,253,108,234,2.57,1064,1270,5318,38,513,-39.8,33.7,553,12.4,163,161,61,-4,-3.5,2.6,10.8,18.1,20.3,22.4,21.8,17,8.6,-0.8,-4.8,-11.7,-13.4,-7.6,-1.4,2.7,5.7,8.3,6.9,3.1,-0.2,-7.3,-12.8,-7.8,-8.4,-2.5,4.7,10.4,13,15.3,14.4,10.1,4.2,-4,-8.8,32,30,31,27,38,85,71,44,33,42,45,33,3.2,6.1,11.5,17.8,22.2,23.1,21.5,18.4,13,6.7,3.3,2.3,251,243,115,12,0,0,0,0,1,13,151,278,0,0,0,41,174,239,320,291,160,45,0,0,800,735,637,400,233,150,93,116,238,429,660,827,0,1,2,1,2,5,10,8,3,2,2,1,1,0,1,10,23,28,31,30,23,14,2,0,28,29,27,5,1,0,0,1,2,5,33,31,0,0,0,54,99,112,117,96,54,21,0,0,0,0,0,27,61,27,46,52,21,0,0,0,67,58,60,59,53,56,58,55,57,70,73,66,3.2,3,2.68,-0.28,-4.01,-0.21,-2.59,-5.17,-3.75,2.02,4.39,3.3,0.270999997854233,0.355599999427795,0.566399991512299,0.453599989414215,0.214000001549721,0.186499997973442,0.313299998641014,0.186499997973442,0.566399991512299,3.73963928222656,-3.23277282714844,11.6908569335938,0.785743415355682,11.5543165206909,684.789978027344,48.5499992370605,-0.280000001192093,28.6000003814697,45.060001373291,15508.5,12573,-84,93,4,4.21999979019165,32.0900001525879,5235.4599609375,126.279998779297,126.279998779297,-93,29,0.908399999141693,0.00240000011399388,0,0,0.000699999975040555,0.00289999996311963,0,0.0851000025868416,0.000500000023748726,0,0,1,17,26,3.40000009536743,4.40000009536743,6.09999990463257,24,47,51.5,16.5154571533203,10742.5,2150.5,20360,2.52499997615814,2.34999990463257,2.80000019073486,0.549999997019768,0.25,1.12000000476837,12.545262336731,4918003.5,126062.3359375,0,0,0,0,0,0,0,422629.5,9002.3330078125,0,2.47838711738586,9.65857124328613,11.881290435791,1.58866667747498,0,0,0,0,0,0.00225806445814669,0,0.0561290346086025,26896.791015625,33544.5546875,41787.6640625,50319.58984375,57818.39453125,61759.41015625,59586.27734375,52718.234375,44331.00390625,35812.08203125,28368.28125,24624.583984375,NA,NA,NA,NA,NA,NA
9283,54.963,-112.01,569.45361328125,1.8,16.9,-13.2,30.1,437,301,27,56.1,143,253,110,194,-1.92,1635,1373,5933,51,629,-45.3,34.3,544,12.2,154,102,58,-7.7,-6.9,-0.5,8.6,17.9,20.7,23.2,22.1,16.7,7.7,-2.7,-7.5,-18.6,-18.8,-12.1,-3.6,3.2,8.1,10.5,8.8,3.6,-2.1,-11.3,-17,-13.2,-12.9,-6.3,2.5,10.5,14.4,16.9,15.5,10.2,2.8,-7,-12.2,21,15,16,28,33,96,91,49,32,25,17,14,3.2,6.7,12.1,17.8,21.3,22.1,21.1,17.9,12.5,6.6,3.3,2.3,411,363,215,26,0,0,0,0,1,23,216,380,0,0,0,26,177,281,370,327,162,30,0,0,966,861,755,465,231,119,56,91,235,473,749,932,0,0,0,0,3,10,22,13,3,0,0,0,0,0,0,5,24,30,31,31,24,9,1,0,21,15,16,12,1,0,0,0,2,6,15,14,0,0,0,49,98,110,117,95,54,21,0,0,0,0,0,21,65,14,26,46,22,0,0,0,53,50,53,58,55,61,62,60,59,66,64,59,2.1,1.5,1.6,0.8,-4.28,1.18,-0.63,-4.41,-3.57,0.68,1.7,1.4,0.281800001859665,0.300799995660782,0.391999989748001,0.308999985456467,0.238399997353554,0.238800004124641,0.291299998760223,0.238399997353554,0.391999989748001,5.72837829589844,1.97227478027344,18.1281127929688,0.781388103961945,9.48191165924072,695.309997558594,44.1699981689453,-0.340000003576279,32.8499984741211,36.9700012207031,15004.5,9637.5,-109,95,4,2.54999995231628,30.6000003814697,5482.39990234375,129.520004272461,129.520004272461,-80.75,0,0.887899994850159,0.107500001788139,0,0,0,0.00460000010207295,0,0,0,0,0,1.10000002384186,11,12,2.09999990463257,3.59999990463257,6,58,29,38,16.6524829864502,12020,2746.5,21434,3.34999990463257,3.09999990463257,3.55000019073486,0.552500009536743,0.204999998211861,1.26499998569489,0,0,0,0,0,0,0,0,0,0,0,585831.5,27453.833984375,3.34322571754456,6.01535701751709,12.3729028701782,3.21133327484131,0,0,0,0,0,0.152903228998184,0.0286666676402092,0.390000015497208,27365.119140625,33800.90234375,41823.74609375,50133.95703125,57408.3671875,61206.48828125,59114.97265625,52465.578125,44302.1328125,36005.1328125,28785.34375,25178.13671875,NA,NA,NA,NA,NA,NA
9284,54.963,-112.01,569.45361328125,1.8,16.9,-13.2,30.1,437,301,27,56.1,143,253,110,194,-1.92,1635,1373,5933,51,629,-45.3,34.3,544,12.2,154,102,58,-7.7,-6.9,-0.5,8.6,17.9,20.7,23.2,22.1,16.7,7.7,-2.7,-7.5,-18.6,-18.8,-12.1,-3.6,3.2,8.1,10.5,8.8,3.6,-2.1,-11.3,-17,-13.2,-12.9,-6.3,2.5,10.5,14.4,16.9,15.5,10.2,2.8,-7,-12.2,21,15,16,28,33,96,91,49,32,25,17,14,3.2,6.7,12.1,17.8,21.3,22.1,21.1,17.9,12.5,6.6,3.3,2.3,411,363,215,26,0,0,0,0,1,23,216,380,0,0,0,26,177,281,370,327,162,30,0,0,966,861,755,465,231,119,56,91,235,473,749,932,0,0,0,0,3,10,22,13,3,0,0,0,0,0,0,5,24,30,31,31,24,9,1,0,21,15,16,12,1,0,0,0,2,6,15,14,0,0,0,49,98,110,117,95,54,21,0,0,0,0,0,21,65,14,26,46,22,0,0,0,53,50,53,58,55,61,62,60,59,66,64,59,2.1,1.5,1.6,0.8,-4.28,1.18,-0.63,-4.41,-3.57,0.68,1.7,1.4,0.281800001859665,0.300799995660782,0.391999989748001,0.308999985456467,0.238399997353554,0.238800004124641,0.291299998760223,0.238399997353554,0.391999989748001,5.72837829589844,1.97227478027344,18.1281127929688,0.781388103961945,9.48191165924072,695.309997558594,44.1699981689453,-0.340000003576279,32.8499984741211,36.9700012207031,15004.5,9637.5,-109,95,4,2.54999995231628,30.6000003814697,5482.39990234375,129.520004272461,129.520004272461,-80.75,0,0.887899994850159,0.107500001788139,0,0,0,0.00460000010207295,0,0,0,0,0,1.10000002384186,11,12,2.09999990463257,3.59999990463257,6,58,29,38,16.6524829864502,12020,2746.5,21434,3.34999990463257,3.09999990463257,3.55000019073486,0.552500009536743,0.204999998211861,1.26499998569489,0,0,0,0,0,0,0,0,0,0,0,585831.5,27453.833984375,3.34322571754456,6.01535701751709,12.3729028701782,3.21133327484131,0,0,0,0,0,0.152903228998184,0.0286666676402092,0.390000015497208,27365.119140625,33800.90234375,41823.74609375,50133.95703125,57408.3671875,61206.48828125,59114.97265625,52465.578125,44302.1328125,36005.1328125,28785.34375,25178.13671875,NA,NA,NA,NA,NA,NA
9285,54.963,-112.01,569.45361328125,1.8,16.9,-13.2,30.1,437,301,27,56.1,143,253,110,194,-1.92,1635,1373,5933,51,629,-45.3,34.3,544,12.2,154,102,58,-7.7,-6.9,-0.5,8.6,17.9,20.7,23.2,22.1,16.7,7.7,-2.7,-7.5,-18.6,-18.8,-12.1,-3.6,3.2,8.1,10.5,8.8,3.6,-2.1,-11.3,-17,-13.2,-12.9,-6.3,2.5,10.5,14.4,16.9,15.5,10.2,2.8,-7,-12.2,21,15,16,28,33,96,91,49,32,25,17,14,3.2,6.7,12.1,17.8,21.3,22.1,21.1,17.9,12.5,6.6,3.3,2.3,411,363,215,26,0,0,0,0,1,23,216,380,0,0,0,26,177,281,370,327,162,30,0,0,966,861,755,465,231,119,56,91,235,473,749,932,0,0,0,0,3,10,22,13,3,0,0,0,0,0,0,5,24,30,31,31,24,9,1,0,21,15,16,12,1,0,0,0,2,6,15,14,0,0,0,49,98,110,117,95,54,21,0,0,0,0,0,21,65,14,26,46,22,0,0,0,53,50,53,58,55,61,62,60,59,66,64,59,2.1,1.5,1.6,0.8,-4.28,1.18,-0.63,-4.41,-3.57,0.68,1.7,1.4,0.281800001859665,0.300799995660782,0.391999989748001,0.308999985456467,0.238399997353554,0.238800004124641,0.291299998760223,0.238399997353554,0.391999989748001,5.72837829589844,1.97227478027344,18.1281127929688,0.781388103961945,9.48191165924072,695.309997558594,44.1699981689453,-0.340000003576279,32.8499984741211,36.9700012207031,15004.5,9637.5,-109,95,4,2.54999995231628,30.6000003814697,5482.39990234375,129.520004272461,129.520004272461,-80.75,0,0.887899994850159,0.107500001788139,0,0,0,0.00460000010207295,0,0,0,0,0,1.10000002384186,11,12,2.09999990463257,3.59999990463257,6,58,29,38,16.6524829864502,12020,2746.5,21434,3.34999990463257,3.09999990463257,3.55000019073486,0.552500009536743,0.204999998211861,1.26499998569489,0,0,0,0,0,0,0,0,0,0,0,585831.5,27453.833984375,3.34322571754456,6.01535701751709,12.3729028701782,3.21133327484131,0,0,0,0,0,0.152903228998184,0.0286666676402092,0.390000015497208,27365.119140625,33800.90234375,41823.74609375,50133.95703125,57408.3671875,61206.48828125,59114.97265625,52465.578125,44302.1328125,36005.1328125,28785.34375,25178.13671875,NA,NA,NA,NA,NA,NA
9286,54.963,-112.01,569.45361328125,1.8,16.9,-13.2,30.1,437,301,27,56.1,143,253,110,194,-1.92,1635,1373,5933,51,629,-45.3,34.3,544,12.2,154,102,58,-7.7,-6.9,-0.5,8.6,17.9,20.7,23.2,22.1,16.7,7.7,-2.7,-7.5,-18.6,-18.8,-12.1,-3.6,3.2,8.1,10.5,8.8,3.6,-2.1,-11.3,-17,-13.2,-12.9,-6.3,2.5,10.5,14.4,16.9,15.5,10.2,2.8,-7,-12.2,21,15,16,28,33,96,91,49,32,25,17,14,3.2,6.7,12.1,17.8,21.3,22.1,21.1,17.9,12.5,6.6,3.3,2.3,411,363,215,26,0,0,0,0,1,23,216,380,0,0,0,26,177,281,370,327,162,30,0,0,966,861,755,465,231,119,56,91,235,473,749,932,0,0,0,0,3,10,22,13,3,0,0,0,0,0,0,5,24,30,31,31,24,9,1,0,21,15,16,12,1,0,0,0,2,6,15,14,0,0,0,49,98,110,117,95,54,21,0,0,0,0,0,21,65,14,26,46,22,0,0,0,53,50,53,58,55,61,62,60,59,66,64,59,2.1,1.5,1.6,0.8,-4.28,1.18,-0.63,-4.41,-3.57,0.68,1.7,1.4,0.281800001859665,0.300799995660782,0.391999989748001,0.308999985456467,0.238399997353554,0.238800004124641,0.291299998760223,0.238399997353554,0.391999989748001,5.72837829589844,1.97227478027344,18.1281127929688,0.781388103961945,9.48191165924072,695.309997558594,44.1699981689453,-0.340000003576279,32.8499984741211,36.9700012207031,15004.5,9637.5,-109,95,4,2.54999995231628,30.6000003814697,5482.39990234375,129.520004272461,129.520004272461,-80.75,0,0.887899994850159,0.107500001788139,0,0,0,0.00460000010207295,0,0,0,0,0,1.10000002384186,11,12,2.09999990463257,3.59999990463257,6,58,29,38,16.6524829864502,12020,2746.5,21434,3.34999990463257,3.09999990463257,3.55000019073486,0.552500009536743,0.204999998211861,1.26499998569489,0,0,0,0,0,0,0,0,0,0,0,585831.5,27453.833984375,3.34322571754456,6.01535701751709,12.3729028701782,3.21133327484131,0,0,0,0,0,0.152903228998184,0.0286666676402092,0.390000015497208,27365.119140625,33800.90234375,41823.74609375,50133.95703125,57408.3671875,61206.48828125,59114.97265625,52465.578125,44302.1328125,36005.1328125,28785.34375,25178.13671875,NA,NA,NA,NA,NA,NA
9287,49.951,-119.556,678.411254882812,8.6,20.1,-1.4,21.5,459,170,40.5,118.2,111,290,179,419,-16.53,317,2117,3616,215,1128,-23.6,38.4,693,13.7,244,64,70,1.1,1.8,7.9,13.4,19.9,22.5,26.7,26.7,20.4,12,5.3,0.8,-3.3,-4.6,-0.4,2.6,7.4,10.5,13.6,13.4,9.1,3.7,-0.1,-3.4,-1.1,-1.4,3.8,8,13.6,16.5,20.1,20,14.8,7.8,2.6,-1.3,44,39,37,26,44,50,26,14,36,48,49,46,5.2,6.2,12.1,18.1,23.2,22.6,23.4,20.9,15.1,8.7,5.3,4,87,83,24,4,0,0,0,0,0,3,29,87,5,0,31,102,270,344,468,465,295,109,22,5,594,539,442,301,150,71,14,17,113,317,462,595,0,0,0,0,9,26,80,80,17,0,1,0,7,4,14,22,30,30,31,31,29,25,14,7,14,20,4,1,0,0,0,0,0,1,8,16,0,0,35,65,107,120,138,118,67,31,12,0,0,0,0,39,63,70,112,104,31,0,0,0,82,75,71,65,61,64,62,61,65,72,81,83,3.95,3.4,1.74,-1.92,-3.71,-4.25,-9.49,-10.76,-4.42,1.09,3.66,4.19,0.236399993300438,0.283600002527237,0.415199995040894,0.357199996709824,0.315200001001358,0.315200001001358,0.315200001001358,0.236399993300438,0.415199995040894,43.4181900024414,-19.3718032836914,179.302917480469,0.924555659294128,8.82255172729492,862.929992675781,72,-0.600000023841858,23.3999996185303,34.7599983215332,24691.5,18658.5,-17,100,5,11.4499998092651,46.5800018310547,5833.97998046875,150.130004882812,143.940002441406,12,6,0.936500012874603,0.047800000756979,0,0,0.00370000000111759,0.0120000001043081,0,0,0,0,0,1.10000002384186,14,18,3.79999995231628,3.5,6.59999990463257,37,43,52.5,25.3163509368896,12459.5,3247.5,21237.5,2.22500002384186,2.04999995231628,2.45000004768372,0.707500010728836,0.425000011920929,1.16499996185303,9.35279655456543,0,0,0,0,0,0,10248,19604262,184619.328125,0,0,0,0.91225802898407,4.80535697937012,20.5980644226074,0.86899995803833,0,0,0,0,0,0,0,0,30256.40625,35423.9375,42054.76171875,48952.3515625,54856.82421875,57835.6875,56206.546875,50865.8515625,44117.24609375,37233.17578125,31378.564453125,28552.455078125,NA,NA,NA,NA,NA,NA
9288,47.876,-114.032,888.308166503906,8,19.9,-2.1,22,578,235,31.1,84.7,125,278,153,386,-12.43,365,1981,3828,187,1035,-26.8,39.6,770,14.7,215,83,63,2,2.3,8.4,12.8,18.7,22.5,28.2,28.1,21.6,12.8,5.6,1.2,-5,-6.5,-2.1,1.1,5.4,9,11.6,11.3,7.1,1.6,-2,-5,-1.5,-2.1,3.2,7,12.1,15.8,19.9,19.7,14.4,7.2,1.8,-1.9,43,43,49,55,63,83,25,22,42,58,47,48,6.1,7.9,13.7,18.9,22.8,23.6,24.4,22,16.4,9.8,6.1,4.9,95,96,28,5,0,0,0,0,0,4,37,99,5,0,27,83,225,323,462,456,283,96,18,4,606,559,461,331,192,86,16,20,123,336,486,614,0,0,0,0,4,19,76,73,15,0,0,0,5,2,9,18,28,30,31,31,28,20,9,4,15,25,8,3,1,0,0,0,0,1,10,20,0,0,41,68,108,127,157,136,80,38,15,0,0,0,0,13,45,44,132,114,38,0,0,0,72,66,63,62,59,59,53,52,56,63,72,75,3.78,3.83,2.79,1.27,-1.62,-1.61,-12.22,-12.51,-5.48,1.56,3.4,4.39,0.280000001192093,0.351799994707108,0.43079999089241,0.326599985361099,0.277399986982346,0.212400004267693,0.303299993276596,0.212400004267693,0.43079999089241,7.14109039306641,-2.08608245849609,24.58935546875,0.857696712017059,9.10723209381104,897.640014648438,56.4500007629395,-0.389999985694885,22.0499992370605,56.5999984741211,25083,18774,0,99,5,14.1199998855591,47.9500007629395,5887.759765625,154.860000610352,115.629997253418,29.75,8,0.618799984455109,0.266299992799759,0,0,0.0359999984502792,0.0187999997287989,0,0.0601000003516674,0,0,0,1.10000002384186,14,16,4.80000019073486,4.80000019073486,6.59999990463257,32,39,105.699996948242,18.0768966674805,13458.25,3900.5,22656,2.92500007152557,2.79999995231628,3.40000009536743,0.620000004768372,0.360000014305115,1.0699999332428,0,0,0,0,0,0,0,21418,546158.8125,0,0,0,0,0.268387079238892,2.29678559303284,10.9861288070679,0,0,0,0,0,0,0,0,0,31230.66796875,35984.63671875,42135.49609375,48541.90234375,53990.3984375,56713.37109375,55226.91015625,50313.17578125,44052.6171875,37659.46875,32258.435546875,29675.833984375,NA,NA,NA,NA,NA,NA
9289,47.876,-114.032,888.308166503906,8,19.9,-2.1,22,578,235,31.1,84.7,125,278,153,386,-12.43,365,1981,3828,187,1035,-26.8,39.6,770,14.7,215,83,63,2,2.3,8.4,12.8,18.7,22.5,28.2,28.1,21.6,12.8,5.6,1.2,-5,-6.5,-2.1,1.1,5.4,9,11.6,11.3,7.1,1.6,-2,-5,-1.5,-2.1,3.2,7,12.1,15.8,19.9,19.7,14.4,7.2,1.8,-1.9,43,43,49,55,63,83,25,22,42,58,47,48,6.1,7.9,13.7,18.9,22.8,23.6,24.4,22,16.4,9.8,6.1,4.9,95,96,28,5,0,0,0,0,0,4,37,99,5,0,27,83,225,323,462,456,283,96,18,4,606,559,461,331,192,86,16,20,123,336,486,614,0,0,0,0,4,19,76,73,15,0,0,0,5,2,9,18,28,30,31,31,28,20,9,4,15,25,8,3,1,0,0,0,0,1,10,20,0,0,41,68,108,127,157,136,80,38,15,0,0,0,0,13,45,44,132,114,38,0,0,0,72,66,63,62,59,59,53,52,56,63,72,75,3.78,3.83,2.79,1.27,-1.62,-1.61,-12.22,-12.51,-5.48,1.56,3.4,4.39,0.280000001192093,0.351799994707108,0.43079999089241,0.326599985361099,0.277399986982346,0.212400004267693,0.303299993276596,0.212400004267693,0.43079999089241,7.14109039306641,-2.08608245849609,24.58935546875,0.857696712017059,9.10723209381104,897.640014648438,56.4500007629395,-0.389999985694885,22.0499992370605,56.5999984741211,25083,18774,0,99,5,14.1199998855591,47.9500007629395,5887.759765625,154.860000610352,115.629997253418,29.75,8,0.618799984455109,0.266299992799759,0,0,0.0359999984502792,0.0187999997287989,0,0.0601000003516674,0,0,0,1.10000002384186,14,16,4.80000019073486,4.80000019073486,6.59999990463257,32,39,105.699996948242,18.0768966674805,13458.25,3900.5,22656,2.92500007152557,2.79999995231628,3.40000009536743,0.620000004768372,0.360000014305115,1.0699999332428,0,0,0,0,0,0,0,21418,546158.8125,0,0,0,0,0.268387079238892,2.29678559303284,10.9861288070679,0,0,0,0,0,0,0,0,0,31230.66796875,35984.63671875,42135.49609375,48541.90234375,53990.3984375,56713.37109375,55226.91015625,50313.17578125,44052.6171875,37659.46875,32258.435546875,29675.833984375,NA,NA,NA,NA,NA,NA
9290,48.47,-114.08,959.48291015625,6.9,18.9,-3.4,22.3,679,235,24.9,80.4,133,270,137,383,-0.41,461,1772,4146,133,895,-29.1,39.7,757,14.7,196,153,61,1.2,1.3,7.2,12.1,18.4,22.1,27.7,27.9,20.7,11.5,4.7,0.3,-6.3,-8.2,-3.3,0,4.3,7.8,10,9.6,5.6,0.4,-2.7,-6.1,-2.5,-3.4,2,6,11.3,15,18.9,18.8,13.1,6,1,-2.9,63,65,50,52,53,90,25,23,44,79,71,64,5.9,8.1,13.6,19.1,22.9,23.9,24.5,22.2,16.1,9.4,6,4.7,116,124,39,7,0,0,0,0,0,7,47,121,2,0,17,64,200,299,431,428,244,72,13,2,637,595,498,361,212,105,25,29,156,373,510,645,0,0,0,0,3,13,53,54,9,0,0,0,3,1,6,14,26,29,31,31,27,16,8,3,28,48,14,4,1,0,0,0,1,3,19,34,0,0,38,65,107,127,157,137,77,35,14,0,0,0,0,13,54,37,132,114,33,0,0,0,70,62,63,60,56,57,50,48,54,63,73,74,5.95,6.26,3.32,1.38,-2.72,-0.98,-12.29,-12.83,-5.01,4.37,6.02,6.13,0.261000007390976,0.501600027084351,0.501600027084351,0.353399991989136,0.140000000596046,0.262800008058548,0.308100000023842,0.140000000596046,0.501600027084351,5.87973022460938,5.32054138183594,12.8710327148438,0.87947952747345,9.57078647613525,887.619995117188,58.9900016784668,-0.259999990463257,23.5,63.0099983215332,19956,17335.5,-16,84,5,12.7600002288818,135.279998779297,5999.10986328125,156.020004272461,11.3900003433228,-9.5,5,0.800700008869171,0.0672999992966652,0,0,0.000300000014249235,0.0254999995231628,0,0.106200002133846,0,0,0,1.10000002384186,10,16,5.40000009536743,4.90000009536743,6.40000009536743,27,56,63.7000007629395,24.4053688049316,13203.75,3836,22401.5,3.375,3,3.65000009536743,0.607500016689301,0.345000028610229,1.07999992370605,0,0,0,0,0,0,0,0,137834.171875,10600.8330078125,0,0,0,0.176451623439789,2.78035712242126,9.35225772857666,0.308333337306976,0,0,0,0,0,0.3545161485672,0.671999990940094,0.721290349960327,30969.703125,35833.83984375,42113.7421875,48652.390625,54222.76171875,57013.4296875,55489.296875,50461.81640625,44070.03125,37544.7265625,32022.498046875,29375.494140625,NA,NA,NA,NA,NA,NA
9291,48.47,-114.08,959.48291015625,6.9,18.9,-3.4,22.3,679,235,24.9,80.4,133,270,137,383,-0.41,461,1772,4146,133,895,-29.1,39.7,757,14.7,196,153,61,1.2,1.3,7.2,12.1,18.4,22.1,27.7,27.9,20.7,11.5,4.7,0.3,-6.3,-8.2,-3.3,0,4.3,7.8,10,9.6,5.6,0.4,-2.7,-6.1,-2.5,-3.4,2,6,11.3,15,18.9,18.8,13.1,6,1,-2.9,63,65,50,52,53,90,25,23,44,79,71,64,5.9,8.1,13.6,19.1,22.9,23.9,24.5,22.2,16.1,9.4,6,4.7,116,124,39,7,0,0,0,0,0,7,47,121,2,0,17,64,200,299,431,428,244,72,13,2,637,595,498,361,212,105,25,29,156,373,510,645,0,0,0,0,3,13,53,54,9,0,0,0,3,1,6,14,26,29,31,31,27,16,8,3,28,48,14,4,1,0,0,0,1,3,19,34,0,0,38,65,107,127,157,137,77,35,14,0,0,0,0,13,54,37,132,114,33,0,0,0,70,62,63,60,56,57,50,48,54,63,73,74,5.95,6.26,3.32,1.38,-2.72,-0.98,-12.29,-12.83,-5.01,4.37,6.02,6.13,0.261000007390976,0.501600027084351,0.501600027084351,0.353399991989136,0.140000000596046,0.262800008058548,0.308100000023842,0.140000000596046,0.501600027084351,5.87973022460938,5.32054138183594,12.8710327148438,0.87947952747345,9.57078647613525,887.619995117188,58.9900016784668,-0.259999990463257,23.5,63.0099983215332,19956,17335.5,-16,84,5,12.7600002288818,135.279998779297,5999.10986328125,156.020004272461,11.3900003433228,-9.5,5,0.800700008869171,0.0672999992966652,0,0,0.000300000014249235,0.0254999995231628,0,0.106200002133846,0,0,0,1.10000002384186,10,16,5.40000009536743,4.90000009536743,6.40000009536743,27,56,63.7000007629395,24.4053688049316,13203.75,3836,22401.5,3.375,3,3.65000009536743,0.607500016689301,0.345000028610229,1.07999992370605,0,0,0,0,0,0,0,0,137834.171875,10600.8330078125,0,0,0,0.176451623439789,2.78035712242126,9.35225772857666,0.308333337306976,0,0,0,0,0,0.3545161485672,0.671999990940094,0.721290349960327,30969.703125,35833.83984375,42113.7421875,48652.390625,54222.76171875,57013.4296875,55489.296875,50461.81640625,44070.03125,37544.7265625,32022.498046875,29375.494140625,NA,NA,NA,NA,NA,NA
9292,48.47,-114.08,959.48291015625,6.9,18.9,-3.4,22.3,679,235,24.9,80.4,133,270,137,383,-0.41,461,1772,4146,133,895,-29.1,39.7,757,14.7,196,153,61,1.2,1.3,7.2,12.1,18.4,22.1,27.7,27.9,20.7,11.5,4.7,0.3,-6.3,-8.2,-3.3,0,4.3,7.8,10,9.6,5.6,0.4,-2.7,-6.1,-2.5,-3.4,2,6,11.3,15,18.9,18.8,13.1,6,1,-2.9,63,65,50,52,53,90,25,23,44,79,71,64,5.9,8.1,13.6,19.1,22.9,23.9,24.5,22.2,16.1,9.4,6,4.7,116,124,39,7,0,0,0,0,0,7,47,121,2,0,17,64,200,299,431,428,244,72,13,2,637,595,498,361,212,105,25,29,156,373,510,645,0,0,0,0,3,13,53,54,9,0,0,0,3,1,6,14,26,29,31,31,27,16,8,3,28,48,14,4,1,0,0,0,1,3,19,34,0,0,38,65,107,127,157,137,77,35,14,0,0,0,0,13,54,37,132,114,33,0,0,0,70,62,63,60,56,57,50,48,54,63,73,74,5.95,6.26,3.32,1.38,-2.72,-0.98,-12.29,-12.83,-5.01,4.37,6.02,6.13,0.261000007390976,0.501600027084351,0.501600027084351,0.353399991989136,0.140000000596046,0.262800008058548,0.308100000023842,0.140000000596046,0.501600027084351,5.87973022460938,5.32054138183594,12.8710327148438,0.87947952747345,9.57078647613525,887.619995117188,58.9900016784668,-0.259999990463257,23.5,63.0099983215332,19956,17335.5,-16,84,5,12.7600002288818,135.279998779297,5999.10986328125,156.020004272461,11.3900003433228,-9.5,5,0.800700008869171,0.0672999992966652,0,0,0.000300000014249235,0.0254999995231628,0,0.106200002133846,0,0,0,1.10000002384186,10,16,5.40000009536743,4.90000009536743,6.40000009536743,27,56,63.7000007629395,24.4053688049316,13203.75,3836,22401.5,3.375,3,3.65000009536743,0.607500016689301,0.345000028610229,1.07999992370605,0,0,0,0,0,0,0,0,137834.171875,10600.8330078125,0,0,0,0.176451623439789,2.78035712242126,9.35225772857666,0.308333337306976,0,0,0,0,0,0.3545161485672,0.671999990940094,0.721290349960327,30969.703125,35833.83984375,42113.7421875,48652.390625,54222.76171875,57013.4296875,55489.296875,50461.81640625,44070.03125,37544.7265625,32022.498046875,29375.494140625,NA,NA,NA,NA,NA,NA
9293,48.47,-114.08,959.48291015625,6.9,18.9,-3.4,22.3,679,235,24.9,80.4,133,270,137,383,-0.41,461,1772,4146,133,895,-29.1,39.7,757,14.7,196,153,61,1.2,1.3,7.2,12.1,18.4,22.1,27.7,27.9,20.7,11.5,4.7,0.3,-6.3,-8.2,-3.3,0,4.3,7.8,10,9.6,5.6,0.4,-2.7,-6.1,-2.5,-3.4,2,6,11.3,15,18.9,18.8,13.1,6,1,-2.9,63,65,50,52,53,90,25,23,44,79,71,64,5.9,8.1,13.6,19.1,22.9,23.9,24.5,22.2,16.1,9.4,6,4.7,116,124,39,7,0,0,0,0,0,7,47,121,2,0,17,64,200,299,431,428,244,72,13,2,637,595,498,361,212,105,25,29,156,373,510,645,0,0,0,0,3,13,53,54,9,0,0,0,3,1,6,14,26,29,31,31,27,16,8,3,28,48,14,4,1,0,0,0,1,3,19,34,0,0,38,65,107,127,157,137,77,35,14,0,0,0,0,13,54,37,132,114,33,0,0,0,70,62,63,60,56,57,50,48,54,63,73,74,5.95,6.26,3.32,1.38,-2.72,-0.98,-12.29,-12.83,-5.01,4.37,6.02,6.13,0.261000007390976,0.501600027084351,0.501600027084351,0.353399991989136,0.140000000596046,0.262800008058548,0.308100000023842,0.140000000596046,0.501600027084351,5.87973022460938,5.32054138183594,12.8710327148438,0.87947952747345,9.57078647613525,887.619995117188,58.9900016784668,-0.259999990463257,23.5,63.0099983215332,19956,17335.5,-16,84,5,12.7600002288818,135.279998779297,5999.10986328125,156.020004272461,11.3900003433228,-9.5,5,0.800700008869171,0.0672999992966652,0,0,0.000300000014249235,0.0254999995231628,0,0.106200002133846,0,0,0,1.10000002384186,10,16,5.40000009536743,4.90000009536743,6.40000009536743,27,56,63.7000007629395,24.4053688049316,13203.75,3836,22401.5,3.375,3,3.65000009536743,0.607500016689301,0.345000028610229,1.07999992370605,0,0,0,0,0,0,0,0,137834.171875,10600.8330078125,0,0,0,0.176451623439789,2.78035712242126,9.35225772857666,0.308333337306976,0,0,0,0,0,0.3545161485672,0.671999990940094,0.721290349960327,30969.703125,35833.83984375,42113.7421875,48652.390625,54222.76171875,57013.4296875,55489.296875,50461.81640625,44070.03125,37544.7265625,32022.498046875,29375.494140625,NA,NA,NA,NA,NA,NA
9294,47.876,-114.032,888.308166503906,8,19.9,-2.1,22,578,235,31.1,84.7,125,278,153,386,-12.43,365,1981,3828,187,1035,-26.8,39.6,770,14.7,215,83,63,2,2.3,8.4,12.8,18.7,22.5,28.2,28.1,21.6,12.8,5.6,1.2,-5,-6.5,-2.1,1.1,5.4,9,11.6,11.3,7.1,1.6,-2,-5,-1.5,-2.1,3.2,7,12.1,15.8,19.9,19.7,14.4,7.2,1.8,-1.9,43,43,49,55,63,83,25,22,42,58,47,48,6.1,7.9,13.7,18.9,22.8,23.6,24.4,22,16.4,9.8,6.1,4.9,95,96,28,5,0,0,0,0,0,4,37,99,5,0,27,83,225,323,462,456,283,96,18,4,606,559,461,331,192,86,16,20,123,336,486,614,0,0,0,0,4,19,76,73,15,0,0,0,5,2,9,18,28,30,31,31,28,20,9,4,15,25,8,3,1,0,0,0,0,1,10,20,0,0,41,68,108,127,157,136,80,38,15,0,0,0,0,13,45,44,132,114,38,0,0,0,72,66,63,62,59,59,53,52,56,63,72,75,3.78,3.83,2.79,1.27,-1.62,-1.61,-12.22,-12.51,-5.48,1.56,3.4,4.39,0.280000001192093,0.351799994707108,0.43079999089241,0.326599985361099,0.277399986982346,0.212400004267693,0.303299993276596,0.212400004267693,0.43079999089241,7.14109039306641,-2.08608245849609,24.58935546875,0.857696712017059,9.10723209381104,897.640014648438,56.4500007629395,-0.389999985694885,22.0499992370605,56.5999984741211,25083,18774,0,99,5,14.1199998855591,47.9500007629395,5887.759765625,154.860000610352,115.629997253418,29.75,8,0.618799984455109,0.266299992799759,0,0,0.0359999984502792,0.0187999997287989,0,0.0601000003516674,0,0,0,1.10000002384186,14,16,4.80000019073486,4.80000019073486,6.59999990463257,32,39,105.699996948242,18.0768966674805,13458.25,3900.5,22656,2.92500007152557,2.79999995231628,3.40000009536743,0.620000004768372,0.360000014305115,1.0699999332428,0,0,0,0,0,0,0,21418,546158.8125,0,0,0,0,0.268387079238892,2.29678559303284,10.9861288070679,0,0,0,0,0,0,0,0,0,31230.66796875,35984.63671875,42135.49609375,48541.90234375,53990.3984375,56713.37109375,55226.91015625,50313.17578125,44052.6171875,37659.46875,32258.435546875,29675.833984375,NA,NA,NA,NA,NA,NA
9295,47.876,-114.032,888.308166503906,8,19.9,-2.1,22,578,235,31.1,84.7,125,278,153,386,-12.43,365,1981,3828,187,1035,-26.8,39.6,770,14.7,215,83,63,2,2.3,8.4,12.8,18.7,22.5,28.2,28.1,21.6,12.8,5.6,1.2,-5,-6.5,-2.1,1.1,5.4,9,11.6,11.3,7.1,1.6,-2,-5,-1.5,-2.1,3.2,7,12.1,15.8,19.9,19.7,14.4,7.2,1.8,-1.9,43,43,49,55,63,83,25,22,42,58,47,48,6.1,7.9,13.7,18.9,22.8,23.6,24.4,22,16.4,9.8,6.1,4.9,95,96,28,5,0,0,0,0,0,4,37,99,5,0,27,83,225,323,462,456,283,96,18,4,606,559,461,331,192,86,16,20,123,336,486,614,0,0,0,0,4,19,76,73,15,0,0,0,5,2,9,18,28,30,31,31,28,20,9,4,15,25,8,3,1,0,0,0,0,1,10,20,0,0,41,68,108,127,157,136,80,38,15,0,0,0,0,13,45,44,132,114,38,0,0,0,72,66,63,62,59,59,53,52,56,63,72,75,3.78,3.83,2.79,1.27,-1.62,-1.61,-12.22,-12.51,-5.48,1.56,3.4,4.39,0.280000001192093,0.351799994707108,0.43079999089241,0.326599985361099,0.277399986982346,0.212400004267693,0.303299993276596,0.212400004267693,0.43079999089241,7.14109039306641,-2.08608245849609,24.58935546875,0.857696712017059,9.10723209381104,897.640014648438,56.4500007629395,-0.389999985694885,22.0499992370605,56.5999984741211,25083,18774,0,99,5,14.1199998855591,47.9500007629395,5887.759765625,154.860000610352,115.629997253418,29.75,8,0.618799984455109,0.266299992799759,0,0,0.0359999984502792,0.0187999997287989,0,0.0601000003516674,0,0,0,1.10000002384186,14,16,4.80000019073486,4.80000019073486,6.59999990463257,32,39,105.699996948242,18.0768966674805,13458.25,3900.5,22656,2.92500007152557,2.79999995231628,3.40000009536743,0.620000004768372,0.360000014305115,1.0699999332428,0,0,0,0,0,0,0,21418,546158.8125,0,0,0,0,0.268387079238892,2.29678559303284,10.9861288070679,0,0,0,0,0,0,0,0,0,31230.66796875,35984.63671875,42135.49609375,48541.90234375,53990.3984375,56713.37109375,55226.91015625,50313.17578125,44052.6171875,37659.46875,32258.435546875,29675.833984375,NA,NA,NA,NA,NA,NA
9296,55.114,-121.019,842.473876953125,2.8,14.5,-8.4,22.9,524,275,24.4,52.7,154,252,97,200,8.55,1091,1110,5541,29,413,-39.5,32.7,525,12.5,153,168,61,-3.2,-3.5,1.8,9,16.6,19,21.1,20.6,15.9,7.6,-0.9,-4.1,-11.5,-13.4,-8.8,-2.5,1.6,5.2,7.9,6.5,2.9,-0.9,-8.1,-12.5,-7.3,-8.4,-3.5,3.2,9.1,12.1,14.5,13.6,9.4,3.3,-4.5,-8.3,34,22,32,30,29,84,81,46,35,56,46,29,3.4,6.3,11.8,17.8,22.3,23,21.3,18.2,12.9,6.8,3.6,2.5,238,243,140,20,1,0,0,0,1,19,163,265,0,0,0,24,136,214,293,268,140,35,0,0,784,735,668,444,276,178,114,138,259,457,675,812,1,1,2,1,0,3,6,5,2,2,3,1,1,0,1,7,19,28,31,30,22,12,2,0,29,21,30,10,1,1,1,1,2,10,35,27,0,0,0,49,94,107,111,92,52,20,0,0,0,0,0,19,65,23,30,46,17,0,0,0,65,58,58,60,53,57,60,57,59,70,70,64,3.4,2.2,2.95,0.72,-3.95,0.26,-0.93,-4.4,-2.86,3.71,4.54,2.9,0.0760999992489815,0.375,0.409200012683868,0.312999993562698,0.241999998688698,0.151800006628036,0.277499996125698,0.0760999992489815,0.409200012683868,14.1508941650391,10.0127563476562,67.02685546875,0.785326063632965,8.77896118164062,663.789978027344,41,-0.0799999982118607,27.1499996185303,56.9599990844727,13786.5,8760,-77,78,3,4.80999994277954,31.25,5024.669921875,122.360000610352,122.360000610352,-124.75,25,0.765500009059906,0.0379000008106232,0,0,0.00260000000707805,0.148900002241135,0,0,0,0,0.045099999755621,1,18,22,4.09999990463257,4.59999990463257,6,33,43,42.2999992370605,8.40164375305176,11057,2416,20132,2.70000004768372,2.5,2.94999980926514,0.5,0.224999994039536,1.02999997138977,26.4919891357422,0,0,0,0,0,0,0,356356.84375,63968.33203125,45683.33203125,0,0,1.94290328025818,23.2203578948975,39.1935501098633,27.9910011291504,0,0,0,0,0,0,0,0.394193559885025,27288.560546875,33758.86328125,41817.8203125,50164.421875,57475.46484375,61296.7265625,59192.01171875,52507.015625,44306.875,35973.45703125,28717.1015625,25087.798828125,NA,NA,NA,NA,NA,NA
9297,55.675,-121.645,577.314392089844,3.4,15.3,-8.8,24.1,511,271,26.2,56.5,144,253,108,234,2.57,1064,1270,5318,38,513,-39.8,33.7,553,12.4,163,161,61,-4,-3.5,2.6,10.8,18.1,20.3,22.4,21.8,17,8.6,-0.8,-4.8,-11.7,-13.4,-7.6,-1.4,2.7,5.7,8.3,6.9,3.1,-0.2,-7.3,-12.8,-7.8,-8.4,-2.5,4.7,10.4,13,15.3,14.4,10.1,4.2,-4,-8.8,32,30,31,27,38,85,71,44,33,42,45,33,3.2,6.1,11.5,17.8,22.2,23.1,21.5,18.4,13,6.7,3.3,2.3,251,243,115,12,0,0,0,0,1,13,151,278,0,0,0,41,174,239,320,291,160,45,0,0,800,735,637,400,233,150,93,116,238,429,660,827,0,1,2,1,2,5,10,8,3,2,2,1,1,0,1,10,23,28,31,30,23,14,2,0,28,29,27,5,1,0,0,1,2,5,33,31,0,0,0,54,99,112,117,96,54,21,0,0,0,0,0,27,61,27,46,52,21,0,0,0,67,58,60,59,53,56,58,55,57,70,73,66,3.2,3,2.68,-0.28,-4.01,-0.21,-2.59,-5.17,-3.75,2.02,4.39,3.3,0.270999997854233,0.355599999427795,0.566399991512299,0.453599989414215,0.214000001549721,0.186499997973442,0.313299998641014,0.186499997973442,0.566399991512299,3.73963928222656,-3.23277282714844,11.6908569335938,0.785743415355682,11.5543165206909,684.789978027344,48.5499992370605,-0.280000001192093,28.6000003814697,45.060001373291,15508.5,12573,-84,93,4,4.21999979019165,32.0900001525879,5235.4599609375,126.279998779297,126.279998779297,-93,29,0.908399999141693,0.00240000011399388,0,0,0.000699999975040555,0.00289999996311963,0,0.0851000025868416,0.000500000023748726,0,0,1,17,26,3.40000009536743,4.40000009536743,6.09999990463257,24,47,51.5,16.5154571533203,10742.5,2150.5,20360,2.52499997615814,2.34999990463257,2.80000019073486,0.549999997019768,0.25,1.12000000476837,12.545262336731,4918003.5,126062.3359375,0,0,0,0,0,0,0,422629.5,9002.3330078125,0,2.47838711738586,9.65857124328613,11.881290435791,1.58866667747498,0,0,0,0,0,0.00225806445814669,0,0.0561290346086025,26896.791015625,33544.5546875,41787.6640625,50319.58984375,57818.39453125,61759.41015625,59586.27734375,52718.234375,44331.00390625,35812.08203125,28368.28125,24624.583984375,NA,NA,NA,NA,NA,NA
9298,54.963,-112.01,569.45361328125,1.8,16.9,-13.2,30.1,437,301,27,56.1,143,253,110,194,-1.92,1635,1373,5933,51,629,-45.3,34.3,544,12.2,154,102,58,-7.7,-6.9,-0.5,8.6,17.9,20.7,23.2,22.1,16.7,7.7,-2.7,-7.5,-18.6,-18.8,-12.1,-3.6,3.2,8.1,10.5,8.8,3.6,-2.1,-11.3,-17,-13.2,-12.9,-6.3,2.5,10.5,14.4,16.9,15.5,10.2,2.8,-7,-12.2,21,15,16,28,33,96,91,49,32,25,17,14,3.2,6.7,12.1,17.8,21.3,22.1,21.1,17.9,12.5,6.6,3.3,2.3,411,363,215,26,0,0,0,0,1,23,216,380,0,0,0,26,177,281,370,327,162,30,0,0,966,861,755,465,231,119,56,91,235,473,749,932,0,0,0,0,3,10,22,13,3,0,0,0,0,0,0,5,24,30,31,31,24,9,1,0,21,15,16,12,1,0,0,0,2,6,15,14,0,0,0,49,98,110,117,95,54,21,0,0,0,0,0,21,65,14,26,46,22,0,0,0,53,50,53,58,55,61,62,60,59,66,64,59,2.1,1.5,1.6,0.8,-4.28,1.18,-0.63,-4.41,-3.57,0.68,1.7,1.4,0.281800001859665,0.300799995660782,0.391999989748001,0.308999985456467,0.238399997353554,0.238800004124641,0.291299998760223,0.238399997353554,0.391999989748001,5.72837829589844,1.97227478027344,18.1281127929688,0.781388103961945,9.48191165924072,695.309997558594,44.1699981689453,-0.340000003576279,32.8499984741211,36.9700012207031,15004.5,9637.5,-109,95,4,2.54999995231628,30.6000003814697,5482.39990234375,129.520004272461,129.520004272461,-80.75,0,0.887899994850159,0.107500001788139,0,0,0,0.00460000010207295,0,0,0,0,0,1.10000002384186,11,12,2.09999990463257,3.59999990463257,6,58,29,38,16.6524829864502,12020,2746.5,21434,3.34999990463257,3.09999990463257,3.55000019073486,0.552500009536743,0.204999998211861,1.26499998569489,0,0,0,0,0,0,0,0,0,0,0,585831.5,27453.833984375,3.34322571754456,6.01535701751709,12.3729028701782,3.21133327484131,0,0,0,0,0,0.152903228998184,0.0286666676402092,0.390000015497208,27365.119140625,33800.90234375,41823.74609375,50133.95703125,57408.3671875,61206.48828125,59114.97265625,52465.578125,44302.1328125,36005.1328125,28785.34375,25178.13671875,NA,NA,NA,NA,NA,NA
9299,54.963,-112.01,569.45361328125,1.8,16.9,-13.2,30.1,437,301,27,56.1,143,253,110,194,-1.92,1635,1373,5933,51,629,-45.3,34.3,544,12.2,154,102,58,-7.7,-6.9,-0.5,8.6,17.9,20.7,23.2,22.1,16.7,7.7,-2.7,-7.5,-18.6,-18.8,-12.1,-3.6,3.2,8.1,10.5,8.8,3.6,-2.1,-11.3,-17,-13.2,-12.9,-6.3,2.5,10.5,14.4,16.9,15.5,10.2,2.8,-7,-12.2,21,15,16,28,33,96,91,49,32,25,17,14,3.2,6.7,12.1,17.8,21.3,22.1,21.1,17.9,12.5,6.6,3.3,2.3,411,363,215,26,0,0,0,0,1,23,216,380,0,0,0,26,177,281,370,327,162,30,0,0,966,861,755,465,231,119,56,91,235,473,749,932,0,0,0,0,3,10,22,13,3,0,0,0,0,0,0,5,24,30,31,31,24,9,1,0,21,15,16,12,1,0,0,0,2,6,15,14,0,0,0,49,98,110,117,95,54,21,0,0,0,0,0,21,65,14,26,46,22,0,0,0,53,50,53,58,55,61,62,60,59,66,64,59,2.1,1.5,1.6,0.8,-4.28,1.18,-0.63,-4.41,-3.57,0.68,1.7,1.4,0.281800001859665,0.300799995660782,0.391999989748001,0.308999985456467,0.238399997353554,0.238800004124641,0.291299998760223,0.238399997353554,0.391999989748001,5.72837829589844,1.97227478027344,18.1281127929688,0.781388103961945,9.48191165924072,695.309997558594,44.1699981689453,-0.340000003576279,32.8499984741211,36.9700012207031,15004.5,9637.5,-109,95,4,2.54999995231628,30.6000003814697,5482.39990234375,129.520004272461,129.520004272461,-80.75,0,0.887899994850159,0.107500001788139,0,0,0,0.00460000010207295,0,0,0,0,0,1.10000002384186,11,12,2.09999990463257,3.59999990463257,6,58,29,38,16.6524829864502,12020,2746.5,21434,3.34999990463257,3.09999990463257,3.55000019073486,0.552500009536743,0.204999998211861,1.26499998569489,0,0,0,0,0,0,0,0,0,0,0,585831.5,27453.833984375,3.34322571754456,6.01535701751709,12.3729028701782,3.21133327484131,0,0,0,0,0,0.152903228998184,0.0286666676402092,0.390000015497208,27365.119140625,33800.90234375,41823.74609375,50133.95703125,57408.3671875,61206.48828125,59114.97265625,52465.578125,44302.1328125,36005.1328125,28785.34375,25178.13671875,NA,NA,NA,NA,NA,NA
9300,52.843,-119.256,926.365966796875,4.2,15.8,-6.9,22.7,568,231,25,68.4,152,261,108,299,4.56,850,1319,5031,40,564,-35.7,35.2,590,13.5,166,202,62,-2.3,-1.9,3.9,10.3,17.7,20.3,23.4,23.2,17.3,8.5,0.9,-3.1,-9.5,-11.8,-6,-2.1,2.1,6.2,8.1,7.6,4.1,-0.3,-5.4,-10.2,-5.9,-6.9,-1,4.1,9.9,13.2,15.8,15.4,10.7,4.1,-2.2,-6.6,55,45,49,36,29,63,52,34,53,60,54,38,4.3,7,12.2,18.6,23.4,23.3,23.1,20.3,14.3,7.9,4.5,3.2,202,208,83,15,0,0,0,0,1,14,107,220,0,0,0,34,159,246,336,323,177,44,0,0,741,693,591,418,252,146,81,93,220,432,606,759,0,0,1,0,0,6,13,13,4,0,2,1,1,0,3,8,21,29,31,30,25,14,4,1,42,42,36,8,1,0,0,0,2,7,30,33,0,0,0,56,102,114,128,107,59,24,0,0,0,0,0,20,73,51,76,73,6,0,0,0,70,59,62,58,52,57,55,54,59,70,74,70,5.5,4.5,4.15,0.77,-5.01,-2.63,-5.79,-7.54,-2.01,3.78,5.04,3.8,0.256599992513657,0.383199989795685,0.508000016212463,0.38280001282692,0.318199992179871,0.255199998617172,0.350500002503395,0.255199998617172,0.508000016212463,28.5559005737305,3.25659942626953,101.767822265625,0.701042592525482,7.63169431686401,723.150024414062,52.6800003051758,-0.0900000035762787,26.5,61.9300003051758,13755,8737.5,-76,68,3,6.92000007629395,67.8199996948242,5323.60009765625,131.429992675781,5.59999990463257,-110.5,16,0.986100018024445,0.00100000004749745,0,0,0,0.0129000004380941,0,0,0,0,0,0.899999976158142,16,20,5.30000019073486,4,5.90000009536743,40,38,45.4000015258789,23.1568069458008,11871.75,2813.5,20492,1.70000004768372,1.5,1.95000004768372,0.527499973773956,0.274999976158142,0.965000033378601,25.3000736236572,0,0,0,0,0,0,0,0,0,0,0,0,46.7429046630859,76.2649993896484,127.987098693848,113.081001281738,31.436128616333,0,0,0,0,0,0,42.398063659668,28685.015625,34533.640625,41927.515625,49601.7890625,56247.58984375,59659.32421875,57787.01171875,51743.37890625,44219.09375,36558.375,29965.50390625,26726.98046875,NA,NA,NA,NA,NA,NA
9301,52.843,-119.256,926.365966796875,4.2,15.8,-6.9,22.7,568,231,25,68.4,152,261,108,299,4.56,850,1319,5031,40,564,-35.7,35.2,590,13.5,166,202,62,-2.3,-1.9,3.9,10.3,17.7,20.3,23.4,23.2,17.3,8.5,0.9,-3.1,-9.5,-11.8,-6,-2.1,2.1,6.2,8.1,7.6,4.1,-0.3,-5.4,-10.2,-5.9,-6.9,-1,4.1,9.9,13.2,15.8,15.4,10.7,4.1,-2.2,-6.6,55,45,49,36,29,63,52,34,53,60,54,38,4.3,7,12.2,18.6,23.4,23.3,23.1,20.3,14.3,7.9,4.5,3.2,202,208,83,15,0,0,0,0,1,14,107,220,0,0,0,34,159,246,336,323,177,44,0,0,741,693,591,418,252,146,81,93,220,432,606,759,0,0,1,0,0,6,13,13,4,0,2,1,1,0,3,8,21,29,31,30,25,14,4,1,42,42,36,8,1,0,0,0,2,7,30,33,0,0,0,56,102,114,128,107,59,24,0,0,0,0,0,20,73,51,76,73,6,0,0,0,70,59,62,58,52,57,55,54,59,70,74,70,5.5,4.5,4.15,0.77,-5.01,-2.63,-5.79,-7.54,-2.01,3.78,5.04,3.8,0.256599992513657,0.383199989795685,0.508000016212463,0.38280001282692,0.318199992179871,0.255199998617172,0.350500002503395,0.255199998617172,0.508000016212463,28.5559005737305,3.25659942626953,101.767822265625,0.701042592525482,7.63169431686401,723.150024414062,52.6800003051758,-0.0900000035762787,26.5,61.9300003051758,13755,8737.5,-76,68,3,6.92000007629395,67.8199996948242,5323.60009765625,131.429992675781,5.59999990463257,-110.5,16,0.986100018024445,0.00100000004749745,0,0,0,0.0129000004380941,0,0,0,0,0,0.899999976158142,16,20,5.30000019073486,4,5.90000009536743,40,38,45.4000015258789,23.1568069458008,11871.75,2813.5,20492,1.70000004768372,1.5,1.95000004768372,0.527499973773956,0.274999976158142,0.965000033378601,25.3000736236572,0,0,0,0,0,0,0,0,0,0,0,0,46.7429046630859,76.2649993896484,127.987098693848,113.081001281738,31.436128616333,0,0,0,0,0,0,42.398063659668,28685.015625,34533.640625,41927.515625,49601.7890625,56247.58984375,59659.32421875,57787.01171875,51743.37890625,44219.09375,36558.375,29965.50390625,26726.98046875,NA,NA,NA,NA,NA,NA
9302,51.86,-119.299,582.392822265625,6.4,17.8,-4.3,22.1,894,413,18.3,43.1,134,273,139,174,32.7,542,1661,4311,91,804,-28.8,36.8,663,13.5,206,194,66,-1.1,-0.2,6.1,12.2,19.2,21.6,25.3,25.1,18.3,9.5,2.6,-1.7,-6,-8.5,-2.5,0.2,4.3,8.2,10.2,9.5,6,1.8,-1.8,-6.1,-3.5,-4.3,1.8,6.2,11.8,14.9,17.8,17.3,12.2,5.7,0.4,-3.9,68,62,72,44,60,106,96,59,92,84,72,79,4.5,6.7,11.8,18.4,23.4,23.2,23.4,20.7,14.3,7.9,4.5,3.5,140,145,41,7,0,0,0,0,0,7,56,146,0,0,12,65,213,296,397,382,219,67,8,0,668,620,504,355,200,107,39,52,179,383,528,676,0,0,1,0,4,13,33,30,7,0,2,1,3,1,8,15,26,30,31,31,27,20,10,3,37,50,22,3,1,0,0,0,2,4,23,51,0,0,30,61,108,119,136,115,61,25,8,0,0,0,0,17,48,13,40,56,0,0,0,0,79,66,69,61,54,59,56,54,62,74,83,81,6.65,6.12,5.84,0.67,-2.24,1.51,-2.12,-5.83,1.93,5.86,6.52,7.8,0.323399990797043,0.266999989748001,0.434399992227554,0.38400000333786,0.277599990367889,0.274800002574921,0.300499990582466,0.266999989748001,0.434399992227554,15.4282150268555,-12.140754699707,73.95263671875,0.769363343715668,8.74674797058105,783.099975585938,46.4099998474121,0.0299999993294477,25.0499992370605,77.9199981689453,18708,13122,-43,87,5,8.64999961853027,74.129997253418,5607.06005859375,140.25,7.09000015258789,-47.25,12,0.983299970626831,0.0015999999595806,0,0,0.0103000001981854,9.99999974737875e-05,0,0.00469999993219972,0,0,0,0.899999976158142,17,16,6.90000009536743,4.40000009536743,5.90000009536743,42,40,63.5999984741211,16.1735305786133,11829.5,2879.5,20300.5,1.57500004768372,1.39999997615814,1.75,0.652500003576279,0.350000023841858,1.13999998569489,0,0,0,0,0,0,0,0,0,0,49327.33203125,0,0,1.77580642700195,9.96249961853027,34.7809677124023,12.2923336029053,0,0,0,0,0,0,0,0.458387106657028,29237.220703125,34844.40234375,41971.79296875,49375.4375,55759.875,59016.40234375,57231.5546875,51437.08203125,44183.65625,36793.60546875,30461.146484375,27370.56640625,NA,NA,NA,NA,NA,NA
9303,51.86,-119.299,582.392822265625,6.4,17.8,-4.3,22.1,894,413,18.3,43.1,134,273,139,174,32.7,542,1661,4311,91,804,-28.8,36.8,663,13.5,206,194,66,-1.1,-0.2,6.1,12.2,19.2,21.6,25.3,25.1,18.3,9.5,2.6,-1.7,-6,-8.5,-2.5,0.2,4.3,8.2,10.2,9.5,6,1.8,-1.8,-6.1,-3.5,-4.3,1.8,6.2,11.8,14.9,17.8,17.3,12.2,5.7,0.4,-3.9,68,62,72,44,60,106,96,59,92,84,72,79,4.5,6.7,11.8,18.4,23.4,23.2,23.4,20.7,14.3,7.9,4.5,3.5,140,145,41,7,0,0,0,0,0,7,56,146,0,0,12,65,213,296,397,382,219,67,8,0,668,620,504,355,200,107,39,52,179,383,528,676,0,0,1,0,4,13,33,30,7,0,2,1,3,1,8,15,26,30,31,31,27,20,10,3,37,50,22,3,1,0,0,0,2,4,23,51,0,0,30,61,108,119,136,115,61,25,8,0,0,0,0,17,48,13,40,56,0,0,0,0,79,66,69,61,54,59,56,54,62,74,83,81,6.65,6.12,5.84,0.67,-2.24,1.51,-2.12,-5.83,1.93,5.86,6.52,7.8,0.323399990797043,0.266999989748001,0.434399992227554,0.38400000333786,0.277599990367889,0.274800002574921,0.300499990582466,0.266999989748001,0.434399992227554,15.4282150268555,-12.140754699707,73.95263671875,0.769363343715668,8.74674797058105,783.099975585938,46.4099998474121,0.0299999993294477,25.0499992370605,77.9199981689453,18708,13122,-43,87,5,8.64999961853027,74.129997253418,5607.06005859375,140.25,7.09000015258789,-47.25,12,0.983299970626831,0.0015999999595806,0,0,0.0103000001981854,9.99999974737875e-05,0,0.00469999993219972,0,0,0,0.899999976158142,17,16,6.90000009536743,4.40000009536743,5.90000009536743,42,40,63.5999984741211,16.1735305786133,11829.5,2879.5,20300.5,1.57500004768372,1.39999997615814,1.75,0.652500003576279,0.350000023841858,1.13999998569489,0,0,0,0,0,0,0,0,0,0,49327.33203125,0,0,1.77580642700195,9.96249961853027,34.7809677124023,12.2923336029053,0,0,0,0,0,0,0,0.458387106657028,29237.220703125,34844.40234375,41971.79296875,49375.4375,55759.875,59016.40234375,57231.5546875,51437.08203125,44183.65625,36793.60546875,30461.146484375,27370.56640625,NA,NA,NA,NA,NA,NA
9304,51.86,-119.299,582.392822265625,6.4,17.8,-4.3,22.1,894,413,18.3,43.1,134,273,139,174,32.7,542,1661,4311,91,804,-28.8,36.8,663,13.5,206,194,66,-1.1,-0.2,6.1,12.2,19.2,21.6,25.3,25.1,18.3,9.5,2.6,-1.7,-6,-8.5,-2.5,0.2,4.3,8.2,10.2,9.5,6,1.8,-1.8,-6.1,-3.5,-4.3,1.8,6.2,11.8,14.9,17.8,17.3,12.2,5.7,0.4,-3.9,68,62,72,44,60,106,96,59,92,84,72,79,4.5,6.7,11.8,18.4,23.4,23.2,23.4,20.7,14.3,7.9,4.5,3.5,140,145,41,7,0,0,0,0,0,7,56,146,0,0,12,65,213,296,397,382,219,67,8,0,668,620,504,355,200,107,39,52,179,383,528,676,0,0,1,0,4,13,33,30,7,0,2,1,3,1,8,15,26,30,31,31,27,20,10,3,37,50,22,3,1,0,0,0,2,4,23,51,0,0,30,61,108,119,136,115,61,25,8,0,0,0,0,17,48,13,40,56,0,0,0,0,79,66,69,61,54,59,56,54,62,74,83,81,6.65,6.12,5.84,0.67,-2.24,1.51,-2.12,-5.83,1.93,5.86,6.52,7.8,0.323399990797043,0.266999989748001,0.434399992227554,0.38400000333786,0.277599990367889,0.274800002574921,0.300499990582466,0.266999989748001,0.434399992227554,15.4282150268555,-12.140754699707,73.95263671875,0.769363343715668,8.74674797058105,783.099975585938,46.4099998474121,0.0299999993294477,25.0499992370605,77.9199981689453,18708,13122,-43,87,5,8.64999961853027,74.129997253418,5607.06005859375,140.25,7.09000015258789,-47.25,12,0.983299970626831,0.0015999999595806,0,0,0.0103000001981854,9.99999974737875e-05,0,0.00469999993219972,0,0,0,0.899999976158142,17,16,6.90000009536743,4.40000009536743,5.90000009536743,42,40,63.5999984741211,16.1735305786133,11829.5,2879.5,20300.5,1.57500004768372,1.39999997615814,1.75,0.652500003576279,0.350000023841858,1.13999998569489,0,0,0,0,0,0,0,0,0,0,49327.33203125,0,0,1.77580642700195,9.96249961853027,34.7809677124023,12.2923336029053,0,0,0,0,0,0,0,0.458387106657028,29237.220703125,34844.40234375,41971.79296875,49375.4375,55759.875,59016.40234375,57231.5546875,51437.08203125,44183.65625,36793.60546875,30461.146484375,27370.56640625,NA,NA,NA,NA,NA,NA
9305,51.86,-119.299,582.392822265625,6.4,17.8,-4.3,22.1,894,413,18.3,43.1,134,273,139,174,32.7,542,1661,4311,91,804,-28.8,36.8,663,13.5,206,194,66,-1.1,-0.2,6.1,12.2,19.2,21.6,25.3,25.1,18.3,9.5,2.6,-1.7,-6,-8.5,-2.5,0.2,4.3,8.2,10.2,9.5,6,1.8,-1.8,-6.1,-3.5,-4.3,1.8,6.2,11.8,14.9,17.8,17.3,12.2,5.7,0.4,-3.9,68,62,72,44,60,106,96,59,92,84,72,79,4.5,6.7,11.8,18.4,23.4,23.2,23.4,20.7,14.3,7.9,4.5,3.5,140,145,41,7,0,0,0,0,0,7,56,146,0,0,12,65,213,296,397,382,219,67,8,0,668,620,504,355,200,107,39,52,179,383,528,676,0,0,1,0,4,13,33,30,7,0,2,1,3,1,8,15,26,30,31,31,27,20,10,3,37,50,22,3,1,0,0,0,2,4,23,51,0,0,30,61,108,119,136,115,61,25,8,0,0,0,0,17,48,13,40,56,0,0,0,0,79,66,69,61,54,59,56,54,62,74,83,81,6.65,6.12,5.84,0.67,-2.24,1.51,-2.12,-5.83,1.93,5.86,6.52,7.8,0.323399990797043,0.266999989748001,0.434399992227554,0.38400000333786,0.277599990367889,0.274800002574921,0.300499990582466,0.266999989748001,0.434399992227554,15.4282150268555,-12.140754699707,73.95263671875,0.769363343715668,8.74674797058105,783.099975585938,46.4099998474121,0.0299999993294477,25.0499992370605,77.9199981689453,18708,13122,-43,87,5,8.64999961853027,74.129997253418,5607.06005859375,140.25,7.09000015258789,-47.25,12,0.983299970626831,0.0015999999595806,0,0,0.0103000001981854,9.99999974737875e-05,0,0.00469999993219972,0,0,0,0.899999976158142,17,16,6.90000009536743,4.40000009536743,5.90000009536743,42,40,63.5999984741211,16.1735305786133,11829.5,2879.5,20300.5,1.57500004768372,1.39999997615814,1.75,0.652500003576279,0.350000023841858,1.13999998569489,0,0,0,0,0,0,0,0,0,0,49327.33203125,0,0,1.77580642700195,9.96249961853027,34.7809677124023,12.2923336029053,0,0,0,0,0,0,0,0.458387106657028,29237.220703125,34844.40234375,41971.79296875,49375.4375,55759.875,59016.40234375,57231.5546875,51437.08203125,44183.65625,36793.60546875,30461.146484375,27370.56640625,NA,NA,NA,NA,NA,NA
9306,53.208,-117.551,1395.99377441406,2.1,14,-9,23,702,438,17.2,32,158,253,95,54,29.45,1155,994,5775,20,351,-41.2,31.7,511,13.4,140,213,58,-1.6,-2.8,1.9,7.9,14.7,17.2,20.4,19.7,14.8,7.9,0.1,-3.7,-12.7,-15.2,-9.8,-4.7,1.2,5.2,7.6,7.2,2.8,-3.4,-10.2,-13.4,-7.1,-9,-4,1.6,7.9,11.2,14,13.4,8.8,2.2,-5,-8.6,34,34,41,36,66,121,113,71,67,43,50,26,4.2,7.6,12.7,18.7,23.3,22.5,22.3,19.1,13.7,8.4,4.7,3.2,233,255,153,35,1,0,0,0,1,28,175,273,0,0,0,13,104,187,279,262,123,26,0,0,778,752,684,492,313,205,127,144,277,492,690,821,0,1,2,0,0,2,5,5,2,0,2,1,0,0,1,3,18,28,31,30,22,6,1,0,28,33,39,21,5,2,1,1,5,13,40,24,0,0,0,50,88,98,110,89,52,24,0,0,0,0,0,14,22,0,0,18,0,0,0,0,55,49,54,56,57,62,61,61,61,60,58,59,3.4,3.4,3.9,1.73,0.87,4.73,2.2,-1.56,0.82,2.33,5,2.6,0.17569999396801,0.225999996066093,0.452800005674362,0.393400013446808,0.312400013208389,0.266200006008148,0.289300009608269,0.17569999396801,0.452800005674362,12.2125549316406,-10.4093322753906,31.2254638671875,0.818216443061829,13.5648794174194,667.349975585938,35.0699996948242,-0.209999993443489,24.8500003814697,50.9799995422363,11329.5,7387.5,-65,54,3,6.53999996185303,32.1599998474121,4825.1201171875,120.559997558594,120.559997558594,-157.25,0,0.739000022411346,0.260899990797043,0,0,0,0,0,0,0,0,9.99999974737875e-05,1,19,15,2,3.29999995231628,5.90000009536743,31,51,31.6000003814697,15.9507274627686,11999.25,3116,20327.5,2.125,2.09999990463257,2.29999995231628,0.405000001192093,0.199999988079071,0.810000002384186,0,0,0,0,0,0,0,0,0,0,0,0,0,1.15419352054596,15.7950000762939,27.291934967041,28.0303325653076,1.57774198055267,0,0,0,0,1.77838706970215,2.50399994850159,0.185483872890472,28482.513671875,34420.28125,41911.40234375,49684.265625,56426.1484375,59895.70703125,57990.71875,51855.109375,44231.98828125,36472.65234375,29784.01171875,26490.349609375,NA,NA,NA,NA,NA,NA
9307,53.208,-117.551,1395.99377441406,2.1,14,-9,23,702,438,17.2,32,158,253,95,54,29.45,1155,994,5775,20,351,-41.2,31.7,511,13.4,140,213,58,-1.6,-2.8,1.9,7.9,14.7,17.2,20.4,19.7,14.8,7.9,0.1,-3.7,-12.7,-15.2,-9.8,-4.7,1.2,5.2,7.6,7.2,2.8,-3.4,-10.2,-13.4,-7.1,-9,-4,1.6,7.9,11.2,14,13.4,8.8,2.2,-5,-8.6,34,34,41,36,66,121,113,71,67,43,50,26,4.2,7.6,12.7,18.7,23.3,22.5,22.3,19.1,13.7,8.4,4.7,3.2,233,255,153,35,1,0,0,0,1,28,175,273,0,0,0,13,104,187,279,262,123,26,0,0,778,752,684,492,313,205,127,144,277,492,690,821,0,1,2,0,0,2,5,5,2,0,2,1,0,0,1,3,18,28,31,30,22,6,1,0,28,33,39,21,5,2,1,1,5,13,40,24,0,0,0,50,88,98,110,89,52,24,0,0,0,0,0,14,22,0,0,18,0,0,0,0,55,49,54,56,57,62,61,61,61,60,58,59,3.4,3.4,3.9,1.73,0.87,4.73,2.2,-1.56,0.82,2.33,5,2.6,0.17569999396801,0.225999996066093,0.452800005674362,0.393400013446808,0.312400013208389,0.266200006008148,0.289300009608269,0.17569999396801,0.452800005674362,12.2125549316406,-10.4093322753906,31.2254638671875,0.818216443061829,13.5648794174194,667.349975585938,35.0699996948242,-0.209999993443489,24.8500003814697,50.9799995422363,11329.5,7387.5,-65,54,3,6.53999996185303,32.1599998474121,4825.1201171875,120.559997558594,120.559997558594,-157.25,0,0.739000022411346,0.260899990797043,0,0,0,0,0,0,0,0,9.99999974737875e-05,1,19,15,2,3.29999995231628,5.90000009536743,31,51,31.6000003814697,15.9507274627686,11999.25,3116,20327.5,2.125,2.09999990463257,2.29999995231628,0.405000001192093,0.199999988079071,0.810000002384186,0,0,0,0,0,0,0,0,0,0,0,0,0,1.15419352054596,15.7950000762939,27.291934967041,28.0303325653076,1.57774198055267,0,0,0,0,1.77838706970215,2.50399994850159,0.185483872890472,28482.513671875,34420.28125,41911.40234375,49684.265625,56426.1484375,59895.70703125,57990.71875,51855.109375,44231.98828125,36472.65234375,29784.01171875,26490.349609375,NA,NA,NA,NA,NA,NA
9308,53.208,-117.551,1395.99377441406,2.1,14,-9,23,702,438,17.2,32,158,253,95,54,29.45,1155,994,5775,20,351,-41.2,31.7,511,13.4,140,213,58,-1.6,-2.8,1.9,7.9,14.7,17.2,20.4,19.7,14.8,7.9,0.1,-3.7,-12.7,-15.2,-9.8,-4.7,1.2,5.2,7.6,7.2,2.8,-3.4,-10.2,-13.4,-7.1,-9,-4,1.6,7.9,11.2,14,13.4,8.8,2.2,-5,-8.6,34,34,41,36,66,121,113,71,67,43,50,26,4.2,7.6,12.7,18.7,23.3,22.5,22.3,19.1,13.7,8.4,4.7,3.2,233,255,153,35,1,0,0,0,1,28,175,273,0,0,0,13,104,187,279,262,123,26,0,0,778,752,684,492,313,205,127,144,277,492,690,821,0,1,2,0,0,2,5,5,2,0,2,1,0,0,1,3,18,28,31,30,22,6,1,0,28,33,39,21,5,2,1,1,5,13,40,24,0,0,0,50,88,98,110,89,52,24,0,0,0,0,0,14,22,0,0,18,0,0,0,0,55,49,54,56,57,62,61,61,61,60,58,59,3.4,3.4,3.9,1.73,0.87,4.73,2.2,-1.56,0.82,2.33,5,2.6,0.17569999396801,0.225999996066093,0.452800005674362,0.393400013446808,0.312400013208389,0.266200006008148,0.289300009608269,0.17569999396801,0.452800005674362,12.2125549316406,-10.4093322753906,31.2254638671875,0.818216443061829,13.5648794174194,667.349975585938,35.0699996948242,-0.209999993443489,24.8500003814697,50.9799995422363,11329.5,7387.5,-65,54,3,6.53999996185303,32.1599998474121,4825.1201171875,120.559997558594,120.559997558594,-157.25,0,0.739000022411346,0.260899990797043,0,0,0,0,0,0,0,0,9.99999974737875e-05,1,19,15,2,3.29999995231628,5.90000009536743,31,51,31.6000003814697,15.9507274627686,11999.25,3116,20327.5,2.125,2.09999990463257,2.29999995231628,0.405000001192093,0.199999988079071,0.810000002384186,0,0,0,0,0,0,0,0,0,0,0,0,0,1.15419352054596,15.7950000762939,27.291934967041,28.0303325653076,1.57774198055267,0,0,0,0,1.77838706970215,2.50399994850159,0.185483872890472,28482.513671875,34420.28125,41911.40234375,49684.265625,56426.1484375,59895.70703125,57990.71875,51855.109375,44231.98828125,36472.65234375,29784.01171875,26490.349609375,NA,NA,NA,NA,NA,NA
9309,53.208,-117.551,1395.99377441406,2.1,14,-9,23,702,438,17.2,32,158,253,95,54,29.45,1155,994,5775,20,351,-41.2,31.7,511,13.4,140,213,58,-1.6,-2.8,1.9,7.9,14.7,17.2,20.4,19.7,14.8,7.9,0.1,-3.7,-12.7,-15.2,-9.8,-4.7,1.2,5.2,7.6,7.2,2.8,-3.4,-10.2,-13.4,-7.1,-9,-4,1.6,7.9,11.2,14,13.4,8.8,2.2,-5,-8.6,34,34,41,36,66,121,113,71,67,43,50,26,4.2,7.6,12.7,18.7,23.3,22.5,22.3,19.1,13.7,8.4,4.7,3.2,233,255,153,35,1,0,0,0,1,28,175,273,0,0,0,13,104,187,279,262,123,26,0,0,778,752,684,492,313,205,127,144,277,492,690,821,0,1,2,0,0,2,5,5,2,0,2,1,0,0,1,3,18,28,31,30,22,6,1,0,28,33,39,21,5,2,1,1,5,13,40,24,0,0,0,50,88,98,110,89,52,24,0,0,0,0,0,14,22,0,0,18,0,0,0,0,55,49,54,56,57,62,61,61,61,60,58,59,3.4,3.4,3.9,1.73,0.87,4.73,2.2,-1.56,0.82,2.33,5,2.6,0.17569999396801,0.225999996066093,0.452800005674362,0.393400013446808,0.312400013208389,0.266200006008148,0.289300009608269,0.17569999396801,0.452800005674362,12.2125549316406,-10.4093322753906,31.2254638671875,0.818216443061829,13.5648794174194,667.349975585938,35.0699996948242,-0.209999993443489,24.8500003814697,50.9799995422363,11329.5,7387.5,-65,54,3,6.53999996185303,32.1599998474121,4825.1201171875,120.559997558594,120.559997558594,-157.25,0,0.739000022411346,0.260899990797043,0,0,0,0,0,0,0,0,9.99999974737875e-05,1,19,15,2,3.29999995231628,5.90000009536743,31,51,31.6000003814697,15.9507274627686,11999.25,3116,20327.5,2.125,2.09999990463257,2.29999995231628,0.405000001192093,0.199999988079071,0.810000002384186,0,0,0,0,0,0,0,0,0,0,0,0,0,1.15419352054596,15.7950000762939,27.291934967041,28.0303325653076,1.57774198055267,0,0,0,0,1.77838706970215,2.50399994850159,0.185483872890472,28482.513671875,34420.28125,41911.40234375,49684.265625,56426.1484375,59895.70703125,57990.71875,51855.109375,44231.98828125,36472.65234375,29784.01171875,26490.349609375,NA,NA,NA,NA,NA,NA
9310,42.45,-76.468,274.513793945312,8.9,22,-4.5,26.5,1109,555,17,39.6,130,284,154,82,46.26,442,2443,3621,334,1375,-28.8,37.3,810,13.7,188,99,64,0.1,1.4,5.7,12.6,20.8,24.6,28.1,26.5,23.2,16.1,8.8,3.6,-9.1,-8.6,-4.8,0.9,8.2,12.4,15.8,14.5,11,5.8,-0.8,-3.9,-4.5,-3.6,0.5,6.8,14.5,18.5,22,20.5,17.1,11,4,-0.1,58,71,60,99,105,103,115,125,107,123,68,75,7,9.5,14.3,18.3,19.7,21.1,20.2,17.8,14.3,10,6.8,5.6,165,128,58,6,0,0,0,0,0,1,18,66,6,6,21,85,297,404,526,480,363,192,45,17,698,601,545,337,125,37,6,14,64,217,420,558,0,0,0,2,18,54,126,92,37,4,0,0,2,0,0,2,31,30,31,31,30,30,0,0,31,45,8,3,0,0,0,0,0,0,1,10,0,0,41,73,120,135,149,126,90,51,25,0,0,0,0,0,15,32,34,1,0,0,0,0,62,60,62,62,61,64,64,65,63,67,67,71,5.73,6.89,4.89,6.06,2.3,0.27,-0.67,1.45,1.43,6.53,4.64,6.74,0.191100001335144,0.478799998760223,0.564400017261505,0.589600026607513,0.231199994683266,0.244800001382828,0.361800000071526,0.191100001335144,0.589600026607513,9.22223663330078,6.73794555664062,24.1184997558594,0.934446513652802,10.1665573120117,930.799987792969,30.5799999237061,-0.0199999995529652,25.3500003814697,88.7799987792969,29106,21672,-3,140,5,17.7600002288818,26.9599990844727,5465.0498046875,148.75,148.75,62.25,43,0.361000001430511,0.265799999237061,0,0.00490000005811453,0.367900013923645,0,0,0.00039999998989515,0,0,0,1.20000004768372,7,11,6.40000009536743,4.80000019073486,6.19999980926514,21,52,70.6999969482422,26.6831436157227,12574,4779,19686.5,3.69999992847443,2.90000009536743,4.14999961853027,0.837499976158142,0.324999988079071,1.76499998569489,53.5837936401367,0,0,0,0,0,0,0,94068.5,505700.65625,47036.16796875,0,0,0.366129040718079,0.75,2.86419343948364,0,0,0,0,0,0,0,0,0.0625806450843811,33411.27734375,37260.36328125,42320.69140625,47604.44921875,52041.57421875,54219.9921875,53034.83203125,49055.6484375,43904.3359375,38632.6640625,34236.44921875,32171.44140625,NA,NA,NA,NA,NA,NA
9311,42.463,-76.426,307.680053710938,8.7,21.8,-4.6,26.4,1134,572,16.5,38.1,130,283,153,66,49.66,461,2401,3678,318,1345,-29,37.1,803,13.7,187,106,64,-0.1,1.1,5.4,12.3,20.6,24.4,27.9,26.3,23,15.9,8.6,3.4,-9.2,-8.8,-5,0.8,8.1,12.2,15.7,14.3,10.8,5.7,-1,-4.1,-4.6,-3.9,0.2,6.6,14.4,18.3,21.8,20.3,16.9,10.8,3.8,-0.3,58,71,61,99,107,110,118,126,111,125,71,77,7.2,9.5,14.3,18.3,19.4,21.2,19.8,17.6,14.1,10.2,6.9,5.8,168,135,62,6,0,0,0,0,0,1,20,70,6,6,19,81,294,398,520,474,357,187,42,16,701,609,554,343,128,40,6,15,68,224,426,564,0,0,0,2,17,51,121,87,35,4,0,0,2,0,0,2,31,30,31,31,30,30,0,0,32,48,10,3,0,0,0,0,0,0,2,11,0,0,40,72,119,134,148,125,89,51,25,0,0,0,0,0,12,24,30,0,0,0,0,0,63,60,62,62,62,63,64,65,63,67,67,71,5.75,6.93,5.06,6.2,2.59,1.05,-0.25,1.63,1.9,6.8,5.01,6.98,0.225999996066093,0.476000010967255,0.562399983406067,0.562399983406067,0.219200000166893,0.225600004196167,0.351000003516674,0.219200000166893,0.562399983406067,9.69883728027344,-5.77878570556641,24.1554260253906,0.94961804151535,10.0168199539185,919.650024414062,29.2700004577637,0,25.3999996185303,90.0100021362305,28647,21399,-5,139,5,17.4400005340576,26.6100006103516,5410.10986328125,147.070007324219,147.070007324219,57,41,0.941399991512299,0.0395999997854233,0,0.0007999999797903,0.0131999999284744,0.00499999988824129,0,0,0,0,0,1.20000004768372,8,25,7.09999990463257,4.59999990463257,5.90000009536743,17,55,101.800003051758,25.1677989959717,12554.5,4728.5,19781.5,3.75,3,4.19999980926514,0.829999983310699,0.324999988079071,1.74500000476837,29.094367980957,0,0,0,0,0,0,0,94068.5,505700.65625,47036.16796875,0,0,1.40129029750824,1.71857142448425,4.45838689804077,0,0,0,0,0,0,0,0,0.0793548375368118,33390.703125,37248.20703125,42318.91796875,47613.40625,52060.01953125,54243.4140625,53055.51171875,49067.62890625,43905.7578125,38623.37109375,34217.73828125,32148,NA,NA,NA,NA,NA,NA
9312,53.519,-113.521,675.778503417969,3.1,17.2,-11.1,28.3,470,319,27.9,53.9,135,258,124,205,-2.26,1332,1499,5466,67,714,-42.6,35.2,575,12.7,163,106,59,-4.8,-5.4,0,9.7,18.6,21.2,23.6,23,18,9.7,-0.7,-5.1,-15.3,-16.7,-10.8,-2.1,4.3,8.7,10.9,9.4,4.4,-1.7,-9.8,-14.6,-10.1,-11.1,-5.4,3.8,11.5,14.9,17.2,16.2,11.2,4,-5.2,-9.8,21,19,20,29,47,85,102,51,34,22,24,16,3.8,7.1,12.3,17.9,21.7,22.3,21.4,18.6,13.4,7.4,3.9,2.7,316,313,191,16,0,0,0,0,0,14,180,300,0,0,0,37,205,296,379,348,191,43,0,0,871,811,727,426,207,107,50,75,203,435,696,858,0,0,0,0,4,13,25,18,5,0,1,0,0,0,0,8,26,30,31,31,25,10,1,0,20,19,20,8,1,0,0,0,1,3,19,15,0,0,0,53,102,113,120,101,60,26,0,0,0,0,0,24,55,28,18,50,26,4,0,0,56,53,56,60,56,62,62,59,58,61,62,60,2.1,1.9,2,0.38,-3.21,-0.23,0.14,-4.89,-4.1,-0.34,2.4,1.6,0.0599000006914139,0.30799999833107,0.311199992895126,0.292600005865097,0.198699995875359,0.128099992871284,0.245650000870228,0.0599000006914139,0.311199992895126,1.94230651855469,1.05903625488281,6.5528564453125,0.813719809055328,9.9102201461792,697.190002441406,43.1500015258789,-0.340000003576279,30.7999992370605,40,16348.5,13266,-90,108,5,4.76999998092651,15.1599998474121,5180.669921875,125.540000915527,125.540000915527,-63,46,0.207800000905991,0.067500002682209,0,0,0.699699997901917,0.025000000372529,0,0,0,0,0,NA,NA,7,NA,NA,NA,NA,NA,NA,9.96711158752441,12393,3242,21167.5,3.19999992847443,2.95000004768372,3.5,0.572500005364418,0.229999989271164,1.25999999046326,59.4034271240234,0,0,0,0,0,0,0,0,0,0,0,0,0.380967736244202,6.89428567886353,12.0216131210327,2.43666672706604,0,0,0,0,0,0.526774227619171,0,0.0496774204075336,28275.791015625,34304.90234375,41895.0234375,49768.15625,56608.26171875,60137.3671875,58198.6875,51968.828125,44245.09375,36385.44921875,29598.892578125,26248.431640625,NA,NA,NA,NA,NA,NA
9313,53.519,-113.521,675.778503417969,3.1,17.2,-11.1,28.3,470,319,27.9,53.9,135,258,124,205,-2.26,1332,1499,5466,67,714,-42.6,35.2,575,12.7,163,106,59,-4.8,-5.4,0,9.7,18.6,21.2,23.6,23,18,9.7,-0.7,-5.1,-15.3,-16.7,-10.8,-2.1,4.3,8.7,10.9,9.4,4.4,-1.7,-9.8,-14.6,-10.1,-11.1,-5.4,3.8,11.5,14.9,17.2,16.2,11.2,4,-5.2,-9.8,21,19,20,29,47,85,102,51,34,22,24,16,3.8,7.1,12.3,17.9,21.7,22.3,21.4,18.6,13.4,7.4,3.9,2.7,316,313,191,16,0,0,0,0,0,14,180,300,0,0,0,37,205,296,379,348,191,43,0,0,871,811,727,426,207,107,50,75,203,435,696,858,0,0,0,0,4,13,25,18,5,0,1,0,0,0,0,8,26,30,31,31,25,10,1,0,20,19,20,8,1,0,0,0,1,3,19,15,0,0,0,53,102,113,120,101,60,26,0,0,0,0,0,24,55,28,18,50,26,4,0,0,56,53,56,60,56,62,62,59,58,61,62,60,2.1,1.9,2,0.38,-3.21,-0.23,0.14,-4.89,-4.1,-0.34,2.4,1.6,0.0599000006914139,0.30799999833107,0.311199992895126,0.292600005865097,0.198699995875359,0.128099992871284,0.245650000870228,0.0599000006914139,0.311199992895126,1.94230651855469,1.05903625488281,6.5528564453125,0.813719809055328,9.9102201461792,697.190002441406,43.1500015258789,-0.340000003576279,30.7999992370605,40,16348.5,13266,-90,108,5,4.76999998092651,15.1599998474121,5180.669921875,125.540000915527,125.540000915527,-63,46,0.207800000905991,0.067500002682209,0,0,0.699699997901917,0.025000000372529,0,0,0,0,0,NA,NA,7,NA,NA,NA,NA,NA,NA,9.96711158752441,12393,3242,21167.5,3.19999992847443,2.95000004768372,3.5,0.572500005364418,0.229999989271164,1.25999999046326,59.4034271240234,0,0,0,0,0,0,0,0,0,0,0,0,0.380967736244202,6.89428567886353,12.0216131210327,2.43666672706604,0,0,0,0,0,0.526774227619171,0,0.0496774204075336,28275.791015625,34304.90234375,41895.0234375,49768.15625,56608.26171875,60137.3671875,58198.6875,51968.828125,44245.09375,36385.44921875,29598.892578125,26248.431640625,NA,NA,NA,NA,NA,NA
9314,52.939,-114.288,957.046691894531,3.2,15.9,-9.2,25.1,548,383,24.1,41.5,145,256,111,122,7.48,1126,1303,5406,39,559,-41.4,33.9,558,13.1,155,117,57,-2.1,-2.9,1.7,9.6,17.1,19.7,22.3,21.8,17,9.2,1.3,-2.8,-13.4,-15.5,-10,-2.7,3,7.3,9.5,8.3,3.7,-2.5,-9.7,-13.6,-7.8,-9.2,-4.2,3.4,10.1,13.5,15.9,15.1,10.3,3.3,-4.2,-8.2,21,20,25,28,64,95,114,63,47,25,29,17,4.2,7.6,12.8,18.4,22.2,22.4,21.7,18.8,13.5,7.9,4.5,3.1,251,259,159,19,0,0,0,0,1,19,156,263,0,0,0,30,165,255,339,314,165,35,0,0,800,758,690,438,239,139,78,100,232,457,666,809,0,0,1,0,1,7,13,11,3,0,2,0,0,0,1,7,24,29,31,31,24,8,1,0,18,20,24,9,2,0,0,1,2,5,22,16,0,0,0,54,97,108,117,98,58,26,0,0,0,0,0,26,33,13,3,35,11,1,0,0,54,49,54,58,56,62,61,59,58,60,56,55,2.1,2,2.35,0.28,-1.03,1.27,1.73,-3.3,-2.52,0.12,2.77,1.7,0.25,0.292800009250641,0.536800026893616,0.510399997234344,0.275200009346008,0.211199998855591,0.284000009298325,0.211199998855591,0.536800026893616,2.18682098388672,1.05382537841797,5.9517822265625,0.820089042186737,11.5517387390137,744.75,39.8899993896484,-0.310000002384186,28.2999992370605,42.2000007629395,14038.5,8940,-49,74,3,5.80000019073486,17.2199993133545,5392.91015625,132.649993896484,132.649993896484,-124.5,3,0.947700023651123,0.0454000011086464,0.00689999992027879,0,0,0,0,0,0,0,0,1.10000002384186,12,20,2.70000004768372,4.5,5.80000019073486,30,48,48.0999984741211,14.546537399292,12481,3321,21141.5,3.27499997615814,2.95000004768372,3.54999995231628,0.512499988079071,0.215000003576279,1.125,6.60988903045654,0,0,0,0,0,0,0,0,0,0,0,0,0.700967729091644,14.0153570175171,25.9180660247803,14.2083330154419,0,0,0,0,0,2.96612906455994,2.1966667175293,0.605483889579773,28651.552734375,34514.88671875,41924.84765625,49615.44140625,56277.109375,59698.36328125,57820.671875,51761.86328125,44221.2265625,36544.1875,29935.5,26687.900390625,NA,NA,NA,NA,NA,NA
9315,52.939,-114.288,957.046691894531,3.2,15.9,-9.2,25.1,548,383,24.1,41.5,145,256,111,122,7.48,1126,1303,5406,39,559,-41.4,33.9,558,13.1,155,117,57,-2.1,-2.9,1.7,9.6,17.1,19.7,22.3,21.8,17,9.2,1.3,-2.8,-13.4,-15.5,-10,-2.7,3,7.3,9.5,8.3,3.7,-2.5,-9.7,-13.6,-7.8,-9.2,-4.2,3.4,10.1,13.5,15.9,15.1,10.3,3.3,-4.2,-8.2,21,20,25,28,64,95,114,63,47,25,29,17,4.2,7.6,12.8,18.4,22.2,22.4,21.7,18.8,13.5,7.9,4.5,3.1,251,259,159,19,0,0,0,0,1,19,156,263,0,0,0,30,165,255,339,314,165,35,0,0,800,758,690,438,239,139,78,100,232,457,666,809,0,0,1,0,1,7,13,11,3,0,2,0,0,0,1,7,24,29,31,31,24,8,1,0,18,20,24,9,2,0,0,1,2,5,22,16,0,0,0,54,97,108,117,98,58,26,0,0,0,0,0,26,33,13,3,35,11,1,0,0,54,49,54,58,56,62,61,59,58,60,56,55,2.1,2,2.35,0.28,-1.03,1.27,1.73,-3.3,-2.52,0.12,2.77,1.7,0.25,0.292800009250641,0.536800026893616,0.510399997234344,0.275200009346008,0.211199998855591,0.284000009298325,0.211199998855591,0.536800026893616,2.18682098388672,1.05382537841797,5.9517822265625,0.820089042186737,11.5517387390137,744.75,39.8899993896484,-0.310000002384186,28.2999992370605,42.2000007629395,14038.5,8940,-49,74,3,5.80000019073486,17.2199993133545,5392.91015625,132.649993896484,132.649993896484,-124.5,3,0.947700023651123,0.0454000011086464,0.00689999992027879,0,0,0,0,0,0,0,0,1.10000002384186,12,20,2.70000004768372,4.5,5.80000019073486,30,48,48.0999984741211,14.546537399292,12481,3321,21141.5,3.27499997615814,2.95000004768372,3.54999995231628,0.512499988079071,0.215000003576279,1.125,6.60988903045654,0,0,0,0,0,0,0,0,0,0,0,0,0.700967729091644,14.0153570175171,25.9180660247803,14.2083330154419,0,0,0,0,0,2.96612906455994,2.1966667175293,0.605483889579773,28651.552734375,34514.88671875,41924.84765625,49615.44140625,56277.109375,59698.36328125,57820.671875,51761.86328125,44221.2265625,36544.1875,29935.5,26687.900390625,NA,NA,NA,NA,NA,NA
9316,53.071,-114.087,849,3.2,16.4,-9.8,26.2,520,356,25.4,46.1,141,256,116,161,3.88,1174,1378,5403,48,616,-41.6,34.4,568,13,158,117,57,-2.8,-3.7,1.1,9.7,17.7,20.3,22.8,22.3,17.3,9.4,0.7,-3.4,-13.8,-15.8,-10.2,-2.5,3.5,7.8,10,8.7,3.9,-2.2,-9.7,-13.8,-8.3,-9.8,-4.6,3.6,10.6,14.1,16.4,15.5,10.6,3.6,-4.5,-8.6,22,20,25,28,57,91,107,59,42,23,29,17,4,7.5,12.6,18.3,22.1,22.4,21.6,18.8,13.5,7.7,4.2,3,262,271,169,18,0,0,0,0,1,17,163,273,0,0,0,33,180,273,354,327,174,38,0,0,815,774,703,432,228,126,66,91,223,448,675,821,0,0,1,0,2,9,17,13,4,0,2,0,0,0,1,7,25,29,31,31,24,9,1,0,20,20,24,8,1,0,0,0,2,4,22,16,0,0,0,54,99,111,119,100,59,26,0,0,0,0,0,26,42,20,12,41,17,3,0,0,55,50,55,58,56,62,61,59,58,60,58,57,2.2,2,2.43,0.26,-1.93,0.65,0.87,-3.89,-3.09,-0.15,2.82,1.7,NA,NA,NA,NA,NA,NA,NA,NA,NA,0,0,0,0.82445901632309,11.406530380249,740.690002441406,41.560001373291,-0.330000013113022,29.1000003814697,41.5099983215332,14878.5,9412.5,-61,84,3,5.59999990463257,35.0699996948242,5395.8701171875,132.190002441406,132.190002441406,-103.5,8,0.00179999996908009,0,0,0,0,0,0,0.998199999332428,0,0,0,NA,NA,7,NA,NA,NA,NA,NA,NA,NA,12437.25,3317,21328,3.27499997615814,2.95000004768372,3.55000019073486,0.542499989271164,0.224999994039536,1.1800000667572,12.1969089508057,0,0,0,0,0,0,0,0,0,0,0,0,0.565806448459625,11.9614286422729,22.2435474395752,9.4593334197998,0,0,0,0,0,2.26709675788879,1.27866661548615,1.25096774101257,28550.474609375,34458.2890625,41916.80078125,49656.6171875,56366.2421875,59816.3359375,57922.3515625,51817.6484375,44227.66796875,36501.38671875,29844.90625,26569.8046875,NA,NA,NA,NA,NA,NA
9317,52.174,-114.643,1003.13397216797,3.1,15.8,-9.6,25.4,564,396,23.2,39.9,150,254,104,139,5.95,1148,1307,5433,37,560,-43.2,34.8,587,13.5,150,120,54,-2.2,-2.9,2.1,10,17.4,20.1,22.6,22.5,17.7,10.2,1.4,-2.9,-14,-16.4,-10.1,-3,2.4,6.8,8.9,7.8,3.3,-2.9,-9.9,-14.8,-8.1,-9.6,-4,3.5,9.9,13.5,15.8,15.2,10.5,3.6,-4.2,-8.8,20,19,29,27,72,115,94,63,52,27,24,22,4.4,8.1,13.2,18.9,22.5,22.9,22.1,19.4,14.2,8.4,4.8,3.4,258,267,153,18,0,0,0,0,1,17,156,278,0,0,0,31,159,255,336,317,171,38,0,0,809,769,684,435,252,139,81,98,226,448,666,827,0,0,0,0,1,7,13,12,4,0,1,0,0,0,1,6,22,29,31,31,23,7,1,0,18,19,27,8,2,0,0,1,2,4,18,21,0,0,0,56,101,113,122,104,62,29,0,0,0,0,0,29,29,0,28,41,10,2,0,0,52,46,53,56,54,59,59,56,55,56,55,51,2,1.9,2.72,0.04,-0.52,2.8,-0.75,-4.07,-2.59,-0.05,2.27,2.2,0.28099998831749,0.481200009584427,0.613200008869171,0.70440000295639,0.214800000190735,0.178100004792213,0.381099998950958,0.178100004792213,0.70440000295639,1.86385345458984,1.56024932861328,6.16741943359375,0.836916744709015,9.71121215820312,740.549987792969,39.2400016784668,-0.310000002384186,26.6499996185303,45.8600006103516,14164.5,8970,-53,74,3,6.67999982833862,17.6599998474121,5260.35009765625,130.770004272461,130.770004272461,-117.25,1,0.0861999988555908,0.598900020122528,0,0.256500005722046,0,0.0581000000238419,0,0,0,0,0.000300000014249235,1.10000002384186,8,21,5.59999990463257,4.40000009536743,6.40000009536743,30,46,54.2999992370605,0.0386705994606018,12636,3406.5,21225,2.92500007152557,2.75,3.25,0.507499992847443,0.224999994039536,1.09500002861023,7.2582688331604,0,68394.3359375,19538.5,0,0,0,0,9772.5,0,0,0,0,6.45612907409668,15.7846431732178,34.8132286071777,28.3850002288818,0.169032260775566,0,0,0,0,3.16741943359375,7.52166652679443,6.67451620101929,29077.9921875,34754.55078125,41958.9765625,49440.921875,55900.625,59201.546875,57391.71484375,51525.640625,44193.9140625,36725.55859375,30318.119140625,27185.232421875,NA,NA,NA,NA,NA,NA
9318,52.635,-114.624,987.030700683594,3.1,15.8,-9.4,25.2,552,384,23.7,41.1,147,256,109,129,7.06,1146,1292,5446,37,550,-42.5,34.2,567,13.3,153,120,56,-2.3,-2.8,1.9,9.7,17,19.7,22.3,22,17.3,9.6,1.2,-2.9,-13.9,-16,-10.2,-2.9,2.7,7,9.2,8.1,3.6,-2.7,-9.8,-14.3,-8.1,-9.4,-4.1,3.4,9.8,13.3,15.8,15.1,10.5,3.4,-4.3,-8.6,21,20,26,28,67,98,110,61,48,26,28,19,4.3,7.9,13,18.6,22.3,22.6,21.8,19,13.9,8.1,4.5,3.3,258,263,156,19,0,0,0,0,1,18,158,273,0,0,0,30,156,249,336,314,171,36,0,0,809,763,687,438,255,144,81,100,226,454,669,821,0,0,1,0,1,6,13,11,4,0,2,0,0,0,1,6,23,29,31,31,24,7,1,0,19,20,25,9,2,0,0,1,2,5,21,18,0,0,0,55,97,109,119,100,60,27,0,0,0,0,0,27,30,11,9,39,12,1,0,0,53,47,53,57,55,61,60,58,57,58,56,53,2.1,2,2.45,0.25,-0.67,1.46,1.21,-3.75,-2.66,0.08,2.68,1.9,0.283600002527237,0.39860001206398,0.554400026798248,0.519999980926514,0.243599995970726,0.168500006198883,0.341100007295609,0.168500006198883,0.554400026798248,5.07872772216797,3.16634368896484,18.0965576171875,0.829568684101105,9.36958789825439,749.200012207031,38.2700004577637,-0.300000011920929,27.1000003814697,44.5999984741211,14028,8895,-44,72,3,6.3899998664856,15.1300001144409,5357.39013671875,132.630004882812,132.630004882812,-121.5,9,0.0143999997526407,0.958199977874756,0,0.00380000006407499,0.0147000001743436,0.00810000021010637,0,0,0,0,0.0007999999797903,1.20000004768372,9,21,4,4.40000009536743,6.09999990463257,29,48,48.4000015258789,0,12456.25,3344.5,21023,3.05000007152557,2.75,3.34999990463257,0.504999995231628,0.215000003576279,1.09500002861023,8.06354236602783,0,0,0,0,0,0,0,0,0,0,0,0,3.35483860969543,13.9771423339844,26.3383865356445,16.5796661376953,0,0,0,0,0,2.92612910270691,4.73666667938232,4.00870990753174,28817.751953125,34608.125,41938.11328125,49547.57421875,56130.46484375,59504.5625,57653.484375,51669.96484375,44210.61328125,36614.72265625,30084.546875,26881.90234375,NA,NA,NA,NA,NA,NA
9319,52.635,-114.624,987.030700683594,3.1,15.8,-9.4,25.2,552,384,23.7,41.1,147,256,109,129,7.06,1146,1292,5446,37,550,-42.5,34.2,567,13.3,153,120,56,-2.3,-2.8,1.9,9.7,17,19.7,22.3,22,17.3,9.6,1.2,-2.9,-13.9,-16,-10.2,-2.9,2.7,7,9.2,8.1,3.6,-2.7,-9.8,-14.3,-8.1,-9.4,-4.1,3.4,9.8,13.3,15.8,15.1,10.5,3.4,-4.3,-8.6,21,20,26,28,67,98,110,61,48,26,28,19,4.3,7.9,13,18.6,22.3,22.6,21.8,19,13.9,8.1,4.5,3.3,258,263,156,19,0,0,0,0,1,18,158,273,0,0,0,30,156,249,336,314,171,36,0,0,809,763,687,438,255,144,81,100,226,454,669,821,0,0,1,0,1,6,13,11,4,0,2,0,0,0,1,6,23,29,31,31,24,7,1,0,19,20,25,9,2,0,0,1,2,5,21,18,0,0,0,55,97,109,119,100,60,27,0,0,0,0,0,27,30,11,9,39,12,1,0,0,53,47,53,57,55,61,60,58,57,58,56,53,2.1,2,2.45,0.25,-0.67,1.46,1.21,-3.75,-2.66,0.08,2.68,1.9,0.283600002527237,0.39860001206398,0.554400026798248,0.519999980926514,0.243599995970726,0.168500006198883,0.341100007295609,0.168500006198883,0.554400026798248,5.07872772216797,3.16634368896484,18.0965576171875,0.829568684101105,9.36958789825439,749.200012207031,38.2700004577637,-0.300000011920929,27.1000003814697,44.5999984741211,14028,8895,-44,72,3,6.3899998664856,15.1300001144409,5357.39013671875,132.630004882812,132.630004882812,-121.5,9,0.0143999997526407,0.958199977874756,0,0.00380000006407499,0.0147000001743436,0.00810000021010637,0,0,0,0,0.0007999999797903,1.20000004768372,9,21,4,4.40000009536743,6.09999990463257,29,48,48.4000015258789,0,12456.25,3344.5,21023,3.05000007152557,2.75,3.34999990463257,0.504999995231628,0.215000003576279,1.09500002861023,8.06354236602783,0,0,0,0,0,0,0,0,0,0,0,0,3.35483860969543,13.9771423339844,26.3383865356445,16.5796661376953,0,0,0,0,0,2.92612910270691,4.73666667938232,4.00870990753174,28817.751953125,34608.125,41938.11328125,49547.57421875,56130.46484375,59504.5625,57653.484375,51669.96484375,44210.61328125,36614.72265625,30084.546875,26881.90234375,NA,NA,NA,NA,NA,NA
9320,53.506,-113.613,674.340148925781,3.1,17.1,-11,28.1,481,330,27.2,51.8,135,258,122,196,-1.15,1330,1486,5475,64,703,-42.6,35,575,12.7,162,108,58,-4.8,-5.3,0.1,9.7,18.6,21.2,23.6,22.9,17.9,9.7,-0.6,-5.1,-15.3,-16.7,-10.8,-2.2,4.2,8.6,10.7,9.3,4.3,-1.7,-9.8,-14.6,-10.1,-11,-5.4,3.7,11.4,14.9,17.1,16.1,11.1,4,-5.2,-9.8,21,19,20,27,49,87,105,53,36,22,26,16,3.8,7.2,12.3,18.1,21.8,22.4,21.5,18.6,13.3,7.5,3.9,2.8,316,311,191,17,0,0,0,0,0,14,180,300,0,0,0,35,202,296,376,345,188,43,0,0,871,808,727,429,210,107,52,77,205,435,696,858,0,0,0,0,4,13,24,18,4,0,1,0,0,0,0,8,26,30,31,31,25,10,1,0,20,19,20,7,1,0,0,0,1,3,21,15,0,0,0,53,102,113,121,101,59,26,0,0,0,0,0,26,53,26,16,48,23,4,0,0,56,52,56,59,56,61,61,59,58,61,62,60,2.1,1.9,2,0.19,-3.03,-0.06,0.38,-4.64,-3.85,-0.34,2.6,1.6,0.121799997985363,0.296400010585785,0.396800011396408,0.312400013208389,0.230000004172325,0.16889999806881,0.263200007379055,0.121799997985363,0.396800011396408,0.961555480957031,0.158271789550781,3.10772705078125,0.819235324859619,11.0856637954712,704.859985351562,43.310001373291,-0.340000003576279,30.5499992370605,40.2599983215332,16317,13239,-87,105,5,4.90000009536743,15.3800001144409,5229.580078125,126.669998168945,126.669998168945,-67.25,37,0.387499988079071,0.0888999998569489,0,0,0.505699992179871,0.0178999993950129,0,0,0,0,0,NA,NA,7,NA,NA,NA,NA,NA,NA,17.7589092254639,12383.25,3234.5,21080.5,3.19999992847443,2.95000004768372,3.44999980926514,0.575000017881393,0.229999989271164,1.25999999046326,59.4034271240234,0,0,0,0,0,0,0,0,0,0,0,0,0.41354838013649,7.37785720825195,12.4899997711182,2.52333331108093,0,0,0,0,0,0.515806496143341,0,0.0548387095332146,28310.544921875,34324.27734375,41897.7734375,49754.07421875,56577.65625,60096.71484375,58163.72265625,51949.734375,44242.89453125,36400.08984375,29630.00390625,26289.12890625,NA,NA,NA,NA,NA,NA
9321,53.506,-113.613,674.340148925781,3.1,17.1,-11,28.1,481,330,27.2,51.8,135,258,122,196,-1.15,1330,1486,5475,64,703,-42.6,35,575,12.7,162,108,58,-4.8,-5.3,0.1,9.7,18.6,21.2,23.6,22.9,17.9,9.7,-0.6,-5.1,-15.3,-16.7,-10.8,-2.2,4.2,8.6,10.7,9.3,4.3,-1.7,-9.8,-14.6,-10.1,-11,-5.4,3.7,11.4,14.9,17.1,16.1,11.1,4,-5.2,-9.8,21,19,20,27,49,87,105,53,36,22,26,16,3.8,7.2,12.3,18.1,21.8,22.4,21.5,18.6,13.3,7.5,3.9,2.8,316,311,191,17,0,0,0,0,0,14,180,300,0,0,0,35,202,296,376,345,188,43,0,0,871,808,727,429,210,107,52,77,205,435,696,858,0,0,0,0,4,13,24,18,4,0,1,0,0,0,0,8,26,30,31,31,25,10,1,0,20,19,20,7,1,0,0,0,1,3,21,15,0,0,0,53,102,113,121,101,59,26,0,0,0,0,0,26,53,26,16,48,23,4,0,0,56,52,56,59,56,61,61,59,58,61,62,60,2.1,1.9,2,0.19,-3.03,-0.06,0.38,-4.64,-3.85,-0.34,2.6,1.6,0.121799997985363,0.296400010585785,0.396800011396408,0.312400013208389,0.230000004172325,0.16889999806881,0.263200007379055,0.121799997985363,0.396800011396408,0.961555480957031,0.158271789550781,3.10772705078125,0.819235324859619,11.0856637954712,704.859985351562,43.310001373291,-0.340000003576279,30.5499992370605,40.2599983215332,16317,13239,-87,105,5,4.90000009536743,15.3800001144409,5229.580078125,126.669998168945,126.669998168945,-67.25,37,0.387499988079071,0.0888999998569489,0,0,0.505699992179871,0.0178999993950129,0,0,0,0,0,NA,NA,7,NA,NA,NA,NA,NA,NA,17.7589092254639,12383.25,3234.5,21080.5,3.19999992847443,2.95000004768372,3.44999980926514,0.575000017881393,0.229999989271164,1.25999999046326,59.4034271240234,0,0,0,0,0,0,0,0,0,0,0,0,0.41354838013649,7.37785720825195,12.4899997711182,2.52333331108093,0,0,0,0,0,0.515806496143341,0,0.0548387095332146,28310.544921875,34324.27734375,41897.7734375,49754.07421875,56577.65625,60096.71484375,58163.72265625,51949.734375,44242.89453125,36400.08984375,29630.00390625,26289.12890625,NA,NA,NA,NA,NA,NA
9322,56.253,-117.288,324.269592285156,2.4,17.5,-13.6,31.1,405,250,30.6,70,140,247,107,333,-17.86,1634,1574,5743,81,780,-45.4,37.2,625,12.6,150,116,51,-8.2,-6.3,0.7,11.1,21.3,23.6,26,25.1,19.8,9.7,-1.8,-6.8,-19,-19.4,-13.3,-3.1,3.8,8.1,9,7.6,2.5,-3.3,-13,-17.3,-13.6,-12.8,-6.3,4,12.6,15.9,17.5,16.4,11.2,3.2,-7.4,-12.1,23,20,17,19,30,72,69,42,37,29,25,22,2.8,6.4,12.4,18.3,21.9,23,22.1,19.1,13.6,6.6,3.1,2,423,361,215,15,0,0,0,0,0,19,223,377,0,0,0,40,240,326,388,354,191,34,0,0,978,858,755,420,178,84,44,71,203,460,761,929,0,0,0,0,7,20,29,20,5,0,0,0,0,0,0,6,25,30,31,30,21,6,0,0,23,20,17,5,0,0,0,0,1,6,23,22,0,0,0,55,113,126,136,110,62,23,0,0,0,0,0,36,83,54,67,68,25,0,0,0,53,46,46,53,48,54,51,49,48,56,54,55,2.3,2,1.7,-1,-6.59,-3.27,-5.49,-7.71,-5.06,0.56,2.5,2.2,0.0685999989509583,0.472799986600876,0.59799998998642,0.519200026988983,0.105999998748302,0.129999995231628,0.301399990916252,0.0685999989509583,0.59799998998642,12.8423767089844,-9.88322448730469,47.7029113769531,0.768779456615448,8.74761390686035,779.559997558594,60.8699989318848,-0.5,36.2999992370605,27.9200000762939,16222.5,10372.5,-137,81,5,2,32.0400009155273,6305.60009765625,148.399993896484,148.399993896484,-46.5,36,0.659500002861023,0.146799996495247,0,0.00120000005699694,0.148900002241135,0.0383000001311302,0,0,0,0,0.00529999984428287,1.10000002384186,15,26,3.40000009536743,4.59999990463257,6.40000009536743,29,39,57.5,11.0886354446411,11330.25,2215.5,21009,3.67499995231628,3.09999990463257,3.70000004768372,0.545000016689301,0.204999998211861,1.24000000953674,52.8835983276367,52816.66796875,44005,0,0,0,0,0,0,0,35277.16796875,194126.328125,0,1.89225804805756,8.08428573608398,13.5277414321899,3.89266657829285,0,0,0,0,0,0.800000011920929,0.0920000001788139,0.576129019260406,26489.23046875,33323.1171875,41756.59375,50479.703125,58174.36328125,62242.4609375,59996.48046875,52936.48046875,44355.86328125,35645.54296875,28006.11328125,24140.96875,NA,NA,NA,NA,NA,NA
9323,56.248,-117.279,471.656219482422,1.9,16.8,-13.4,30.2,418,260,28.5,64.6,142,247,105,286,-11.45,1654,1443,5888,57,677,-45.4,35.8,588,12.3,149,122,53,-8.1,-6.7,-0.3,9.9,19.9,22.3,24.6,23.7,18.6,8.9,-2.4,-6.8,-18.6,-19,-13.3,-3.4,3.4,7.8,8.9,7.5,2.5,-3.2,-13,-17.1,-13.4,-12.8,-6.8,3.2,11.6,15.1,16.8,15.6,10.6,2.9,-7.7,-12,23,20,19,20,32,74,71,44,39,29,25,22,2.8,6.4,12.1,18,21.6,22.7,21.6,18.5,13,6.5,3,2,417,361,228,20,0,0,0,0,1,22,232,374,0,0,0,31,208,302,367,330,174,31,0,0,972,858,771,444,205,102,58,89,223,470,770,926,0,0,0,0,4,14,21,14,4,0,0,0,0,0,0,5,25,29,31,30,21,6,0,0,23,20,19,7,0,0,0,0,2,6,23,22,0,0,0,52,106,119,128,103,58,22,0,0,0,0,0,32,74,45,57,59,19,0,0,0,55,48,48,55,50,56,54,52,51,58,56,56,2.3,2,1.9,-0.44,-5.6,-2.23,-4.2,-6.47,-4.18,0.79,2.5,2.2,0.103399999439716,0.435999989509583,0.603200018405914,0.51800000667572,0.129700005054474,0.129099994897842,0.282849997282028,0.103399999439716,0.603200018405914,22.7332649230957,19.1365547180176,70.1291198730469,0.752933502197266,7.31691837310791,750.049987792969,58.3800010681152,-0.469999998807907,35.4500007629395,29.1499996185303,15319.5,9862.5,-136,77,4,1.94000005722046,30.6499996185303,6074.60009765625,143.199996948242,143.199996948242,-68.75,37,0.76529997587204,0.17960000038147,0,0,0.0206000003963709,0.0274000000208616,0,0,0,0,0.0071000000461936,1.10000002384186,16,28,2.90000009536743,4.5,6.30000019073486,29,38,51.4000015258789,0,11311.25,2221.5,21001,3.72500002384186,3.15000009536743,3.80000019073486,0.525000020861626,0.194999992847443,1.20500004291534,50.0021286010742,0,0,0,1038539.3125,17754.833984375,0,0,0,0,0,0,0,1.98903226852417,9.56928539276123,15.8441934585571,5.16966676712036,0,0,0,0,0,0.935161292552948,0.123666666448116,0.555806457996368,26489.23046875,33323.1171875,41756.59375,50479.703125,58174.36328125,62242.4609375,59996.48046875,52936.48046875,44355.86328125,35645.54296875,28006.11328125,24140.96875,NA,NA,NA,NA,NA,NA
9324,56.095,-117.572,320.432556152344,2.5,17.6,-12.6,30.2,385,237,32.5,74.3,136,255,119,304,-13.25,1582,1566,5695,80,774,-45.4,36.1,582,12.4,158,111,56,-7.5,-6.7,-0.1,10.1,20,22.5,24.7,23.9,18.7,9.3,-2.5,-7,-17.7,-18.2,-12.3,-2.6,4.3,9,10.4,8.9,3.9,-2.2,-12.3,-16.9,-12.6,-12.4,-6.2,3.8,12.2,15.8,17.6,16.4,11.3,3.6,-7.4,-11.9,22,18,19,19,29,70,65,40,33,25,24,21,2.9,6.3,11.9,17.8,21.9,22.4,21.6,18.5,13.2,6.6,3.1,2,393,349,212,16,0,0,0,0,0,17,223,371,0,0,0,37,228,323,391,354,194,38,0,0,947,847,752,426,189,86,43,71,201,448,761,923,0,0,0,0,6,19,31,20,5,0,0,0,0,0,0,7,26,30,31,31,24,9,0,0,22,18,19,5,0,0,0,0,1,4,22,21,0,0,0,52,106,117,125,102,58,22,0,0,0,0,0,33,77,47,60,62,25,0,0,0,56,51,51,57,52,59,58,56,54,61,59,57,2.2,1.8,1.9,-0.64,-5.65,-2.32,-4.29,-6.51,-4.46,0.22,2.4,2.1,NA,NA,NA,NA,NA,NA,NA,NA,NA,6.36435699462891,-5.28993988037109,16.2957763671875,0.786151587963104,12.4935350418091,750.530029296875,58.8300018310547,-0.479999989271164,35.4000015258789,29.6800003051758,16548,10462.5,-132,91,5,2.48000001907349,32.0299987792969,5974.81005859375,141,141,-46,9,0.308800011873245,0.23479999601841,0,0.012699999846518,0.0144999995827675,0.0156999994069338,0,0.409299999475479,0,0,0.00419999985024333,1.10000002384186,13,20,2.90000009536743,4.90000009536743,6.40000009536743,27,40,39.0999984741211,6.70307970046997,11326.75,2216,21017.5,3.69999980926514,3.09999990463257,3.70000004768372,0.5625,0.215000003576279,1.25,0,0,0,0,71017,0,0,0,0,0,0,0,0,1.97806441783905,7.92357158660889,13.2938709259033,3.72399997711182,0,0,0,0,0,1.44193553924561,0.15366667509079,0.70354837179184,26572.0625,33367.99609375,41762.8828125,50447.26953125,58102.08203125,62144.140625,59913.10546875,52892.25,44350.83203125,35679.27734375,28079.66015625,24239.40625,NA,NA,NA,NA,NA,NA
9325,53.987,-113.319,656.759887695312,2.7,17,-11.7,28.7,481,322,26.4,52.8,138,257,119,194,-0.36,1438,1456,5622,59,683,-43.9,34.9,569,12.6,160,115,58,-5.6,-5.9,-0.2,9.4,18.5,21.1,23.4,22.7,17.7,9.2,-1.3,-5.8,-16.4,-17.5,-11.3,-2.5,3.9,8.4,10.6,9.1,4.1,-1.9,-10.3,-15.6,-11,-11.7,-5.8,3.5,11.2,14.8,17,15.9,10.9,3.6,-5.8,-10.7,23,20,20,28,44,92,103,50,33,25,26,17,3.6,7.1,12.2,18,21.7,22.3,21.4,18.4,13.1,7.3,3.7,2.6,343,330,202,18,0,0,0,0,0,17,193,334,0,0,0,34,197,293,373,339,183,38,0,0,898,828,740,435,215,109,54,82,214,448,714,886,0,0,0,0,4,12,23,16,4,0,0,0,0,0,0,7,26,30,31,31,25,9,1,0,22,20,20,8,1,0,0,0,1,4,22,17,0,0,0,52,102,113,120,99,58,25,0,0,0,0,0,24,58,21,17,49,25,0,0,0,54,51,55,59,55,61,62,59,58,62,63,58,2.3,2,2,0.42,-3.51,0.48,0.34,-4.81,-4.05,0.16,2.6,1.7,0.145699992775917,0.283199995756149,0.361400008201599,0.357800006866455,0.229200005531311,0.205599993467331,0.25620000064373,0.145699992775917,0.361400008201599,2.78466033935547,-1.66254425048828,8.4796142578125,0.81816577911377,9.53772068023682,707.739990234375,44.4099998474121,-0.340000003576279,31.25,39.25,15739.5,9990,-96,99,4,4.03000020980835,31.7199993133545,5412.14013671875,129.699996948242,129.699996948242,-70.75,3,0.604700028896332,0.375800013542175,0,0.00120000005699694,0,0.0094999996945262,0,0,0,0,0.00879999995231628,1.10000002384186,8,23,3.59999990463257,4,6.30000019073486,41,34,46.9000015258789,9.15375137329102,12343.5,3101.5,21285.5,3.22500002384186,2.95000004768372,3.44999980926514,0.572500005364418,0.229999989271164,1.26499998569489,7.96717643737793,0,0,0,0,0,0,0,0,0,0,0,0,0.458064526319504,3.69821429252625,10.5067739486694,3.04633331298828,0,0,0,0,0,0.159354835748672,0,0.0306451618671417,27993.306640625,34147.80859375,41872.76171875,49882.2890625,56856.83203125,60468.1953125,58482.890625,52123.6640625,44262.91015625,36266.8046875,29346.1875,25917.25,NA,NA,NA,NA,NA,NA
9326,53.494,-114.176,735.792297363281,3.2,16.8,-10.1,26.9,533,356,24.8,47.2,135,258,123,148,5.83,1227,1435,5411,56,661,-41.7,34.5,561,12.7,163,125,59,-3.7,-4.4,0.7,9.5,18.1,20.5,23,22.4,17.5,9.1,-0.4,-4.3,-14.2,-15.8,-10.2,-2.1,4.1,8.3,10.5,9.2,4.3,-1.6,-9.4,-13.9,-8.9,-10.1,-4.8,3.7,11.1,14.4,16.8,15.8,10.9,3.8,-4.9,-9.1,21,21,26,32,50,91,116,59,40,25,32,20,3.9,7.1,12.3,18,21.9,22.3,21.4,18.4,13.3,7.4,4,2.9,276,286,175,17,0,0,0,0,0,16,173,285,0,0,0,34,194,281,367,336,183,40,0,0,834,783,709,429,217,119,58,84,214,442,687,836,0,0,1,0,3,10,21,15,4,0,1,0,0,0,1,8,26,30,31,31,25,10,1,0,19,21,25,9,1,0,0,0,1,4,25,19,0,0,0,52,100,110,118,98,58,25,0,0,0,0,0,20,50,19,2,39,18,0,0,0,56,53,56,60,57,62,62,60,59,63,63,59,2.1,2.1,2.56,0.74,-2.67,0.74,1.87,-3.71,-3.24,0.16,3.19,2,0.270399987697601,0.374399989843369,0.507200002670288,0.447200000286102,0.0939999967813492,0.320199996232986,0.347299993038177,0.0939999967813492,0.507200002670288,4.97917175292969,-0.450149536132812,18.1057739257812,0.811837732791901,9.71339797973633,731.330017089844,41.9000015258789,-0.319999992847443,29.75,41.9199981689453,15424.5,9727.5,-74,90,4,5.28999996185303,34.189998626709,5399.47998046875,131.380004882812,131.380004882812,-88.25,9,0.691999971866608,0.280400007963181,0,0,0.000899999984540045,0.000899999984540045,0,0.0136000001803041,0.0121999997645617,0,0,1.10000002384186,8,17,4.19999980926514,5,6.19999980926514,33,46,52.2000007629395,16.5778427124023,12362.75,3125,21230,3.22500002384186,2.90000009536743,3.5,0.565000012516975,0.239999994635582,1.21000003814697,10.9379959106445,0,0,0,0,0,0,0,0,0,0,0,0,0.37064516544342,5.68321418762207,11.1425809860229,1.90400004386902,0,0,0,0,0,0.675161242485046,0.0806666687130928,0.01290322560817,28310.544921875,34324.27734375,41897.7734375,49754.07421875,56577.65625,60096.71484375,58163.72265625,51949.734375,44242.89453125,36400.08984375,29630.00390625,26289.12890625,NA,NA,NA,NA,NA,NA
9327,52.635,-114.624,987.030700683594,3.1,15.8,-9.4,25.2,552,384,23.7,41.1,147,256,109,129,7.06,1146,1292,5446,37,550,-42.5,34.2,567,13.3,153,120,56,-2.3,-2.8,1.9,9.7,17,19.7,22.3,22,17.3,9.6,1.2,-2.9,-13.9,-16,-10.2,-2.9,2.7,7,9.2,8.1,3.6,-2.7,-9.8,-14.3,-8.1,-9.4,-4.1,3.4,9.8,13.3,15.8,15.1,10.5,3.4,-4.3,-8.6,21,20,26,28,67,98,110,61,48,26,28,19,4.3,7.9,13,18.6,22.3,22.6,21.8,19,13.9,8.1,4.5,3.3,258,263,156,19,0,0,0,0,1,18,158,273,0,0,0,30,156,249,336,314,171,36,0,0,809,763,687,438,255,144,81,100,226,454,669,821,0,0,1,0,1,6,13,11,4,0,2,0,0,0,1,6,23,29,31,31,24,7,1,0,19,20,25,9,2,0,0,1,2,5,21,18,0,0,0,55,97,109,119,100,60,27,0,0,0,0,0,27,30,11,9,39,12,1,0,0,53,47,53,57,55,61,60,58,57,58,56,53,2.1,2,2.45,0.25,-0.67,1.46,1.21,-3.75,-2.66,0.08,2.68,1.9,0.283600002527237,0.39860001206398,0.554400026798248,0.519999980926514,0.243599995970726,0.168500006198883,0.341100007295609,0.168500006198883,0.554400026798248,5.07872772216797,3.16634368896484,18.0965576171875,0.829568684101105,9.36958789825439,749.200012207031,38.2700004577637,-0.300000011920929,27.1000003814697,44.5999984741211,14028,8895,-44,72,3,6.3899998664856,15.1300001144409,5357.39013671875,132.630004882812,132.630004882812,-121.5,9,0.0143999997526407,0.958199977874756,0,0.00380000006407499,0.0147000001743436,0.00810000021010637,0,0,0,0,0.0007999999797903,1.20000004768372,9,21,4,4.40000009536743,6.09999990463257,29,48,48.4000015258789,0,12456.25,3344.5,21023,3.05000007152557,2.75,3.34999990463257,0.504999995231628,0.215000003576279,1.09500002861023,8.06354236602783,0,0,0,0,0,0,0,0,0,0,0,0,3.35483860969543,13.9771423339844,26.3383865356445,16.5796661376953,0,0,0,0,0,2.92612910270691,4.73666667938232,4.00870990753174,28817.751953125,34608.125,41938.11328125,49547.57421875,56130.46484375,59504.5625,57653.484375,51669.96484375,44210.61328125,36614.72265625,30084.546875,26881.90234375,NA,NA,NA,NA,NA,NA
9328,53.623,-113.958,733.568969726562,3.1,16.9,-10.4,27.3,518,347,25.3,48.7,135,258,123,161,3.78,1265,1444,5439,57,669,-42.1,34.5,563,12.7,162,121,59,-4,-4.7,0.5,9.5,18.2,20.7,23.2,22.5,17.6,9.3,-0.5,-4.6,-14.6,-16.1,-10.4,-2.1,4.1,8.3,10.5,9.2,4.3,-1.7,-9.6,-14.2,-9.3,-10.4,-5,3.7,11.1,14.5,16.9,15.8,11,3.8,-5,-9.4,22,21,24,31,49,91,112,56,39,24,30,19,3.8,7.2,12.3,17.9,21.9,22.3,21.5,18.4,13.3,7.4,3.9,2.8,291,294,180,17,0,0,0,0,0,16,175,292,0,0,0,34,194,284,370,336,186,40,0,0,846,791,715,429,217,117,56,84,207,442,690,846,0,0,0,0,3,11,22,15,4,0,1,0,0,0,1,8,26,30,31,31,25,10,1,0,20,21,23,9,1,0,0,0,1,3,24,18,0,0,0,52,100,111,119,98,58,25,0,0,0,0,0,21,51,20,7,42,19,1,0,0,56,52,56,60,56,62,62,60,58,62,63,59,2.2,2.1,2.39,0.64,-2.84,0.59,1.3,-4.09,-3.41,-0.01,3,1.9,NA,NA,NA,NA,NA,NA,NA,NA,NA,3.16096496582031,1.71795654296875,11.1260986328125,0.823332667350769,14.9893016815186,712.659973144531,41.7400016784668,-0.319999992847443,30.2999992370605,41.7900009155273,15708,10642.5,-84,97,5,5.01000022888184,33.0699996948242,5293.4501953125,128.410003662109,128.410003662109,-78.5,21,0.747399985790253,0.0200999993830919,0,0,0.00300000002607703,0.00150000001303852,0,0.216399997472763,0,0,0.0115999998524785,1.10000002384186,10,14,4.5,4.5,6.19999980926514,40,36,52.2999992370605,12.8520612716675,12370,3139.5,21264,3.25,2.95000004768372,3.5,0.560000017285347,0.229999989271164,1.2150000333786,28.9999752044678,0,0,0,37898.33203125,0,0,0,0,0,0,0,0,0.419032245874405,5.9582142829895,12.2367744445801,2.49166679382324,0,0,0,0,0,0.443870961666107,0.0560000017285347,0.0258064512163401,28240.916015625,34285.47265625,41892.26953125,49782.27734375,56638.96484375,60178.171875,58233.7734375,51987.98046875,44247.30078125,36370.76953125,29567.6796875,26207.58203125,NA,NA,NA,NA,NA,NA
9329,53.616,-114.074,741.58154296875,3.2,16.8,-10.1,26.9,530,353,24.9,47.6,135,258,123,150,5.72,1230,1434,5417,56,661,-41.7,34.3,560,12.7,163,125,59,-3.8,-4.4,0.7,9.4,18,20.5,23,22.3,17.5,9,-0.4,-4.3,-14.2,-15.8,-10.2,-2.1,4.1,8.3,10.5,9.2,4.3,-1.6,-9.4,-13.9,-9,-10.1,-4.8,3.7,11.1,14.4,16.8,15.8,10.9,3.7,-4.9,-9.1,22,21,25,32,49,92,115,58,39,25,32,20,3.8,7.1,12.3,17.8,21.9,22.3,21.5,18.5,13.3,7.4,3.9,2.9,278,286,175,17,0,0,0,0,0,16,173,285,0,0,0,34,194,281,367,336,183,39,0,0,837,783,709,429,217,119,58,84,214,445,687,836,0,0,1,0,3,10,21,15,4,0,1,0,0,0,1,8,26,30,31,31,25,10,1,0,20,21,24,9,1,0,0,0,1,4,25,19,0,0,0,52,99,110,118,98,58,25,0,0,0,0,0,20,50,18,3,40,19,0,0,0,56,53,56,61,57,62,62,60,59,64,63,59,2.2,2.1,2.46,0.78,-2.71,0.83,1.76,-3.73,-3.35,0.19,3.19,2,NA,NA,NA,NA,NA,NA,NA,NA,NA,8.71575164794922,-5.77127838134766,35.4414672851562,0.819908201694489,8.31928539276123,716.150024414062,40.8499984741211,-0.310000002384186,30,42.4000015258789,15382.5,9705,-81,93,4,5.09999990463257,33.25,5315.56005859375,129.169998168945,129.169998168945,-87,8,0.830200016498566,0.107100002467632,0,0,0.00300000002607703,0.0221999995410442,0,0.034000001847744,0,0,0.00350000010803342,1.10000002384186,11,19,3.79999995231628,4.5,6.09999990463257,38,41,55.9000015258789,17.0971946716309,12353.5,3123.5,21246.5,3.27500009536743,2.95000004768372,3.5,0.560000017285347,0.234999999403954,1.20000004768372,16.036075592041,0,0,0,9460.8330078125,0,0,0,0,0,0,0,0,0.416129022836685,5.53857135772705,12.0877418518066,2.44233322143555,0,0,0,0,0,0.464838683605194,0.0539999976754189,0.0174193549901247,28240.916015625,34285.47265625,41892.26953125,49782.27734375,56638.96484375,60178.171875,58233.7734375,51987.98046875,44247.30078125,36370.76953125,29567.6796875,26207.58203125,NA,NA,NA,NA,NA,NA
9330,53.494,-114.176,735.792297363281,3.2,16.8,-10.1,26.9,533,356,24.8,47.2,135,258,123,148,5.83,1227,1435,5411,56,661,-41.7,34.5,561,12.7,163,125,59,-3.7,-4.4,0.7,9.5,18.1,20.5,23,22.4,17.5,9.1,-0.4,-4.3,-14.2,-15.8,-10.2,-2.1,4.1,8.3,10.5,9.2,4.3,-1.6,-9.4,-13.9,-8.9,-10.1,-4.8,3.7,11.1,14.4,16.8,15.8,10.9,3.8,-4.9,-9.1,21,21,26,32,50,91,116,59,40,25,32,20,3.9,7.1,12.3,18,21.9,22.3,21.4,18.4,13.3,7.4,4,2.9,276,286,175,17,0,0,0,0,0,16,173,285,0,0,0,34,194,281,367,336,183,40,0,0,834,783,709,429,217,119,58,84,214,442,687,836,0,0,1,0,3,10,21,15,4,0,1,0,0,0,1,8,26,30,31,31,25,10,1,0,19,21,25,9,1,0,0,0,1,4,25,19,0,0,0,52,100,110,118,98,58,25,0,0,0,0,0,20,50,19,2,39,18,0,0,0,56,53,56,60,57,62,62,60,59,63,63,59,2.1,2.1,2.56,0.74,-2.67,0.74,1.87,-3.71,-3.24,0.16,3.19,2,0.270399987697601,0.374399989843369,0.507200002670288,0.447200000286102,0.0939999967813492,0.320199996232986,0.347299993038177,0.0939999967813492,0.507200002670288,4.97917175292969,-0.450149536132812,18.1057739257812,0.811837732791901,9.71339797973633,731.330017089844,41.9000015258789,-0.319999992847443,29.75,41.9199981689453,15424.5,9727.5,-74,90,4,5.28999996185303,34.189998626709,5399.47998046875,131.380004882812,131.380004882812,-88.25,9,0.691999971866608,0.280400007963181,0,0,0.000899999984540045,0.000899999984540045,0,0.0136000001803041,0.0121999997645617,0,0,1.10000002384186,8,17,4.19999980926514,5,6.19999980926514,33,46,52.2000007629395,16.5778427124023,12362.75,3125,21230,3.22500002384186,2.90000009536743,3.5,0.565000012516975,0.239999994635582,1.21000003814697,10.9379959106445,0,0,0,0,0,0,0,0,0,0,0,0,0.37064516544342,5.68321418762207,11.1425809860229,1.90400004386902,0,0,0,0,0,0.675161242485046,0.0806666687130928,0.01290322560817,28310.544921875,34324.27734375,41897.7734375,49754.07421875,56577.65625,60096.71484375,58163.72265625,51949.734375,44242.89453125,36400.08984375,29630.00390625,26289.12890625,NA,NA,NA,NA,NA,NA
9331,53.071,-114.078,855.8798828125,3.2,16.4,-9.8,26.2,520,356,25.4,46.1,142,257,115,161,3.84,1171,1375,5402,48,615,-41.6,34.4,568,13,158,117,58,-2.8,-3.7,1.1,9.7,17.7,20.3,22.8,22.3,17.3,9.3,0.7,-3.4,-13.7,-15.8,-10.2,-2.5,3.4,7.8,9.9,8.7,3.9,-2.2,-9.7,-13.8,-8.2,-9.8,-4.6,3.6,10.5,14.1,16.4,15.5,10.6,3.6,-4.5,-8.6,22,20,25,28,57,91,107,59,42,23,29,17,4.1,7.5,12.6,18.3,22.1,22.4,21.6,18.8,13.5,7.7,4.2,3,260,271,169,18,0,0,0,0,1,17,163,273,0,0,0,33,177,273,354,327,174,38,0,0,812,774,703,432,231,126,66,91,223,448,675,821,0,0,1,0,2,9,17,13,4,0,2,0,0,0,1,7,25,29,31,31,24,9,1,0,20,20,24,8,1,0,0,0,2,4,22,16,0,0,0,54,99,111,119,100,59,26,0,0,0,0,0,26,42,20,12,41,17,3,0,0,55,50,55,58,56,62,61,59,58,61,58,57,2.2,2,2.43,0.26,-1.95,0.64,0.83,-3.89,-3.09,-0.11,2.82,1.7,NA,NA,NA,NA,NA,NA,NA,NA,NA,5.25833892822266,-0.213127136230469,15.0341796875,0.802113771438599,11.5524969100952,740.409973144531,41.5400009155273,-0.330000013113022,29.2000007629395,41.4300003051758,14868,9412.5,-62,84,3,5.57000017166138,35.0699996948242,5397.52001953125,132.190002441406,132.190002441406,-103,8,0.558799982070923,0.000300000014249235,0,0,0.0119000002741814,0.0111999996006489,0,0.417800009250641,0,0,0,NA,NA,11,NA,NA,NA,NA,NA,NA,16.0740356445312,12434.25,3310.5,21327.5,3.27499997615814,2.95000004768372,3.55000019073486,0.537499994039536,0.219999998807907,1.1800000667572,12.2970237731934,0,0,0,0,0,0,0,0,0,0,0,0,0.565806448459625,11.9614286422729,22.2435474395752,9.4593334197998,0,0,0,0,0,2.26709675788879,1.27866661548615,1.25096774101257,28550.474609375,34458.2890625,41916.80078125,49656.6171875,56366.2421875,59816.3359375,57922.3515625,51817.6484375,44227.66796875,36501.38671875,29844.90625,26569.8046875,NA,NA,NA,NA,NA,NA
9332,54.963,-112.01,569.45361328125,1.8,16.9,-13.2,30.1,437,301,27,56.1,143,253,110,194,-1.92,1635,1373,5933,51,629,-45.3,34.3,544,12.2,154,102,58,-7.7,-6.9,-0.5,8.6,17.9,20.7,23.2,22.1,16.7,7.7,-2.7,-7.5,-18.6,-18.8,-12.1,-3.6,3.2,8.1,10.5,8.8,3.6,-2.1,-11.3,-17,-13.2,-12.9,-6.3,2.5,10.5,14.4,16.9,15.5,10.2,2.8,-7,-12.2,21,15,16,28,33,96,91,49,32,25,17,14,3.2,6.7,12.1,17.8,21.3,22.1,21.1,17.9,12.5,6.6,3.3,2.3,411,363,215,26,0,0,0,0,1,23,216,380,0,0,0,26,177,281,370,327,162,30,0,0,966,861,755,465,231,119,56,91,235,473,749,932,0,0,0,0,3,10,22,13,3,0,0,0,0,0,0,5,24,30,31,31,24,9,1,0,21,15,16,12,1,0,0,0,2,6,15,14,0,0,0,49,98,110,117,95,54,21,0,0,0,0,0,21,65,14,26,46,22,0,0,0,53,50,53,58,55,61,62,60,59,66,64,59,2.1,1.5,1.6,0.8,-4.28,1.18,-0.63,-4.41,-3.57,0.68,1.7,1.4,0.281800001859665,0.300799995660782,0.391999989748001,0.308999985456467,0.238399997353554,0.238800004124641,0.291299998760223,0.238399997353554,0.391999989748001,5.72837829589844,1.97227478027344,18.1281127929688,0.781388103961945,9.48191165924072,695.309997558594,44.1699981689453,-0.340000003576279,32.8499984741211,36.9700012207031,15004.5,9637.5,-109,95,4,2.54999995231628,30.6000003814697,5482.39990234375,129.520004272461,129.520004272461,-80.75,0,0.887899994850159,0.107500001788139,0,0,0,0.00460000010207295,0,0,0,0,0,1.10000002384186,11,12,2.09999990463257,3.59999990463257,6,58,29,38,16.6524829864502,12020,2746.5,21434,3.34999990463257,3.09999990463257,3.55000019073486,0.552500009536743,0.204999998211861,1.26499998569489,0,0,0,0,0,0,0,0,0,0,0,585831.5,27453.833984375,3.34322571754456,6.01535701751709,12.3729028701782,3.21133327484131,0,0,0,0,0,0.152903228998184,0.0286666676402092,0.390000015497208,27365.119140625,33800.90234375,41823.74609375,50133.95703125,57408.3671875,61206.48828125,59114.97265625,52465.578125,44302.1328125,36005.1328125,28785.34375,25178.13671875,NA,NA,NA,NA,NA,NA
9333,54.963,-112.01,569.45361328125,1.8,16.9,-13.2,30.1,437,301,27,56.1,143,253,110,194,-1.92,1635,1373,5933,51,629,-45.3,34.3,544,12.2,154,102,58,-7.7,-6.9,-0.5,8.6,17.9,20.7,23.2,22.1,16.7,7.7,-2.7,-7.5,-18.6,-18.8,-12.1,-3.6,3.2,8.1,10.5,8.8,3.6,-2.1,-11.3,-17,-13.2,-12.9,-6.3,2.5,10.5,14.4,16.9,15.5,10.2,2.8,-7,-12.2,21,15,16,28,33,96,91,49,32,25,17,14,3.2,6.7,12.1,17.8,21.3,22.1,21.1,17.9,12.5,6.6,3.3,2.3,411,363,215,26,0,0,0,0,1,23,216,380,0,0,0,26,177,281,370,327,162,30,0,0,966,861,755,465,231,119,56,91,235,473,749,932,0,0,0,0,3,10,22,13,3,0,0,0,0,0,0,5,24,30,31,31,24,9,1,0,21,15,16,12,1,0,0,0,2,6,15,14,0,0,0,49,98,110,117,95,54,21,0,0,0,0,0,21,65,14,26,46,22,0,0,0,53,50,53,58,55,61,62,60,59,66,64,59,2.1,1.5,1.6,0.8,-4.28,1.18,-0.63,-4.41,-3.57,0.68,1.7,1.4,0.281800001859665,0.300799995660782,0.391999989748001,0.308999985456467,0.238399997353554,0.238800004124641,0.291299998760223,0.238399997353554,0.391999989748001,5.72837829589844,1.97227478027344,18.1281127929688,0.781388103961945,9.48191165924072,695.309997558594,44.1699981689453,-0.340000003576279,32.8499984741211,36.9700012207031,15004.5,9637.5,-109,95,4,2.54999995231628,30.6000003814697,5482.39990234375,129.520004272461,129.520004272461,-80.75,0,0.887899994850159,0.107500001788139,0,0,0,0.00460000010207295,0,0,0,0,0,1.10000002384186,11,12,2.09999990463257,3.59999990463257,6,58,29,38,16.6524829864502,12020,2746.5,21434,3.34999990463257,3.09999990463257,3.55000019073486,0.552500009536743,0.204999998211861,1.26499998569489,0,0,0,0,0,0,0,0,0,0,0,585831.5,27453.833984375,3.34322571754456,6.01535701751709,12.3729028701782,3.21133327484131,0,0,0,0,0,0.152903228998184,0.0286666676402092,0.390000015497208,27365.119140625,33800.90234375,41823.74609375,50133.95703125,57408.3671875,61206.48828125,59114.97265625,52465.578125,44302.1328125,36005.1328125,28785.34375,25178.13671875,NA,NA,NA,NA,NA,NA
9334,54.963,-112.01,569.45361328125,1.8,16.9,-13.2,30.1,437,301,27,56.1,143,253,110,194,-1.92,1635,1373,5933,51,629,-45.3,34.3,544,12.2,154,102,58,-7.7,-6.9,-0.5,8.6,17.9,20.7,23.2,22.1,16.7,7.7,-2.7,-7.5,-18.6,-18.8,-12.1,-3.6,3.2,8.1,10.5,8.8,3.6,-2.1,-11.3,-17,-13.2,-12.9,-6.3,2.5,10.5,14.4,16.9,15.5,10.2,2.8,-7,-12.2,21,15,16,28,33,96,91,49,32,25,17,14,3.2,6.7,12.1,17.8,21.3,22.1,21.1,17.9,12.5,6.6,3.3,2.3,411,363,215,26,0,0,0,0,1,23,216,380,0,0,0,26,177,281,370,327,162,30,0,0,966,861,755,465,231,119,56,91,235,473,749,932,0,0,0,0,3,10,22,13,3,0,0,0,0,0,0,5,24,30,31,31,24,9,1,0,21,15,16,12,1,0,0,0,2,6,15,14,0,0,0,49,98,110,117,95,54,21,0,0,0,0,0,21,65,14,26,46,22,0,0,0,53,50,53,58,55,61,62,60,59,66,64,59,2.1,1.5,1.6,0.8,-4.28,1.18,-0.63,-4.41,-3.57,0.68,1.7,1.4,0.281800001859665,0.300799995660782,0.391999989748001,0.308999985456467,0.238399997353554,0.238800004124641,0.291299998760223,0.238399997353554,0.391999989748001,5.72837829589844,1.97227478027344,18.1281127929688,0.781388103961945,9.48191165924072,695.309997558594,44.1699981689453,-0.340000003576279,32.8499984741211,36.9700012207031,15004.5,9637.5,-109,95,4,2.54999995231628,30.6000003814697,5482.39990234375,129.520004272461,129.520004272461,-80.75,0,0.887899994850159,0.107500001788139,0,0,0,0.00460000010207295,0,0,0,0,0,1.10000002384186,11,12,2.09999990463257,3.59999990463257,6,58,29,38,16.6524829864502,12020,2746.5,21434,3.34999990463257,3.09999990463257,3.55000019073486,0.552500009536743,0.204999998211861,1.26499998569489,0,0,0,0,0,0,0,0,0,0,0,585831.5,27453.833984375,3.34322571754456,6.01535701751709,12.3729028701782,3.21133327484131,0,0,0,0,0,0.152903228998184,0.0286666676402092,0.390000015497208,27365.119140625,33800.90234375,41823.74609375,50133.95703125,57408.3671875,61206.48828125,59114.97265625,52465.578125,44302.1328125,36005.1328125,28785.34375,25178.13671875,NA,NA,NA,NA,NA,NA
9335,54.963,-112.01,569.45361328125,1.8,16.9,-13.2,30.1,437,301,27,56.1,143,253,110,194,-1.92,1635,1373,5933,51,629,-45.3,34.3,544,12.2,154,102,58,-7.7,-6.9,-0.5,8.6,17.9,20.7,23.2,22.1,16.7,7.7,-2.7,-7.5,-18.6,-18.8,-12.1,-3.6,3.2,8.1,10.5,8.8,3.6,-2.1,-11.3,-17,-13.2,-12.9,-6.3,2.5,10.5,14.4,16.9,15.5,10.2,2.8,-7,-12.2,21,15,16,28,33,96,91,49,32,25,17,14,3.2,6.7,12.1,17.8,21.3,22.1,21.1,17.9,12.5,6.6,3.3,2.3,411,363,215,26,0,0,0,0,1,23,216,380,0,0,0,26,177,281,370,327,162,30,0,0,966,861,755,465,231,119,56,91,235,473,749,932,0,0,0,0,3,10,22,13,3,0,0,0,0,0,0,5,24,30,31,31,24,9,1,0,21,15,16,12,1,0,0,0,2,6,15,14,0,0,0,49,98,110,117,95,54,21,0,0,0,0,0,21,65,14,26,46,22,0,0,0,53,50,53,58,55,61,62,60,59,66,64,59,2.1,1.5,1.6,0.8,-4.28,1.18,-0.63,-4.41,-3.57,0.68,1.7,1.4,0.281800001859665,0.300799995660782,0.391999989748001,0.308999985456467,0.238399997353554,0.238800004124641,0.291299998760223,0.238399997353554,0.391999989748001,5.72837829589844,1.97227478027344,18.1281127929688,0.781388103961945,9.48191165924072,695.309997558594,44.1699981689453,-0.340000003576279,32.8499984741211,36.9700012207031,15004.5,9637.5,-109,95,4,2.54999995231628,30.6000003814697,5482.39990234375,129.520004272461,129.520004272461,-80.75,0,0.887899994850159,0.107500001788139,0,0,0,0.00460000010207295,0,0,0,0,0,1.10000002384186,11,12,2.09999990463257,3.59999990463257,6,58,29,38,16.6524829864502,12020,2746.5,21434,3.34999990463257,3.09999990463257,3.55000019073486,0.552500009536743,0.204999998211861,1.26499998569489,0,0,0,0,0,0,0,0,0,0,0,585831.5,27453.833984375,3.34322571754456,6.01535701751709,12.3729028701782,3.21133327484131,0,0,0,0,0,0.152903228998184,0.0286666676402092,0.390000015497208,27365.119140625,33800.90234375,41823.74609375,50133.95703125,57408.3671875,61206.48828125,59114.97265625,52465.578125,44302.1328125,36005.1328125,28785.34375,25178.13671875,NA,NA,NA,NA,NA,NA
9336,53.052,-114.74,988.86181640625,3.4,15.9,-8.9,24.8,590,413,22.7,38.5,144,257,114,88,11.42,1079,1313,5327,39,562,-40.8,33.7,558,13.1,157,120,57,-1.9,-2.6,2.1,9.8,17,19.7,22.3,21.7,17,9.6,1.4,-2.7,-12.9,-15.2,-9.7,-2.5,3.1,7.3,9.6,8.5,3.9,-2.1,-9.2,-13.2,-7.4,-8.9,-3.8,3.7,10.1,13.5,15.9,15.1,10.4,3.8,-3.9,-7.9,21,21,26,31,67,106,118,67,55,29,30,19,4.1,7.6,12.8,18.4,22.1,22.4,21.6,18.7,13.5,8,4.4,3.1,241,253,148,17,0,0,0,0,1,16,149,255,0,0,0,32,165,255,339,314,168,40,0,0,787,749,678,429,239,139,78,100,229,442,657,799,0,0,1,0,1,7,13,11,3,0,2,0,0,0,1,7,24,29,31,31,24,9,1,0,18,21,24,9,2,0,0,1,2,4,22,17,0,0,0,54,97,108,117,97,58,27,0,0,0,0,0,23,30,2,0,30,3,0,0,0,55,49,54,58,57,62,61,60,59,60,58,56,2.1,2.1,2.38,0.48,-0.67,2.34,2.13,-2.79,-1.71,0.33,2.82,1.9,0.196400001645088,0.541599988937378,0.723599970340729,0.592000007629395,0.231199994683266,0.217999994754791,0.386399991810322,0.196400001645088,0.723599970340729,31.2305908203125,31.2305908203125,49.365478515625,0.802435100078583,7.60714721679688,742.700012207031,37.4599990844727,-0.28999999165535,28,44.1699981689453,13933.5,8850,-53,72,3,5.86999988555908,14.4200000762939,5377.68994140625,132.440002441406,132.440002441406,-128,9,0.748399972915649,0.250600010156631,0,0,0.000500000023748726,0.000199999994947575,0,0,0,0,0.000300000014249235,1.10000002384186,12,26,5.59999990463257,5,5.69999980926514,26,46,58.5,14.1229724884033,12366.75,3234.5,21111.5,3.14999985694885,2.80000019073486,3.40000009536743,0.512499988079071,0.224999994039536,1.0900000333786,7.40672874450684,0,0,0,0,0,0,0,0,0,0,0,0,0.829999983310699,18.7157135009766,33.8593559265137,20.9050006866455,0,0,0,0,0,3.47516131401062,3.18766665458679,0.847419321537018,28584.283203125,34477.2109375,41919.4921875,49642.8515625,56336.43359375,59776.8671875,57888.33984375,51799,44225.515625,36515.6953125,29875.203125,26609.3125,NA,NA,NA,NA,NA,NA
9337,52.229,-113.453,839.4609375,3,16.4,-10.6,27,487,341,26.7,48.1,144,256,112,204,-1.77,1267,1395,5484,50,632,-43,35.5,593,13.3,154,106,56,-3.5,-4.6,0.6,9.5,17.6,20.6,23.3,23.1,18.4,10.3,0.7,-3.9,-14.9,-16.6,-10.8,-2.9,3.1,7.7,9.6,8.5,3.7,-2.9,-10.2,-14.8,-9.2,-10.6,-5.1,3.3,10.4,14.2,16.4,15.8,11,3.7,-4.8,-9.3,17,18,22,28,60,92,87,60,42,20,24,17,4.3,7.8,12.9,18.7,22.1,22.7,21.9,19.3,14.2,8.2,4.5,3.2,288,299,183,20,0,0,0,0,0,16,170,289,0,0,0,31,174,275,354,336,186,39,0,0,843,797,718,441,233,124,66,84,207,445,684,843,0,0,0,0,2,9,17,15,4,0,1,0,0,0,0,6,24,29,31,31,24,7,1,0,16,18,21,9,1,0,0,0,2,3,19,16,0,0,0,55,101,114,124,106,64,29,0,0,0,0,0,27,41,22,37,46,22,9,0,0,53,50,55,57,55,60,59,56,55,55,56,55,1.7,1.8,2.2,0.37,-1.63,0.51,-1.67,-4.51,-3.84,-0.74,2.36,1.7,0.204300001263618,0.382400006055832,0.676400005817413,0.606000006198883,0.0178999993950129,0.16609999537468,0.293350003659725,0.0178999993950129,0.676400005817413,8.90586853027344,-7.11672973632812,25.4978637695312,0.834894120693207,9.9686279296875,746.719970703125,49.6300010681152,-0.419999986886978,30.3999996185303,36.4500007629395,15697.5,9915,-85,93,5,5.6100001335144,17.7399997711182,5441.5400390625,133.509994506836,133.509994506836,-77,10,0.101499997079372,0.426699995994568,0,0.433200001716614,0.0189999993890524,0.0196000002324581,0,0,0,0,0,1.20000004768372,11,19,5.59999990463257,4.80000019073486,6.59999990463257,44,35,53.4000015258789,7.88452911376953,12750.25,3522,21353.5,3.57500004768372,3.15000009536743,3.84999990463257,0.52250000834465,0.204999998211861,1.15499997138977,8.40608024597168,0,0,0,0,0,0,0,0,0,0,0,0,0.457741945981979,6.0271430015564,14.1361284255981,4.07966661453247,0,0,0,0,0,2.35322594642639,0.841666698455811,0,29045.8359375,34736.4296875,41956.390625,49454.125,55929.0390625,59238.9609375,57424.05859375,51543.50390625,44195.984375,36711.8359375,30289.244140625,27147.779296875,NA,NA,NA,NA,NA,NA
9338,52.635,-114.624,987.030700683594,3.1,15.8,-9.4,25.2,552,384,23.7,41.1,147,256,109,129,7.06,1146,1292,5446,37,550,-42.5,34.2,567,13.3,153,120,56,-2.3,-2.8,1.9,9.7,17,19.7,22.3,22,17.3,9.6,1.2,-2.9,-13.9,-16,-10.2,-2.9,2.7,7,9.2,8.1,3.6,-2.7,-9.8,-14.3,-8.1,-9.4,-4.1,3.4,9.8,13.3,15.8,15.1,10.5,3.4,-4.3,-8.6,21,20,26,28,67,98,110,61,48,26,28,19,4.3,7.9,13,18.6,22.3,22.6,21.8,19,13.9,8.1,4.5,3.3,258,263,156,19,0,0,0,0,1,18,158,273,0,0,0,30,156,249,336,314,171,36,0,0,809,763,687,438,255,144,81,100,226,454,669,821,0,0,1,0,1,6,13,11,4,0,2,0,0,0,1,6,23,29,31,31,24,7,1,0,19,20,25,9,2,0,0,1,2,5,21,18,0,0,0,55,97,109,119,100,60,27,0,0,0,0,0,27,30,11,9,39,12,1,0,0,53,47,53,57,55,61,60,58,57,58,56,53,2.1,2,2.45,0.25,-0.67,1.46,1.21,-3.75,-2.66,0.08,2.68,1.9,0.283600002527237,0.39860001206398,0.554400026798248,0.519999980926514,0.243599995970726,0.168500006198883,0.341100007295609,0.168500006198883,0.554400026798248,5.07872772216797,3.16634368896484,18.0965576171875,0.829568684101105,9.36958789825439,749.200012207031,38.2700004577637,-0.300000011920929,27.1000003814697,44.5999984741211,14028,8895,-44,72,3,6.3899998664856,15.1300001144409,5357.39013671875,132.630004882812,132.630004882812,-121.5,9,0.0143999997526407,0.958199977874756,0,0.00380000006407499,0.0147000001743436,0.00810000021010637,0,0,0,0,0.0007999999797903,1.20000004768372,9,21,4,4.40000009536743,6.09999990463257,29,48,48.4000015258789,0,12456.25,3344.5,21023,3.05000007152557,2.75,3.34999990463257,0.504999995231628,0.215000003576279,1.09500002861023,8.06354236602783,0,0,0,0,0,0,0,0,0,0,0,0,3.35483860969543,13.9771423339844,26.3383865356445,16.5796661376953,0,0,0,0,0,2.92612910270691,4.73666667938232,4.00870990753174,28817.751953125,34608.125,41938.11328125,49547.57421875,56130.46484375,59504.5625,57653.484375,51669.96484375,44210.61328125,36614.72265625,30084.546875,26881.90234375,NA,NA,NA,NA,NA,NA
9339,54.963,-112.01,569.45361328125,1.8,16.9,-13.2,30.1,437,301,27,56.1,143,253,110,194,-1.92,1635,1373,5933,51,629,-45.3,34.3,544,12.2,154,102,58,-7.7,-6.9,-0.5,8.6,17.9,20.7,23.2,22.1,16.7,7.7,-2.7,-7.5,-18.6,-18.8,-12.1,-3.6,3.2,8.1,10.5,8.8,3.6,-2.1,-11.3,-17,-13.2,-12.9,-6.3,2.5,10.5,14.4,16.9,15.5,10.2,2.8,-7,-12.2,21,15,16,28,33,96,91,49,32,25,17,14,3.2,6.7,12.1,17.8,21.3,22.1,21.1,17.9,12.5,6.6,3.3,2.3,411,363,215,26,0,0,0,0,1,23,216,380,0,0,0,26,177,281,370,327,162,30,0,0,966,861,755,465,231,119,56,91,235,473,749,932,0,0,0,0,3,10,22,13,3,0,0,0,0,0,0,5,24,30,31,31,24,9,1,0,21,15,16,12,1,0,0,0,2,6,15,14,0,0,0,49,98,110,117,95,54,21,0,0,0,0,0,21,65,14,26,46,22,0,0,0,53,50,53,58,55,61,62,60,59,66,64,59,2.1,1.5,1.6,0.8,-4.28,1.18,-0.63,-4.41,-3.57,0.68,1.7,1.4,0.281800001859665,0.300799995660782,0.391999989748001,0.308999985456467,0.238399997353554,0.238800004124641,0.291299998760223,0.238399997353554,0.391999989748001,5.72837829589844,1.97227478027344,18.1281127929688,0.781388103961945,9.48191165924072,695.309997558594,44.1699981689453,-0.340000003576279,32.8499984741211,36.9700012207031,15004.5,9637.5,-109,95,4,2.54999995231628,30.6000003814697,5482.39990234375,129.520004272461,129.520004272461,-80.75,0,0.887899994850159,0.107500001788139,0,0,0,0.00460000010207295,0,0,0,0,0,1.10000002384186,11,12,2.09999990463257,3.59999990463257,6,58,29,38,16.6524829864502,12020,2746.5,21434,3.34999990463257,3.09999990463257,3.55000019073486,0.552500009536743,0.204999998211861,1.26499998569489,0,0,0,0,0,0,0,0,0,0,0,585831.5,27453.833984375,3.34322571754456,6.01535701751709,12.3729028701782,3.21133327484131,0,0,0,0,0,0.152903228998184,0.0286666676402092,0.390000015497208,27365.119140625,33800.90234375,41823.74609375,50133.95703125,57408.3671875,61206.48828125,59114.97265625,52465.578125,44302.1328125,36005.1328125,28785.34375,25178.13671875,NA,NA,NA,NA,NA,NA
9340,44.424,-121.849,1466.71337890625,6.2,15.9,-1.1,17,2063,315,7.9,50.5,150,275,125,262,149.25,330,1306,4331,35,530,-25.2,36.4,713,15.8,196,503,64,3.7,3.3,5.9,8.8,13.8,17.6,23.4,23.9,18.9,11.9,5.3,2.3,-3.7,-4.6,-3.2,-1.4,1.8,4.4,7.4,7.9,5.5,1.6,-2,-4.5,0,-0.6,1.4,3.7,7.8,11,15.4,15.9,12.2,6.8,1.6,-1.1,275,278,259,192,109,75,18,20,93,177,252,315,7.8,8.5,14,19.3,24,24.4,25.3,23.2,17.8,11.1,7.6,6.4,68,70,46,17,1,0,0,0,0,5,39,83,4,0,8,30,101,181,323,339,219,87,13,0,560,517,517,429,317,211,91,82,179,348,492,589,0,0,0,0,0,2,10,16,7,0,0,0,7,4,6,10,20,27,31,31,27,20,9,5,64,112,95,53,9,1,0,0,2,5,55,106,15,0,38,58,91,110,140,125,77,41,18,0,0,0,0,0,0,35,122,105,0,0,0,0,72,70,67,65,61,59,53,53,59,66,73,73,26.61,27.02,24.49,16.77,5.73,-0.38,-10.04,-10.18,0.75,13.71,23.89,30.88,0.20720000565052,0.236399993300438,0.305200010538101,0.312999993562698,0.291000008583069,0.20720000565052,0.263700000941753,0.20720000565052,0.312999993562698,8.42434692382812,-6.95632934570312,23.8839111328125,0.896555304527283,10.5872049331665,783.429992675781,49.439998626709,0.579999983310699,17.1000003814697,225.259994506836,12757.5,10575,7,57,2,16.7099990844727,132.470001220703,4787.6298828125,119.019996643066,15.3500003814697,-19,8,0.563399970531464,0.412800014019012,0,0,0.0116999996826053,0.0120999999344349,0,0,0,0,0,1,12,7,8.19999980926514,5.30000019073486,5.59999990463257,57,35,147.699996948242,10.3732538223267,13614.75,4610.5,23343.5,3.60000002384186,3.34999990463257,3.70000004768372,0.545000001788139,0.399999976158142,0.819999992847443,7.47834348678589,0,0,0,0,0,0,0,0,0,0,0,0,4.54096794128418,25.8603572845459,114.249351501465,129.393005371094,44.6300010681152,0,0,0,0,0.334838718175888,0,6.24935483932495,32663.865234375,36820.1328125,42256.56640625,47928.46875,52710.890625,55072.02734375,53786.09765625,49489.609375,43955.68359375,38296.35546875,33557.2578125,31318.666015625,NA,NA,NA,NA,NA,NA
9341,52.339,-115.742,1762.03674316406,1.3,13,-9.4,22.4,710,450,15.9,28.9,160,249,89,25,33.06,1260,851,6069,15,264,-43.4,31.4,448,13.4,133,232,59,-2.5,-2.6,1.4,4.7,12.6,15.7,19.4,19.1,14.1,8.3,-1.7,-4.3,-14.3,-15.4,-10.2,-5,0.4,4.3,6.7,6.3,2.1,-3.6,-10.2,-14.6,-8.4,-9,-4.4,-0.1,6.5,10,13,12.7,8.1,2.4,-5.9,-9.4,34,29,41,45,87,123,104,68,68,44,39,28,4.5,8,13,17.7,22.9,22.3,22.2,19.3,13.8,8.9,4.7,3.4,265,255,164,59,3,0,0,0,2,26,195,292,0,0,0,5,72,152,249,240,105,27,0,0,818,752,696,543,357,241,150,166,298,485,717,846,0,1,2,0,0,1,3,3,1,0,2,1,0,0,1,3,15,27,30,30,20,6,1,0,30,28,39,36,14,3,1,1,6,12,33,27,0,0,0,0,80,93,107,90,52,26,0,0,0,0,0,0,0,0,3,22,0,0,0,0,52,48,54,64,60,64,61,60,61,58,65,57,3.4,2.9,3.99,3.45,4.22,5.43,1.5,-1.98,1.24,2.23,3.9,2.8,0.774800002574921,0.218600004911423,0.381599992513657,0.326200008392334,0.559599995613098,0.358399987220764,0.36999998986721,0.218600004911423,0.774800002574921,42.2900543212891,3.68452453613281,129.840209960938,0.71180385351181,7.34573078155518,625.849975585938,20.2399997711182,-0.0500000007450581,26,54.4799995422363,7452,4242,-89,31,2,5.80000019073486,14.7799997329712,4593.02001953125,114.830001831055,114.830001831055,-217,0,0.836000025272369,0.153400003910065,0,0,0,0.00120000005699694,0,0,0,0,0.00939999986439943,1,20,20,3.29999995231628,3.70000004768372,5.69999980926514,33,45,48.4000015258789,15.6656579971313,12411.5,3431,20514,3.10000002384186,2.65000009536743,3.25,0.359999999403954,0.16499999165535,0.769999980926514,0,0,9719.3330078125,0,0,0,0,0,0,19467,0,19427.833984375,485814.34375,6.57096767425537,44.0574989318848,94.2483901977539,109.289337158203,52.9167747497559,0.0540000014007092,0,0,0,4.53677415847778,8.89000034332275,1.76064515113831,28981.205078125,34700.03125,41951.203125,49480.640625,55986.13671875,59314.1796875,57489.06640625,51579.37890625,44200.1328125,36684.28125,30231.22265625,27072.482421875,NA,NA,NA,NA,NA,NA
9342,50.883,-114.758,1503.82421875,2.6,14.1,-8.2,22.3,617,394,20.4,35.8,170,246,77,111,14.38,1037,997,5619,18,355,-41.1,34.1,568,14.3,131,168,54,-0.7,-1.7,2.7,8.2,14.1,17.4,21.5,21.7,16.9,9.9,2.8,-2.1,-12.8,-14.6,-9.6,-4.7,0,4,6.6,5.8,1.8,-3.5,-9.2,-13.2,-6.8,-8.2,-3.4,1.7,7,10.7,14.1,13.8,9.3,3.2,-3.2,-7.6,16,24,40,54,92,122,58,63,59,37,33,19,5.1,8.6,13.7,19.4,23.3,23.3,23.1,20.7,15.3,9.8,5.8,4.1,226,238,138,34,2,0,0,0,1,19,131,247,0,0,0,14,82,173,282,274,137,34,0,0,769,730,665,489,341,220,124,132,262,460,636,790,0,0,1,0,0,2,5,6,2,0,2,0,0,0,1,3,14,26,30,30,19,6,1,0,13,23,37,30,12,2,0,1,4,7,22,17,0,0,0,53,89,104,122,106,63,31,0,0,0,0,0,0,0,0,64,43,4,0,0,0,51,48,53,55,55,58,55,52,53,54,54,54,1.6,2.4,3.69,3.42,3.92,4.33,-4.59,-4.47,-1.74,0.98,2.94,1.9,0.254599988460541,0.282799988985062,0.412000000476837,0.324400007724762,0.292800009250641,0.270399987697601,0.287799999117851,0.254599988460541,0.412000000476837,23.6937713623047,-23.3039398193359,55.3560791015625,0.86073499917984,7.73112726211548,693.820007324219,38.2700004577637,-0.180000007152557,25.6000003814697,52.8699989318848,11613,7612.5,-66,53,3,7.80000019073486,18.1000003814697,4886.240234375,124.5,118.309997558594,-154,9,0.826200008392334,0.131699994206429,0,0,0,0.0390999987721443,0,0,0,0,0.00300000002607703,1.10000002384186,18,23,3.70000004768372,4.09999990463257,6.19999980926514,34,41,61.2000007629395,20.4356822967529,12888.5,3881.5,20942.5,3.67499995231628,3.09999990463257,3.95000004768372,0.432499974966049,0.21000000834465,0.904999971389771,27.1821250915527,0,0,0,0,0,0,0,0,0,0,0,0,0.596774220466614,9.41321468353271,36.8129043579102,34.7276649475098,0.60193544626236,0,0,0,0,6.93387079238892,9.2296667098999,0.846451640129089,29760.07421875,35140.7734375,42014.16015625,49159.2265625,55297.05078125,58409.7734375,56705.6875,51144.9609375,44149.74609375,37018.2578125,30931.3828125,27977.8046875,NA,NA,NA,NA,NA,NA
9343,53.494,-114.176,735.792297363281,3.2,16.8,-10.1,26.9,533,356,24.8,47.2,135,258,123,148,5.83,1227,1435,5411,56,661,-41.7,34.5,561,12.7,163,125,59,-3.7,-4.4,0.7,9.5,18.1,20.5,23,22.4,17.5,9.1,-0.4,-4.3,-14.2,-15.8,-10.2,-2.1,4.1,8.3,10.5,9.2,4.3,-1.6,-9.4,-13.9,-8.9,-10.1,-4.8,3.7,11.1,14.4,16.8,15.8,10.9,3.8,-4.9,-9.1,21,21,26,32,50,91,116,59,40,25,32,20,3.9,7.1,12.3,18,21.9,22.3,21.4,18.4,13.3,7.4,4,2.9,276,286,175,17,0,0,0,0,0,16,173,285,0,0,0,34,194,281,367,336,183,40,0,0,834,783,709,429,217,119,58,84,214,442,687,836,0,0,1,0,3,10,21,15,4,0,1,0,0,0,1,8,26,30,31,31,25,10,1,0,19,21,25,9,1,0,0,0,1,4,25,19,0,0,0,52,100,110,118,98,58,25,0,0,0,0,0,20,50,19,2,39,18,0,0,0,56,53,56,60,57,62,62,60,59,63,63,59,2.1,2.1,2.56,0.74,-2.67,0.74,1.87,-3.71,-3.24,0.16,3.19,2,0.270399987697601,0.374399989843369,0.507200002670288,0.447200000286102,0.0939999967813492,0.320199996232986,0.347299993038177,0.0939999967813492,0.507200002670288,4.97917175292969,-0.450149536132812,18.1057739257812,0.811837732791901,9.71339797973633,731.330017089844,41.9000015258789,-0.319999992847443,29.75,41.9199981689453,15424.5,9727.5,-74,90,4,5.28999996185303,34.189998626709,5399.47998046875,131.380004882812,131.380004882812,-88.25,9,0.691999971866608,0.280400007963181,0,0,0.000899999984540045,0.000899999984540045,0,0.0136000001803041,0.0121999997645617,0,0,1.10000002384186,8,17,4.19999980926514,5,6.19999980926514,33,46,52.2000007629395,16.5778427124023,12362.75,3125,21230,3.22500002384186,2.90000009536743,3.5,0.565000012516975,0.239999994635582,1.21000003814697,10.9379959106445,0,0,0,0,0,0,0,0,0,0,0,0,0.37064516544342,5.68321418762207,11.1425809860229,1.90400004386902,0,0,0,0,0,0.675161242485046,0.0806666687130928,0.01290322560817,28310.544921875,34324.27734375,41897.7734375,49754.07421875,56577.65625,60096.71484375,58163.72265625,51949.734375,44242.89453125,36400.08984375,29630.00390625,26289.12890625,NA,NA,NA,NA,NA,NA
9344,52.939,-114.327,935.151489257812,3.2,15.9,-9.3,25.2,552,385,23.9,41.3,145,256,111,120,7.9,1125,1307,5400,39,562,-41.4,33.9,559,13.1,155,118,57,-2.1,-3,1.7,9.6,17.1,19.8,22.3,21.8,17,9.2,1.3,-2.8,-13.4,-15.6,-10,-2.7,3,7.3,9.5,8.3,3.7,-2.4,-9.6,-13.6,-7.8,-9.3,-4.2,3.4,10.1,13.6,15.9,15.1,10.3,3.4,-4.1,-8.2,21,20,25,29,65,96,114,63,47,25,29,18,4.2,7.6,12.8,18.4,22.2,22.5,21.7,18.8,13.6,7.9,4.5,3.1,251,261,159,19,0,0,0,0,1,18,154,263,0,0,0,30,165,258,339,314,165,36,0,0,800,760,690,438,239,137,78,100,232,454,663,809,0,0,1,0,1,7,13,11,3,0,2,0,0,0,1,7,24,29,31,31,24,8,1,0,18,20,24,9,2,0,0,1,2,4,21,17,0,0,0,54,97,109,117,98,58,26,0,0,0,0,0,25,32,13,3,35,11,1,0,0,54,49,54,58,56,61,61,59,58,60,57,55,2.1,2,2.35,0.39,-0.91,1.31,1.75,-3.27,-2.51,0.12,2.76,1.8,0.134200006723404,0.303999990224838,0.542400002479553,0.472000002861023,0.278800010681152,0.181400001049042,0.291400000452995,0.134200006723404,0.542400002479553,16.1714630126953,-13.2750396728516,53.4668579101562,0.767481505870819,11.4652528762817,750.97998046875,40.3800010681152,-0.319999992847443,28.2999992370605,42,14206.5,9037.5,-47,75,3,5.88000011444092,17.3099994659424,5437.2099609375,133.630004882812,133.630004882812,-120.5,3,0.967700004577637,0.0296000000089407,0.00270000007003546,0,0,0,0,0,0,0,0,1.10000002384186,13,17,2.70000004768372,4.90000009536743,5.90000009536743,34,46,47.7000007629395,14.2404565811157,12497,3310,21158.5,3.25,2.90000009536743,3.5,0.519999980926514,0.215000003576279,1.13499999046326,0,0,0,0,0,0,0,0,0,0,0,0,0,0.698387086391449,14.1810712814331,25.9535484313965,14.1606664657593,0,0,0,0,0,3.01258063316345,2.36733341217041,0.619354844093323,28651.552734375,34514.88671875,41924.84765625,49615.44140625,56277.109375,59698.36328125,57820.671875,51761.86328125,44221.2265625,36544.1875,29935.5,26687.900390625,NA,NA,NA,NA,NA,NA
9345,54.963,-112.01,569.45361328125,1.8,16.9,-13.2,30.1,437,301,27,56.1,143,253,110,194,-1.92,1635,1373,5933,51,629,-45.3,34.3,544,12.2,154,102,58,-7.7,-6.9,-0.5,8.6,17.9,20.7,23.2,22.1,16.7,7.7,-2.7,-7.5,-18.6,-18.8,-12.1,-3.6,3.2,8.1,10.5,8.8,3.6,-2.1,-11.3,-17,-13.2,-12.9,-6.3,2.5,10.5,14.4,16.9,15.5,10.2,2.8,-7,-12.2,21,15,16,28,33,96,91,49,32,25,17,14,3.2,6.7,12.1,17.8,21.3,22.1,21.1,17.9,12.5,6.6,3.3,2.3,411,363,215,26,0,0,0,0,1,23,216,380,0,0,0,26,177,281,370,327,162,30,0,0,966,861,755,465,231,119,56,91,235,473,749,932,0,0,0,0,3,10,22,13,3,0,0,0,0,0,0,5,24,30,31,31,24,9,1,0,21,15,16,12,1,0,0,0,2,6,15,14,0,0,0,49,98,110,117,95,54,21,0,0,0,0,0,21,65,14,26,46,22,0,0,0,53,50,53,58,55,61,62,60,59,66,64,59,2.1,1.5,1.6,0.8,-4.28,1.18,-0.63,-4.41,-3.57,0.68,1.7,1.4,0.281800001859665,0.300799995660782,0.391999989748001,0.308999985456467,0.238399997353554,0.238800004124641,0.291299998760223,0.238399997353554,0.391999989748001,5.72837829589844,1.97227478027344,18.1281127929688,0.781388103961945,9.48191165924072,695.309997558594,44.1699981689453,-0.340000003576279,32.8499984741211,36.9700012207031,15004.5,9637.5,-109,95,4,2.54999995231628,30.6000003814697,5482.39990234375,129.520004272461,129.520004272461,-80.75,0,0.887899994850159,0.107500001788139,0,0,0,0.00460000010207295,0,0,0,0,0,1.10000002384186,11,12,2.09999990463257,3.59999990463257,6,58,29,38,16.6524829864502,12020,2746.5,21434,3.34999990463257,3.09999990463257,3.55000019073486,0.552500009536743,0.204999998211861,1.26499998569489,0,0,0,0,0,0,0,0,0,0,0,585831.5,27453.833984375,3.34322571754456,6.01535701751709,12.3729028701782,3.21133327484131,0,0,0,0,0,0.152903228998184,0.0286666676402092,0.390000015497208,27365.119140625,33800.90234375,41823.74609375,50133.95703125,57408.3671875,61206.48828125,59114.97265625,52465.578125,44302.1328125,36005.1328125,28785.34375,25178.13671875,NA,NA,NA,NA,NA,NA
9346,54.963,-112.01,569.45361328125,1.8,16.9,-13.2,30.1,437,301,27,56.1,143,253,110,194,-1.92,1635,1373,5933,51,629,-45.3,34.3,544,12.2,154,102,58,-7.7,-6.9,-0.5,8.6,17.9,20.7,23.2,22.1,16.7,7.7,-2.7,-7.5,-18.6,-18.8,-12.1,-3.6,3.2,8.1,10.5,8.8,3.6,-2.1,-11.3,-17,-13.2,-12.9,-6.3,2.5,10.5,14.4,16.9,15.5,10.2,2.8,-7,-12.2,21,15,16,28,33,96,91,49,32,25,17,14,3.2,6.7,12.1,17.8,21.3,22.1,21.1,17.9,12.5,6.6,3.3,2.3,411,363,215,26,0,0,0,0,1,23,216,380,0,0,0,26,177,281,370,327,162,30,0,0,966,861,755,465,231,119,56,91,235,473,749,932,0,0,0,0,3,10,22,13,3,0,0,0,0,0,0,5,24,30,31,31,24,9,1,0,21,15,16,12,1,0,0,0,2,6,15,14,0,0,0,49,98,110,117,95,54,21,0,0,0,0,0,21,65,14,26,46,22,0,0,0,53,50,53,58,55,61,62,60,59,66,64,59,2.1,1.5,1.6,0.8,-4.28,1.18,-0.63,-4.41,-3.57,0.68,1.7,1.4,0.281800001859665,0.300799995660782,0.391999989748001,0.308999985456467,0.238399997353554,0.238800004124641,0.291299998760223,0.238399997353554,0.391999989748001,5.72837829589844,1.97227478027344,18.1281127929688,0.781388103961945,9.48191165924072,695.309997558594,44.1699981689453,-0.340000003576279,32.8499984741211,36.9700012207031,15004.5,9637.5,-109,95,4,2.54999995231628,30.6000003814697,5482.39990234375,129.520004272461,129.520004272461,-80.75,0,0.887899994850159,0.107500001788139,0,0,0,0.00460000010207295,0,0,0,0,0,1.10000002384186,11,12,2.09999990463257,3.59999990463257,6,58,29,38,16.6524829864502,12020,2746.5,21434,3.34999990463257,3.09999990463257,3.55000019073486,0.552500009536743,0.204999998211861,1.26499998569489,0,0,0,0,0,0,0,0,0,0,0,585831.5,27453.833984375,3.34322571754456,6.01535701751709,12.3729028701782,3.21133327484131,0,0,0,0,0,0.152903228998184,0.0286666676402092,0.390000015497208,27365.119140625,33800.90234375,41823.74609375,50133.95703125,57408.3671875,61206.48828125,59114.97265625,52465.578125,44302.1328125,36005.1328125,28785.34375,25178.13671875,NA,NA,NA,NA,NA,NA
9347,54.963,-112.01,569.45361328125,1.8,16.9,-13.2,30.1,437,301,27,56.1,143,253,110,194,-1.92,1635,1373,5933,51,629,-45.3,34.3,544,12.2,154,102,58,-7.7,-6.9,-0.5,8.6,17.9,20.7,23.2,22.1,16.7,7.7,-2.7,-7.5,-18.6,-18.8,-12.1,-3.6,3.2,8.1,10.5,8.8,3.6,-2.1,-11.3,-17,-13.2,-12.9,-6.3,2.5,10.5,14.4,16.9,15.5,10.2,2.8,-7,-12.2,21,15,16,28,33,96,91,49,32,25,17,14,3.2,6.7,12.1,17.8,21.3,22.1,21.1,17.9,12.5,6.6,3.3,2.3,411,363,215,26,0,0,0,0,1,23,216,380,0,0,0,26,177,281,370,327,162,30,0,0,966,861,755,465,231,119,56,91,235,473,749,932,0,0,0,0,3,10,22,13,3,0,0,0,0,0,0,5,24,30,31,31,24,9,1,0,21,15,16,12,1,0,0,0,2,6,15,14,0,0,0,49,98,110,117,95,54,21,0,0,0,0,0,21,65,14,26,46,22,0,0,0,53,50,53,58,55,61,62,60,59,66,64,59,2.1,1.5,1.6,0.8,-4.28,1.18,-0.63,-4.41,-3.57,0.68,1.7,1.4,0.281800001859665,0.300799995660782,0.391999989748001,0.308999985456467,0.238399997353554,0.238800004124641,0.291299998760223,0.238399997353554,0.391999989748001,5.72837829589844,1.97227478027344,18.1281127929688,0.781388103961945,9.48191165924072,695.309997558594,44.1699981689453,-0.340000003576279,32.8499984741211,36.9700012207031,15004.5,9637.5,-109,95,4,2.54999995231628,30.6000003814697,5482.39990234375,129.520004272461,129.520004272461,-80.75,0,0.887899994850159,0.107500001788139,0,0,0,0.00460000010207295,0,0,0,0,0,1.10000002384186,11,12,2.09999990463257,3.59999990463257,6,58,29,38,16.6524829864502,12020,2746.5,21434,3.34999990463257,3.09999990463257,3.55000019073486,0.552500009536743,0.204999998211861,1.26499998569489,0,0,0,0,0,0,0,0,0,0,0,585831.5,27453.833984375,3.34322571754456,6.01535701751709,12.3729028701782,3.21133327484131,0,0,0,0,0,0.152903228998184,0.0286666676402092,0.390000015497208,27365.119140625,33800.90234375,41823.74609375,50133.95703125,57408.3671875,61206.48828125,59114.97265625,52465.578125,44302.1328125,36005.1328125,28785.34375,25178.13671875,NA,NA,NA,NA,NA,NA
9348,53.987,-113.319,656.759887695312,2.7,17,-11.7,28.7,481,322,26.4,52.8,138,257,119,194,-0.36,1438,1456,5622,59,683,-43.9,34.9,569,12.6,160,115,58,-5.6,-5.9,-0.2,9.4,18.5,21.1,23.4,22.7,17.7,9.2,-1.3,-5.8,-16.4,-17.5,-11.3,-2.5,3.9,8.4,10.6,9.1,4.1,-1.9,-10.3,-15.6,-11,-11.7,-5.8,3.5,11.2,14.8,17,15.9,10.9,3.6,-5.8,-10.7,23,20,20,28,44,92,103,50,33,25,26,17,3.6,7.1,12.2,18,21.7,22.3,21.4,18.4,13.1,7.3,3.7,2.6,343,330,202,18,0,0,0,0,0,17,193,334,0,0,0,34,197,293,373,339,183,38,0,0,898,828,740,435,215,109,54,82,214,448,714,886,0,0,0,0,4,12,23,16,4,0,0,0,0,0,0,7,26,30,31,31,25,9,1,0,22,20,20,8,1,0,0,0,1,4,22,17,0,0,0,52,102,113,120,99,58,25,0,0,0,0,0,24,58,21,17,49,25,0,0,0,54,51,55,59,55,61,62,59,58,62,63,58,2.3,2,2,0.42,-3.51,0.48,0.34,-4.81,-4.05,0.16,2.6,1.7,0.145699992775917,0.283199995756149,0.361400008201599,0.357800006866455,0.229200005531311,0.205599993467331,0.25620000064373,0.145699992775917,0.361400008201599,2.78466033935547,-1.66254425048828,8.4796142578125,0.81816577911377,9.53772068023682,707.739990234375,44.4099998474121,-0.340000003576279,31.25,39.25,15739.5,9990,-96,99,4,4.03000020980835,31.7199993133545,5412.14013671875,129.699996948242,129.699996948242,-70.75,3,0.604700028896332,0.375800013542175,0,0.00120000005699694,0,0.0094999996945262,0,0,0,0,0.00879999995231628,1.10000002384186,8,23,3.59999990463257,4,6.30000019073486,41,34,46.9000015258789,9.15375137329102,12343.5,3101.5,21285.5,3.22500002384186,2.95000004768372,3.44999980926514,0.572500005364418,0.229999989271164,1.26499998569489,7.96717643737793,0,0,0,0,0,0,0,0,0,0,0,0,0.458064526319504,3.69821429252625,10.5067739486694,3.04633331298828,0,0,0,0,0,0.159354835748672,0,0.0306451618671417,27993.306640625,34147.80859375,41872.76171875,49882.2890625,56856.83203125,60468.1953125,58482.890625,52123.6640625,44262.91015625,36266.8046875,29346.1875,25917.25,NA,NA,NA,NA,NA,NA
9349,53.616,-114.074,741.58154296875,3.2,16.8,-10.1,26.9,530,353,24.9,47.6,135,258,123,150,5.72,1230,1434,5417,56,661,-41.7,34.3,560,12.7,163,125,59,-3.8,-4.4,0.7,9.4,18,20.5,23,22.3,17.5,9,-0.4,-4.3,-14.2,-15.8,-10.2,-2.1,4.1,8.3,10.5,9.2,4.3,-1.6,-9.4,-13.9,-9,-10.1,-4.8,3.7,11.1,14.4,16.8,15.8,10.9,3.7,-4.9,-9.1,22,21,25,32,49,92,115,58,39,25,32,20,3.8,7.1,12.3,17.8,21.9,22.3,21.5,18.5,13.3,7.4,3.9,2.9,278,286,175,17,0,0,0,0,0,16,173,285,0,0,0,34,194,281,367,336,183,39,0,0,837,783,709,429,217,119,58,84,214,445,687,836,0,0,1,0,3,10,21,15,4,0,1,0,0,0,1,8,26,30,31,31,25,10,1,0,20,21,24,9,1,0,0,0,1,4,25,19,0,0,0,52,99,110,118,98,58,25,0,0,0,0,0,20,50,18,3,40,19,0,0,0,56,53,56,61,57,62,62,60,59,64,63,59,2.2,2.1,2.46,0.78,-2.71,0.83,1.76,-3.73,-3.35,0.19,3.19,2,NA,NA,NA,NA,NA,NA,NA,NA,NA,8.71575164794922,-5.77127838134766,35.4414672851562,0.819908201694489,8.31928539276123,716.150024414062,40.8499984741211,-0.310000002384186,30,42.4000015258789,15382.5,9705,-81,93,4,5.09999990463257,33.25,5315.56005859375,129.169998168945,129.169998168945,-87,8,0.830200016498566,0.107100002467632,0,0,0.00300000002607703,0.0221999995410442,0,0.034000001847744,0,0,0.00350000010803342,1.10000002384186,11,19,3.79999995231628,4.5,6.09999990463257,38,41,55.9000015258789,17.0971946716309,12353.5,3123.5,21246.5,3.27500009536743,2.95000004768372,3.5,0.560000017285347,0.234999999403954,1.20000004768372,16.036075592041,0,0,0,9460.8330078125,0,0,0,0,0,0,0,0,0.416129022836685,5.53857135772705,12.0877418518066,2.44233322143555,0,0,0,0,0,0.464838683605194,0.0539999976754189,0.0174193549901247,28240.916015625,34285.47265625,41892.26953125,49782.27734375,56638.96484375,60178.171875,58233.7734375,51987.98046875,44247.30078125,36370.76953125,29567.6796875,26207.58203125,NA,NA,NA,NA,NA,NA
9350,54.588,-114.159,603.943542480469,2.4,16.9,-11.7,28.6,489,328,25.4,51.5,141,254,114,180,1.57,1479,1423,5699,56,659,-44.9,34.4,558,12.5,158,116,58,-6,-5.6,0.2,9.7,18.6,20.9,23.2,22.3,17.2,8.5,-1.9,-6.3,-17.1,-17.8,-11.3,-2.6,3.6,8.3,10.5,9.1,3.8,-1.9,-10.6,-16.3,-11.6,-11.7,-5.6,3.5,11.1,14.6,16.9,15.7,10.5,3.3,-6.2,-11.3,24,18,19,27,39,98,103,54,34,29,24,20,3.4,6.9,12.2,18,21.7,22.3,21.3,18.1,12.9,7,3.6,2.4,362,330,196,18,0,0,0,0,1,19,201,352,0,0,0,33,194,287,370,333,171,35,0,0,917,828,733,435,217,114,56,86,226,457,726,905,0,0,0,0,3,11,22,15,4,0,1,0,0,0,0,7,25,30,31,31,24,9,1,0,23,18,19,8,1,0,0,0,1,5,21,20,0,0,0,52,102,111,118,96,56,23,0,0,0,0,0,25,63,13,15,42,22,0,0,0,53,49,54,58,54,61,62,60,58,64,64,57,2.4,1.8,1.9,0.23,-4.09,1.26,0.54,-4.02,-3.66,0.81,2.4,2,0.277799993753433,0.387199997901917,0.709200024604797,0.580799996852875,0.194499999284744,0.144099995493889,0.332499995827675,0.144099995493889,0.709200024604797,12.1981506347656,-8.16500854492188,33.1525268554688,0.76622462272644,8.99512386322021,684.489990234375,40.1800003051758,-0.280000001192093,33.25,40.2599983215332,15025.5,9622.5,-120,96,4,3.25999999046326,30.9899997711182,5279.2001953125,125.919998168945,125.919998168945,-77.75,6,0.656499981880188,0.0421999990940094,0,0.0929000005125999,0,0,0,0.208399996161461,0,0,0,1.10000002384186,11,11,3.5,4.19999980926514,6.09999990463257,59,28,46.0999984741211,15.2077798843384,12037.75,2858,21074,3.27499997615814,2.90000009536743,3.45000004768372,0.584999993443489,0.259999990463257,1.22000002861023,0,0,0,0,0,0,0,0,0,536503,18502,0,0,0.503548383712769,3.03714275360107,10.1641931533813,3.12333345413208,0,0,0,0,0,0.224193543195724,0,0,27628.5703125,33945.97265625,41844.21875,50028.77734375,57177.2734375,60896.40625,58849.875,52322.59765625,44285.75390625,36114.50390625,29020.359375,25488.56640625,NA,NA,NA,NA,NA,NA
9351,54.588,-114.159,603.943542480469,2.4,16.9,-11.7,28.6,489,328,25.4,51.5,141,254,114,180,1.57,1479,1423,5699,56,659,-44.9,34.4,558,12.5,158,116,58,-6,-5.6,0.2,9.7,18.6,20.9,23.2,22.3,17.2,8.5,-1.9,-6.3,-17.1,-17.8,-11.3,-2.6,3.6,8.3,10.5,9.1,3.8,-1.9,-10.6,-16.3,-11.6,-11.7,-5.6,3.5,11.1,14.6,16.9,15.7,10.5,3.3,-6.2,-11.3,24,18,19,27,39,98,103,54,34,29,24,20,3.4,6.9,12.2,18,21.7,22.3,21.3,18.1,12.9,7,3.6,2.4,362,330,196,18,0,0,0,0,1,19,201,352,0,0,0,33,194,287,370,333,171,35,0,0,917,828,733,435,217,114,56,86,226,457,726,905,0,0,0,0,3,11,22,15,4,0,1,0,0,0,0,7,25,30,31,31,24,9,1,0,23,18,19,8,1,0,0,0,1,5,21,20,0,0,0,52,102,111,118,96,56,23,0,0,0,0,0,25,63,13,15,42,22,0,0,0,53,49,54,58,54,61,62,60,58,64,64,57,2.4,1.8,1.9,0.23,-4.09,1.26,0.54,-4.02,-3.66,0.81,2.4,2,0.277799993753433,0.387199997901917,0.709200024604797,0.580799996852875,0.194499999284744,0.144099995493889,0.332499995827675,0.144099995493889,0.709200024604797,12.1981506347656,-8.16500854492188,33.1525268554688,0.76622462272644,8.99512386322021,684.489990234375,40.1800003051758,-0.280000001192093,33.25,40.2599983215332,15025.5,9622.5,-120,96,4,3.25999999046326,30.9899997711182,5279.2001953125,125.919998168945,125.919998168945,-77.75,6,0.656499981880188,0.0421999990940094,0,0.0929000005125999,0,0,0,0.208399996161461,0,0,0,1.10000002384186,11,11,3.5,4.19999980926514,6.09999990463257,59,28,46.0999984741211,15.2077798843384,12037.75,2858,21074,3.27499997615814,2.90000009536743,3.45000004768372,0.584999993443489,0.259999990463257,1.22000002861023,0,0,0,0,0,0,0,0,0,536503,18502,0,0,0.503548383712769,3.03714275360107,10.1641931533813,3.12333345413208,0,0,0,0,0,0.224193543195724,0,0,27628.5703125,33945.97265625,41844.21875,50028.77734375,57177.2734375,60896.40625,58849.875,52322.59765625,44285.75390625,36114.50390625,29020.359375,25488.56640625,NA,NA,NA,NA,NA,NA
9352,49.794,-119.345,1231.67602539062,4.9,16.1,-4.8,20.9,695,259,21.4,62.2,138,271,133,230,21.63,653,1333,4777,41,570,-31.4,35.1,594,13.7,184,226,68,-1.3,-0.6,4.5,9.2,15.7,18.1,22.2,22.6,17,9.2,1.9,-2.2,-7.3,-8.6,-4.6,-1.4,3.3,6.4,9.6,9.6,5.7,0.7,-3.8,-7.5,-4.3,-4.6,0,3.9,9.5,12.2,15.9,16.1,11.3,4.9,-0.9,-4.8,61,62,70,47,74,85,34,17,49,68,68,60,5.3,7.2,12.6,18.3,22.8,22.8,22.4,20,14.4,8.5,5.2,4.2,160,152,65,16,1,0,0,0,0,10,79,170,0,0,2,32,148,217,339,345,194,54,3,0,692,629,560,423,264,175,78,77,201,407,567,703,0,0,0,0,0,4,13,18,5,0,1,0,2,1,4,10,24,29,31,31,27,17,6,2,38,52,41,12,3,1,0,0,2,5,30,44,0,0,30,54,93,104,120,105,60,28,0,0,0,0,0,7,19,19,86,88,11,0,0,0,75,67,66,64,61,63,62,61,64,71,78,78,6.02,6.15,6.02,2.18,0.92,0.95,-6.44,-8.49,-2.09,4.21,6.23,5.98,0.246999993920326,0.32820001244545,0.368000000715256,0.317999988794327,0.150800004601479,0.171900004148483,0.282499991357327,0.150800004601479,0.368000000715256,74.7359161376953,21.0914459228516,247.416748046875,0.945816397666931,7.9425368309021,753.580017089844,65.4499969482422,-0.5,22.7000007629395,39.4900016784668,14542.5,9142.5,-37,76,4,9.8100004196167,38.7400016784668,5190.47021484375,133.399993896484,133.399993896484,-66.5,13,0.97409999370575,0.025900000706315,0,0,0,0,0,0,0,0,0,1,14,13,5.19999980926514,3.70000004768372,6,39,47,57.5999984741211,30.2251567840576,12621,3373,21454.5,2.42500007152557,2.25,2.65000009536743,0.577500015497208,0.350000023841858,0.975000023841858,7.38994312286377,0,0,0,0,0,0,0,1076550.5,0,0,441612.15625,10246.8330078125,1.41451609134674,6.771071434021,39.0541954040527,10.304666519165,0,0,0,0,0,0,0,4.26903247833252,30313.171875,35456.43359375,42059.4296875,48928.59375,54806.421875,57770.1328125,56149.46484375,50833.8203125,44113.5078125,37257.8515625,31429.755859375,28618.072265625,NA,NA,NA,NA,NA,NA
9353,52.939,-114.288,957.046691894531,3.2,15.9,-9.2,25.1,548,383,24.1,41.5,145,256,111,122,7.48,1126,1303,5406,39,559,-41.4,33.9,558,13.1,155,117,57,-2.1,-2.9,1.7,9.6,17.1,19.7,22.3,21.8,17,9.2,1.3,-2.8,-13.4,-15.5,-10,-2.7,3,7.3,9.5,8.3,3.7,-2.5,-9.7,-13.6,-7.8,-9.2,-4.2,3.4,10.1,13.5,15.9,15.1,10.3,3.3,-4.2,-8.2,21,20,25,28,64,95,114,63,47,25,29,17,4.2,7.6,12.8,18.4,22.2,22.4,21.7,18.8,13.5,7.9,4.5,3.1,251,259,159,19,0,0,0,0,1,19,156,263,0,0,0,30,165,255,339,314,165,35,0,0,800,758,690,438,239,139,78,100,232,457,666,809,0,0,1,0,1,7,13,11,3,0,2,0,0,0,1,7,24,29,31,31,24,8,1,0,18,20,24,9,2,0,0,1,2,5,22,16,0,0,0,54,97,108,117,98,58,26,0,0,0,0,0,26,33,13,3,35,11,1,0,0,54,49,54,58,56,62,61,59,58,60,56,55,2.1,2,2.35,0.28,-1.03,1.27,1.73,-3.3,-2.52,0.12,2.77,1.7,0.25,0.292800009250641,0.536800026893616,0.510399997234344,0.275200009346008,0.211199998855591,0.284000009298325,0.211199998855591,0.536800026893616,2.18682098388672,1.05382537841797,5.9517822265625,0.820089042186737,11.5517387390137,744.75,39.8899993896484,-0.310000002384186,28.2999992370605,42.2000007629395,14038.5,8940,-49,74,3,5.80000019073486,17.2199993133545,5392.91015625,132.649993896484,132.649993896484,-124.5,3,0.947700023651123,0.0454000011086464,0.00689999992027879,0,0,0,0,0,0,0,0,1.10000002384186,12,20,2.70000004768372,4.5,5.80000019073486,30,48,48.0999984741211,14.546537399292,12481,3321,21141.5,3.27499997615814,2.95000004768372,3.54999995231628,0.512499988079071,0.215000003576279,1.125,6.60988903045654,0,0,0,0,0,0,0,0,0,0,0,0,0.700967729091644,14.0153570175171,25.9180660247803,14.2083330154419,0,0,0,0,0,2.96612906455994,2.1966667175293,0.605483889579773,28651.552734375,34514.88671875,41924.84765625,49615.44140625,56277.109375,59698.36328125,57820.671875,51761.86328125,44221.2265625,36544.1875,29935.5,26687.900390625,NA,NA,NA,NA,NA,NA
9354,52.939,-114.288,957.046691894531,3.2,15.9,-9.2,25.1,548,383,24.1,41.5,145,256,111,122,7.48,1126,1303,5406,39,559,-41.4,33.9,558,13.1,155,117,57,-2.1,-2.9,1.7,9.6,17.1,19.7,22.3,21.8,17,9.2,1.3,-2.8,-13.4,-15.5,-10,-2.7,3,7.3,9.5,8.3,3.7,-2.5,-9.7,-13.6,-7.8,-9.2,-4.2,3.4,10.1,13.5,15.9,15.1,10.3,3.3,-4.2,-8.2,21,20,25,28,64,95,114,63,47,25,29,17,4.2,7.6,12.8,18.4,22.2,22.4,21.7,18.8,13.5,7.9,4.5,3.1,251,259,159,19,0,0,0,0,1,19,156,263,0,0,0,30,165,255,339,314,165,35,0,0,800,758,690,438,239,139,78,100,232,457,666,809,0,0,1,0,1,7,13,11,3,0,2,0,0,0,1,7,24,29,31,31,24,8,1,0,18,20,24,9,2,0,0,1,2,5,22,16,0,0,0,54,97,108,117,98,58,26,0,0,0,0,0,26,33,13,3,35,11,1,0,0,54,49,54,58,56,62,61,59,58,60,56,55,2.1,2,2.35,0.28,-1.03,1.27,1.73,-3.3,-2.52,0.12,2.77,1.7,0.25,0.292800009250641,0.536800026893616,0.510399997234344,0.275200009346008,0.211199998855591,0.284000009298325,0.211199998855591,0.536800026893616,2.18682098388672,1.05382537841797,5.9517822265625,0.820089042186737,11.5517387390137,744.75,39.8899993896484,-0.310000002384186,28.2999992370605,42.2000007629395,14038.5,8940,-49,74,3,5.80000019073486,17.2199993133545,5392.91015625,132.649993896484,132.649993896484,-124.5,3,0.947700023651123,0.0454000011086464,0.00689999992027879,0,0,0,0,0,0,0,0,1.10000002384186,12,20,2.70000004768372,4.5,5.80000019073486,30,48,48.0999984741211,14.546537399292,12481,3321,21141.5,3.27499997615814,2.95000004768372,3.54999995231628,0.512499988079071,0.215000003576279,1.125,6.60988903045654,0,0,0,0,0,0,0,0,0,0,0,0,0.700967729091644,14.0153570175171,25.9180660247803,14.2083330154419,0,0,0,0,0,2.96612906455994,2.1966667175293,0.605483889579773,28651.552734375,34514.88671875,41924.84765625,49615.44140625,56277.109375,59698.36328125,57820.671875,51761.86328125,44221.2265625,36544.1875,29935.5,26687.900390625,NA,NA,NA,NA,NA,NA
9355,53.071,-114.085,849,3.2,16.4,-9.8,26.2,520,356,25.4,46.1,141,256,116,161,3.88,1174,1378,5403,48,616,-41.6,34.4,568,13,158,117,57,-2.8,-3.7,1.1,9.7,17.7,20.3,22.8,22.3,17.3,9.4,0.7,-3.4,-13.8,-15.8,-10.2,-2.5,3.5,7.8,10,8.7,3.9,-2.2,-9.7,-13.8,-8.3,-9.8,-4.6,3.6,10.6,14.1,16.4,15.5,10.6,3.6,-4.5,-8.6,22,20,25,28,57,91,107,59,42,23,29,17,4,7.5,12.6,18.3,22.1,22.4,21.6,18.8,13.5,7.7,4.2,3,262,271,169,18,0,0,0,0,1,17,163,273,0,0,0,33,180,273,354,327,174,38,0,0,815,774,703,432,228,126,66,91,223,448,675,821,0,0,1,0,2,9,17,13,4,0,2,0,0,0,1,7,25,29,31,31,24,9,1,0,20,20,24,8,1,0,0,0,2,4,22,16,0,0,0,54,99,111,119,100,59,26,0,0,0,0,0,26,42,20,12,41,17,3,0,0,55,50,55,58,56,62,61,59,58,60,58,57,2.2,2,2.43,0.26,-1.93,0.65,0.87,-3.89,-3.09,-0.15,2.82,1.7,NA,NA,NA,NA,NA,NA,NA,NA,NA,0.794769287109375,-0.794769287109375,6.358154296875,0.820986211299896,13.4472064971924,740.690002441406,41.560001373291,-0.330000013113022,29.1000003814697,41.5099983215332,14878.5,9412.5,-61,84,3,5.59999990463257,35.0699996948242,5395.8701171875,132.190002441406,132.190002441406,-103.5,8,0.00179999996908009,0,0,0,0,0,0,0.998199999332428,0,0,0,NA,NA,7,NA,NA,NA,NA,NA,NA,NA,12437.25,3317,21328,3.27499997615814,2.95000004768372,3.55000019073486,0.542499989271164,0.224999994039536,1.1800000667572,12.1969089508057,0,0,0,0,0,0,0,0,0,0,0,0,0.565806448459625,11.9614286422729,22.2435474395752,9.4593334197998,0,0,0,0,0,2.26709675788879,1.27866661548615,1.25096774101257,28550.474609375,34458.2890625,41916.80078125,49656.6171875,56366.2421875,59816.3359375,57922.3515625,51817.6484375,44227.66796875,36501.38671875,29844.90625,26569.8046875,NA,NA,NA,NA,NA,NA
9356,53.071,-114.086,849,3.2,16.4,-9.8,26.2,520,356,25.4,46.1,141,256,116,161,3.88,1174,1378,5403,48,616,-41.6,34.4,568,13,158,117,57,-2.8,-3.7,1.1,9.7,17.7,20.3,22.8,22.3,17.3,9.4,0.7,-3.4,-13.8,-15.8,-10.2,-2.5,3.5,7.8,10,8.7,3.9,-2.2,-9.7,-13.8,-8.3,-9.8,-4.6,3.6,10.6,14.1,16.4,15.5,10.6,3.6,-4.5,-8.6,22,20,25,28,57,91,107,59,42,23,29,17,4,7.5,12.6,18.3,22.1,22.4,21.6,18.8,13.5,7.7,4.2,3,262,271,169,18,0,0,0,0,1,17,163,273,0,0,0,33,180,273,354,327,174,38,0,0,815,774,703,432,228,126,66,91,223,448,675,821,0,0,1,0,2,9,17,13,4,0,2,0,0,0,1,7,25,29,31,31,24,9,1,0,20,20,24,8,1,0,0,0,2,4,22,16,0,0,0,54,99,111,119,100,59,26,0,0,0,0,0,26,42,20,12,41,17,3,0,0,55,50,55,58,56,62,61,59,58,60,58,57,2.2,2,2.43,0.26,-1.93,0.65,0.87,-3.89,-3.09,-0.15,2.82,1.7,NA,NA,NA,NA,NA,NA,NA,NA,NA,0,0,0,0.82445901632309,11.406530380249,740.690002441406,41.560001373291,-0.330000013113022,29.1000003814697,41.5099983215332,14878.5,9412.5,-61,84,3,5.59999990463257,35.0699996948242,5395.8701171875,132.190002441406,132.190002441406,-103.5,8,0.00179999996908009,0,0,0,0,0,0,0.998199999332428,0,0,0,NA,NA,7,NA,NA,NA,NA,NA,NA,NA,12437.25,3317,21328,3.27499997615814,2.95000004768372,3.55000019073486,0.542499989271164,0.224999994039536,1.1800000667572,12.1969089508057,0,0,0,0,0,0,0,0,0,0,0,0,0.565806448459625,11.9614286422729,22.2435474395752,9.4593334197998,0,0,0,0,0,2.26709675788879,1.27866661548615,1.25096774101257,28550.474609375,34458.2890625,41916.80078125,49656.6171875,56366.2421875,59816.3359375,57922.3515625,51817.6484375,44227.66796875,36501.38671875,29844.90625,26569.8046875,NA,NA,NA,NA,NA,NA
9357,52.635,-114.624,987.030700683594,3.1,15.8,-9.4,25.2,552,384,23.7,41.1,147,256,109,129,7.06,1146,1292,5446,37,550,-42.5,34.2,567,13.3,153,120,56,-2.3,-2.8,1.9,9.7,17,19.7,22.3,22,17.3,9.6,1.2,-2.9,-13.9,-16,-10.2,-2.9,2.7,7,9.2,8.1,3.6,-2.7,-9.8,-14.3,-8.1,-9.4,-4.1,3.4,9.8,13.3,15.8,15.1,10.5,3.4,-4.3,-8.6,21,20,26,28,67,98,110,61,48,26,28,19,4.3,7.9,13,18.6,22.3,22.6,21.8,19,13.9,8.1,4.5,3.3,258,263,156,19,0,0,0,0,1,18,158,273,0,0,0,30,156,249,336,314,171,36,0,0,809,763,687,438,255,144,81,100,226,454,669,821,0,0,1,0,1,6,13,11,4,0,2,0,0,0,1,6,23,29,31,31,24,7,1,0,19,20,25,9,2,0,0,1,2,5,21,18,0,0,0,55,97,109,119,100,60,27,0,0,0,0,0,27,30,11,9,39,12,1,0,0,53,47,53,57,55,61,60,58,57,58,56,53,2.1,2,2.45,0.25,-0.67,1.46,1.21,-3.75,-2.66,0.08,2.68,1.9,0.283600002527237,0.39860001206398,0.554400026798248,0.519999980926514,0.243599995970726,0.168500006198883,0.341100007295609,0.168500006198883,0.554400026798248,5.07872772216797,3.16634368896484,18.0965576171875,0.829568684101105,9.36958789825439,749.200012207031,38.2700004577637,-0.300000011920929,27.1000003814697,44.5999984741211,14028,8895,-44,72,3,6.3899998664856,15.1300001144409,5357.39013671875,132.630004882812,132.630004882812,-121.5,9,0.0143999997526407,0.958199977874756,0,0.00380000006407499,0.0147000001743436,0.00810000021010637,0,0,0,0,0.0007999999797903,1.20000004768372,9,21,4,4.40000009536743,6.09999990463257,29,48,48.4000015258789,0,12456.25,3344.5,21023,3.05000007152557,2.75,3.34999990463257,0.504999995231628,0.215000003576279,1.09500002861023,8.06354236602783,0,0,0,0,0,0,0,0,0,0,0,0,3.35483860969543,13.9771423339844,26.3383865356445,16.5796661376953,0,0,0,0,0,2.92612910270691,4.73666667938232,4.00870990753174,28817.751953125,34608.125,41938.11328125,49547.57421875,56130.46484375,59504.5625,57653.484375,51669.96484375,44210.61328125,36614.72265625,30084.546875,26881.90234375,NA,NA,NA,NA,NA,NA
9358,52.635,-114.624,987.030700683594,3.1,15.8,-9.4,25.2,552,384,23.7,41.1,147,256,109,129,7.06,1146,1292,5446,37,550,-42.5,34.2,567,13.3,153,120,56,-2.3,-2.8,1.9,9.7,17,19.7,22.3,22,17.3,9.6,1.2,-2.9,-13.9,-16,-10.2,-2.9,2.7,7,9.2,8.1,3.6,-2.7,-9.8,-14.3,-8.1,-9.4,-4.1,3.4,9.8,13.3,15.8,15.1,10.5,3.4,-4.3,-8.6,21,20,26,28,67,98,110,61,48,26,28,19,4.3,7.9,13,18.6,22.3,22.6,21.8,19,13.9,8.1,4.5,3.3,258,263,156,19,0,0,0,0,1,18,158,273,0,0,0,30,156,249,336,314,171,36,0,0,809,763,687,438,255,144,81,100,226,454,669,821,0,0,1,0,1,6,13,11,4,0,2,0,0,0,1,6,23,29,31,31,24,7,1,0,19,20,25,9,2,0,0,1,2,5,21,18,0,0,0,55,97,109,119,100,60,27,0,0,0,0,0,27,30,11,9,39,12,1,0,0,53,47,53,57,55,61,60,58,57,58,56,53,2.1,2,2.45,0.25,-0.67,1.46,1.21,-3.75,-2.66,0.08,2.68,1.9,0.283600002527237,0.39860001206398,0.554400026798248,0.519999980926514,0.243599995970726,0.168500006198883,0.341100007295609,0.168500006198883,0.554400026798248,5.07872772216797,3.16634368896484,18.0965576171875,0.829568684101105,9.36958789825439,749.200012207031,38.2700004577637,-0.300000011920929,27.1000003814697,44.5999984741211,14028,8895,-44,72,3,6.3899998664856,15.1300001144409,5357.39013671875,132.630004882812,132.630004882812,-121.5,9,0.0143999997526407,0.958199977874756,0,0.00380000006407499,0.0147000001743436,0.00810000021010637,0,0,0,0,0.0007999999797903,1.20000004768372,9,21,4,4.40000009536743,6.09999990463257,29,48,48.4000015258789,0,12456.25,3344.5,21023,3.05000007152557,2.75,3.34999990463257,0.504999995231628,0.215000003576279,1.09500002861023,8.06354236602783,0,0,0,0,0,0,0,0,0,0,0,0,3.35483860969543,13.9771423339844,26.3383865356445,16.5796661376953,0,0,0,0,0,2.92612910270691,4.73666667938232,4.00870990753174,28817.751953125,34608.125,41938.11328125,49547.57421875,56130.46484375,59504.5625,57653.484375,51669.96484375,44210.61328125,36614.72265625,30084.546875,26881.90234375,NA,NA,NA,NA,NA,NA
9359,53.208,-117.551,1395.99377441406,2.1,14,-9,23,702,438,17.2,32,158,253,95,54,29.45,1155,994,5775,20,351,-41.2,31.7,511,13.4,140,213,58,-1.6,-2.8,1.9,7.9,14.7,17.2,20.4,19.7,14.8,7.9,0.1,-3.7,-12.7,-15.2,-9.8,-4.7,1.2,5.2,7.6,7.2,2.8,-3.4,-10.2,-13.4,-7.1,-9,-4,1.6,7.9,11.2,14,13.4,8.8,2.2,-5,-8.6,34,34,41,36,66,121,113,71,67,43,50,26,4.2,7.6,12.7,18.7,23.3,22.5,22.3,19.1,13.7,8.4,4.7,3.2,233,255,153,35,1,0,0,0,1,28,175,273,0,0,0,13,104,187,279,262,123,26,0,0,778,752,684,492,313,205,127,144,277,492,690,821,0,1,2,0,0,2,5,5,2,0,2,1,0,0,1,3,18,28,31,30,22,6,1,0,28,33,39,21,5,2,1,1,5,13,40,24,0,0,0,50,88,98,110,89,52,24,0,0,0,0,0,14,22,0,0,18,0,0,0,0,55,49,54,56,57,62,61,61,61,60,58,59,3.4,3.4,3.9,1.73,0.87,4.73,2.2,-1.56,0.82,2.33,5,2.6,0.17569999396801,0.225999996066093,0.452800005674362,0.393400013446808,0.312400013208389,0.266200006008148,0.289300009608269,0.17569999396801,0.452800005674362,12.2125549316406,-10.4093322753906,31.2254638671875,0.818216443061829,13.5648794174194,667.349975585938,35.0699996948242,-0.209999993443489,24.8500003814697,50.9799995422363,11329.5,7387.5,-65,54,3,6.53999996185303,32.1599998474121,4825.1201171875,120.559997558594,120.559997558594,-157.25,0,0.739000022411346,0.260899990797043,0,0,0,0,0,0,0,0,9.99999974737875e-05,1,19,15,2,3.29999995231628,5.90000009536743,31,51,31.6000003814697,15.9507274627686,11999.25,3116,20327.5,2.125,2.09999990463257,2.29999995231628,0.405000001192093,0.199999988079071,0.810000002384186,0,0,0,0,0,0,0,0,0,0,0,0,0,1.15419352054596,15.7950000762939,27.291934967041,28.0303325653076,1.57774198055267,0,0,0,0,1.77838706970215,2.50399994850159,0.185483872890472,28482.513671875,34420.28125,41911.40234375,49684.265625,56426.1484375,59895.70703125,57990.71875,51855.109375,44231.98828125,36472.65234375,29784.01171875,26490.349609375,NA,NA,NA,NA,NA,NA
9360,53.208,-117.551,1395.99377441406,2.1,14,-9,23,702,438,17.2,32,158,253,95,54,29.45,1155,994,5775,20,351,-41.2,31.7,511,13.4,140,213,58,-1.6,-2.8,1.9,7.9,14.7,17.2,20.4,19.7,14.8,7.9,0.1,-3.7,-12.7,-15.2,-9.8,-4.7,1.2,5.2,7.6,7.2,2.8,-3.4,-10.2,-13.4,-7.1,-9,-4,1.6,7.9,11.2,14,13.4,8.8,2.2,-5,-8.6,34,34,41,36,66,121,113,71,67,43,50,26,4.2,7.6,12.7,18.7,23.3,22.5,22.3,19.1,13.7,8.4,4.7,3.2,233,255,153,35,1,0,0,0,1,28,175,273,0,0,0,13,104,187,279,262,123,26,0,0,778,752,684,492,313,205,127,144,277,492,690,821,0,1,2,0,0,2,5,5,2,0,2,1,0,0,1,3,18,28,31,30,22,6,1,0,28,33,39,21,5,2,1,1,5,13,40,24,0,0,0,50,88,98,110,89,52,24,0,0,0,0,0,14,22,0,0,18,0,0,0,0,55,49,54,56,57,62,61,61,61,60,58,59,3.4,3.4,3.9,1.73,0.87,4.73,2.2,-1.56,0.82,2.33,5,2.6,0.17569999396801,0.225999996066093,0.452800005674362,0.393400013446808,0.312400013208389,0.266200006008148,0.289300009608269,0.17569999396801,0.452800005674362,12.2125549316406,-10.4093322753906,31.2254638671875,0.818216443061829,13.5648794174194,667.349975585938,35.0699996948242,-0.209999993443489,24.8500003814697,50.9799995422363,11329.5,7387.5,-65,54,3,6.53999996185303,32.1599998474121,4825.1201171875,120.559997558594,120.559997558594,-157.25,0,0.739000022411346,0.260899990797043,0,0,0,0,0,0,0,0,9.99999974737875e-05,1,19,15,2,3.29999995231628,5.90000009536743,31,51,31.6000003814697,15.9507274627686,11999.25,3116,20327.5,2.125,2.09999990463257,2.29999995231628,0.405000001192093,0.199999988079071,0.810000002384186,0,0,0,0,0,0,0,0,0,0,0,0,0,1.15419352054596,15.7950000762939,27.291934967041,28.0303325653076,1.57774198055267,0,0,0,0,1.77838706970215,2.50399994850159,0.185483872890472,28482.513671875,34420.28125,41911.40234375,49684.265625,56426.1484375,59895.70703125,57990.71875,51855.109375,44231.98828125,36472.65234375,29784.01171875,26490.349609375,NA,NA,NA,NA,NA,NA
9361,55.675,-121.645,577.314392089844,3.4,15.3,-8.8,24.1,511,271,26.2,56.5,144,253,108,234,2.57,1064,1270,5318,38,513,-39.8,33.7,553,12.4,163,161,61,-4,-3.5,2.6,10.8,18.1,20.3,22.4,21.8,17,8.6,-0.8,-4.8,-11.7,-13.4,-7.6,-1.4,2.7,5.7,8.3,6.9,3.1,-0.2,-7.3,-12.8,-7.8,-8.4,-2.5,4.7,10.4,13,15.3,14.4,10.1,4.2,-4,-8.8,32,30,31,27,38,85,71,44,33,42,45,33,3.2,6.1,11.5,17.8,22.2,23.1,21.5,18.4,13,6.7,3.3,2.3,251,243,115,12,0,0,0,0,1,13,151,278,0,0,0,41,174,239,320,291,160,45,0,0,800,735,637,400,233,150,93,116,238,429,660,827,0,1,2,1,2,5,10,8,3,2,2,1,1,0,1,10,23,28,31,30,23,14,2,0,28,29,27,5,1,0,0,1,2,5,33,31,0,0,0,54,99,112,117,96,54,21,0,0,0,0,0,27,61,27,46,52,21,0,0,0,67,58,60,59,53,56,58,55,57,70,73,66,3.2,3,2.68,-0.28,-4.01,-0.21,-2.59,-5.17,-3.75,2.02,4.39,3.3,0.270999997854233,0.355599999427795,0.566399991512299,0.453599989414215,0.214000001549721,0.186499997973442,0.313299998641014,0.186499997973442,0.566399991512299,3.73963928222656,-3.23277282714844,11.6908569335938,0.785743415355682,11.5543165206909,684.789978027344,48.5499992370605,-0.280000001192093,28.6000003814697,45.060001373291,15508.5,12573,-84,93,4,4.21999979019165,32.0900001525879,5235.4599609375,126.279998779297,126.279998779297,-93,29,0.908399999141693,0.00240000011399388,0,0,0.000699999975040555,0.00289999996311963,0,0.0851000025868416,0.000500000023748726,0,0,1,17,26,3.40000009536743,4.40000009536743,6.09999990463257,24,47,51.5,16.5154571533203,10742.5,2150.5,20360,2.52499997615814,2.34999990463257,2.80000019073486,0.549999997019768,0.25,1.12000000476837,12.545262336731,4918003.5,126062.3359375,0,0,0,0,0,0,0,422629.5,9002.3330078125,0,2.47838711738586,9.65857124328613,11.881290435791,1.58866667747498,0,0,0,0,0,0.00225806445814669,0,0.0561290346086025,26896.791015625,33544.5546875,41787.6640625,50319.58984375,57818.39453125,61759.41015625,59586.27734375,52718.234375,44331.00390625,35812.08203125,28368.28125,24624.583984375,NA,NA,NA,NA,NA,NA
9362,55.675,-121.645,577.314392089844,3.4,15.3,-8.8,24.1,511,271,26.2,56.5,144,253,108,234,2.57,1064,1270,5318,38,513,-39.8,33.7,553,12.4,163,161,61,-4,-3.5,2.6,10.8,18.1,20.3,22.4,21.8,17,8.6,-0.8,-4.8,-11.7,-13.4,-7.6,-1.4,2.7,5.7,8.3,6.9,3.1,-0.2,-7.3,-12.8,-7.8,-8.4,-2.5,4.7,10.4,13,15.3,14.4,10.1,4.2,-4,-8.8,32,30,31,27,38,85,71,44,33,42,45,33,3.2,6.1,11.5,17.8,22.2,23.1,21.5,18.4,13,6.7,3.3,2.3,251,243,115,12,0,0,0,0,1,13,151,278,0,0,0,41,174,239,320,291,160,45,0,0,800,735,637,400,233,150,93,116,238,429,660,827,0,1,2,1,2,5,10,8,3,2,2,1,1,0,1,10,23,28,31,30,23,14,2,0,28,29,27,5,1,0,0,1,2,5,33,31,0,0,0,54,99,112,117,96,54,21,0,0,0,0,0,27,61,27,46,52,21,0,0,0,67,58,60,59,53,56,58,55,57,70,73,66,3.2,3,2.68,-0.28,-4.01,-0.21,-2.59,-5.17,-3.75,2.02,4.39,3.3,0.270999997854233,0.355599999427795,0.566399991512299,0.453599989414215,0.214000001549721,0.186499997973442,0.313299998641014,0.186499997973442,0.566399991512299,3.73963928222656,-3.23277282714844,11.6908569335938,0.785743415355682,11.5543165206909,684.789978027344,48.5499992370605,-0.280000001192093,28.6000003814697,45.060001373291,15508.5,12573,-84,93,4,4.21999979019165,32.0900001525879,5235.4599609375,126.279998779297,126.279998779297,-93,29,0.908399999141693,0.00240000011399388,0,0,0.000699999975040555,0.00289999996311963,0,0.0851000025868416,0.000500000023748726,0,0,1,17,26,3.40000009536743,4.40000009536743,6.09999990463257,24,47,51.5,16.5154571533203,10742.5,2150.5,20360,2.52499997615814,2.34999990463257,2.80000019073486,0.549999997019768,0.25,1.12000000476837,12.545262336731,4918003.5,126062.3359375,0,0,0,0,0,0,0,422629.5,9002.3330078125,0,2.47838711738586,9.65857124328613,11.881290435791,1.58866667747498,0,0,0,0,0,0.00225806445814669,0,0.0561290346086025,26896.791015625,33544.5546875,41787.6640625,50319.58984375,57818.39453125,61759.41015625,59586.27734375,52718.234375,44331.00390625,35812.08203125,28368.28125,24624.583984375,NA,NA,NA,NA,NA,NA
9363,54.963,-112.01,569.45361328125,1.8,16.9,-13.2,30.1,437,301,27,56.1,143,253,110,194,-1.92,1635,1373,5933,51,629,-45.3,34.3,544,12.2,154,102,58,-7.7,-6.9,-0.5,8.6,17.9,20.7,23.2,22.1,16.7,7.7,-2.7,-7.5,-18.6,-18.8,-12.1,-3.6,3.2,8.1,10.5,8.8,3.6,-2.1,-11.3,-17,-13.2,-12.9,-6.3,2.5,10.5,14.4,16.9,15.5,10.2,2.8,-7,-12.2,21,15,16,28,33,96,91,49,32,25,17,14,3.2,6.7,12.1,17.8,21.3,22.1,21.1,17.9,12.5,6.6,3.3,2.3,411,363,215,26,0,0,0,0,1,23,216,380,0,0,0,26,177,281,370,327,162,30,0,0,966,861,755,465,231,119,56,91,235,473,749,932,0,0,0,0,3,10,22,13,3,0,0,0,0,0,0,5,24,30,31,31,24,9,1,0,21,15,16,12,1,0,0,0,2,6,15,14,0,0,0,49,98,110,117,95,54,21,0,0,0,0,0,21,65,14,26,46,22,0,0,0,53,50,53,58,55,61,62,60,59,66,64,59,2.1,1.5,1.6,0.8,-4.28,1.18,-0.63,-4.41,-3.57,0.68,1.7,1.4,0.281800001859665,0.300799995660782,0.391999989748001,0.308999985456467,0.238399997353554,0.238800004124641,0.291299998760223,0.238399997353554,0.391999989748001,5.72837829589844,1.97227478027344,18.1281127929688,0.781388103961945,9.48191165924072,695.309997558594,44.1699981689453,-0.340000003576279,32.8499984741211,36.9700012207031,15004.5,9637.5,-109,95,4,2.54999995231628,30.6000003814697,5482.39990234375,129.520004272461,129.520004272461,-80.75,0,0.887899994850159,0.107500001788139,0,0,0,0.00460000010207295,0,0,0,0,0,1.10000002384186,11,12,2.09999990463257,3.59999990463257,6,58,29,38,16.6524829864502,12020,2746.5,21434,3.34999990463257,3.09999990463257,3.55000019073486,0.552500009536743,0.204999998211861,1.26499998569489,0,0,0,0,0,0,0,0,0,0,0,585831.5,27453.833984375,3.34322571754456,6.01535701751709,12.3729028701782,3.21133327484131,0,0,0,0,0,0.152903228998184,0.0286666676402092,0.390000015497208,27365.119140625,33800.90234375,41823.74609375,50133.95703125,57408.3671875,61206.48828125,59114.97265625,52465.578125,44302.1328125,36005.1328125,28785.34375,25178.13671875,NA,NA,NA,NA,NA,NA
9364,54.963,-112.01,569.45361328125,1.8,16.9,-13.2,30.1,437,301,27,56.1,143,253,110,194,-1.92,1635,1373,5933,51,629,-45.3,34.3,544,12.2,154,102,58,-7.7,-6.9,-0.5,8.6,17.9,20.7,23.2,22.1,16.7,7.7,-2.7,-7.5,-18.6,-18.8,-12.1,-3.6,3.2,8.1,10.5,8.8,3.6,-2.1,-11.3,-17,-13.2,-12.9,-6.3,2.5,10.5,14.4,16.9,15.5,10.2,2.8,-7,-12.2,21,15,16,28,33,96,91,49,32,25,17,14,3.2,6.7,12.1,17.8,21.3,22.1,21.1,17.9,12.5,6.6,3.3,2.3,411,363,215,26,0,0,0,0,1,23,216,380,0,0,0,26,177,281,370,327,162,30,0,0,966,861,755,465,231,119,56,91,235,473,749,932,0,0,0,0,3,10,22,13,3,0,0,0,0,0,0,5,24,30,31,31,24,9,1,0,21,15,16,12,1,0,0,0,2,6,15,14,0,0,0,49,98,110,117,95,54,21,0,0,0,0,0,21,65,14,26,46,22,0,0,0,53,50,53,58,55,61,62,60,59,66,64,59,2.1,1.5,1.6,0.8,-4.28,1.18,-0.63,-4.41,-3.57,0.68,1.7,1.4,0.281800001859665,0.300799995660782,0.391999989748001,0.308999985456467,0.238399997353554,0.238800004124641,0.291299998760223,0.238399997353554,0.391999989748001,5.72837829589844,1.97227478027344,18.1281127929688,0.781388103961945,9.48191165924072,695.309997558594,44.1699981689453,-0.340000003576279,32.8499984741211,36.9700012207031,15004.5,9637.5,-109,95,4,2.54999995231628,30.6000003814697,5482.39990234375,129.520004272461,129.520004272461,-80.75,0,0.887899994850159,0.107500001788139,0,0,0,0.00460000010207295,0,0,0,0,0,1.10000002384186,11,12,2.09999990463257,3.59999990463257,6,58,29,38,16.6524829864502,12020,2746.5,21434,3.34999990463257,3.09999990463257,3.55000019073486,0.552500009536743,0.204999998211861,1.26499998569489,0,0,0,0,0,0,0,0,0,0,0,585831.5,27453.833984375,3.34322571754456,6.01535701751709,12.3729028701782,3.21133327484131,0,0,0,0,0,0.152903228998184,0.0286666676402092,0.390000015497208,27365.119140625,33800.90234375,41823.74609375,50133.95703125,57408.3671875,61206.48828125,59114.97265625,52465.578125,44302.1328125,36005.1328125,28785.34375,25178.13671875,NA,NA,NA,NA,NA,NA
9365,53.052,-114.74,988.86181640625,3.4,15.9,-8.9,24.8,590,413,22.7,38.5,144,257,114,88,11.42,1079,1313,5327,39,562,-40.8,33.7,558,13.1,157,120,57,-1.9,-2.6,2.1,9.8,17,19.7,22.3,21.7,17,9.6,1.4,-2.7,-12.9,-15.2,-9.7,-2.5,3.1,7.3,9.6,8.5,3.9,-2.1,-9.2,-13.2,-7.4,-8.9,-3.8,3.7,10.1,13.5,15.9,15.1,10.4,3.8,-3.9,-7.9,21,21,26,31,67,106,118,67,55,29,30,19,4.1,7.6,12.8,18.4,22.1,22.4,21.6,18.7,13.5,8,4.4,3.1,241,253,148,17,0,0,0,0,1,16,149,255,0,0,0,32,165,255,339,314,168,40,0,0,787,749,678,429,239,139,78,100,229,442,657,799,0,0,1,0,1,7,13,11,3,0,2,0,0,0,1,7,24,29,31,31,24,9,1,0,18,21,24,9,2,0,0,1,2,4,22,17,0,0,0,54,97,108,117,97,58,27,0,0,0,0,0,23,30,2,0,30,3,0,0,0,55,49,54,58,57,62,61,60,59,60,58,56,2.1,2.1,2.38,0.48,-0.67,2.34,2.13,-2.79,-1.71,0.33,2.82,1.9,0.196400001645088,0.541599988937378,0.723599970340729,0.592000007629395,0.231199994683266,0.217999994754791,0.386399991810322,0.196400001645088,0.723599970340729,31.2305908203125,31.2305908203125,49.365478515625,0.802435100078583,7.60714721679688,742.700012207031,37.4599990844727,-0.28999999165535,28,44.1699981689453,13933.5,8850,-53,72,3,5.86999988555908,14.4200000762939,5377.68994140625,132.440002441406,132.440002441406,-128,9,0.748399972915649,0.250600010156631,0,0,0.000500000023748726,0.000199999994947575,0,0,0,0,0.000300000014249235,1.10000002384186,12,26,5.59999990463257,5,5.69999980926514,26,46,58.5,14.1229724884033,12366.75,3234.5,21111.5,3.14999985694885,2.80000019073486,3.40000009536743,0.512499988079071,0.224999994039536,1.0900000333786,7.40672874450684,0,0,0,0,0,0,0,0,0,0,0,0,0.829999983310699,18.7157135009766,33.8593559265137,20.9050006866455,0,0,0,0,0,3.47516131401062,3.18766665458679,0.847419321537018,28584.283203125,34477.2109375,41919.4921875,49642.8515625,56336.43359375,59776.8671875,57888.33984375,51799,44225.515625,36515.6953125,29875.203125,26609.3125,NA,NA,NA,NA,NA,NA
9366,52.229,-113.453,839.4609375,3,16.4,-10.6,27,487,341,26.7,48.1,144,256,112,204,-1.77,1267,1395,5484,50,632,-43,35.5,593,13.3,154,106,56,-3.5,-4.6,0.6,9.5,17.6,20.6,23.3,23.1,18.4,10.3,0.7,-3.9,-14.9,-16.6,-10.8,-2.9,3.1,7.7,9.6,8.5,3.7,-2.9,-10.2,-14.8,-9.2,-10.6,-5.1,3.3,10.4,14.2,16.4,15.8,11,3.7,-4.8,-9.3,17,18,22,28,60,92,87,60,42,20,24,17,4.3,7.8,12.9,18.7,22.1,22.7,21.9,19.3,14.2,8.2,4.5,3.2,288,299,183,20,0,0,0,0,0,16,170,289,0,0,0,31,174,275,354,336,186,39,0,0,843,797,718,441,233,124,66,84,207,445,684,843,0,0,0,0,2,9,17,15,4,0,1,0,0,0,0,6,24,29,31,31,24,7,1,0,16,18,21,9,1,0,0,0,2,3,19,16,0,0,0,55,101,114,124,106,64,29,0,0,0,0,0,27,41,22,37,46,22,9,0,0,53,50,55,57,55,60,59,56,55,55,56,55,1.7,1.8,2.2,0.37,-1.63,0.51,-1.67,-4.51,-3.84,-0.74,2.36,1.7,0.204300001263618,0.382400006055832,0.676400005817413,0.606000006198883,0.0178999993950129,0.16609999537468,0.293350003659725,0.0178999993950129,0.676400005817413,8.90586853027344,-7.11672973632812,25.4978637695312,0.834894120693207,9.9686279296875,746.719970703125,49.6300010681152,-0.419999986886978,30.3999996185303,36.4500007629395,15697.5,9915,-85,93,5,5.6100001335144,17.7399997711182,5441.5400390625,133.509994506836,133.509994506836,-77,10,0.101499997079372,0.426699995994568,0,0.433200001716614,0.0189999993890524,0.0196000002324581,0,0,0,0,0,1.20000004768372,11,19,5.59999990463257,4.80000019073486,6.59999990463257,44,35,53.4000015258789,7.88452911376953,12750.25,3522,21353.5,3.57500004768372,3.15000009536743,3.84999990463257,0.52250000834465,0.204999998211861,1.15499997138977,8.40608024597168,0,0,0,0,0,0,0,0,0,0,0,0,0.457741945981979,6.0271430015564,14.1361284255981,4.07966661453247,0,0,0,0,0,2.35322594642639,0.841666698455811,0,29045.8359375,34736.4296875,41956.390625,49454.125,55929.0390625,59238.9609375,57424.05859375,51543.50390625,44195.984375,36711.8359375,30289.244140625,27147.779296875,NA,NA,NA,NA,NA,NA
9367,51.86,-119.299,582.392822265625,6.4,17.8,-4.3,22.1,894,413,18.3,43.1,134,273,139,174,32.7,542,1661,4311,91,804,-28.8,36.8,663,13.5,206,194,66,-1.1,-0.2,6.1,12.2,19.2,21.6,25.3,25.1,18.3,9.5,2.6,-1.7,-6,-8.5,-2.5,0.2,4.3,8.2,10.2,9.5,6,1.8,-1.8,-6.1,-3.5,-4.3,1.8,6.2,11.8,14.9,17.8,17.3,12.2,5.7,0.4,-3.9,68,62,72,44,60,106,96,59,92,84,72,79,4.5,6.7,11.8,18.4,23.4,23.2,23.4,20.7,14.3,7.9,4.5,3.5,140,145,41,7,0,0,0,0,0,7,56,146,0,0,12,65,213,296,397,382,219,67,8,0,668,620,504,355,200,107,39,52,179,383,528,676,0,0,1,0,4,13,33,30,7,0,2,1,3,1,8,15,26,30,31,31,27,20,10,3,37,50,22,3,1,0,0,0,2,4,23,51,0,0,30,61,108,119,136,115,61,25,8,0,0,0,0,17,48,13,40,56,0,0,0,0,79,66,69,61,54,59,56,54,62,74,83,81,6.65,6.12,5.84,0.67,-2.24,1.51,-2.12,-5.83,1.93,5.86,6.52,7.8,0.323399990797043,0.266999989748001,0.434399992227554,0.38400000333786,0.277599990367889,0.274800002574921,0.300499990582466,0.266999989748001,0.434399992227554,15.4282150268555,-12.140754699707,73.95263671875,0.769363343715668,8.74674797058105,783.099975585938,46.4099998474121,0.0299999993294477,25.0499992370605,77.9199981689453,18708,13122,-43,87,5,8.64999961853027,74.129997253418,5607.06005859375,140.25,7.09000015258789,-47.25,12,0.983299970626831,0.0015999999595806,0,0,0.0103000001981854,9.99999974737875e-05,0,0.00469999993219972,0,0,0,0.899999976158142,17,16,6.90000009536743,4.40000009536743,5.90000009536743,42,40,63.5999984741211,16.1735305786133,11829.5,2879.5,20300.5,1.57500004768372,1.39999997615814,1.75,0.652500003576279,0.350000023841858,1.13999998569489,0,0,0,0,0,0,0,0,0,0,49327.33203125,0,0,1.77580642700195,9.96249961853027,34.7809677124023,12.2923336029053,0,0,0,0,0,0,0,0.458387106657028,29237.220703125,34844.40234375,41971.79296875,49375.4375,55759.875,59016.40234375,57231.5546875,51437.08203125,44183.65625,36793.60546875,30461.146484375,27370.56640625,NA,NA,NA,NA,NA,NA
9368,51.86,-119.299,582.392822265625,6.4,17.8,-4.3,22.1,894,413,18.3,43.1,134,273,139,174,32.7,542,1661,4311,91,804,-28.8,36.8,663,13.5,206,194,66,-1.1,-0.2,6.1,12.2,19.2,21.6,25.3,25.1,18.3,9.5,2.6,-1.7,-6,-8.5,-2.5,0.2,4.3,8.2,10.2,9.5,6,1.8,-1.8,-6.1,-3.5,-4.3,1.8,6.2,11.8,14.9,17.8,17.3,12.2,5.7,0.4,-3.9,68,62,72,44,60,106,96,59,92,84,72,79,4.5,6.7,11.8,18.4,23.4,23.2,23.4,20.7,14.3,7.9,4.5,3.5,140,145,41,7,0,0,0,0,0,7,56,146,0,0,12,65,213,296,397,382,219,67,8,0,668,620,504,355,200,107,39,52,179,383,528,676,0,0,1,0,4,13,33,30,7,0,2,1,3,1,8,15,26,30,31,31,27,20,10,3,37,50,22,3,1,0,0,0,2,4,23,51,0,0,30,61,108,119,136,115,61,25,8,0,0,0,0,17,48,13,40,56,0,0,0,0,79,66,69,61,54,59,56,54,62,74,83,81,6.65,6.12,5.84,0.67,-2.24,1.51,-2.12,-5.83,1.93,5.86,6.52,7.8,0.323399990797043,0.266999989748001,0.434399992227554,0.38400000333786,0.277599990367889,0.274800002574921,0.300499990582466,0.266999989748001,0.434399992227554,15.4282150268555,-12.140754699707,73.95263671875,0.769363343715668,8.74674797058105,783.099975585938,46.4099998474121,0.0299999993294477,25.0499992370605,77.9199981689453,18708,13122,-43,87,5,8.64999961853027,74.129997253418,5607.06005859375,140.25,7.09000015258789,-47.25,12,0.983299970626831,0.0015999999595806,0,0,0.0103000001981854,9.99999974737875e-05,0,0.00469999993219972,0,0,0,0.899999976158142,17,16,6.90000009536743,4.40000009536743,5.90000009536743,42,40,63.5999984741211,16.1735305786133,11829.5,2879.5,20300.5,1.57500004768372,1.39999997615814,1.75,0.652500003576279,0.350000023841858,1.13999998569489,0,0,0,0,0,0,0,0,0,0,49327.33203125,0,0,1.77580642700195,9.96249961853027,34.7809677124023,12.2923336029053,0,0,0,0,0,0,0,0.458387106657028,29237.220703125,34844.40234375,41971.79296875,49375.4375,55759.875,59016.40234375,57231.5546875,51437.08203125,44183.65625,36793.60546875,30461.146484375,27370.56640625,NA,NA,NA,NA,NA,NA
