"New_sample_name","Sample_name","Species_code","Species_name","Host","Developmental_mode","Haplotype_id","Locality_string","Site_codes","N_sites","Multi_site","Copy_index","Site_code","Locality","Latitude","Longitude","Sequence","Source_row","Seadepth"
"Echr_01_Bim_01","Echr_01_Bim","Echr","Elysia christinae","Rhipilia","planktotrophic",1,"Bim","Bim",1,FALSE,1,"Bim","Bimini",25.7386111111,-79.2722222222,"tacgttatatgtagttttcggtatatggtgtgggttagtaggaactggcttaagtttattaatccgatttgagctggggacatctggggccttcttaggtgacgaccatttttacaatgtaatcgttacagcccatgcttttgttataattttttttatggttatacctttaataattggaggttttggaaactgaatggttccaattttaattggggctccggacataagtttccctcgtataaataatataaggttttgactacttcctccttcttttatttttcttctatgttcaagtcttgtcgaaggaggtgcaggaacaggatgaacagtataccctcctctgagggggcccatcggtcacgggggtgcttctgtggacttggcaattttttctttacacttagctggaatatcttctattctgggtgctgtaaactttattaccactatttttaatatacgttctccgggtataagaatggaacgactaagtttatttgtctgatcagtcctagtgacggcgtttttgcttttattatcacttcccgtattggcaggagcaatcactatactgttgacggaccgtaactttaatacaaggttttttgatcctgctggaggtggggaccctattctataccagcatttattc",1,0
"Echr_02_Bim_01","Echr_02_Bim","Echr","Elysia christinae","Rhipilia","planktotrophic",2,"Bim","Bim",1,FALSE,1,"Bim","Bimini",25.7386111111,-79.2722222222,"tacgttatatgtagttttcggtatatggtgtgggttagtaggaactggcttaagtttattaatccgatttgagctggggacatctggggccttcttaggtgacgaccatttttacaatgtaatcgttacagcccatgcttttgttataattttttttatggttatacctttaataattggaggttttggaaactgaatggttccaattttaattggggctccggacataagtttccctcgtataaataatataaggttttgactacttcctccttcttttatttttcttctatgttcaagtcttgtcgaaggaggtgcaggaacaggatgaacagtataccctcctctgagggggcccatcggtcatgggggtgcttctgtggacttggcaattttttctttacacttagctggaatatcttctattctgggtgctgtaaactttattaccactatttttaatatacgttctccgggtataagaatggaacgactgagtttatttgtctgatcagtcctagtgacggcgtttttgcttttattatcacttcccgtattggcaggagcaatcactatactgttgacggaccgtaactttaatacaaggttttttgatcctgctggaggtggggaccctattctataccagcatttattt",2,0
"Epap_01_Ber_01","Epap_01_Ber","Epap","Elysia papillosa","Penicillus","lecithotrophic",1,"Ber","Ber",1,FALSE,1,"Ber","Bermuda, Whale Bone Bay",32.3647222222,-64.7127777778,"----------------------------------ctagtaggtaccggtttaagtttactaattcgttttgagttgggaacttctggtgcttttttaggtgacgatcacttttataatgtaattgtaacagctcacgcttttgttataatttttttcatggttatgcctctgataattggaggttttggaaactgaatagtccctattttaattggggctcctgatataagctttcctcgtataaataatatgaggttctggttgctcccaccctcttttatttttcttctatgttcaagtctagttgaaggaggtgccgggacgggatggacagtatacccacctctaaggggacctattggtcatggaggtgcatccgtggacttggcaattttttctttacatttagctgggatgtcatctattctaggtgcggtaaactttattaccactatttttaatatgcggtcccctggaataacaatggaacgtttaagtttatttgtttgatcggttcttgttactgcattccttttacttttatctttacctgtcttagcaggggctattactatactccttacagatcgtaatttcaatacaaggtttttcgatcctgctgg----------------------------------",3,1.76564681529999
"Epap_02_Ber_01","Epap_02_Ber","Epap","Elysia papillosa","Penicillus","lecithotrophic",2,"Ber","Ber",1,FALSE,1,"Ber","Bermuda, Whale Bone Bay",32.3647222222,-64.7127777778,"----------------------------tgtggtctagtaggtaccggtttaagtttactaattcgttttgagttgggaacttctggtgcttttttaggtgacgatcacttttataatgtaattgtaacagctcacgcttttgttataatttttttcatggttatgcctttgataattggaggttttggaaactgaatagttcctattttaattggggctcctgatataagctttcctcgtataaataatatgaggttctggttgctcccaccctcttttatttttcttctatgttcaagtctagttgaaggaggtgccgggacgggatggacagtatacccacctctaaggggacctattggtcatggaggtgcatccgtggacttggcaattttttctttacatttagctgggatgtcatctattctaggtgcggtaaactttattaccactatttttaatatgcggtcccctggaataacaatggaacgtttaagtttatttgtttgatcggttcttgttactgcattccttttacttttatctttacctgtcttagcaggggctattactatactccttacagatcgtaatttcaatacaaggtttttcgatcctgctgg----------------------------------",4,1.76564681529999
"Epap_03_Ber_01","Epap_03_Ber","Epap","Elysia papillosa","Penicillus","lecithotrophic",3,"Ber","Ber",1,FALSE,1,"Ber","Bermuda, Whale Bone Bay",32.3647222222,-64.7127777778,"----------------------------tgtggtctagtaggtaccggtttaagtttactaattcgttttgagttgggaacttctggtgcttttttaggtgacgatcacttttataatgtaattgtaacagctcacgcttttgttataatttttttcatggttatgcctctgataattggaggttttggaaactgaatagttcctattttaattggggctcctgatataagctttcctcgtataaataatataaggttctggttgctcccaccctcttttatttttcttctatgttcaagtctagttgaaggaggtgccgggacgggatggacagtatacccacctctaaggggacctattggtcatggaggtgcatccgtggacttggcaattttttccttacatttagctgggatgtcatctattctaggtgcggtaaactttattaccactatttttaatatgcggtcccctggaataacaatggaacgtttaagtttatttgtttgatcggttcttgttactgcattccttttacttttatctttacctgtcttagcaggggctattactatactccttacagatcgtaatttcaatacaaggtttttcgatcctgctgg----------------------------------",5,1.76564681529999
"Epap_04_Ber2_Bim_01","Epap_04_Ber2_Bim","Epap","Elysia papillosa","Penicillus","lecithotrophic",4,"Ber2_Bim","Ber;Bim",2,TRUE,1,"Ber","Bermuda, Whale Bone Bay",32.3647222222,-64.7127777778,"aactctatatgttattttcggaatgtgatgtggtctagtaggtaccggtttaagtttactaattcgttttgagttgggaacttctggggcttttttaggtgacgatcacttttataatgtaattgtaacagctcacgcttttgttataatttttttcatggttatgcctctgataattggaggttttggaaactgaatagttcctattttaattggggctcctgatataagctttcctcgtataaataatatgaggttctggttgctcccaccctcttttatttttcttctatgttcaagtctagttgaaggaggtgccgggacgggatggacagtatacccacctctaaggggacctattggtcatggaggtgcatccgtggacttggcaattttttctttacatttagctgggatgtcatctattctaggtgcggtaaactttattaccactatttttaatatgcggtcccctggaataacaatggaacgtttaagtttatttgtttgatcggttcttgttactgcattccttttacttttatctttacctgtcttagcaggggctattactatactccttacagatcgtaatttcaatacaaggtttttcgatcctgctggtgggggagaccctattctataccaacatttgttt",6,1.76564681529999
"Epap_04_Ber2_Bim_02","Epap_04_Ber2_Bim","Epap","Elysia papillosa","Penicillus","lecithotrophic",4,"Ber2_Bim","Ber;Bim",2,TRUE,2,"Bim","Bimini",25.7386111111,-79.2722222222,"aactctatatgttattttcggaatgtgatgtggtctagtaggtaccggtttaagtttactaattcgttttgagttgggaacttctggggcttttttaggtgacgatcacttttataatgtaattgtaacagctcacgcttttgttataatttttttcatggttatgcctctgataattggaggttttggaaactgaatagttcctattttaattggggctcctgatataagctttcctcgtataaataatatgaggttctggttgctcccaccctcttttatttttcttctatgttcaagtctagttgaaggaggtgccgggacgggatggacagtatacccacctctaaggggacctattggtcatggaggtgcatccgtggacttggcaattttttctttacatttagctgggatgtcatctattctaggtgcggtaaactttattaccactatttttaatatgcggtcccctggaataacaatggaacgtttaagtttatttgtttgatcggttcttgttactgcattccttttacttttatctttacctgtcttagcaggggctattactatactccttacagatcgtaatttcaatacaaggtttttcgatcctgctggtgggggagaccctattctataccaacatttgttt",6,0
"Epap_05_Ber_01","Epap_05_Ber","Epap","Elysia papillosa","Penicillus","lecithotrophic",5,"Ber","Ber",1,FALSE,1,"Ber","Bermuda, Whale Bone Bay",32.3647222222,-64.7127777778,"aactctatatgttattttcgggatgtgatgtggtctagtaggtaccggtttaagtttactaattcgttttgagttgggaacttctggtgcttttttaggtgacgatcacttttataatgtaattgtaacagctcacgcttttgttataatttttttcatggttatgcctctgataattggaggttttggaaactgaatagttcctattttaattggggctcctgatataagctttcctcgtataaataatatgaggttctggttgctcccaccctcttttatttttcttctatgttcaagtctagttgaaggaggtgccgggacgggatggacagtatacccacctctaaggggacctattggtcatggaggtgcatccgtggacttggcaattttttccttacatttagctgggatgtcatctattctaggtgcggtaaactttattaccactatttttaatatgcggtcccctggaataacaatggaacgtttaagtttatttgtttgatcggttcttgttactgcattccttttacttttatctttacccgtcttagcaggggctattactatactccttacagatcgtaatttcaatacaaggtttttcgatcctgctggtgggggagaccctattttataccaacatttgttt",7,1.76564681529999
"Epap_06_Ber2_01","Epap_06_Ber2","Epap","Elysia papillosa","Penicillus","lecithotrophic",6,"Ber2","Ber",1,FALSE,1,"Ber","Bermuda, Whale Bone Bay",32.3647222222,-64.7127777778,"aactctatatgttattttcggaatgtgatgtggtctagtaggtaccggtttaagtttactaattcgttttgagttgggaacttctggtgctttcttaggtgacgatcacttttataatgtaattgtaacagctcacgcttttgttataatttttttcatggttatgcctctgataattggaggttttggaaactgaatagttcctattttaattggggctcctgatataagctttcctcgtataaataatatgaggttctggttgctcccaccctcttttatttttcttctatgttcaagtctagttgaaggaggtgccgggacgggatggacagtatacccacctctaaggggacctattggtcatggaggtgcatccgtggacttggcaattttttctttacatttagctgggatgtcatctattctaggtgcggtaaactttattaccactatttttaatatgcggtcccctggaataacaatggaacgtttaagtttatttgtttgatcggttcttgttactgcattccttttacttttatctttacctgtcttagcaggggctattactatactccttacagatcgtaatttcaatacaaggtttttcgaccctgctggtgggggagaccctattttataccaacatttgttt",8,1.76564681529999
"Epap_07_Ber_01","Epap_07_Ber","Epap","Elysia papillosa","Penicillus","lecithotrophic",7,"Ber","Ber",1,FALSE,1,"Ber","Bermuda, Whale Bone Bay",32.3647222222,-64.7127777778,"----------------------------tgtggtctagtaggtaccggtttaagtttactaattcgttttgagttgggaacttctggtgcttttttaggtgacgatcacttttataatgtaattgtaacagctcacgcttttgttataatttttttcatggttatgcccctaataattggaggttttggaaactgaatagttcctattttaattggggctcctgatataagctttcctcgtataaataatatgaggttctggttgctcccaccctcttttatttttcttctatgttcaagtctagttgaaggaggtgccgggacgggatggacagtatacccacctctaaggggacctattggtcatggaggtgcgtccgtggacttggcaattttttctttacatttagctgggatgtcatctattctaggtgcggtaaactttattaccactatttttaatatgcggtcccctggaataacaatggaacgtttaagtttatttgtttgatcggttcttgttactgcattccttttacttttatctttacctgtcttagcaggggctattactatactccttacagatcgtaatttcaatacaaggtttttcgatcctgct------------------------------------",9,1.76564681529999
"Epap_08_Ber2_01","Epap_08_Ber2","Epap","Elysia papillosa","Penicillus","lecithotrophic",8,"Ber2","Ber",1,FALSE,1,"Ber","Bermuda, Whale Bone Bay",32.3647222222,-64.7127777778,"aactctatatgttattttcggaatgtgatgtggtctagtaggtaccggtttaagtttactaattcgttttgagttggggacttctggtgcttttttaggtgacgatcacttttataatgtaattgtaacagctcacgcttttgttataatttttttcatggttatgcctctgataattggaggttttggaaactgaatagttcctattttaattggagctcctgatataagctttcctcgtataaataatatgaggttctggttgctcccaccctcttttatttttcttctatgttcaagtctggttgaaggaggtgccgggacgggatggacagtatacccacctctaaggggacctattggtcatggaggtgcatccgtggacttggcaattttttccttacatttagctgggatgtcatctattctaggtgcggtaaactttattaccactatttttaatatgcggtcccctggaataacaatggaacgtttaagtttatttgtttgatcggttcttgttactgcattccttttacttttatctttacctgtcttagcaggggctattactatactccttacagatcgtaatttcaatacaaggtttttcgatcctgctggtggaggagaccctattttataccaacatttgttt",10,1.76564681529999
"Epap_09_Ber_01","Epap_09_Ber","Epap","Elysia papillosa","Penicillus","lecithotrophic",9,"Ber","Ber",1,FALSE,1,"Ber","Bermuda, Whale Bone Bay",32.3647222222,-64.7127777778,"aactctatatgttattttcggaatgtgatgtggtctagtaggtaccggtttaagtttactaattcgttttgagttgggaacttctggtgcttttttaggtgacgatcacttttataatgtaattgtaacagctcacgcttttgttataatttttttcatggttatgcctctgataattggaggttttggaaactgaatagttcctattttaattggggctcctgatataagctttcctcgtataaataatatgaggttctggttgctcccaccctcttttatttttcttctatgttcaagtctagttgaaggaggtgccgggacgggatggacagtatacccacctctaaggggacctattggtcatggaggtgcatccgtggacttggcaattttttctttacatttagctgggatgtcatctattctaggtgcggtaaactttattaccactatttttaacatgcggtcccctggaataacaatggaacgtttaagtttatttgtttgatcggttcttgttactgcattccttttacttttatctttacctgtcttagcaggggctattactatactccttacagatcgtaatttcaatacaaggtttttcgatcctgctggtgggggagaccctattttataccaacatttgttt",11,1.76564681529999
"Epap_10_Ber_01","Epap_10_Ber","Epap","Elysia papillosa","Penicillus","lecithotrophic",10,"Ber","Ber",1,FALSE,1,"Ber","Bermuda, Whale Bone Bay",32.3647222222,-64.7127777778,"aactctatatgtcattttcggaatgtgatgtggtctggtaggtactggtttaagtttactaattcgttttgagttgggaacttctggtgcttttttaggtgacgatcacttttataatgtaattgtaacagctcacgcttttgttataatttttttcatggttatgcctctgataattggaggttttggaaactgaatagttcctattttaattggggctcctgatataagctttcctcgtataaataatatgaggttctggttgctcccaccctcttttatttttcttctatgttcaagtctagttgaaggaggtgccgggacgggatggacagtatacccacctctaaggggacctattggtcatggaggtgcatccgtggacttggcaattttttccttacatttagctgggatgtcatctattctaggtgcggtaaactttattaccactatttttaatatgcggtcccctggaataacaatggaacgtttaagtttatttgtttgatcggttcttgttactgcattccttttacttttatctttacctgtcttagcaggggctattactatactccttacagatcgtaatttcaatacaaggtttttcgatcctgctggtgggggagaccctattttataccaacatttgttt",12,1.76564681529999
"Epap_11_Ber_01","Epap_11_Ber","Epap","Elysia papillosa","Penicillus","lecithotrophic",11,"Ber","Ber",1,FALSE,1,"Ber","Bermuda, Whale Bone Bay",32.3647222222,-64.7127777778,"aactctatatgttattttcggaatgtgatgtggtctagtaggtaccggtttaagtttactaattcgttttgagttgggaacttctggtgcttttttaggtgacgatcacttttataatgtaattgtaacagctcacgcttttgttataatttttttcatggttatgcctctaataattggaggttttggaaactgaatagttcctattttaattggggctcctgatataagctttcctcgtataaataatatgaggttctggttgctcccaccctcttttatttttcttctatgttcaagtctagttgaaggaggtgccggaactggatggacagtatacccacctctaaggggacctattggtcatggaggtgcatccgtggacttggcaattttttctttacatttagctgggatgtcatctattctaggtgcggtaaactttattaccactatttttaatatgcggtcccctggaataacaatggaacgtttaagtttatttgtttgatcggttcttgttactgcattccttttacttttatctttacctgtcttagcaggggctattactatactccttacagatcgtaatttcaatacaaggtttttcgatcctgctggtgggggagaccctattttataccaacatttgttt",13,1.76564681529999
"Epap_12_Ber_01","Epap_12_Ber","Epap","Elysia papillosa","Penicillus","lecithotrophic",12,"Ber","Ber",1,FALSE,1,"Ber","Bermuda, Whale Bone Bay",32.3647222222,-64.7127777778,"aactctatatgttattttcggaatgtgatgtggtctagtaggtaccggtttaagtttactaattcgttttgagttgggaacttctggtgcttttttaggtgacgatcacttttataatgtaattgtaacagctcacgcttttgttataatttttttcatggttatgcctctgataattggaggttttggaaactgaatagttcctattttaattggggctcctgatataagctttcctcgtataaataatatgaggttctggttgctcccaccctcttttatttttcttctatgttcaagtctggttgaaggaggtgccgggacgggatggacagtatacccacctctaaggggacctattggtcatggaggtgcatccgtggacttggcaattttttccttacatttagctgggatgtcatctattctaggtgcggtaaactttattaccactatttttaatatgcggtcccctggaataacaatggaacgtttaagtttatttgtttgatcggttcttgttactgcattccttttacttttatctttacctgtcttagcaggggctattactatactccttacagatcgtaatttcaatacaaggtttttcgatcctgctggtggaggagaccctattttataccaacatttgttt",14,1.76564681529999
"Epap_13_Ber_01","Epap_13_Ber","Epap","Elysia papillosa","Penicillus","lecithotrophic",13,"Ber","Ber",1,FALSE,1,"Ber","Bermuda, Whale Bone Bay",32.3647222222,-64.7127777778,"aactctatatgttattttcggaatgtgatgtggtctagtaggtaccggtttaagtttactaattcgttttgagttgggaacttctggtgcttttttaggtgacgatcacttttataatgtaattgtaacagctcacgcttttgttataatttttttcatggttatgcctctgataattggaggttttggaaactgaatagttcctattttaattggggctcctgatataagctttcctcgtataaacaatatgaggttctggttgctcccaccctcttttatttttcttctatgttcaagtctagttgaaggaggtgccgggacgggatggacagtatacccacctctaaggggacctattggtcatggaggtgcatccgtggacttggcaattttttctttacatttagctgggatgtcatctattctaggtgcggtaaactttattaccactatttttaatatgcggtcccctggaataacaatggaacgtttaagtttatttgtttgatcggttcttgttactgcattccttttacttttatctttacctgtcttagcaggggctattactatactccttacagatcgtaatttcaatacaaggtttttcgatcctgctggtgggggagaccctattttataccaacatttgttt",15,1.76564681529999
"Epap_14_Gei10_01","Epap_14_Gei10","Epap","Elysia papillosa","Penicillus","lecithotrophic",14,"Gei10","Gei",1,FALSE,1,"Gei","Geiger Beach, Key West",24.5608333333,-81.6775,"aactctatatgttattttcggaatgtgatgtggtctagtaggtaccggtttaagtttactaattcgttttgagttgggaacttctggggcttttttaggtgacgatcacttttataatgtaattgtaacagctcacgcttttgttataatttttttcatggttatgcctttgataattggaggttttggaaactgaatagttcctattttaattggggctcctgatataagcttccctcgtataaataatatgaggttctggttgctcccaccctcttttatttttcttctatgttcaagtctagttgaaggaggtgccgggacgggatggacagtatacccacctctaaggggacctattggtcatggaggtgcatccgtggacttggcaattttttctttacatttagctgggatgtcatctattctaggtgcggtaaactttattaccactatttttaatatgcggtcccctggaataacaatggaacgtttaagtttatttgtttgatcggttcttgttactgcattccttttacttttatctttacctgtcttagcaggggctattactatactccttacagatcgtaatttcaatacaaggtttttcgatcctgctggtgggggagaccctattctataccaacatttgttt",16,0
"Epap_15_Gei_01","Epap_15_Gei","Epap","Elysia papillosa","Penicillus","lecithotrophic",15,"Gei","Gei",1,FALSE,1,"Gei","Geiger Beach, Key West",24.5608333333,-81.6775,"aactctatatgttattttcggaatgtgatgtggtctagtaggtaccggtttaagtttactaattcgttttgagttgggaacttctggggcttttttaggtgatgatcacttttataatgtaattgtaacagctcacgcttttgttataatttttttcatggttatgcctttgataattggaggttttggaaactgaatagttcctattttaattggggctcctgatataagcttccctcgtataaataatatgaggttctggttgctcccaccctcttttatttttcttctatgttcaagtctagttgaaggaggtgccgggacgggatggacagtatacccacctctaaggggacctattggtcatggaggtgcatccgtggacttggcaattttttctttacatttagctgggatgtcatctattctaggtgcggtaaactttattaccactatttttaatatgcggtcccctggaataacaatggaacgtttaagtttatttgtttgatcggttcttgttactgcattccttttacttttatctttacctgtcttagcaggggctattactatactccttacagatcgtaatttcaatacaaggtttttcgatcctgctggtgggggagaccctattctataccaacatttgttt",17,0
"Epap_16_Gei_01","Epap_16_Gei","Epap","Elysia papillosa","Penicillus","lecithotrophic",16,"Gei","Gei",1,FALSE,1,"Gei","Geiger Beach, Key West",24.5608333333,-81.6775,"-------------------------------ggtctagtaggtaccggtttaagtttactaattcgttttgagttgggaacttctggggcttttttaggtgacgatcacttttataatgtaattgtaacagctcacgcttttgttataatttttttcatggttatgcctctgataattggaggttttggaaactgaatagttcctattttaattggggctcctgatataagctttcctcgtatgaataatataaggttctggttgctcccaccctcttttatttttcttctatgttcaagtctagttgaaggaggtgccgggacgggatggacagtatacccacctctaaggggacctattggtcatggaggtgcatccgtggacttggcaattttttctttacatttagctgggatgtcatctattctaggtgcggtaaactttattaccactatttttaatatgcggtcccctggaataacaatggaacgtttaagtttatttgtttgatcggttcttgtcactgcattccttttacttttatctttacctgtcttagcaggggctattactatactccttacagatcgtaatttcaatacaaggtttttcgatcctgctggtg--------------------------------",18,0
"Epap_17_Gei_01","Epap_17_Gei","Epap","Elysia papillosa","Penicillus","lecithotrophic",17,"Gei","Gei",1,FALSE,1,"Gei","Geiger Beach, Key West",24.5608333333,-81.6775,"aactctatatgttattttcggaatgtgatgtggtctagtaggtaccggtttaagtttactaattcgttttgagttgggaacttctggggcttttttaggcgacgatcacttttataatgtaattgtaacagctcacgcttttgttataatttttttcatggttatgcctttgataattggaggttttggaaactgaatagttcctattttaattggggctcctgatataagcttccctcgtataaataatatgaggttctggttgctcccaccctcttttatttttcttctatgttcaagtctagttgaaggaggtgccgggacgggatggacagtatacccacctctaaggggacctattggtcatggaggtgcatccgtggacttggcaattttttctttacatttagctgggatgtcatctattctaggtgcggtaaactttattaccactatttttaatatgcggtcccctggaataacaatggaacgtttaagtttatttgtttgatcggttcttgttactgcattccttttacttttatctttacctgtcttagcaggggctattactatactccttacagatcgtaatttcaatacaaggtttttcgatcctgctggtgggggagaccctattctataccaacatttgttt",19,0
"Epap_18_Gei_01","Epap_18_Gei","Epap","Elysia papillosa","Penicillus","lecithotrophic",18,"Gei","Gei",1,FALSE,1,"Gei","Geiger Beach, Key West",24.5608333333,-81.6775,"----------------------------------ctagtaggtactggcctaagtttactaattcgttttgagttggggacttctggggcttttttaggtgatgatcacttttacaatgtaattgtaacagctcacgcttttgttataatttttttcatggttatgcctttgataattggaggttttgggaactgaatagttcctattttaattggggctcctgacataagctttcctcgtataaataatatgaggttctggttgcttccaccttcttttatttttcttctatgttcaagtctagttgaaggaggtgccgggacgggatggacagtatacccacctctaaggggacctattggtcacggaggtgcgtccgtggacttggcgattttttctttacatttagctgggatgtcgtctattctaggtgcggtaaactttattactactatttttaatatacggtctcccggaataacaatggaacgtttaagtttatttgtttgatcggttcttgttactgcattccttttacttttatccttacctgtcttagcaggggctattactatgctgcttacggatcgtaatttcaatacaagttttttcgat------------------------------------------",20,0
"Epap_19_Gei_01","Epap_19_Gei","Epap","Elysia papillosa","Penicillus","lecithotrophic",19,"Gei","Gei",1,FALSE,1,"Gei","Geiger Beach, Key West",24.5608333333,-81.6775,"-------------------------------ggtctagtaggtaccggtttaagtttactaattcgttttgagttgggaacttctggggcttttttaggtgacgatcacttttataatgtaattgtaacagctcacgcttttgttataatttttttcatggttatgcctttgataattggaggttttggaaactgaatagttcctattttaattggggctcctgatataagcttccctcgtataaataatataaggttctggttgctcccaccctcttttatttttcttctatgttcaagtctagttgaaggaggtgccgggacgggatggacagtatacccacctctaaggggacctattggtcatggaggtgcatccgtggacttggcaattttttctttacatttagctgggatgtcatctattctaggtgcggtaaactttattaccactatttttaatatgcggtcccctggaataacaatggaacgtttaagtttatttgtttgatcggttcttgttactgcattccttttacttttatctttacctgtcttagcaggggctattactatactccttacagatcgtaatttcaatacaaggtttttcgatcctgctggtggg------------------------------",21,0
"Epap_20_Gei_01","Epap_20_Gei","Epap","Elysia papillosa","Penicillus","lecithotrophic",20,"Gei","Gei",1,FALSE,1,"Gei","Geiger Beach, Key West",24.5608333333,-81.6775,"-------------------------------ggtctagtaggtaccggtttaagtttactaattcgttttgagttgggaacttctggggcttttttaggtgacgatcacttttataatgtaattgtaacagctcacgcttttgttataatttttttcatagttatgcctttgataattggaggttttggaaactgaatagttcctattttaattggggctcctgatataagcttccctcgtataaataatatgaggttctggttgctcccaccctcttttatttttcttctatgttcaagtctagttgaaggaggtgccgggacgggatggacagtatacccacctctaaggggacctattggtcatggaggtgcatccgtggacttggcaattttttctttacatttagctgggatgtcatctattctaggtgcggtaaactttattaccactatttttaatatgcggtcccctggaataacaatggaacgtttaagtttatttgtttgatcggttcttgttactgcattccttttacttttatctttacctgtcttagcaggggctattactatactccttacagatcgtaatttcaatacaaggtttttcgatcctgctggtggg------------------------------",22,0
"Epap_21_Gei_01","Epap_21_Gei","Epap","Elysia papillosa","Penicillus","lecithotrophic",21,"Gei","Gei",1,FALSE,1,"Gei","Geiger Beach, Key West",24.5608333333,-81.6775,"aactctatatgttattttcggaatgtgatgtggtctagtaggtaccggtttaagtttactaattcgttttgagttgggaacttctggggcttttttaggtgacgatcacttttataatgtaattgtaacagctcacgcttttgttataatttttttcatggttatgcctttgataattggaggttttggaaactgaatagttcctattttaattggggctcctgatataagcttccctcgtataaataatatgaggttctggttgctcccaccctcttttatttttcttctatgttcaagtctagttgaaggaggtgccgggacgggatggacagtatatccacctctaaggggacctattggtcatggaggtgcatccgtggacttggcaattttttctttacatttagctgggatgtcatctattctaggtgcggtaaactttattaccactatttttaatatgcggtcccctggaataacaatggaacgtttaagtttatttgtttgatcggttcttgttactgcattccttttacttttatctttacctgtcttagcaggggctattactatactccttacagatcgtaatttcaatacaaggtttttcgatcctgctggtgggggagaccctattctataccaacatttgttt",23,0
"Epap_22_Gei3_01","Epap_22_Gei3","Epap","Elysia papillosa","Penicillus","lecithotrophic",22,"Gei3","Gei",1,FALSE,1,"Gei","Geiger Beach, Key West",24.5608333333,-81.6775,"aactctatatgttattttcggaatgtgatgtggtctagtaggtactggcctaagtttactaattcgtttcgagttaggaacttctggggcttttttaggtgatgatcacttttacaatgtaattgtaacagctcacgcttttgttataatttttttcatggttatgcctttgataattggaggttttgggaactgaatagttcctattttaattggggctcctgacataagctttcctcgtataaataatatgaggttctggttgcttccaccttcttttatttttcttctatgttcaagtctagttgaaggaggtgccgggacgggatggacagtatacccacctctaaggggacctattggtcacggaggtgcgtccgtggacttggcgattttttctttacatttagctgggatgtcgtctattctaggtgcggtaaactttattactactatttttaatatacggtctcccggaataacaatggaacgtttaagtttatttgtttgatcggttcttgttactgcattccttttacttttatccttacctgtcttagcaggggctattactatgctgtttacggatcgtaatttcaatacaagttttttcgatcctgctggtggaggagaccctattttataccaacatttgttt",24,0
"Epap_23_Gei_01","Epap_23_Gei","Epap","Elysia papillosa","Penicillus","lecithotrophic",23,"Gei","Gei",1,FALSE,1,"Gei","Geiger Beach, Key West",24.5608333333,-81.6775,"-------------------------------ggtttagtaggtaccggtttaagtttactaattcgttttgagttaggaacttctggggcttttttaggtgacgatcacttttataatgtaattgtaacagctcacgcttttgttataatttttttcatggttatgcctttgataattggaggttttggaaactgaatagttcctattttaattggggctcctgatataagcttccctcgtataaataatatgaggttctggttgctcccgccctcttttatttttcttctatgttcaagtctagttgaaggaggtgccgggacgggatggacagtatacccacctctaaggggacctattggtcatggaggtgcatccgtggacttggcaattttttctttacatttagctgggatgtcatctattctaggtgcggtaaactttattaccactatttttaatatgcggtcccctggaataacaatggaacgtttaagtttatttgtttgatcggttcttgttactgcattccttttacttttatctttacctgtcttagcaggggctattactatactccttacagatcgtaatttcaatacaaggtttttcgatcctgctggtggg------------------------------",25,0
"Epap_24_Gei_01","Epap_24_Gei","Epap","Elysia papillosa","Penicillus","lecithotrophic",24,"Gei","Gei",1,FALSE,1,"Gei","Geiger Beach, Key West",24.5608333333,-81.6775,"-------------------------------ggtctagtaggtaccggtttaagtttactaattcgttttgagttgggaacttctggggcttttttaggtgacgatcatttttataatgtaattgtaacagctcacgcttttgttataatttttttcatggttatgcctttgataattggaggttttggaaactgaatagttcctattttaattggggctcctgatataagcttccctcgtataaataatatgaggttctggttgctcccaccctcttttatttttcttctatgttcaagtctagttgaaggaggtgccgggacgggatggacagtatacccacctctaaggggacctattggtcatggaggtgcatccgtggacttggcaattttttctttacatttagctgggatgtcatctattctaggtgcggtaaactttattaccactatttttaatatgcggtcccctggaataacaatggaacgtttaagtttatttgtttgatcggttcttgttactgcattccttttacttttatctttacctgtcttagcaggggctattactatactccttacagatcgtaatttcaatacaaggtttttcgatcctgctggtggg------------------------------",26,0
"Epap_25_Gei_01","Epap_25_Gei","Epap","Elysia papillosa","Penicillus","lecithotrophic",25,"Gei","Gei",1,FALSE,1,"Gei","Geiger Beach, Key West",24.5608333333,-81.6775,"-------------------------------ggtctagtaggtaccggtttaagtttactaattcgttttgagttgggaacttctggggcttttttaggtgacgatcacttttataatgtaattgtaacagctcacgcttttgttataatttttttcatggttatgcctttgataattggaggttttggaaactgaatagttcctattttaattggggctcctgatataagcttccctcgtataaataatatgaggttctggttgctcccaccctcttttatttttcttctatgttcaagtctagttgaaggaggtgccgggacgggatggacagtatacccacctctaaggggacctattggtcatggaggtgcatccgtggacttggcaattttttctttacatttagctgggatgtcatctattctaggtgcggtaaactttattaccactatttttaatatgcggtcccctggaataacaatggaacgtttaagtttatttgtttgatcagttcttgttactgcattccttttacttttatctttacctgtcttagcaggggctattactatactccttacagatcgtaattttaatacaaggtttttcgatcctgctggtgg-------------------------------",27,0
"Epap_26_Swe_01","Epap_26_Swe","Epap","Elysia papillosa","Penicillus","lecithotrophic",26,"Swe","Swe",1,FALSE,1,"Swe","Sweetings Cay",26.5619444444,-77.8541666667,"-------------------------------ggtctagtaggtaccggtttaagtttactaattcgttttgagttaggaacttctggggcttttttaggtgacgatcacttttataatgtaattgtaacagctcacgcttttgttataatttttttcatggttatgcctctgataattggaggttttggaaactgaatagttcctattttaattggggctcctgatataagctttcctcgtataaataatataaggttctggttgctcccaccctcttttatttttcttctatgttcaagtctagttgaaggaggtgccgggacgggatggacagtatacccacctctaaggggacctattggtcatggaggtgcatccgtggacttggcaattttttctttacatttagctgggatgtcatctattctaggtgcggtaaactttattaccactatttttaatatgcggtcccctggaataacaatggaacgtttaagtttatttgtttgatcggttcttgttactgcatttcttttactcttatctttacctgtcttagcaggggctattactatactccttacagatcgtaatttcaatacaaggtttttcgatcctgctggtgg-------------------------------",28,0
"Epap_27_Swe_01","Epap_27_Swe","Epap","Elysia papillosa","Penicillus","lecithotrophic",27,"Swe","Swe",1,FALSE,1,"Swe","Sweetings Cay",26.5619444444,-77.8541666667,"-------------------------------ggtctagtaggtaccggtttaagtttactaattcgttttgagttaggaacttctggggcttttttaggtgatgatcacttttataatgtaattgtaacagctcacgcttttgttataatttttttcatggttatgcctctgataattggaggttttggaaactgaatagttcctattttaattggggctcctgatataagctttcctcgtataaataatatgaggttctggttgctcccaccctcttttatttttcttctatgttcaagtctagttgaaggaggtgccgggacgggatggacagtatacccacctctaaggggacctattggtcatggaggtgcatccgtggacttggcaattttttctttacatttagctgggatgtcatctattctaggtgcggtaaactttattaccactatttttaatatgcggtcccctggaataacaatggaacgtttaagtttatttgtttgatcggttcttgttactgcatttcttttacttttatctttacctgttttagcaggggctattactatactccttacagatcgtaatttcaatacaaggtttttcgatcctgctggtggg------------------------------",29,0
"Epap_28_Swe_01","Epap_28_Swe","Epap","Elysia papillosa","Penicillus","lecithotrophic",28,"Swe","Swe",1,FALSE,1,"Swe","Sweetings Cay",26.5619444444,-77.8541666667,"-------------------------------ggtctagtaggtaccggtttaagtttactaattcgttttgagttagggacttctggggcttttttaggtgacgatcacttttataatgtaattgtaacagctcacgcttttgttataatttttttcatggttatgcctctgataattggaggttttggaaactgaatagttcctattttaattggggctcctgatataagctttcctcgtataaataatatgaggttctggttgctcccaccctcttttatttttcttctatgttcaagtctagttgaaggaggtgccgggacgggatggacagtatacccacctctaaggggacctattggtcatggaggtgcatccgtggacttggcaattttttctttacatttagctgggatgtcatctattctaggtgcggtaaactttattaccactatttttaatatgcggtcccctggaataacaatggaacgtttaagtttatttgtttgatcggttcttgttactgcatttcttttacttttatctttacctgtcttagcaggggctattactatactccttacagatcgtaatttcaatacaaggtttttcgatcctgctggtgg-------------------------------",30,0
"Epap_29_Swe_01","Epap_29_Swe","Epap","Elysia papillosa","Penicillus","lecithotrophic",29,"Swe","Swe",1,FALSE,1,"Swe","Sweetings Cay",26.5619444444,-77.8541666667,"----------------------------------ctagtaggtaccggtttaagtttactaattcgttttgagttaggaacttctggggcttttttaggtgacgatcacttttataacgtaattgtaacagctcacgcttttgttataatttttttcatggttatgcctctcataattggaggtttcggaaactgaatagttcctattttaattggggctcctgatataagctttcctcgtataaataatatgaggttctggttgctcccaccctcttttatttttcttctatgttcaagtctagttgaaggaggtgccgggacgggatggacagtatacccacctctaaggggacctattggtcatggaggtgcatccgtggacttggcaattttttctttacatttagctgggatgtcatctattctaggtgcggtaaactttattaccactatttttaatatgcggtcccctggaataacaatggaacgtttaagtttatttgtttgatcggttcttgttactgcatttcttttacttttatctttacctgtcttagcaggggctattactatactccttacagatcgtaatttcaatacaaggtttttcgatcctgctggtgg-------------------------------",31,0
"Epap_30_Swe2_01","Epap_30_Swe2","Epap","Elysia papillosa","Penicillus","lecithotrophic",30,"Swe2","Swe",1,FALSE,1,"Swe","Sweetings Cay",26.5619444444,-77.8541666667,"-------------------------------ggtctagtaggtaccggtttaagtttactaattcgttttgagttagggacttctggggcttttttaggtgacgatcacttttataatgtaattgtaacagctcacgcttttgttataatttttttcatggttatgcctttgataattggaggttttggaaactgaatagttcctattttaattggggctcctgatataagctttcctcgtataaataatatgaggttctggttgctcccaccctcttttatttttcttctatgttcaagtctagttgaaggaggtgccgggacgggatggacagtatacccacctctaaggggacctattggtcatggaggtgcatccgtggacttggcaattttttctttacatttagctgggatgtcatctattctaggtgcggtaaactttattaccactatttttaatatgcggtcccctggaataacaatggaacgtttaagtttatttgtttgatcggtccttgttactgcatttcttttacttttatctttacctgtcttagcaggggctattactatactccttacagatcgtaatttcaatacaaggtttttcgatcctgctggtggg------------------------------",32,0
"Epap_31_Swe_01","Epap_31_Swe","Epap","Elysia papillosa","Penicillus","lecithotrophic",31,"Swe","Swe",1,FALSE,1,"Swe","Sweetings Cay",26.5619444444,-77.8541666667,"-------------------------------ggtctagtaggtaccggtttaagtttactaattcgttttgagttgggaacttctggggcttttttaggtgacgatcacttttataatgtaattgtaacagctcacgcttttgttataatttttttcatggttatacctctgataattggaggttttggaaactgaatagttcctattttaattggggctcctgatataagctttcctcgtataaataatatgaggttctggttgctcccaccctcttttatttttcttctatgttcaagtctagttgaaggaggtgccgggacgggatggacagtatacccacctctaaggggacctattggtcatggaggtgcatccgtggacttggcaattttttctttacatttagctgggatgtcatctattctaggtgcggtaaactttattaccactatttttaatatgcggtcccctggaataacaatggaacgtttaagtttatttgtttgatcggttcttgttactgcatttcttttacttttatctttacctgtcttagcgggggctattactatactccttacagatcgtaatttcaatacaaggtttttcgatcctgctggtggg------------------------------",33,0
"Epap_32_Swe4_01","Epap_32_Swe4","Epap","Elysia papillosa","Penicillus","lecithotrophic",32,"Swe4","Swe",1,FALSE,1,"Swe","Sweetings Cay",26.5619444444,-77.8541666667,"aactctatatgttattttcggaatgtgatgtggtctagtaggtaccggtttaagtttactaattcgttttgagttaggaacttctggggcttttttaggtgacgatcacttttataatgtaattgtaacagctcacgcttttgttataatttttttcatggttatgcctctgataattggaggttttggaaactgaatagttcctattttaattggggctcctgatataagctttcctcgtataaataatatgaggttctggttgctcccaccctcttttatttttcttctatgttcaagtctagttgaaggaggtgccgggacgggatggacagtatacccacctctaaggggacctattggtcatggaggtgcatccgtggacttggcaattttttctttacatttagctgggatgtcatctattctaggtgcggtaaactttattaccactatttttaatatgcggtcccctggaataacaatggaacgtttaagtttatttgtttgatcggttcttgttactgcatttcttttacttttatctttacctgtcttagcaggggctattactatactccttacagatcgtaatttcaatacaaggtttttcgatcctgctggtgggggagaccctattctataccaacatttgttt",34,0
"Epap_33_Swe_01","Epap_33_Swe","Epap","Elysia papillosa","Penicillus","lecithotrophic",33,"Swe","Swe",1,FALSE,1,"Swe","Sweetings Cay",26.5619444444,-77.8541666667,"-------------------------------ggtctagtaggtaccggtttaagtttactaattcgttttgagttaggaacttctggggcttttttaggtgacgatcacttttataatgtaattgtaacagctcacgcttttgttataatttttttcatggttatgcctctaataattggaggttttggaaactgaatagttcctattttaattggggctcctgatataagctttcctcgtataaataatatgaggttctggttgctcccaccctcttttatttttcttctatgttcaagtctagttgaaggaggtgccgggacgggatggacagtatacccacctctaaggggacctattggtcatggaggtgcatccgtggacttggcaattttttctttacatttagctgggatgtcatctattctaggtgcggtaaactttattaccactatttttaatatgcggtcccctggaataacaatggaacgtttaagtttatttgtttgatcggttcttgttactgcatttcttttacttttatctttacctgtcttagcaggggctattactatactccttacagatcgtaatttcaatacaaggtttttcgatcctgctggtggg------------------------------",35,0
"Epap_34_Swe_01","Epap_34_Swe","Epap","Elysia papillosa","Penicillus","lecithotrophic",34,"Swe","Swe",1,FALSE,1,"Swe","Sweetings Cay",26.5619444444,-77.8541666667,"-------------------------------ggtctagtaggtactggtttaagtttactaattcgttttgagttaggaacttctggggcttttttaggtgacgatcacttttataatgtaattgtaacagctcacgcttttgttataatttttttcatggttatgcctctgataattggaggttttggaaactgaatagttcctattttaattggggctcctgatataagctttcctcgtataaataatatgaggttctggttgctcccaccctcttttatttttcttctatgttcaagtctagttgaaggaggtgccgggacgggatggacagtatacccacctctaaggggacctattggtcatggaggtgcatccgtggacttggcaattttttctttacatttagctgggatgtcatctattctaggtgcggtaaactttattaccactatttttaatatgcggtcccctggaataacaatggaacgtttaagtttatttgtttgatcggttcttgttactgcatttcttttacttttatctttacctgtcttagcaggggctattactatactccttacagatcgtaatttcaatacaaggtttttcgatcctgctgg----------------------------------",36,0
"Epap_35_Swe_01","Epap_35_Swe","Epap","Elysia papillosa","Penicillus","lecithotrophic",35,"Swe","Swe",1,FALSE,1,"Swe","Sweetings Cay",26.5619444444,-77.8541666667,"-------------------------------ggtctagtaggtaccggtttaagtttactaattcgttttgagttaggaacttctggggcttttttaggtgacgatcacttttataatgtaattgtaacagctcacgcttttgttataatttttttcatggttatgcctctgataattggaggtttcggaaactgaatagttcctattttaattggggctcctgatataagctttcctcgtataaataatatgaggttctggttgctcccaccctcttttatttttcttctatgttcaagtctagttgaaggaggtgccgggacgggatggacagtatacccacctctaaggggacctattggtcatggaggtgcatccgtggacttggcaattttttctttacatttagctgggatgtcatctattctaggtgcggtaaactttattaccactatttttaatatgcggtcccctggaataacaatggaacgtttaagtttatttgtttgatcggttcttgttactgcatttcttttacttttatctttacctgtcctagcaggggctattactatactccttacagatcgtaatttcaatacaaggtttttcgatcctgctggtg--------------------------------",37,0
"Epap_36_Swe_01","Epap_36_Swe","Epap","Elysia papillosa","Penicillus","lecithotrophic",36,"Swe","Swe",1,FALSE,1,"Swe","Sweetings Cay",26.5619444444,-77.8541666667,"-------------------------------ggtctagtaggtaccggtttaagtttactaattcgttttgagttagggacttctggggcttttttaggtgacgatcacttttataatgtaattgtaacagctcacgcttttgttataatttttttcatggttatgcctttgataattggaggttttggaaactgaatagttcctattttaattggggctcctgatataagctttcctcgtataaataatatgaggttctggttgctcccaccctcttttatttttcttctatgttcaagtctagttgaaggaggtgccgggacgggatggacagtatacccacctctaaggggacctattggtcatggaggtgcatccgtggacttggcaattttttctttacatttagctgggatgtcatctattctaggtgcggtaaactttattaccactatttttaatatgcggtcccctggaataacaatggaacgtttaagtttatttgtttgatcggttcttgttactgcatttcttttacttttatctttacctgtcttagcaggggctattactatactccttacagatcgtaatttcaatacaaggtttttcgatcctgctggtggg------------------------------",38,0
"Epap_37_Pan6_Swe_Pla_Ssal_Ant_01","Epap_37_Pan6_Swe_Pla_Ssal_Ant","Epap","Elysia papillosa","Penicillus","predominantly_planktotrophic",37,"Pan6_Swe_Pla_Ssal_Ant","Pan;Swe;Pla;SSal;Ant",5,TRUE,1,"Pan","Panama, Bocas del Toro",9.331833,-82.249083,"aactctatatgttattttcggaatgtgatgtggtctagtaggtaccggcttaagtttactgattcgttttgagttgggaacttctggggcttttttaggtgatgatcacttttataatgtaattgtaacagctcacgcttttgttataatttttttcatggttatgcctttgataattggaggttttggaaactgaatagttcctattttaattggggctcctgatataagctttcctcgtataaataatatgaggttctgattgcttccaccttcttttatttttcttctatgttcaagtctagttgaaggaggtgccgggacgggatggacagtatacccacctctaaggggacctattggtcacggaggtgcgtccgtggacttggcaattttttctttacatttagctgggatgtcatctattctaggtgcggtaaactttattaccactatttttaatatgcggtctcctggaataacaatggaacgtttaagtttatttgtttgatcggttcttgttactgcattccttttacttttatctttacccgtcttagcaggggctattactatgctccttacggatcgtaatttcaatacaagttttttcgatcctgctggtggaggagaccctattttataccaacacttgttc",39,0
"Epap_37_Pan6_Swe_Pla_Ssal_Ant_02","Epap_37_Pan6_Swe_Pla_Ssal_Ant","Epap","Elysia papillosa","Penicillus","predominantly_planktotrophic",37,"Pan6_Swe_Pla_Ssal_Ant","Pan;Swe;Pla;SSal;Ant",5,TRUE,2,"Swe","Sweetings Cay",26.5619444444,-77.8541666667,"aactctatatgttattttcggaatgtgatgtggtctagtaggtaccggcttaagtttactgattcgttttgagttgggaacttctggggcttttttaggtgatgatcacttttataatgtaattgtaacagctcacgcttttgttataatttttttcatggttatgcctttgataattggaggttttggaaactgaatagttcctattttaattggggctcctgatataagctttcctcgtataaataatatgaggttctgattgcttccaccttcttttatttttcttctatgttcaagtctagttgaaggaggtgccgggacgggatggacagtatacccacctctaaggggacctattggtcacggaggtgcgtccgtggacttggcaattttttctttacatttagctgggatgtcatctattctaggtgcggtaaactttattaccactatttttaatatgcggtctcctggaataacaatggaacgtttaagtttatttgtttgatcggttcttgttactgcattccttttacttttatctttacccgtcttagcaggggctattactatgctccttacggatcgtaatttcaatacaagttttttcgatcctgctggtggaggagaccctattttataccaacacttgttc",39,0
"Epap_37_Pan6_Swe_Pla_Ssal_Ant_03","Epap_37_Pan6_Swe_Pla_Ssal_Ant","Epap","Elysia papillosa","Penicillus","predominantly_planktotrophic",37,"Pan6_Swe_Pla_Ssal_Ant","Pan;Swe;Pla;SSal;Ant",5,TRUE,3,"Pla","Plana Cays",22.6111111111,-73.5644444444,"aactctatatgttattttcggaatgtgatgtggtctagtaggtaccggcttaagtttactgattcgttttgagttgggaacttctggggcttttttaggtgatgatcacttttataatgtaattgtaacagctcacgcttttgttataatttttttcatggttatgcctttgataattggaggttttggaaactgaatagttcctattttaattggggctcctgatataagctttcctcgtataaataatatgaggttctgattgcttccaccttcttttatttttcttctatgttcaagtctagttgaaggaggtgccgggacgggatggacagtatacccacctctaaggggacctattggtcacggaggtgcgtccgtggacttggcaattttttctttacatttagctgggatgtcatctattctaggtgcggtaaactttattaccactatttttaatatgcggtctcctggaataacaatggaacgtttaagtttatttgtttgatcggttcttgttactgcattccttttacttttatctttacccgtcttagcaggggctattactatgctccttacggatcgtaatttcaatacaagttttttcgatcctgctggtggaggagaccctattttataccaacacttgttc",39,0
"Epap_37_Pan6_Swe_Pla_Ssal_Ant_04","Epap_37_Pan6_Swe_Pla_Ssal_Ant","Epap","Elysia papillosa","Penicillus","predominantly_planktotrophic",37,"Pan6_Swe_Pla_Ssal_Ant","Pan;Swe;Pla;SSal;Ant",5,TRUE,4,"SSal","San Salvador",24.141806,-74.471139,"aactctatatgttattttcggaatgtgatgtggtctagtaggtaccggcttaagtttactgattcgttttgagttgggaacttctggggcttttttaggtgatgatcacttttataatgtaattgtaacagctcacgcttttgttataatttttttcatggttatgcctttgataattggaggttttggaaactgaatagttcctattttaattggggctcctgatataagctttcctcgtataaataatatgaggttctgattgcttccaccttcttttatttttcttctatgttcaagtctagttgaaggaggtgccgggacgggatggacagtatacccacctctaaggggacctattggtcacggaggtgcgtccgtggacttggcaattttttctttacatttagctgggatgtcatctattctaggtgcggtaaactttattaccactatttttaatatgcggtctcctggaataacaatggaacgtttaagtttatttgtttgatcggttcttgttactgcattccttttacttttatctttacccgtcttagcaggggctattactatgctccttacggatcgtaatttcaatacaagttttttcgatcctgctggtggaggagaccctattttataccaacacttgttc",39,0
"Epap_37_Pan6_Swe_Pla_Ssal_Ant_05","Epap_37_Pan6_Swe_Pla_Ssal_Ant","Epap","Elysia papillosa","Penicillus","predominantly_planktotrophic",37,"Pan6_Swe_Pla_Ssal_Ant","Pan;Swe;Pla;SSal;Ant",5,TRUE,5,"Ant","Antigua, Parham Bay",17.1125,-61.7619444444,"aactctatatgttattttcggaatgtgatgtggtctagtaggtaccggcttaagtttactgattcgttttgagttgggaacttctggggcttttttaggtgatgatcacttttataatgtaattgtaacagctcacgcttttgttataatttttttcatggttatgcctttgataattggaggttttggaaactgaatagttcctattttaattggggctcctgatataagctttcctcgtataaataatatgaggttctgattgcttccaccttcttttatttttcttctatgttcaagtctagttgaaggaggtgccgggacgggatggacagtatacccacctctaaggggacctattggtcacggaggtgcgtccgtggacttggcaattttttctttacatttagctgggatgtcatctattctaggtgcggtaaactttattaccactatttttaatatgcggtctcctggaataacaatggaacgtttaagtttatttgtttgatcggttcttgttactgcattccttttacttttatctttacccgtcttagcaggggctattactatgctccttacggatcgtaatttcaatacaagttttttcgatcctgctggtggaggagaccctattttataccaacacttgttc",39,0
"Epap_38_Pan_01","Epap_38_Pan","Epap","Elysia papillosa","Penicillus","predominantly_planktotrophic",38,"Pan","Pan",1,FALSE,1,"Pan","Panama, Bocas del Toro",9.331833,-82.249083,"-------------------------------ggtctagtaggtaccggcttaagtttactgattcgttttgagttgggaacttctggggcttttctaggtgatgatcacttttataatgtaattgtaacagctcacgcttttgttataatttttttcatggttatgcctttgataattggaggttttggaaactgaatagttcctattttaattggggctcctgatataagctttcctcgtataaataatatgaggttctgattgcttccaccttcttttatttttcttctatgttcaagtctagttgaaggaggtgccgggacgggatggacagtatacccacctctaaggggacctattggtcacggaggtgcgtccgtggacttggcaattttttctttacatttagctgggatgtcatctattctaggtgcggtaaactttattaccactatttttaatatgcggtctcctggaataacaatggaacgtttaagtctatttgtttgatcggttcttgttactgcattccttttacttttatctttacccgtcttagcaggggctattactatgctccttacggatcgtaatttcaatacaagtttcttcgatcctgctggtgga------------------------------",40,0
"Epap_39_Pan_01","Epap_39_Pan","Epap","Elysia papillosa","Penicillus",NA,39,"Pan","Pan",1,FALSE,1,"Pan","Panama, Bocas del Toro",9.331833,-82.249083,"aactctatatgttattttcggaatgtgatgtggtctagtaggtaccggcttaagtttactgattcgttttgagttggggacttctggggcttttttaggtgatgatcacttttataatgtaattgtaacagctcacgcttttgttataatttttttcatggttatgcctttgataattggaggttttggaaactgaatagttcctattttaattggggctcctgatataagctttcctcgtataaataatatgaggttctgattgcttccaccttcttttatttttcttctatgttcaagtctagttgaaggaggtgccgggacgggatggacagtatacccacctctaaggggacctattggtcacggaggtgcgtccgtggacttggcaattttttctttacatttagctgggatgtcatctattctaggtgcggtaaactttattaccactatttttaatatgcggtctcctggaataacaatggaacgtttaagtttatttgtttgatcggttcttgttactgcattccttttacttttatctttacccgtcttagcaggggctattactatgctccttacggatcgtaatttcaatacaagttttttcgatcctgctggtggaggagaccctattttataccaacacttgttc",41,0
"Epap_40_Pan_01","Epap_40_Pan","Epap","Elysia papillosa","Penicillus","predominantly_planktotrophic",40,"Pan","Pan",1,FALSE,1,"Pan","Panama, Bocas del Toro",9.331833,-82.249083,"----------------------atgtgatgtggtctagtaggtaccggcttaagtttactgattcgttttgagttgggaacttctggggcttttttaggtgatgatcacttttataatgtaattgtaacagctcacgcttttgttataatttttttcatggttatgcctttgataattggaggttttggaaactgaatagttcctattttaattggggctcctgatataagctttcctcgtataaataatatgaggttctgattgcttccaccttcttttatttttcttctatgttcaagtctagttgaaggaggtgccgggacgggatggacagtatatccacctctaaggggacctattggtcacggaggtgcgtccgtggacttggcaattttttctttacatttagctgggatgtcatctattctaggtgcggtaaactttattaccactatttttaatatgcggtctcccgggataacaatggaacgtttaagtttatttgtttgatcggttcttgttactgcattccttttacttttatctttacccgtcttagcaggggctattactatgctccttacggatcgtaatttcaatacaagttttttcgatcctgctggtggaggagaccctattttataccaacacttgttc",42,0
"Epap_41_Pan_01","Epap_41_Pan","Epap","Elysia papillosa","Penicillus","predominantly_planktotrophic",41,"Pan","Pan",1,FALSE,1,"Pan","Panama, Bocas del Toro",9.331833,-82.249083,"aactctatatgttatcttcggaatgtgatgtggtctagtaggtaccggcttaagtttactgattcgttttgaattgggaacttctggggcttttttaggtgacgatcacttttataatgtaattgtaacagctcacgcttttgttataatttttttcatggttatgcctttgataattggaggttttggaaactgaatagttcctattttaattggggctcctgatataagctttcctcgtataaataatatgaggttctgattgcttccaccttcttttatttttcttctatgttcaagtctagttgaaggaggtgccgggacgggatggacagtatacccacctctaaggggacctattggtcacggaggtgcgtccgtggacttggcaattttttctttacatttagctgggatgtcatctattctaggtgcggtaaactttattaccactatttttaatatgcggtctcctggaataacaatggaacgtttaagtttatttgtttgatcggttcttgttactgcattccttttacttttatctttacccgtcttagcaggggctattactatgctccttacggatcgtaatttcaatacaagttttttcgatcctgctggtggaggagaccctattttataccaacacttgttt",43,0
"Epap_42_Pan_01","Epap_42_Pan","Epap","Elysia papillosa","Penicillus","predominantly_planktotrophic",42,"Pan","Pan",1,FALSE,1,"Pan","Panama, Bocas del Toro",9.331833,-82.249083,"-------------------------------ggtctagtaggtaccggcttaagtttactgattcgttttgagttgggaacttctggggcttttttaggtgatgatcacttttataatgtaattgtaacagctcacgcttttgttataatttttttcatggttatgcctttgataattggaggttttggaaactgaatagttcctattttaattggggctcctgatataagctttcctcgtataaataatatgaggttctgattgcttccaccttcttttatttttcttctatgttcaagtctagttgaaggaggtgccgggacgggatggacagtatatccacctctaaggggacctattggtcacggaggtgcgtccgtggacttggcaattttttctttacatttagctgggatgtcatctattctaggtgcggtaaactttattaccactatttttaatatgcggtctcccgggataacaatggaacgtttaagtttatttgtttgatcggttcttgttactgcattccttttacttttatctttacccgtcttagcaggggctattactatgctccttacggatcgtaatttcaatacaagtttttttcga------------------------------------------",44,0
"Epap_43_Pan_01","Epap_43_Pan","Epap","Elysia papillosa","Penicillus","predominantly_planktotrophic",43,"Pan","Pan",1,FALSE,1,"Pan","Panama, Bocas del Toro",9.331833,-82.249083,"-------------------------------ggtctagtaggtaccggcttaagtttactgattcgttttgagttgggaacttctggggcttttttaggtgatgatcacttttataatgtaattgtaacagctcacgcttttgttataatttttttcatggttatgcctttgataattggaggttttggaaactgaatagttcctattttgattggggctcctgatataagctttcctcgtataaataatatgaggttctgattgcttccaccttcttttatttttcttctatgttcaagtctagttgaaggaggtgccgggacgggatggacagtatacccacctctaaggggacctattggtcacggaggtgcgtccgtggacttggcaattttttctttacatttagctgggatgtcatctattctaggtgcggtaaactttattaccactatttttaatatgcggtctcctggaataacaatggaacgtttaagtttatttgtttgatcggttcttgttactgcattccttttacttttatctttacccgtcttagcaggggctattactatgctccttacggatcgtaatttcaatacaagttttttcgatcctgctggtg--------------------------------",45,0
"Epap_44_Stir_01","Epap_44_Stir","Epap","Elysia papillosa","Penicillus","predominantly_planktotrophic",44,"Stir","Stir",1,FALSE,1,"Stir","Great Stirrup Cay",25.82,-77.898889,"-------------------------------ggtctagtaggtaccggtttaagtttactaattcgttttgagttgggaacttctggggcttttttaggtgatgatcacttttataatgtaattgtaacagctcacgcttttgttataatttttttcatggttatgcctttgataattggaggttttggaaattgaatagttcctattttaattggggctcctgatataagctttcctcgtataaataatatgaggttctgattgcttccaccttcttttatttttcttctatgttcaagtctagttgaaggaggtgccgggacgggatggacagtatacccacctctaaggggacctattggtcacggaggtgcgtccgtggacttggcaattttttctttacatttagctgggatgtcatctattctaggtgcggtaaactttattaccactatttttaatatgcggtctcctggaataacaatggaacgtttaagtttatttgtttgatcggttcttgttactgcattccttttactcttatctttacccgtcttagcaggggctattactatgctccttacggatcgtaatttcaatacaagttttttcgatcctgctggtgg-------------------------------",46,0
"Epap_45_Stir_01","Epap_45_Stir","Epap","Elysia papillosa","Penicillus","lecithotrophic",45,"Stir","Stir",1,FALSE,1,"Stir","Great Stirrup Cay",25.82,-77.898889,"-------------------------------ggtctagtaggtactggcctaagtttactaattcgttttgagttgggaactcctggggcttttttaggtgatgatcacttttacaatgtaattgtaacagctcacgcttttgttataatttttttcatggttatgcctttgataattggaggttttgggaactgaatagttcctattttaattggggctcctgacataagctttcctcgtataaataatatgaggttctggttgcttccaccttcttttatttttcttctatgttcaagtctagttgaaggaggtgccgggacgggatggacagtatacccacctctaaggggacctattggtcacggaggtgcgtccgtggacttggcgattttttctttacatttagctgggatgtcatctattctaggtgcggtaaactttattactactatttttaatatacggtctcccggaataacaatggaacgtttaagtttatttgtttgatcggttcttgttactgcattccttttacttttatccttacctgtcttagcaggggctattactatgctgcttacggatcgtaatttcaatacaagttttttcgatcctgctggtgg-------------------------------",47,0
"Epap_46_Stir_01","Epap_46_Stir","Epap","Elysia papillosa","Penicillus","predominantly_planktotrophic",46,"Stir","Stir",1,FALSE,1,"Stir","Great Stirrup Cay",25.82,-77.898889,"aactctatatgttattttcggaatgtgatgtggtctagtaggtaccggcttaagtttactgattcgttttgagttgggaacttctggggcttttttaggtgatgatcacttttataatgtaattgtaacagctcacgcttttgttataatttttttcatggttatgcctttgataattggaggttttggaaactgaatagttcctattttaattggggctcctgatataagctttcctcgtataaataatatgaggttctgattgcttccaccttcttttatttttcttctatgttcaagtctagttgaaggaggtgccgggacgggatggacagtatacccacctctaaggggacctattggtcacggaggtgcgtccgtggacttggcaattttttctttacatttagctgggatgtcatctattctaggtgcggtaaactttattaccactatttttaatatgcggtctcctggaataacaatggaacgtttaagtttatttgtttgatcggttcttgttactgcattccttttacttttatctttacccgtcttagcagcggctattactatgctccttacggatcgtaattttaatacaagttttttcgatcctgctggtggaggagaccctattttataccaacacttgttc",48,0
"Epap_47_Pla_01","Epap_47_Pla","Epap","Elysia papillosa","Penicillus","predominantly_planktotrophic",47,"Pla","Pla",1,FALSE,1,"Pla","Plana Cays",22.6111111111,-73.5644444444,"aactctatatgttatttttggaatgtgatgtggtctagtaggtaccggtttaagtttactaattcgttttgagttgggaacttctggggcttttttaggtgacgatcacttttataatgtaattgtaacagctcacgcttttgttataatttttttcatggttatgcctttgataattggaggttttggaaattgaatagttcctattttaattggggctcctgatataagctttcctcgtataaataatatgaggttctgattgcttccaccttcttttatttttcttctatgttcaagtctagttgaaggaggtgccgggacgggatggacagtatacccacctctaagggggcctattggtcacggaggtgcgtccgtggacttggcaattttttctttacatttagctgggatgtcatctattctaggtgcggtaaactttattaccactatttttaatatgcggtctcctggaataacaatggaacgtttaagtttatttgtttgatcggttcttgttactgcattccttttacttttatctttacccgtcttagcaggggctattactatgctccttacggatcgtaatttcaatacaagttttttcgatcctgctggtggaggagaccctattttataccaacacttgttc",49,0
"Epap_48_LSS16_01","Epap_48_LSS16","Epap","Elysia papillosa","Penicillus",NA,48,"LSS16","LSS",1,FALSE,1,"LSS","Little San Salvador",24.575,-75.9416666667,"aactctatatgttattttcggaatgtgatgtggtctagtaggtaccggtttaagtttactgattcgttttgaattgggaacttctggggcttttttaggtgatgatcacttttataatgtaattgtaacagctcacgctttcgttataatttttttcatggttatgcctttgataattgggggttttggaaactgaatagttcctattttaattggggctccggatataagctttcctcgtataaataatatgaggttctgattgcttccaccttcttttatttttcttctatgttcaagtctagttgaaggaggtgccgggacgggatggacagtatacccacctctaaggggacctattggtcacggaggtgcgtccgtagacttggcaattttttctttacatttagctgggatgtcatctattctaggtgcggtaaactttattaccactatttttaatatgcggtctcctggaataacaatggaacgtttaagtttatttgtttgatcggttcttgttactgcattccttttacttttatctttacccgtcttagcaggggctattactatgcttcttacggatcgtaatttcaatacaagttttttcgatcctgctggtggaggagaccctattttataccaacacttgttc",50,0
"Epap_49_LSS_01","Epap_49_LSS","Epap","Elysia papillosa","Penicillus",NA,49,"LSS","LSS",1,FALSE,1,"LSS","Little San Salvador",24.575,-75.9416666667,"-------------------------------ggtctagtaggtaccggtttaagtttactgattcgttttgaattgggaacttctggggcttttttaggtgatgatcacttttataatgtaattgtaacagctcacgctttcgttataatttttttcatggttatgcctttgataattgggggttttggaaactgaatagttcctattttaattggggctccggatataagctttcctcgtataaataatatgaggttctgattgcttccaccttcttttatttttcttctatgttcaagtctagttgaaggaggtgccgggacgggatggacagtatatccacctctaaggggacctattggtcacggaggtgcgtccgtagacttggcaattttttctttacatttagctgggatgtcatctattctaggtgcggtaaactttattaccactatttttaatatgcggtctcctggaataacaatggaacgtttaagtttatttgtttgatcggttcttgttactgcattccttttacttttatctttacccgtcttagcaggggctattactatgcttcttacggatcgtaatttcaatacaagttttttcgatcctgctg-----------------------------------",51,0
"Epap_50_Bim2_01","Epap_50_Bim2","Epap","Elysia papillosa","Penicillus",NA,50,"Bim2","Bim",1,FALSE,1,"Bim","Bimini",25.7386111111,-79.2722222222,"aactctatatgttattttcggaatgtgatgtggcctagtaggtaccggcttaagtttactgattcgttttgaattgggaacttctggggcttttttaggtgatgatcacttttataatgtaattgtaacagctcacgcttttgttataatttttttcatggttatgcctttgataattgggggttttggaaactgaatagttcctattttaattggggctccggatataagctttcctcgtataaataatatgaggttctgattgcttccaccttcttttatttttcttctatgttcaagtctagttgaaggaggtgccgggacgggatggacagtatacccacctctaaggggacctattggtcacggaggtgcgtccgtagacttggcaattttttctttacatttagctgggatgtcatctattctaggtgcggtaaactttattaccactatttttaatatgcggtctcctggaataacaatggaacgtttaagtttatttgtttgatcggttcttgttactgcattccttttacttttatctttacccgtcttagcaggggctattactatgcttcttacggatcgtaatttcaatacaagttttttcgatcctgctggtggaggagaccctattttataccaacacttgttc",52,0
"Epap_51_Bim_01","Epap_51_Bim","Epap","Elysia papillosa","Penicillus",NA,51,"Bim","Bim",1,FALSE,1,"Bim","Bimini",25.7386111111,-79.2722222222,"aactctatatgttattttcggaatgtgatgtggtctagtaggtaccggcttaagtttactgattcgttttgaattgggaacttctggggcttttttaggtgatgatcacttttataatgtaattgtaacagctcacgcttttgttataatttttttcatggttatgcctttgataattgggggttttggaaactgaatagttcctattttaattggggctccggatataagctttcctcgtataaataatatgaggttctgactgcttccaccttcttttatttttcttctatgttcaagtctagttgaaggaggtgccgggacgggatggacagtatacccacctctaaggggacctattggtcacggaggtgcgtccgtagacttggcaattttttctttacatttagctgggatgtcatctattctaggtgcggtaaactttattaccactatttttaatatgcggtctcctggaataacaatggaacgtttaagtttatttgtttgatcggttcttgttactgcattccttttacttttatctttacccgtcttagcaggggctattactatgcttcttacggatcgtaatttcaatacaagttttttcgatcctgctggtggaggagaccctattttataccaacacttgttc",53,0
"Epap_52_Bim3_01","Epap_52_Bim3","Epap","Elysia papillosa","Penicillus",NA,52,"Bim3","Bim",1,FALSE,1,"Bim","Bimini",25.7386111111,-79.2722222222,"aactctatatgttattttcggaatgtgatgtggtctagtaggtaccggcttaagtttactgattcgttttgaattgggaacttctggggcttttttaggtgatgatcacttttataatgtaattgtaacagctcacgcttttgttataatttttttcatggttatgcctttgataattgggggttttggaaactgaatagttcctattttaattggggctccggatataagctttcctcgtataaataatatgaggttctgattgcttccaccctcttttatttttcttctatgttcaagtctagttgaaggaggtgccgggacgggatggacagtatacccacctctaaggggacctattggtcacggaggtgcgtccgtagacttggcaattttttctttacatttagctgggatgtcatctattctaggtgcggtaaactttattaccactatttttaatatgcggtctcctggaataacaatggaacgtttaagtttatttgtttgatcggttcttgttactgcattccttttacttttatctttacccgtcttagcaggggctattactatgcttcttacggatcgtaatttcaatacaagttttttcgatcctgctggtggaggagaccctattttataccaacacttgttc",54,0
"Epap_53_Bim_01","Epap_53_Bim","Epap","Elysia papillosa","Penicillus",NA,53,"Bim","Bim",1,FALSE,1,"Bim","Bimini",25.7386111111,-79.2722222222,"aactctatatgttattttcggaatgtgatgtggcctagtaggtaccggcttaagtttactgattcgttttgaattgggaacttctggggcttttttaggtgatgatcacttttataatgtaattgtaacagctcacgcttttgttataatttttttcatggttatgcctttgataattgggggttttggaaactgaatagttcctattttaattggggctcctgatataagctttcctcgtataaataatatgaggttctgattgcttccaccttcttttatttttcttctatgttcaagtctagttgaaggaggtgccgggacgggatggacagtatacccacctctaaggggacctattggtcacggaggtgcgtccgtagacttggcaattttttctttacatttagctgggatgtcatctattctaggtgcggtaaactttattaccactatttttaatatgcggtctcctggaataacaatggaacgtttaagtttatttgtttgatcggttcttgttactgcattccttttacttttatctttacccgtcttagcaggggctattactatgcttcttacggatcgtaatttcaatacaagttttttcgatcctgctggtggaggagaccctattttataccaacacttgttc",55,0
"Epap_54_Bim_01","Epap_54_Bim","Epap","Elysia papillosa","Penicillus",NA,54,"Bim","Bim",1,FALSE,1,"Bim","Bimini",25.7386111111,-79.2722222222,"aactctatatgttattttcggaatgtgatgtggtctagtaggtaccggcttaagtttactgattcgttttgaattgggaacttctggggcttttttaggtgatgatcacttttataatgtaattgtaacagctcacgcttttgttataatttttttcatggttatgcctttgataattgggggttttggaaactgaatagttcctattttaattggggctccggatataagctttcctcgtataaataatatgaggttctgattgcttccaccttcttttatttttcttctatgttcaagtctagttgaaggaggtgccgggacgggatggacagtatacccacctctaaggggacctattggtcacggaggtgcgtccgtagacttggcaattttttctttacacttagctgggatgtcatctattctaggtgcggtaaactttattaccactatttttaatatgcggtctcctggaataacaatggaacgtttaagtttatttgtttgatcggttcttgttactgcattccttttacttttatctttacccgtcttagcaggggctattactatgcttcttacggatcgtaatttcaatacaagttttttcgatcctgctggtggaggagaccctattttataccaacacttgttc",56,0
"Epap_55_Bim_01","Epap_55_Bim","Epap","Elysia papillosa","Penicillus","lecithotrophic",55,"Bim","Bim",1,FALSE,1,"Bim","Bimini",25.7386111111,-79.2722222222,"aactctatatgttattttcggaatgtgatgtggtctagtaggtaccggtttaagtttactaattcgttttgagttgggaacttctggggcttttttaggtgacgatcacttttataatgtaattgtaacagctcacgcttttgttataatttttttcatggttatgcctctgataattggaggttttggaaactgaatagttcctattttaattggggctcctgatataagctttcctcgtataaataatatgaggttctggttgctcccaccctcttttatttttcttctatgttcaagtctagttgaaggaggtgccgggacgggatggacagtatacccacctctaaggggacctattggtcacggaggtgcatccgtggacttggcaattttttctttacatttagctgggatgtcatctattctaggtgcggtaaactttattaccactatttttaatatgcggtcccctggaataacaatggaacgtttaagtttatttgtttgatcggttcttgttactgcattccttttacttttatctttacctgtcttagcaggggctattactatactccttacagatcgtaatttcaatacaaggtttttcgatcctgctggtgggggagaccctattctataccaacatttgttt",57,0
"Epap_56_Comp_01","Epap_56_Comp","Epap","Elysia papillosa","Penicillus",NA,56,"Comp","Comp",1,FALSE,1,"Comp","Compass Cay",24.2747222222,-76.5097222222,"aactctatatgttattttcggaatgtgatgtggtctagtaggtaccggcttaagtttactgattcgttttgagttgggaacttctggggcttttttaggtgatgatcacttttataatgtaattgtaacagctcacgcttttgttataatttttttcatggttatgcctttgataattggaggttttggaaactgaatagttcctattttaattggggctcctgatataagctttcctcgtataaataatatgaggttctgattgcttccaccttcttttatttttcttctatgttcaagtctagttgaaggaggtgccgggacgggatggacagtatacccacctctaaggggacctattggtcacggaggtgcgtccgtggacttggcaattttttccttacatttagctgggatgtcatctattctaggtgcggtaaactttattaccactatttttaatatgcggtctcctggaataacaatggaacgtttaagtttatttgtttgatcggttcttgttactgcattccttttacttttatctttacccgtcttagcaggggctattactatgctccttacggatcgtaatttcaatacaagttttttcgatcctgctggtggaggagaccctattttataccaacacttgttc",58,1
"Epap_57_NEx_01","Epap_57_NEx","Epap","Elysia papillosa","Penicillus","predominantly_planktotrophic",57,"NEx","NEx",1,FALSE,1,"NEx","Northern Exumas",24.7666666667,-76.8169444444,"aactctatatgttatttttggaatgtgatgtggtctagtaggtaccggcttaagtttactgattcgttttgaattgggaacttctggggcttttttaggtgatgatcacttttataatgtaattgtaacagctcacgcttttgttataatttttttcatggttatgcctttgataattggaggttttggaaactgaatagttcctattttaattggggctcctgatataagctttcctcgtataaataatatgaggttctgattgcttccaccttcttttatttttcttctatgttcaagtctagttgaaggaggtgccgggacgggatggacagtatacccacctctaaggggacctattggtcacggaggtgcgtccgtggacttggcaattttttctttacatttagctgggatgtcatctattctaggtgcggtaaactttattaccactatttttaatatgcggtctcctggaataacaatggaacgtttaagtttatttgtttgatcggttcttgttactgcattccttttacttttatctttacccgtcttagcaggggctattactatgctccttacggatcgtaatttcaatacaagttttttcgatcctgctggtggaggagaccctattttataccaacactt----",59,11.1700000762939
"Epap_58_USVI_01","Epap_58_USVI","Epap","Elysia papillosa","Penicillus",NA,58,"USVI","USVI",1,FALSE,1,"USVI","U.S. Virgin Islands, St. Thomas",18.35,-64.8666666667,"aactctatatgttattttcggaatgtgatgtggtctagtaggtaccggcttaagtttactgattcgttttgaattgggaacttctggggcttttttaggtgatgatcacttttataatgtaattgtaacagctcacgcttttgttataatttttttcatggttatgcctttgataattggaggttttggaaactgaatagttcctattttaattggggctcctgatataagctttcctcgtataaataatatgaggttctgattgcttccaccttcttttatttttcttctatgttcaagtctagttgaaggaggtgccgggacgggatggacagtatacccacctctaaggggacctattggtcacggaggtgcgtccgtggacttggcaattttttctttacatttagctgggatgtcatctattctaggtgcggtaaactttattaccactatttttaatatgcggtctcctggaataacaatggaacgtttaagtttatttgtttgatcggttcttgttactgcattccttttacttttatctttaccggtcttagcaggggctattactatgctccttacggatcgtaatttcaatacaagttttttcgaccctgctggtggaggagaccctattttataccaacacttgttc",60,9.71552562713623
"Epap_59_Cur3_Jam_01","Epap_59_Cur3_Jam","Epap","Elysia papillosa","Penicillus","lecithotrophic",59,"Cur3_Jam","Cur;Jam",2,TRUE,1,"Jam","Jamaica, Discovery Bay",18.468611,-77.414722,"aactctatatgttattttcggaatgtgatgtggtctagtaggtaccggtttaagtttactaattcgttttgagttaggaacttctggggcttttttaggtgacgatcacttttataatgtaattgtaacagctcacgcttttgttataatttttttcatggttatacctttgataattggaggttttggaaattgaatagtccctattttaattggggctcctgatataagctttcctcgtataaataatatgaggttctggttgcttccaccttcttttatttttcttctatgttcaagtctagttgaaggaggtgccgggacgggatggacagtatacccacctctaaggggacctattggtcatggaggtgcgtccgtggacttggcaattttttctttacatttagctgggatgtcatctattctaggtgcggtaaactttattaccactatttttaatatgcggtcccctggaataacaatggaacgtttaagtttatttgtttgatcggttcttgttactgcattccttttacttttatctttacctgtcttagcaggagctattactatacttcttacagatcgtaatttcaatacgagttttttcgaccctgctggtggaggagaccctattttataccaacatttgttc",61,0
"Epap_59_Cur3_Jam_02","Epap_59_Cur3_Jam","Epap","Elysia papillosa","Penicillus","lecithotrophic",59,"Cur3_Jam","Cur;Jam",2,TRUE,2,"Cur_SH","Curaçao, Spanish Harbor",12.0852777778,-68.8486111111,"aactctatatgttattttcggaatgtgatgtggtctagtaggtaccggtttaagtttactaattcgttttgagttaggaacttctggggcttttttaggtgacgatcacttttataatgtaattgtaacagctcacgcttttgttataatttttttcatggttatacctttgataattggaggttttggaaattgaatagtccctattttaattggggctcctgatataagctttcctcgtataaataatatgaggttctggttgcttccaccttcttttatttttcttctatgttcaagtctagttgaaggaggtgccgggacgggatggacagtatacccacctctaaggggacctattggtcatggaggtgcgtccgtggacttggcaattttttctttacatttagctgggatgtcatctattctaggtgcggtaaactttattaccactatttttaatatgcggtcccctggaataacaatggaacgtttaagtttatttgtttgatcggttcttgttactgcattccttttacttttatctttacctgtcttagcaggagctattactatacttcttacagatcgtaatttcaatacgagttttttcgaccctgctggtggaggagaccctattttataccaacatttgttc",61,0
"Epap_59_Cur3_Jam_03","Epap_59_Cur3_Jam","Epap","Elysia papillosa","Penicillus","lecithotrophic",59,"Cur3_Jam","Cur;Jam",2,TRUE,3,"Cur_PB","Curaçao, Piscadero Bay",12.1352777778,-68.965,"aactctatatgttattttcggaatgtgatgtggtctagtaggtaccggtttaagtttactaattcgttttgagttaggaacttctggggcttttttaggtgacgatcacttttataatgtaattgtaacagctcacgcttttgttataatttttttcatggttatacctttgataattggaggttttggaaattgaatagtccctattttaattggggctcctgatataagctttcctcgtataaataatatgaggttctggttgcttccaccttcttttatttttcttctatgttcaagtctagttgaaggaggtgccgggacgggatggacagtatacccacctctaaggggacctattggtcatggaggtgcgtccgtggacttggcaattttttctttacatttagctgggatgtcatctattctaggtgcggtaaactttattaccactatttttaatatgcggtcccctggaataacaatggaacgtttaagtttatttgtttgatcggttcttgttactgcattccttttacttttatctttacctgtcttagcaggagctattactatacttcttacagatcgtaatttcaatacgagttttttcgaccctgctggtggaggagaccctattttataccaacatttgttc",61,0
"Epap_60_Cur3_01","Epap_60_Cur3","Epap","Elysia papillosa","Penicillus","lecithotrophic",60,"Cur3","Cur",1,FALSE,1,"Cur_SH","Curaçao, Spanish Harbor",12.0852777778,-68.8486111111,"aactctatatgttattttcggaatgtgatgtggtctagtaggtaccggtttaagtttactaattcgttttgagttaggaacttctggggcttttttaggtgacgatcacttttataatgtaattgtaacagctcacgcttttgttataatttttttcatggttatacctttgataattggaggttttggaaattgaatagtccctattttaattggggctcctgatataagctttcctcgtataaataatatgaggttctggttgcttccaccttcttttatttttcttctatgttcaagtctagttgaaggaggtgccgggacgggatggacagtatacccacctctaaggggacctattggtcatggaggtgcgtccgtggacttggcaattttttctttacatttagctgggatgtcatctattctaggtgcggtaaactttattaccactatttttaatatgcggtcccctggaataacaatggaacgtttaagtttatttgtttgatcggttcttgttactgcattccttttacttttatctttacctgtcttagcaggagctattactatacttcttacagatcgtaatttcaatacaagttttttcgaccctgctggtggaggagaccctattttataccaacatttgttc",62,0
"Epap_60_Cur3_02","Epap_60_Cur3","Epap","Elysia papillosa","Penicillus","lecithotrophic",60,"Cur3","Cur",1,FALSE,2,"Cur_PB","Curaçao, Piscadero Bay",12.1352777778,-68.965,"aactctatatgttattttcggaatgtgatgtggtctagtaggtaccggtttaagtttactaattcgttttgagttaggaacttctggggcttttttaggtgacgatcacttttataatgtaattgtaacagctcacgcttttgttataatttttttcatggttatacctttgataattggaggttttggaaattgaatagtccctattttaattggggctcctgatataagctttcctcgtataaataatatgaggttctggttgcttccaccttcttttatttttcttctatgttcaagtctagttgaaggaggtgccgggacgggatggacagtatacccacctctaaggggacctattggtcatggaggtgcgtccgtggacttggcaattttttctttacatttagctgggatgtcatctattctaggtgcggtaaactttattaccactatttttaatatgcggtcccctggaataacaatggaacgtttaagtttatttgtttgatcggttcttgttactgcattccttttacttttatctttacctgtcttagcaggagctattactatacttcttacagatcgtaatttcaatacaagttttttcgaccctgctggtggaggagaccctattttataccaacatttgttc",62,0
"Epap_61_Cur_01","Epap_61_Cur","Epap","Elysia papillosa","Penicillus","lecithotrophic",61,"Cur","Cur",1,FALSE,1,"Cur_SH","Curaçao, Spanish Harbor",12.0852777778,-68.8486111111,"aactctatatgttattttcggaatgtgatgtggtctagtaggtactggcctaagtttactaattcgttttgagttaggaacttctggggcttttttaggtgatgatcacttttacaatgtaattgtaacagctcacgcttttgttataatttttttcatggttatgcctttgataattggaggttttgggaactgaatagttcctattttaattggggctcctgacataagctttcctcgtataaataatatgaggttctggttgcttccaccttcttttatttttcttctatgttcaagtctagttgaaggaggtgccgggacgggatggacagtatacccacctctaaggggacctattggtcacggaggtgcgtccgtggacttggcgattttttctttacatttagctgggatgtcgtctattctaggtgcggtaaactttattactactatttttaatatacggtctcccggaataacaatggaacgtttaagtttatttgtttgatcggttcttgttactgcattccttttacttttatccttacctgtcttagcaggggctattactatgctgtttacggatcgtaatttcaatacaagttttttcgatcctgctggtggaggagaccctattttataccaacatttgttt",63,0
"Epap_61_Cur_02","Epap_61_Cur","Epap","Elysia papillosa","Penicillus","lecithotrophic",61,"Cur","Cur",1,FALSE,2,"Cur_PB","Curaçao, Piscadero Bay",12.1352777778,-68.965,"aactctatatgttattttcggaatgtgatgtggtctagtaggtactggcctaagtttactaattcgttttgagttaggaacttctggggcttttttaggtgatgatcacttttacaatgtaattgtaacagctcacgcttttgttataatttttttcatggttatgcctttgataattggaggttttgggaactgaatagttcctattttaattggggctcctgacataagctttcctcgtataaataatatgaggttctggttgcttccaccttcttttatttttcttctatgttcaagtctagttgaaggaggtgccgggacgggatggacagtatacccacctctaaggggacctattggtcacggaggtgcgtccgtggacttggcgattttttctttacatttagctgggatgtcgtctattctaggtgcggtaaactttattactactatttttaatatacggtctcccggaataacaatggaacgtttaagtttatttgtttgatcggttcttgttactgcattccttttacttttatccttacctgtcttagcaggggctattactatgctgtttacggatcgtaatttcaatacaagttttttcgatcctgctggtggaggagaccctattttataccaacatttgttt",63,0
"Epap_62_Cur_01","Epap_62_Cur","Epap","Elysia papillosa","Penicillus","lecithotrophic",62,"Cur","Cur",1,FALSE,1,"Cur_SH","Curaçao, Spanish Harbor",12.0852777778,-68.8486111111,"aactctatatgttattttcggaatgtgatgtggtctagtaggtaccggtttaagtttactaattcgttttgagttaggaacttctggggcttttttaggtgacgatcacttttataatgtaattgtaacagctcacgcttttgttataatttttttcatggttatacctttgataattggaggttttggaaattgaatagtccctattttaattggggctcctgatataagctttcctcgtataaataatatgaggttctggttgcttccaccttcttttatttttcttctatgttcaagtctagttgaaggaggtgccgggacgggatggacagtatacccacctctaaggggacctattggtcatggaggtgcgtccgtggacttggcaattttttctttacatttagctgggatgtcatctattctaggtgcggtaaactttattaccactatttttaatatgcggtcccctggaataacaatggaacgtttaagtttatttgtttgatcggttcttgttactgcattccttttacttttgtctttacctgtcttagcaggagctattactatacttcttacagatcgtaatttcaatacgagttttttcgaccctgctggtggaggagaccctattttataccaacatttgttc",64,0
"Epap_62_Cur_02","Epap_62_Cur","Epap","Elysia papillosa","Penicillus","lecithotrophic",62,"Cur","Cur",1,FALSE,2,"Cur_PB","Curaçao, Piscadero Bay",12.1352777778,-68.965,"aactctatatgttattttcggaatgtgatgtggtctagtaggtaccggtttaagtttactaattcgttttgagttaggaacttctggggcttttttaggtgacgatcacttttataatgtaattgtaacagctcacgcttttgttataatttttttcatggttatacctttgataattggaggttttggaaattgaatagtccctattttaattggggctcctgatataagctttcctcgtataaataatatgaggttctggttgcttccaccttcttttatttttcttctatgttcaagtctagttgaaggaggtgccgggacgggatggacagtatacccacctctaaggggacctattggtcatggaggtgcgtccgtggacttggcaattttttctttacatttagctgggatgtcatctattctaggtgcggtaaactttattaccactatttttaatatgcggtcccctggaataacaatggaacgtttaagtttatttgtttgatcggttcttgttactgcattccttttacttttgtctttacctgtcttagcaggagctattactatacttcttacagatcgtaatttcaatacgagttttttcgaccctgctggtggaggagaccctattttataccaacatttgttc",64,0
"Epap_63_Jam_01","Epap_63_Jam","Epap","Elysia papillosa","Penicillus","predominantly_planktotrophic",63,"Jam","Jam",1,FALSE,1,"Jam","Jamaica, Discovery Bay",18.468611,-77.414722,"aactctatatgttattttcggaatgtgatgtggtctagtaggtaccggcttaagtttactgatccgttttgagttgggaacttctggggcttttttaggtgatgatcacttttataatgtaattgtaacagctcacgcttttgttataatttttttcatggttatgcctttgataattggaggttttggaaactgaatagttcctattttaattggggctcctgatataagctttcctcgtataaataatatgaggttctgattgcttccaccttcttttatttttcttctatgttcaagtctagttgaaggaggtgccgggacgggatggacagtatatccacctctaaggggacctattggtcacggaggtgcgtccgtggacttggcaattttttctttacatttagctgggatgtcatctattctaggtgcggtaaactttattaccactatttttaatatgcggtctcctggaataacaatggaacgtttaagtttatttgtttgatcggttcttgttactgcattccttttacttttatctttacccgtcttagcaggggctattactatgctccttacggatcgtaatttcaatacaagttttttcgatcctgctggtggaggagaccctattttataccaacacttgttc",65,0
"Etai_64_Swe_Stir_01","Etai_64_Swe_Stir","Etai","Elysia taino","Penicillus","planktotrophic",64,"Swe_Stir","Swe;Stir",2,TRUE,1,"Swe","Sweetings Cay",26.5619444444,-77.8541666667,"-------------------------tggtgtggcctagttggtacgggtctaagtttactgattcgttttgagttaggaacttctggggcctttttaggtgacgatcacttctataatgtaattgtaacagcccatgcttttgttataattttctttatggtcatacctttaataattggaggttttgggaactggatagttcctattctaattggggctcctgacataagtttccctcgtatgaataacatgaggttctggttactacctccctcttttatttttcttctatgttcaagtctagttgaaggaggtgccgggacaggatgaacagtatatcctcctctaaggggacctatcggtcatggaggtgcgtccgtggacttggcaattttttctttacatctagctgggatgtcctctattctaggtgcggtaaactttattactactatttttaacatgcggtctcctgggatgacaatggaacgtttaagtttatttgtttggtcagttcttgttactgcattccttctgcttctgtctttacctgttttagcaggggcaattactatgcttttaacggatcgtaatttcaacacgagtttcttcgatcctgctggtgggggg---------------------------",66,0
"Etai_64_Swe_Stir_02","Etai_64_Swe_Stir","Etai","Elysia taino","Penicillus","planktotrophic",64,"Swe_Stir","Swe;Stir",2,TRUE,2,"Stir","Great Stirrup Cay",25.82,-77.898889,"-------------------------tggtgtggcctagttggtacgggtctaagtttactgattcgttttgagttaggaacttctggggcctttttaggtgacgatcacttctataatgtaattgtaacagcccatgcttttgttataattttctttatggtcatacctttaataattggaggttttgggaactggatagttcctattctaattggggctcctgacataagtttccctcgtatgaataacatgaggttctggttactacctccctcttttatttttcttctatgttcaagtctagttgaaggaggtgccgggacaggatgaacagtatatcctcctctaaggggacctatcggtcatggaggtgcgtccgtggacttggcaattttttctttacatctagctgggatgtcctctattctaggtgcggtaaactttattactactatttttaacatgcggtctcctgggatgacaatggaacgtttaagtttatttgtttggtcagttcttgttactgcattccttctgcttctgtctttacctgttttagcaggggcaattactatgcttttaacggatcgtaatttcaacacgagtttcttcgatcctgctggtgggggg---------------------------",66,0
"Etai_65_Stir_01","Etai_65_Stir","Etai","Elysia taino","Penicillus","planktotrophic",65,"Stir","Stir",1,FALSE,1,"Stir","Great Stirrup Cay",25.82,-77.898889,"-------------------------------ggcctagttggtacgggtctaagtttactgattcgttttgagttaggaacttctggggcctttttaggtgacgatcacttctataatgtaattgtaacagcccatgcttttgttataattttctttatggtcatacctttaataattggaggttttgggaattggatagttcctattttaattggggctcctgacataagtttccctcgtatgaataacatgaggttctggttactacctccctcttttatttttcttctatgttcaagtctagttgaaggaggtgccgggacaggatgaacagtatatcctcctctaaggggacctatcggtcatggaggtgcgtccgtggacttggcaattttttctttacatctagctgggatgtcctctattctaggtgcggtaaactttattactactatttttaacatgcggtctcctgggatgacaatggaacgtttaagtttatttgtttggtcagttctcgttactgcattccttctgcttctgtctctacccgttttagcaggggcaattactatgcttttaacggatcgtaatttcaacacgagtttcttcgatcctgctgg----------------------------------",67,0
"Etai_66_Stir_01","Etai_66_Stir","Etai","Elysia taino","Penicillus","planktotrophic",66,"Stir","Stir",1,FALSE,1,"Stir","Great Stirrup Cay",25.82,-77.898889,"-------------------------------ggcctagttggtacgggtctaagtttactgattcgttttgagttaggaacttctggggcctttttaggtgacgaccacttctataatgtaattgtaacagcccatgcttttgttataattttctttatggtcatacctttaataattggaggttttgggaattggatagttcctattctaattggggctcctgacataagtttccctcgtatgaataacatgaggttctggttactacctccctcttttatttttcttctatgttcaagtctagttgaaggaggtgccgggacaggatgaacagtatatcctcctctaaggggacctatcggtcatggaggtgcgtccgtggacttggcaattttttctttacatctagctgggatgtcctctattctaggtgcggtaaactttattactactatttttaacatgcggtctcctgggatgacaatggaacgtttaagtttatttgtttggtcagttcttgttactgcattccttctgcttctgtctttacctgttttagcaggggcaattactatgcttttaacggatcgtaatttcaacacgagtttcttcgaccctgctg-----------------------------------",68,0
"Etai_67_Stir_01","Etai_67_Stir","Etai","Elysia taino","Penicillus","planktotrophic",67,"Stir","Stir",1,FALSE,1,"Stir","Great Stirrup Cay",25.82,-77.898889,"----------------------------------ctagttggtacgggtctaagtttactgattcgttttgagttaggaacttctggggcctttttaggtgacgatcacttctataatgtaattgtaacagcccatgcttttgttataattttctttatggtcatacctttaataattggaggttttgggaactggatagttcctattctaattggggctcctgacataagtttccctcgtatgaataacataaggttctggttactacctccctcttttatttttcttctatgttcaagtctagttgaaggaggtgccgggacaggatgaacagtataccctcctctaaggggacctatcggtcatggaggtgcgtccgtggacttggcaattttttctttacatctagctgggatgtcctctattctaggtgcggtaaactttattactactatttttaacatgcggtctcctgggatgacaatggaacgtttaagtttatttgtttggtcagttcttgttactgcattccttctgcttctgtctttacctgttttagcaggggcaattactatgcttttaacggatcgtaatttcaacacgagtttcttcgatcctgctgg----------------------------------",69,0
"Etai_68_Stir_01","Etai_68_Stir","Etai","Elysia taino","Penicillus","planktotrophic",68,"Stir","Stir",1,FALSE,1,"Stir","Great Stirrup Cay",25.82,-77.898889,"----------------------------------ctagttggtacgggtctaagtttactgattcgtttcgagttaggaacttctggggcctttttaggtgacgatcacttctataatgtaattgtaacagcccatgcttttgttataattttctttatggtcatacctttaataattggaggttttgggaattggatagttcctattttaattggggctcctgacataagtttccctcgtatgaataacatgaggttctggttactacctccctcttttatctttcttctatgttcaagtctagttgaaggaggtgccgggacaggatgaacagtatatcctcctctaaggggacctatcggtcatggaggtgcgtccgtggacttggcaattttttctttacatctagctgggatgtcctctattctaggtgcggtaaactttattactactatttttaacatgcggtctcctgggatgacaatggaacgtttaagtttatttgtttggtcagttctcgttactgcattccttctgcttctgtctctacctgttttagcaggggcaattactatgcttttaacggatcgtaatttcaacacgagtttcttcgatcc----------------------------------------",70,0
"Etai_69_Stir_Pla_01","Etai_69_Stir_Pla","Etai","Elysia taino","Penicillus","planktotrophic",69,"Stir_Pla","Stir;Pla",2,TRUE,1,"Stir","Great Stirrup Cay",25.82,-77.898889,"aactttatatgttatttttggaatgtggtgtggcctagttggtacgggtctaagtttactgattcgtttcgagttaggaacttctggggcctttttaggtgacgatcacttctataatgtaattgtaacagcccatgcttttgttataattttctttatggtcatacctttaataattggaggttttgggaattggatagttcctattttaattggggctcctgatataagtttccctcgtatgaataacatgaggttctggttactacctccctcttttatttttcttctatgttcaagtctagttgaaggaggtgccgggacaggatgaacagtatatcctcctctaaggggacctatcggtcatggaggtgcgtccgtggacttggcaattttttctttacatctagctgggatgtcctctattctaggtgcggtaaactttattactactatttttaacatgcggtctcctgggatgacaatggaacgtttaagtttatttgtttggtcagttctcgttactgcattccttctgcttctgtctctacctgttttagcaggggcaattactatgcttttaacggatcgtaatttcaacacgagtttcttcgatcctgctggtgggggggaccctattctctaccaacatctattt",71,0
"Etai_69_Stir_Pla_02","Etai_69_Stir_Pla","Etai","Elysia taino","Penicillus","planktotrophic",69,"Stir_Pla","Stir;Pla",2,TRUE,2,"Pla","Plana Cays",22.6111111111,-73.5644444444,"aactttatatgttatttttggaatgtggtgtggcctagttggtacgggtctaagtttactgattcgtttcgagttaggaacttctggggcctttttaggtgacgatcacttctataatgtaattgtaacagcccatgcttttgttataattttctttatggtcatacctttaataattggaggttttgggaattggatagttcctattttaattggggctcctgatataagtttccctcgtatgaataacatgaggttctggttactacctccctcttttatttttcttctatgttcaagtctagttgaaggaggtgccgggacaggatgaacagtatatcctcctctaaggggacctatcggtcatggaggtgcgtccgtggacttggcaattttttctttacatctagctgggatgtcctctattctaggtgcggtaaactttattactactatttttaacatgcggtctcctgggatgacaatggaacgtttaagtttatttgtttggtcagttctcgttactgcattccttctgcttctgtctctacctgttttagcaggggcaattactatgcttttaacggatcgtaatttcaacacgagtttcttcgatcctgctggtgggggggaccctattctctaccaacatctattt",71,0
"Etai_70_Stir_01","Etai_70_Stir","Etai","Elysia taino","Penicillus","planktotrophic",70,"Stir","Stir",1,FALSE,1,"Stir","Great Stirrup Cay",25.82,-77.898889,"aactttatatgttatttttggaatgtggtgtggtctagttggtacgggtctaagtttactgattcgttttgagttaggaacttctggggcctttttaggtgacgatcacttctataatgtaattgtaacagcccatgcttttgttataattttctttatggtcatacctttaataattggaggttttgggaattggatagttcctattttaattggggctcctgacataagtttccctcgtatgaataacatgaggttctggttactacctccctcttttatttttcttctatgttcaagtctagttgaaggaggtgccgggacaggatgaacagtatatcctcctctaaggggacctatcggtcatggaggtgcgtccgtggacttggcaattttttctttacatctagctgggatgtcctctattctaggtgcggtaaactttattactactatttttaacatgcggtctcctgggatgacaatggaacgtttaagtttatttgtttggtcagttctcgttactgcattccttctgcttctgtctctacctgttttagcaggggcaattactatgcttttaacagatcgtaatttcaacacgagtttcttcgatcctgctggtgggggggaccctattctctaccaacatctattt",72,0
"Etai_71_Pla_01","Etai_71_Pla","Etai","Elysia taino","Penicillus","planktotrophic",71,"Pla","Pla",1,FALSE,1,"Pla","Plana Cays",22.6111111111,-73.5644444444,"-------------------------------gccctagttggtacgggtctaagtttactgattcgttttgagttaggaacttctggggcctttttaggtgacgaccacttctataatgtaattgtaacagcccatgcttttgttataattttctttatggtcatacctttaataattggaggttttgggaattggatagttcctattctaattggggctcctgacataagtttccctcgtatgaataacatgaggttctggttactacctccctcttttatttttcttctatgttcaagtctagttgaaggaggtgccgggacaggatggacagtatatcctcctctaaggggacctatcggtcatggaggtgcgtccgtggacttggcaattttttctttacatctagctgggatgtcctctattctaggtgcggtaaactttattactactatttttaacatgcggtctcctgggatgacaatggaacgtttaagtttatttgtttggtcagttcttgttactgcattccttctgcttctgtctttacctgttttagcaggggcaattactatgcttttaacggatcgtaatttcaacacaagtttcttcgatcctgctgg----------------------------------",73,0
"Etai_72_Pla_SSal_01","Etai_72_Pla_SSal","Etai","Elysia taino","Penicillus","planktotrophic",72,"Pla_SSal","Pla;SSal",2,TRUE,1,"Pla","Plana Cays",22.6111111111,-73.5644444444,"aactttatatgttatttttggaatgtggtgtggcctagttggtacgggtctaagtttactgattcgttttgagttaggaacttctggggcctttttaggtgacgatcacttctataatgtaattgtaacagcccatgcttttgttataattttctttatggtcatacctttaataattggaggttttgggaattggatagttcctattttaattggggctcctgacataagtttccctcgtatgaataacatgaggttctggttactacctccctcttttatttttcttctatgttcaagtctagttgaaggaggtgccgggacaggatgaacagtataccctcctctaaggggacctatcggtcatggaggtgcgtccgtggacttggcaattttttctttacatctagctgggatgtcctctattctaggtgcggtaaactttattactactatttttaacatgcggtctcctgggatgacaatggaacgtttaagtttatttgtttggtcagttctcgttactgcattccttctgcttctgtctttacctgttttagcaggggcaattactatgcttttaacggatcgtaatttcaacacgagtttcttcgatcctgctggtgggggggaccctattctctaccaacatctattt",74,0
"Etai_72_Pla_SSal_02","Etai_72_Pla_SSal","Etai","Elysia taino","Penicillus","planktotrophic",72,"Pla_SSal","Pla;SSal",2,TRUE,2,"SSal","San Salvador",24.141806,-74.471139,"aactttatatgttatttttggaatgtggtgtggcctagttggtacgggtctaagtttactgattcgttttgagttaggaacttctggggcctttttaggtgacgatcacttctataatgtaattgtaacagcccatgcttttgttataattttctttatggtcatacctttaataattggaggttttgggaattggatagttcctattttaattggggctcctgacataagtttccctcgtatgaataacatgaggttctggttactacctccctcttttatttttcttctatgttcaagtctagttgaaggaggtgccgggacaggatgaacagtataccctcctctaaggggacctatcggtcatggaggtgcgtccgtggacttggcaattttttctttacatctagctgggatgtcctctattctaggtgcggtaaactttattactactatttttaacatgcggtctcctgggatgacaatggaacgtttaagtttatttgtttggtcagttctcgttactgcattccttctgcttctgtctttacctgttttagcaggggcaattactatgcttttaacggatcgtaatttcaacacgagtttcttcgatcctgctggtgggggggaccctattctctaccaacatctattt",74,0
"Etai_73_Pla_01","Etai_73_Pla","Etai","Elysia taino","Penicillus","planktotrophic",73,"Pla","Pla",1,FALSE,1,"Pla","Plana Cays",22.6111111111,-73.5644444444,"----------------------------------ctagttggtacgggtctaagtttactgattcgttttgagctaggaacttctggggcctttttaggtgacgatcacttctataatgtaattgtaacagcccatgcttttgttataattttctttatggtcatacctttaataattggaggttttgggaattggatagttcctattttaattggggctcctgacataagtttccctcgtatgaataacatgaggttctggttactacctccctcttttatttttcttctatgttcaagtctagttgaaggaggtgccgggacaggatgaacagtataccctcctctaaggggacctatcggtcatggaggtgcgtccgtggacttggcaattttttctttacatctagctgggatgtcctctattctaggtgcggtaaactttattactactatttttaacatgcggtctcctgggatgacaatggaacgtttaagtttatttgtttggtcagttctcgttactgcattccttctgcttctgtctttacctgttttagcaggggcaattactatgcttttaacggatcgtaatttcaacacgagtttcttcg--------------------------------------------",75,0
"Etai_74_Pla_01","Etai_74_Pla","Etai","Elysia taino","Penicillus","planktotrophic",74,"Pla","Pla",1,FALSE,1,"Pla","Plana Cays",22.6111111111,-73.5644444444,"aactttatatgttatttttggaatgtggtgtggcctagttggtacgggtctaagtttactgattcgttttgagttaggaacttctggggcctttttaggtgacgaccacttctataatgtaattgtaacagcccatgcttttgttataattttctttatggtcatacctttaataattggaggttttgggaattggatagtccctattctaattggggctcctgacataagtttccctcgtatgaataacatgaggttctggttactacctccctcttttatttttcttctatgttcaagtctagttgaaggaggtgccgggacaggatgaacagtatatcctcctctaaggggacctatcggtcatggaggtgcgtccgtggacttggcaattttttctttacatctagctgggatgtcctctattctaggtgcggtaaactttattactactatttttaacatgcggtctcctgggatgacaatggaacgtttaagtttatttgtttggtcagttcttgttactgcattccttctgcttctgtctttacctgttttagcaggggcaattactatgcttttaacggatcgtaatttcaacacgagtttcttcgatcctgctggtgggggggaccctattctctaccaacatctattt",76,0
"Etai_75_Pla_01","Etai_75_Pla","Etai","Elysia taino","Penicillus","planktotrophic",75,"Pla","Pla",1,FALSE,1,"Pla","Plana Cays",22.6111111111,-73.5644444444,"---------------------aatgtggtgtggcctagttggtacgggtctaagtttactgattcgttttgagttaggaacttctggggcctttttaggtgacgatcacttctataatgtaattgtaacagcccatgcttttgttataattttctttatggtcatacctttaataattggaggttttgggaattggatagttcctattttaattggggctcctgacataagtttccctcgtatgaataacatgaggttctggttactacctccctcttttatttttcttctatgttcaagtctagttgaaggaggtgccgggacaggatggacagtatatcctcctctaaggggacctatcggtcatggaggtgcgtccgtggacttggcaattttttctttacatctagctgggatgtcctctattctaggtgcggtaaactttattactactatttttaacatgcggtctcctgggatgacaatggaacgtttaagtttatttgtttggtcagttctcgttactgcattccttctgcttctgtctttacctgttttagcaggggcaattactatgcttttaacggatcgtaatttcaacacgagtttcttcgatcctgctggtgggggggaccctattctctaccaacatctattt",77,0
"Etai_76_Pla_LSS_01","Etai_76_Pla_LSS","Etai","Elysia taino","Penicillus","planktotrophic",76,"Pla_LSS","Pla;LSS",2,TRUE,1,"Pla","Plana Cays",22.6111111111,-73.5644444444,"----------------------------tgtggcctagttggtacgggtctaagtttactgattcgttttgagttaggaacttctggggcctttttaggtgacgatcacttctataatgtaattgtaacagcccatgcttttgttataattttctttatggtcatacctttaataattggaggttttgggaattggatagttcctattttaattggggctcctgacataagtttccctcgtatgaataatatgaggttctggttactacctccctcttttatttttcttctatgttcaagtctagttgaaggaggtgccgggacaggatgaacagtataccctcctctaaggggacctatcggtcatggaggtgcgtccgtggacttggcaattttttctttacatctagctgggatgtcctctattctaggtgcggtaaactttattactactatttttaacatgcggtctcctgggatgacaatggaacgtttaagtttatttgtttggtcagttctcgttactgcattccttctgcttctgtctttacctgttttagcaggggcaattactatgcttttaacggatcgtaatttcaacacgagtttcttcgatcctgctggtggg------------------------------",78,0
"Etai_76_Pla_LSS_02","Etai_76_Pla_LSS","Etai","Elysia taino","Penicillus","planktotrophic",76,"Pla_LSS","Pla;LSS",2,TRUE,2,"LSS","Little San Salvador",24.575,-75.9416666667,"----------------------------tgtggcctagttggtacgggtctaagtttactgattcgttttgagttaggaacttctggggcctttttaggtgacgatcacttctataatgtaattgtaacagcccatgcttttgttataattttctttatggtcatacctttaataattggaggttttgggaattggatagttcctattttaattggggctcctgacataagtttccctcgtatgaataatatgaggttctggttactacctccctcttttatttttcttctatgttcaagtctagttgaaggaggtgccgggacaggatgaacagtataccctcctctaaggggacctatcggtcatggaggtgcgtccgtggacttggcaattttttctttacatctagctgggatgtcctctattctaggtgcggtaaactttattactactatttttaacatgcggtctcctgggatgacaatggaacgtttaagtttatttgtttggtcagttctcgttactgcattccttctgcttctgtctttacctgttttagcaggggcaattactatgcttttaacggatcgtaatttcaacacgagtttcttcgatcctgctggtggg------------------------------",78,0
"Etai_77_Pla_01","Etai_77_Pla","Etai","Elysia taino","Penicillus","planktotrophic",77,"Pla","Pla",1,FALSE,1,"Pla","Plana Cays",22.6111111111,-73.5644444444,"-------------------------------ggcctagttggtacgggtctaagtttactgattcgttttgagttaggaacttctggggcctttttaggtgacgatcacttctataatgtaattgtaacagcccatgcttttgttataattttctttatggtcatacctttaataattggaggttttgggaactggatagttcctattctaattggggctcctgacataagtttccctcgtatgaataacatgaggttctggttactacctccctcttttatttttcttctatgttcaagtctagttgaaggaggtgccgggacaggatgaacagtatatcctcctctaaggggacctatcggtcatggaggtgcgtccgtggacttggcaattttttctttacatctagctgggatgtcctctattctaggtgcggtaaactttattactactatttttaacatgcgatctcctgggatgacaatggaacgtttaagtttatttgtttggtcagttcttgttactgcattccttctgcttctgtctttacctgttttagcaggggcaattactatgcttttaacggatcgtaatttcaacacgagtttcttcgatcctgctggtggg------------------------------",79,0
"Etai_78_LSS_01","Etai_78_LSS","Etai","Elysia taino","Penicillus","planktotrophic",78,"LSS","LSS",1,FALSE,1,"LSS","Little San Salvador",24.575,-75.9416666667,"----------------------------------ctagttggtacgggtctaagtttactgattcgttttgagttaggaacttctggggcctttttaggtgacgatcacttctataatgtaattgtaacagcccatgcttttgttataattttctttatggtcatacctttaataattggaggttttgggaactggatagttcctattctaattggggctcctgacataagtttccctcgtatgaataacatgaggttctggctactacctccctcttttatttttcttctatgttcaagtctagttgaaggaggtgccgggacaggatgaacagtatatcctcctctaaggggacctatcggtcatggaggtgcgtccgtggacttggcaattttttctttacatctagctgggatgtcctctattctaggtgcggtaaactttattactactatttttaacatgcggtctcctgggatgacaatggaacgtttaagtttatttgtttggtcagttcttgttactgcattccttctgcttctgtctttacctgttttagcaggggcaattactatgcttttaacggatcgtaatttcaacacgagtttcttcga-------------------------------------------",80,0
"Etai_79_LSS_01","Etai_79_LSS","Etai","Elysia taino","Penicillus","planktotrophic",79,"LSS","LSS",1,FALSE,1,"LSS","Little San Salvador",24.575,-75.9416666667,"-------------------------------ggcctagttggtacgggtctaagtttactgattcgttttgagttaggaacttctggggcctttttaggtgacgatcacttctataatgtaattgtaacagcccatgcttttgttataattttctttatggtcatacctttaataattggaggttttgggaattggatagttcctattttaattggggctcctgacataagtttccctcgtatgaataacatgaggttctggttacttcctccctcttttatttttcttctatgttcaagtctagttgaaggaggtgccgggacaggatgaacagtataccctcctctaaggggacctatcggtcatggaggtgcgtccgtggacttggcaattttttctttacatctagctgggatgtcctctattctaggtgcggtaaactttattactactatttttaacatgcggtctcctgggatgacaatggaacgtttaagtttatttgtttggtcagttctcgttactgcattccttctgcttctgtctttacctgttttagcaggggcaattactatgcttttaacggatcgtaatttcaacacgagtttcttcgatcctgctggtgg-------------------------------",81,0
"Etai_80_Comp_Jam_01","Etai_80_Comp_Jam","Etai","Elysia taino","Penicillus","planktotrophic",80,"Comp_Jam","Comp;Jam",2,TRUE,1,"Comp","Compass Cay",24.2747222222,-76.5097222222,"aactttatatgttatttttggaatgtggtgtggcctagttggtacgggtctaagtttactgattcgttttgagttaggaacttctggggcctttttaggtgacgatcacttctataatgtaattgtaacagcccatgcttttgttataattttctttatggtcatacctttaataattggaggttttgggaattggatagttcctattttaattggggctcctgacataagtttccctcgtatgaataacataaggttctggttactacctccctcttttatttttcttctatgttcaagtctagttgaaggaggtgccgggacaggatgaacagtataccctcctctaaggggacctatcggtcatggaggtgcgtccgtggacttggcaattttttctttacatctagctgggatgtcctctattctaggtgcggtaaactttattactactatttttaacatgcggtctcctgggatgacaatggaacgtttaagtttatttgtttggtcagttctcgttactgcattccttctgcttctgtctttacctgttttagcaggggcaattactatgcttttaacggatcgtaatttcaacacgagtttcttcgatcctgctggtgggggggaccctattctctatcaacatctattt",82,1
"Etai_80_Comp_Jam_02","Etai_80_Comp_Jam","Etai","Elysia taino","Penicillus","planktotrophic",80,"Comp_Jam","Comp;Jam",2,TRUE,2,"Jam","Jamaica, Discovery Bay",18.468611,-77.414722,"aactttatatgttatttttggaatgtggtgtggcctagttggtacgggtctaagtttactgattcgttttgagttaggaacttctggggcctttttaggtgacgatcacttctataatgtaattgtaacagcccatgcttttgttataattttctttatggtcatacctttaataattggaggttttgggaattggatagttcctattttaattggggctcctgacataagtttccctcgtatgaataacataaggttctggttactacctccctcttttatttttcttctatgttcaagtctagttgaaggaggtgccgggacaggatgaacagtataccctcctctaaggggacctatcggtcatggaggtgcgtccgtggacttggcaattttttctttacatctagctgggatgtcctctattctaggtgcggtaaactttattactactatttttaacatgcggtctcctgggatgacaatggaacgtttaagtttatttgtttggtcagttctcgttactgcattccttctgcttctgtctttacctgttttagcaggggcaattactatgcttttaacggatcgtaatttcaacacgagtttcttcgatcctgctggtgggggggaccctattctctatcaacatctattt",82,0
"Etai_81_Comp_01","Etai_81_Comp","Etai","Elysia taino","Penicillus","planktotrophic",81,"Comp","Comp",1,FALSE,1,"Comp","Compass Cay",24.2747222222,-76.5097222222,"aactttatatgttatttttggaatgtggtgtggcctagttggtacgggtctaagtttactgattcgttttgagttaggaacttctggggcctttttaggtgacgaccacttctataatgtaattgtaacagcccatgcttttgttataattttctttatggtcatacctttaataattggaggttttgggaattggatagttcctattctaattggggctcctgatataagtttccctcgtatgaataacatgaggttctggttactacctccctcttttatttttcttctatgttcaagtctagttgaaggaggtgccgggacaggatggacagtatatcctcctctaaggggacctatcggtcatggaggtgcgtccgtggacttggcaattttttctttacatctagctgggatgtcctctattctaggtgcggtaaactttattactactatttttaacatgcggtctcctgggatgacaatggaacgtttaagtttatttgtttggtcagttcttgttactgcattccttcttcttctgtctttacctgttttagcaggggcaattactatgcttttaacggatcgtaatttcaacacgagtttcttcgatcctgctggtgggggggaccctattctctaccaacatctattt",83,1
"Etai_82_Comp_01","Etai_82_Comp","Etai","Elysia taino","Penicillus","planktotrophic",82,"Comp","Comp",1,FALSE,1,"Comp","Compass Cay",24.2747222222,-76.5097222222,"aactttatatgttatttttggaatgtggtgtggcctagttggtacgggtctaagtttactgattcgttttgagttaggaacttctggggcctttttaggtgacgaccacttctataatgtaattgtaacagcccatgcttttgttataattttctttatggtcatacctttaataattggaggttttgggaattggatagttcctattctaattggggctcctgacataagtttccctcgtatgaataacatgaggttctggttactacctccctcttttatttttcttctatgttcaagtctagttgaaggaggtgccgggacaggatgaacagtatatcctcctctaaggggacctatcggtcatggaggtgcgtccgtggacttggcaattttttctttacatctagctgggatgtcctctattctaggtgcggtaaactttattactactatttttaacatgcggtctcctgggatgacaatggaacgtttaagtttatttgtttggtcagttcttgttactgcattccttctgcttctgtctttacctgttttagcaggggcaattactatgcttttaacggatcgtaatttcaacacgagtttcttcgatcctgctggtgggggggaccctattctctaccaacatctattt",84,1
"Etai_83_SSal_01","Etai_83_SSal","Etai","Elysia taino","Penicillus","planktotrophic",83,"SSal","SSal",1,FALSE,1,"SSal","San Salvador",24.141806,-74.471139,"aactttatctgtcatttttggagtgtggtgtggcctagttggtacgggtctaagtttactgattcgttttgagttaggaacttctggggcctttttaggtgacgatcacttctataatgtaattgtaacagcccatgcttttgttataattttctttatggtcatacctttaataattggaggttttgggaattggatagttcctattttaattggggctcctgacataagtttccctcgtataaataacatgaggttctggttactacctccctcttttatttttcttctatgttcaagtctagttgaaggaggtgccgggacaggatgaacagtataccctcctctaaggggacctatcggtcatggaggtgcgtccgtggacttggcaattttttctttacatctagctgggatgtcctctattctaggtgcggtaaactttattactactatttttaacatgcggtctcctgggatgacaatggaacgtttaagtttatttgtttggtcagttctcgttactgcattccttctgcttctgtctttacctgttttagcaggggcaattactatgcttttaacggatcgtaatttcaatacgagttttttcgatcctgctggtgggggggaccctattctctaccaacatctatct",85,0
"Etai_84_SSal_01","Etai_84_SSal","Etai","Elysia taino","Penicillus","planktotrophic",84,"SSal","SSal",1,FALSE,1,"SSal","San Salvador",24.141806,-74.471139,"aaca-tatctgtcatttttggagtgtggtgtggcctagttggtacgggtctaagtttactgattcgttttgagttaggaacttctggggcctttttaggtgacgatcacttctataatgtaattgtaacagcccatgcttttgttataattttctttatggtcatacctttaataattggaggttttgggaattggatagttcctattttaattggggctcctgacataagtttccctcgtatgaataacatgaggttctggttactacctccctcttttatttttcttctatgttcaagtctagttgaaggaggtgccgggacaggatgaacagtataccctcctctaaggggacctatcggtcatggaggtgcgtccgtggacttggcaattttttctttacatctagctgggatgtcttctattctaggtgcggtaaactttattactactatttttaacatgcggtctcctgggatgacaatggaacgtttaagtttatttgtttggtcagttctcgttactgcattccttctgcttctgtctttacctgttttagcaggggcaattactatgcttttaacggatcgtaatttcaacacgagcttcttcgatcctgctggtgggggggaccctattctctaccaacatctatct",86,0
"Etai_85_SSal_01","Etai_85_SSal","Etai","Elysia taino","Penicillus","planktotrophic",85,"SSal","SSal",1,FALSE,1,"SSal","San Salvador",24.141806,-74.471139,"aactttatatgttatttttggaatgtggtgtggcctagttggtacgggtctaagtttactgattcgttttgagttaggaacttctggggccttcttaggtgacgatcacttctataatgtaattgtaacagcccatgcttttgttataattttctttatggtcatacctttaataattggaggttttgggaactggatagttcctattctaattggggctcctgacataagtttccctcgtatgaataacatgaggttctggttactacctccctcttttatttttcttctatgttcaagtctagttgaaggaggtgccgggacaggatgaacagtatatcctcctctaaggggacctatcggtcatggaggtgcgtccgtggacttggcaattttttctttacatctagctgggatgtcctctattctaggtgcggtaaactttattactactatttttaacatgcggtctcctgggatgacaatggaacgtttaagtttatttgtttggtcagttcttgttactgcattccttctgcttctgtctttacctgttttagcaggggcaattactatgcttttaacggatcgtaatttcaacacgagtttcttcgatcctgctggtgggggggaccctattctctaccaacatcta-ct",87,0
"Etai_86_SSal_01","Etai_86_SSal","Etai","Elysia taino","Penicillus","planktotrophic",86,"SSal","SSal",1,FALSE,1,"SSal","San Salvador",24.141806,-74.471139,"aactctatatgttatttttggaatgtggtgtggcctagttggtacgggtctaagtttactgattcgttttgagttaggaacttctggggcctttttaggtgacgatcacttctataatgtaattgtaacagcccatgcttttgttataattttctttatggtcatacctttaataattggaggttttgggaattggatagttcctattttaattggggctcccgacataagtttcccccgcatgaataacatgaggttctggttactacctccctcttttatttttcttctatgttcaagtctagttgaaggaggtgccgggacaggatgaacagtataccctcctctaaggggacctatcggtcatggaggtgcgtccgtggacttggcaattttttctttacatctagctgggatgtcctctattctaggtgcggtaaactttattactactatttttaacatgcggtctcctgggatgacaatggaacgtttaagtttatttgtttggtcagttctcgttactgcattccttctgcttctgtctttacctgttttagcaggggcaattactatgcttttaacggatcgtaatttcaacacgagtttcttcgatcctgctggtgggggggaccctattctctaccaacatctatct",88,0
"Etai_87_SSal_01","Etai_87_SSal","Etai","Elysia taino","Penicillus","planktotrophic",87,"SSal","SSal",1,FALSE,1,"SSal","San Salvador",24.141806,-74.471139,"aactttatatgttatttttggaatgtggtgtggcctagttggtacgggtctaagtttactgattcgttttgagttaggaacttctggggcctttttaggtgacgatcacttctataatgtaattgtaacagcccatgcttttgttataattttctttatggtcatacctttaataattggaggttttgggaattggatagttcctattttaatcggggctcctgacataagtttccctcgtatgaataacatgaggttctggttactacctccctcttttatttttcttctatgttcaagtctagttgaaggaggtgccgggacaggatgaacagtatatcctcctctaaggggacctatcggtcatggaggtgcgtccgtggacttggcaattttttctttacatctagctgggatgtcctctattctaggtgcggtaaactttattactactatttttaacatgcggtctcctgggatgacaatggaacgtttaagtttatttgtttggtcagttctcgttactgcattccttctgcttctgtctttacctgttttagcaggggcaattactatgcttttaacggatcgtaatttcaacacgagtttcttcgatcctgctggtgggggggaccctattctctaccaacatctattt",89,0
"Etai_88_NPr_01","Etai_88_NPr","Etai","Elysia taino","Penicillus","planktotrophic",88,"NPr","NPr",1,FALSE,1,"NPr","New Providence",25.0097222222,-77.5666666667,"aactttatatgttatttttggaatgtggtgtggcctagttggtacgggtctaagtttactgattcgttttgagttaggaacttctggggcctttttaggtgacgatcacttctataatgtaattgtaacagcccatgcttttgttataattttctttatggtcatacctttaataattggaggttttgggaattggatagttcctattttaattggggctcctgacataagtttccctcgtatgaataacatgaggttctggttactacctccctcttttatttttcttctatgttcaagtctagttgaaggaggtgccgggacaggatgaacagtatatcctcctctaaggggacctatcggtcatggaggtgcgtccgtggacttggcaattttttctttacatctagctgggatgtcctctattctaggtgcggtaaactttattactactatttttaacatgcggtctcctgggatgacaatggaacgtttaagtttatttgtttggtcagttctcgttactgcattccttctgcttctgtctttacctgttttagcaggggcaattactatgcttttaacggatcgtaatttcaacacgagtttcttcgatcctgctggtgggggggaccctattctctaccaacatctattt",90,276
"Etai_89_NPr_01","Etai_89_NPr","Etai","Elysia taino","Penicillus","planktotrophic",89,"NPr","NPr",1,FALSE,1,"NPr","New Providence",25.0097222222,-77.5666666667,"aactttatatgtcatttttggaatgtggtgtggcctagttggtacgggtctaagtttactgattcgttttgagttaggaacttctggggcctttttaggtgacgatcacttctataatgtaattgtaacagcccatgcttttgttataattttctttatggtcatacctttaataattggaggttttgggaattggatagttcctattttaattggggctcctgacataagtttccctcgtatgaataacatgaggttctggttactacccccctcttttatttttcttctatgttcaagtctagttgaaggaggtgccgggacaggatgaacagtctaccctcctctaaggggacctatcggtcatggaggtgcgtccgtggacttggcaattttttctttacatctagctgggatgtcctctattctaggtgcggtaaactttattactactatttttaacatgcggtctcctgggatgacaatggaacgtttaagtttatttgtttggtcagttctcgttactgcattccttctgcttctgtctttacctgttttagcaggggcaattactatgcttttaacggatcgtaatttcaacacgagtttcttcgatcctgctggtgggggggaccctattctctaccaacatctattt",91,276
"Etai_90_NPr_01","Etai_90_NPr","Etai","Elysia taino","Penicillus","planktotrophic",90,"NPr","NPr",1,FALSE,1,"NPr","New Providence",25.0097222222,-77.5666666667,"aactttatatgttatttttggaatgtggtgcggcctagttggtacgggtctaagtttactgattcgttttgagttaggaacttctggggcctttttaggtgacgatcacttctataatgtaattgtaacagcccatgcttttgttataattttctttatggtcatacctttaataattggaggttttgggaattggatagttcctattttaattggggctcctgacataagtttccctcgtatgaataacatgaggttctggttactacctccctcttttatttttcttctatgttcaagtctagttgaaggaggtgccgggacaggatgaacagtataccctcctctaaggggacctatcggtcatggaggtgcgtccgtggacttggcaattttttctttacatctagctgggatgtcctctattctaggtgcggtaaactttattactactatttttaacatgcggtctcctgggatgacaatggaacgtttaagtttatttgtttggtcagttctcgttactgcattccttctgcttctgtctttacctgttttagcaggggcaattactatgcttttaacggatcgtaatttcaacacgagttttttcgatcctgctggtgggggggaccctattctctaccaacatctattc",92,276
"Etai_91_NPr_01","Etai_91_NPr","Etai","Elysia taino","Penicillus","planktotrophic",91,"NPr","NPr",1,FALSE,1,"NPr","New Providence",25.0097222222,-77.5666666667,"aactttatatgttatttttggaatgtggtgtggcctagttggtacgggtctaagtttactgattcgttttgagttaggaacttctggggcctttttaggtgacgatcacttctataatgtaattgtaacagcccatgcttttgttataattttctttatggtcatacctttaataattggaggctttgggaattggatagttcctattttaattggggctcctgacataagtttcccccgtatgaataacatgaggttctggttactacctccctcttttatttttcttctatgttcaagtctagttgaaggaggcgccgggacaggatgaacagtatatcctcctctaaggggacctatcggtcatggaggtgcgtccgtggacttggcaattttttctttacatctagctgggatgtcctctattttaggtgcggtaaactttattactactatttttaacatgcggtctcctgggatgacaatggaacgtttaagtttatttgtttggtcagttctcgttactgcattccttctgcttctgtctttacctgttttagcaggggcaattactatgcttttaacggatcgtaatttcaacacgagtttcttcgatcctgctggtgggggggatcctattctctaccaacatctattt",93,276
"Etai_92_NEx_01","Etai_92_NEx","Etai","Elysia taino","Penicillus","planktotrophic",92,"NEx","NEx",1,FALSE,1,"NEx","Northern Exumas",24.7666666667,-76.8169444444,"aactttatatgttatttttggaatgtggtgtggcctagttggtacgggtctaagtttactgattcgttttgagttaggaacttctggggcctttttaggtgacgatcacttctataatgtaattgtaacagcccatgcttttgttataattttctttatggtcatacctttaataattggaggttttgggaactggatagttcctattctaattggggctcctgacataagtttccctcgtatgaataacatgaggttctggttactacctccctcttttatttttcttctatgttcaagtctagttgaaggaggtgccgggacaggatgaacagtatatcctcctctaaggggacctatcggtcatggaggtgcgtccgtggacttggcaattttttctttacatctagctgggatgtcctctattctaggtgcggtaaactttattactactatttttaacatgcggtctcctgggatgacaatggaacgtttaagtttatttgtttggtcagttcttgttactgcattccttctgcttctgtctttacccgttttagcaggggcaattactatgcttttaacggatcgtaatttcaacacgagtttcttcgatcctgctggtgggggggaccctattctctaccaacatctattt",94,11.1700000762939
"Etai_93_NEx_01","Etai_93_NEx","Etai","Elysia taino","Penicillus","planktotrophic",93,"NEx","NEx",1,FALSE,1,"NEx","Northern Exumas",24.7666666667,-76.8169444444,"aactttatatgttatttttggaatgtggtgtggcctagttggtacgggcctaagtttactgattcgttttgagttaggaacttctggggcctttttaggtgacgatcacttttataatgtaattgtaacagcccatgcttttgttataattttctttatggtcatacctttaataattggaggttttgggaattggatagttcctattttaattggggctcctgacataagtttccctcgtatgaataacatgaggttctggttactacctccctcttttatttttcttctatgttcaagtctagttgaaggaggtgccgggacaggatgaacagtatatcctcctctaaggggacctatcggtcatggaggtgcgtccgtggacttggcaattttttctttacatctagctgggatgtcctctattctaggtgcggtaaactttattactactatttttaacatgcggtctcctgggatgacaatggaacgtttaagtttatttgtttggtcagttcttgttactgcatttcttctgcttctgtctttacctgttttagcaggggcaattactatgcttttaacggatcgtaatttcaacacgagtttcttcgatcctgctggtgggggggaccctattctctaccaacatctattt",95,11.1700000762939
"Etai_94_Dom_01","Etai_94_Dom","Etai","Elysia taino","Penicillus","planktotrophic",94,"Dom","Dom",1,FALSE,1,"Dom","Dominica, Anse de Mai",15.5683333333,-61.4655555556,"aactttatatgttatttttggaatgtggtgtggcctagttggcacgggtctaagtttactgattcgttttgagttaggaacttctggggcctttttaggtgacgatcacttctataatgtaattgtaacagcccatgcttttgttataattttctttatggtcatacctttaataattggaggttttgggaattggatagttcctattttaattggggctcctgacataagtttccctcgtatgaataacatgaggttctggttactacctccctcttttatttttcttctatgttcaagtctagttgaaggaggtgccgggacaggatgaacagtataccctcctctaaggggacctatcggtcatggaggtgcgtccgtggacttggcaattttttctttacatctagctgggatgtcctctattctaggtgcggtaaactttattactactattttcaacatgcggtctcctgggatgacaatggaacgtttaagtttatttgtttggtcagttctcgttactgcattccttctgcttctgtctttacctgttttagcaggggcaattactatgcttttaacggatcgtaatttcaacactagctttttcgatcctgcaggag--------------------------------",96,96.2967758178711
"Etai_95_Dom_01","Etai_95_Dom","Etai","Elysia taino","Penicillus","planktotrophic",95,"Dom","Dom",1,FALSE,1,"Dom","Dominica, Anse de Mai",15.5683333333,-61.4655555556,"-------------------------------ggcctagttggtacgggtctaagtttactgattcgttttgagttaggaacttctggggcctttttaggtgacgatcacttctataatgtaattgtaacagcccatgcttttgttataattttcttcatggtcatacctttaataattggaggttttgggaattggatagttcctattttaattggggctcctgacataagtttccctcgtatgaataacatgaggttctggttactacctccctcttttatttttcttctatgttcaagtctagttgaaggaggtgccgggacaggatgaacagtatatcctcctctaaggggacctatcggtcatggaggtgcgtccgtggacttggcaattttttctttacatctagctgggatgtcctctattctaggtgcggtaaactttattactactatttttaacatgcggtctcctgggatgacaatggaacgtttaagtttatttgtttggtcagttctcgttactgcattccttctgcttctgtctttacctgttttagcaggggcaattactatgcttttaacggatcgtaatttcaacactagctttttcga-------------------------------------------",97,96.2967758178711
"Etai_96_Dom2_01","Etai_96_Dom2","Etai","Elysia taino","Penicillus","planktotrophic",96,"Dom2","Dom",1,FALSE,1,"Dom","Dominica, Anse de Mai",15.5683333333,-61.4655555556,"aactttatatgttatttttggaatgtggtgtggcctagttggtacgggtctaagtttactgattcgttttgagttaggaacttctggggcctttttaggtgacgatcacttctataatgtaattgtaacagcccatgcttttgttataattttctttatggtcatacctttaataattggaggttttgggaattggatagttcctattttaattggggctcctgacataagtttccctcgtatgaataacatgaggttctggttactacctccctcttttatttttcttctatgttcaagtctagttgaaggaggtgccgggacaggatgaacagtataccctcctctaaggggacctatcggtcatggaggtgcgtccgtggacttggcaattttttctttacatctagctgggatgtcctctattctaggtgcggtaaactttattactactatttttaacatgcggtctcctgggatgacaatggaacgtttaagtttatttgtttggtcagttctcgttactgcattccttctgcttctgtctttacctgttttagcaggggcaattactatgcttttaacggatcgtaatttcaacactagctttttcgatcctgcaggaga-------------------------------",98,96.2967758178711
"Etai_97_Dom_01","Etai_97_Dom","Etai","Elysia taino","Penicillus","planktotrophic",97,"Dom","Dom",1,FALSE,1,"Dom","Dominica, Anse de Mai",15.5683333333,-61.4655555556,"-------------------------------ggcctagttggtacgggtctaagtttactgattcgctttgagttaggaacttctggggcctttttaggtgacgatcacttctataatgtaattgtaacagcccatgcttttgttataattttctttatggtcatacctttaataattggaggttttgggaattgaatagttcctattttaattggggctcctgacataagtttccctcgtatgaataacatgaggttctggttactacctccctcttttatttttcttctatgttcaagtctagttgaaggaggtgccgggacaggatgaacagtatatcctcctctaaggggacctatcggtcatggaggtgcgtccgtggacttggcaattttttctttacatctagctgggatgtcctctattctaggtgcggtaaactttattactactatttttaacatgcggtctcctgggatgacaatggaacgcttaagtttatttgtttggtcagttctcgttactgcattccttctgcttctgtctttacctgttttagcaggggcaattactatgcttttaacggatcgtaatttcaacactagctttttcga-------------------------------------------",99,96.2967758178711
"Etai_98_Dom_01","Etai_98_Dom","Etai","Elysia taino","Penicillus","planktotrophic",98,"Dom","Dom",1,FALSE,1,"Dom","Dominica, Anse de Mai",15.5683333333,-61.4655555556,"aactttatatgttatttttggaatgtggtgtggcctagttggtacgggtctaagtttactgattcgttttgagttaggaacttctggggcctttttaggtgacgatcacttctataatgtaattgtaacagcccatgcttttgttataattttctttatggtcatacctttaataatcggaggttttgggaattggatagttcctattttaattggggctcctgacataagtttccctcgtatgaataacatgaggttctggttactacctccctcttttatttttcttctatgttcaagtctagttgaaggaggtgccgggacaggatgaacagtatatcctcctctaaggggacctatcggtcatggaggtgcgtccgtggacttggcaattttttctttacatctagctgggatgtcctctattctaggtgcggtaaactttattactactatttttaacatgcggtctcctgggatgacaatggaacgtttaagtttatttgtttggtcagttctcgttactgcattccttctgcttctgtctttacctgttttagcaggggcaattactatgcttttaacggatcgtaatttcaacactagctttttcgatcctgcaggag--------------------------------",100,96.2967758178711
"Etai_99_USVI_01","Etai_99_USVI","Etai","Elysia taino","Penicillus","planktotrophic",99,"USVI","USVI",1,FALSE,1,"USVI","U.S. Virgin Islands, St. Thomas",18.35,-64.8666666667,"aactttatatgttatttttggaatgtggtgtggcctagttggtacgggtctaagtttactgattcgttttgagttaggaacttctggggcctttttaggtgacgatcacttctataatgtaattgtaacagctcatgcttttgttataattttctttatggtcatacctttaataattggaggttttgggaattggatagttcctattttaattggggctcctgacataagtttccctcgtatgaataacatgaggttctggttactacctccctcttttatttttcttctatgttcaagtctagttgaaggaggtgccgggacaggatgaacagtataccctcctctaaggggacctatcggtcatggaggtgcgtccgtggacttggcaattttttctttacatctagctgggatgtcctctattctaggtgcggtaaactttattactactatttttaacatgcggtctcctgggatgacaatggaacgtttaagtttatttgtttggtcagttctcgttactgcattccttctgcttctgtctttacctgttttagcaggggcaattactatgcttttaacggatcgtaatttcaacacgagtttcttcgatcctgctggtgggggggaccctattctctaccaaca-------",101,9.71552562713623
"Etai_100_Jam_01","Etai_100_Jam","Etai","Elysia taino","Penicillus","planktotrophic",100,"Jam","Jam",1,FALSE,1,"Jam","Jamaica, Discovery Bay",18.468611,-77.414722,"-------------------------------ggcctagttggtacgggtctaagtttattgattcgttttgagttaggaacttctggggccttcttaggtgacgaccacttctataatgtaattgtaacagctcatgcttttgttataattttctttatggtcatacctttaataattggaggttttgggaattggatagttcctattctaattggggctcctgacataagtttccctcgtataaataacatgaggttctggctattacctccttcttttatttttcttctatgttcaagtctagttgaaggaggtgccgggacaggatgaacagtataccctcctctaaggggacctatcggtcatggaggtgcgtccgtggacttggcaattttttctttacatctagctgggatgtcctctattctaggtgcggtaaactttattactactatttttaacatgcggtctcctgggatgacaatggaacgtttaagtttatttgtttggtcagttcttgttactgcattccttctgcttctgtctttacctgttttagcaggggcaattactatgcttttaacggatcgtaatttcaacacgagtttcttcgatcctgct------------------------------------",102,0
"Etai_101_Jam_01","Etai_101_Jam","Etai","Elysia taino","Penicillus","planktotrophic",101,"Jam","Jam",1,FALSE,1,"Jam","Jamaica, Discovery Bay",18.468611,-77.414722,"aactttatatgttatttttggaatgtggtgtggcctagttggtacgggtctaagtttactgattcgtttcgagttaggaacttctggggcctttttaggtgacgatcacttctataatgtaattgtaacagcccatgcttttgttataattttctttatggtcatacctttaataattggaggttttgggaattggatagttcctatcttaattggggctcctgacataagtttccctcgtatgaataacatgaggttctggttactacctccctcttttatttttcttctatgttcaagtctagttgaaggaggtgccgggacaggatgaacagtatatcctcctctaaggggacctatcggtcatggaggtgcgtccgtggacttggcaattttttctttacatctagctgggatgtcctctattctaggtgcggtaaactttattactactatttttaacatgcggtctcctgggatgacaatggaacgtttaagtttatttgtttggtcagttctcgttactgcattccttctgcttctgtctctacctgttttagcaggggcaatcactatgcttttaacggatcgtaatttcaacacgagtttcttcgatcctgctggtgggggggaccctattctctaccaacatctattt",103,0
"Etai_102_Jam_01","Etai_102_Jam","Etai","Elysia taino","Penicillus","planktotrophic",102,"Jam","Jam",1,FALSE,1,"Jam","Jamaica, Discovery Bay",18.468611,-77.414722,"----ttatatgttatttttggaatgtggtgtggcctagttggtacgggtctaagtttactgattcgttttgagttaggaacttctggggcctttttaggtgacgatcacttctataatgtaattgtaacagcccatgcttttgttataattttctttatggtcatacctttaataattggaggttttgggaattggatagttcctattctaattggggctcctgacataagtttccctcgtatgaataacatgaggttctggttactacctccctcttttatttttcttctatgttcaagtctagttgaaggaggtgccgggacaggatgaacagtatatcctcctctaaggggacctatcggtcatggaggtgcgtccgtggacttggcaattttttctttacatctagctgggatgtcctctattctaggtgcggtaaactttattactactatttttaacatgcggtctcctgggatgacaatggaacgtttaagtttatttgtttggtcagttcttgttactgcattccttctgcttctgtctttacctgttttagcaggggcaattactatgcttttaacggatcgtaatttcaacacgagtttcttcgatcctgctggtggggggg--------------------------",104,0
"Etai_103_Jam_01","Etai_103_Jam","Etai","Elysia taino","Penicillus","planktotrophic",103,"Jam","Jam",1,FALSE,1,"Jam","Jamaica, Discovery Bay",18.468611,-77.414722,"aactttatatgttatttttggaatgtggtgtggcctagttggtacgggtctaagtttactgattcgttttgagttaggaacttctggggcctttttaggtgacgatcacttctataatgtaattgtaacagcccatgcttttgttataattttctttatggtcatacctttaataattggaggttttgggaattggatagttcctattttaattggggctcctgacataagtttccctcgtatgaataacatgaggttctggttactacctccctcttttatttttcttctatgttcaagtctagttgaaggaggtgccgggacaggatgaacagtataccctcctctaaggggacctatcggtcatggaggtgcgtccgtggacttggcaattttttctttacatctagctgggatgtcctctattctaggtgcggtaaactttattactactatttttaacatgcggtctcctgggatgacaatggaacgtttaagtttatttgtttggtcagttctcgttactgcattccttctgcttctgtctttacctgttttagcaggggcaattactatgcttttaacggatcgtaatttcaatacgagtttcttcgatcctgctggtgggggggaccctattctctaccaacatctattt",105,0
"Etai_104_Jam_01","Etai_104_Jam","Etai","Elysia taino","Penicillus","planktotrophic",104,"Jam","Jam",1,FALSE,1,"Jam","Jamaica, Discovery Bay",18.468611,-77.414722,"----------------tttggaatgtggtgtggcctagttggtacaggtctaagtttactgattcgttttgagttaggaacttctggggcctttttaggtgacgatcacttctataatgtaattgtaacagcccatgcttttgttataattttctttatggtcatacctttaataattggaggttttgggaattggatagttcctattttaattggggctcctgacataagtttccctcgtatgaataacatgaggttctggttactacctccctcttttatttttcttctatgttcaagtctagttgaaggaggtgccgggacaggatgaacagtataccctcctctaaggggacctatcggtcatggaggtgcgtccgtggacttggcaattttttctttacatctagctgggatgtcttctattctaggtgcggtaaactttattactactatttttaacatgcggtctcctgggatgacaatggaacgtttaagtttatttgtttggtcagttctcgttactgcattccttctgcttctgtctttacctgttttagcaggggcaattactatgcttttaacggatcgtaatttcaacacgagcttcttcgatcctgctggtgggggggaccc----------------------",106,0
"Etai_105_Jam_Dom_Bim_NPr_01","Etai_105_Jam_Dom_Bim_NPr","Etai","Elysia taino","Penicillus","planktotrophic",105,"Jam_Dom_Bim_NPr","Jam;Dom;Bim;NPr",4,TRUE,1,"Jam","Jamaica, Discovery Bay",18.468611,-77.414722,"aactttatatgttatttttggaatgtggtgtggcctagttggtacgggtctaagtttactgattcgttttgagttaggaacttctggggcctttttaggtgacgatcacttctataatgtaattgtaacagcccatgcttttgttataattttctttatggtcatacctttaataattggaggttttgggaattggatagttcctattttaattggggctcctgacataagtttccctcgtatgaataacatgaggttctggttactacctccctcttttatttttcttctatgttcaagtctagttgaaggaggtgccgggacaggatgaacagtatatcctcctctaaggggacctatcggtcatggaggtgcgtccgtggacttggcaattttttctttacatctagctgggatgtcctctattctaggtgcggtaaactttattactactatttttaacatgcggtctcctgggatgacaatggaacgtttaagtttatttgtttggtcagttctcgttactgcattccttctgcttctgtctctacctgttttagcaggggcaattactatgcttttaacggatcgtaatttcaacacgagtttcttcgatcctgctggtgggggggaccctattctctaccaacatctattt",107,0
"Etai_105_Jam_Dom_Bim_NPr_02","Etai_105_Jam_Dom_Bim_NPr","Etai","Elysia taino","Penicillus","planktotrophic",105,"Jam_Dom_Bim_NPr","Jam;Dom;Bim;NPr",4,TRUE,2,"Dom","Dominica, Anse de Mai",15.5683333333,-61.4655555556,"aactttatatgttatttttggaatgtggtgtggcctagttggtacgggtctaagtttactgattcgttttgagttaggaacttctggggcctttttaggtgacgatcacttctataatgtaattgtaacagcccatgcttttgttataattttctttatggtcatacctttaataattggaggttttgggaattggatagttcctattttaattggggctcctgacataagtttccctcgtatgaataacatgaggttctggttactacctccctcttttatttttcttctatgttcaagtctagttgaaggaggtgccgggacaggatgaacagtatatcctcctctaaggggacctatcggtcatggaggtgcgtccgtggacttggcaattttttctttacatctagctgggatgtcctctattctaggtgcggtaaactttattactactatttttaacatgcggtctcctgggatgacaatggaacgtttaagtttatttgtttggtcagttctcgttactgcattccttctgcttctgtctctacctgttttagcaggggcaattactatgcttttaacggatcgtaatttcaacacgagtttcttcgatcctgctggtgggggggaccctattctctaccaacatctattt",107,96.2967758178711
"Etai_105_Jam_Dom_Bim_NPr_03","Etai_105_Jam_Dom_Bim_NPr","Etai","Elysia taino","Penicillus","planktotrophic",105,"Jam_Dom_Bim_NPr","Jam;Dom;Bim;NPr",4,TRUE,3,"Bim","Bimini",25.7386111111,-79.2722222222,"aactttatatgttatttttggaatgtggtgtggcctagttggtacgggtctaagtttactgattcgttttgagttaggaacttctggggcctttttaggtgacgatcacttctataatgtaattgtaacagcccatgcttttgttataattttctttatggtcatacctttaataattggaggttttgggaattggatagttcctattttaattggggctcctgacataagtttccctcgtatgaataacatgaggttctggttactacctccctcttttatttttcttctatgttcaagtctagttgaaggaggtgccgggacaggatgaacagtatatcctcctctaaggggacctatcggtcatggaggtgcgtccgtggacttggcaattttttctttacatctagctgggatgtcctctattctaggtgcggtaaactttattactactatttttaacatgcggtctcctgggatgacaatggaacgtttaagtttatttgtttggtcagttctcgttactgcattccttctgcttctgtctctacctgttttagcaggggcaattactatgcttttaacggatcgtaatttcaacacgagtttcttcgatcctgctggtgggggggaccctattctctaccaacatctattt",107,0
"Etai_105_Jam_Dom_Bim_NPr_04","Etai_105_Jam_Dom_Bim_NPr","Etai","Elysia taino","Penicillus","planktotrophic",105,"Jam_Dom_Bim_NPr","Jam;Dom;Bim;NPr",4,TRUE,4,"NPr","New Providence",25.0097222222,-77.5666666667,"aactttatatgttatttttggaatgtggtgtggcctagttggtacgggtctaagtttactgattcgttttgagttaggaacttctggggcctttttaggtgacgatcacttctataatgtaattgtaacagcccatgcttttgttataattttctttatggtcatacctttaataattggaggttttgggaattggatagttcctattttaattggggctcctgacataagtttccctcgtatgaataacatgaggttctggttactacctccctcttttatttttcttctatgttcaagtctagttgaaggaggtgccgggacaggatgaacagtatatcctcctctaaggggacctatcggtcatggaggtgcgtccgtggacttggcaattttttctttacatctagctgggatgtcctctattctaggtgcggtaaactttattactactatttttaacatgcggtctcctgggatgacaatggaacgtttaagtttatttgtttggtcagttctcgttactgcattccttctgcttctgtctctacctgttttagcaggggcaattactatgcttttaacggatcgtaatttcaacacgagtttcttcgatcctgctggtgggggggaccctattctctaccaacatctattt",107,276
"Etai_106_Jam_01","Etai_106_Jam","Etai","Elysia taino","Penicillus","planktotrophic",106,"Jam","Jam",1,FALSE,1,"Jam","Jamaica, Discovery Bay",18.468611,-77.414722,"----------------tttggaatgtggtgtggcctagttggtacgggtctaagtttactgattcgttttgagttaggaacttctggggcctttttaggtgacgatcacttctataatgtaattgtaacagctcatgctttcgttataattttctttatggtcatacctttaataattggaggttttgggaattggatagttcctattttaattggggctcctgacataagtttccctcgtataaataacatgaggttctggttactacctccctcttttatttttcttctatgttcaagtctagttgaaggaggtgccgggacaggatgaacagtatatcctcctctaaggggacctatcggtcatggaggtgcgtccgtggacttggcaattttttctttacatctagctgggatgtcctctattctaggtgcggtaaactttattactactatttttaacatgcggtctcctgggatgacaatggaacgtttaagtttatttgtttggtcagttctcgttactgcattccttctgcttctgtctctacctgttttagcaggggcaattactatgcttttaacggatcgtaatttcaacacgagtttctttgatcctgctgg----------------------------------",108,0
"Etai_107_Jam_01","Etai_107_Jam","Etai","Elysia taino","Penicillus","planktotrophic",107,"Jam","Jam",1,FALSE,1,"Jam","Jamaica, Discovery Bay",18.468611,-77.414722,"-------------------------------ggcctagttggtacgggtctaagtttactgattcgttttgagttaggaacttctggggcctttttaggcgacgatcacttctataatgtaattgtaacagcccatgcttttgttataattttctttatggtcatacctttaataattggaggttttgggaattggatagttcctattttaattggggctcctgacataagtttccctcgtatgaataacatgaggttctggttactacctccctcttttatttttcttctatgttcaagtctagttgaaggaggtgccgggacaggatgaacagtatatcctcctctaaggggacctatcggtcatggaggtgcgtccgtggacttggcaattttttctttacatctagctgggatgtcctctattctaggtgcggtaaactttattactactatttttaacatgcggtctcctgggatgacaatggaacgtttaagtttatttgtttggtcagttcttgttactgcattccttctgcttctgtctttacctgttttagcaggggcaattactatgcttttaacggatcgtaatttcaacacgagtttcttcgatcctgctggtggg------------------------------",109,0
"Etai_108_Jam_01","Etai_108_Jam","Etai","Elysia taino","Penicillus","planktotrophic",108,"Jam","Jam",1,FALSE,1,"Jam","Jamaica, Discovery Bay",18.468611,-77.414722,"-------------------------------ggcctagttggtacgggtctaagtttactgattcgttttgagttaggaacttctggggcctttttaggtgacgatcacttctataatgtaattgtaacagcccatgcttttgttataattttctttatggtcatacctttaataattggaggttttgggaattggatagttcctattttaattggggctcctgacataagtttccctcgtatgaataacatgaggttctggttactacctccctcttttatttttcttctatgttcaagtctagttgaaggaggtgccgggacaggatgaacagtatatcctcctctaaggggacctatcggtcatggaggtgcgtccgtggacttggcaattttttctttacatctagctgggatgtcctctattctaggtgcggtaaactttattactactatttttaacatgcggtctcctgggatgacaatggaacgtttaagtttatttgtttggtcagttctcgttactgcattccttctgcttctgtctttacctgttttagcaggggcgattactatgcttttaacggatcgtaatttcaacacgagtttcttcgatcctgctggtg--------------------------------",110,0
"Etai_109_Jam_01","Etai_109_Jam","Etai","Elysia taino","Penicillus","planktotrophic",109,"Jam","Jam",1,FALSE,1,"Jam","Jamaica, Discovery Bay",18.468611,-77.414722,"aactttatatgttatttttggaatgtggtgtggcctagttggtacgggtctaagtttactgattcgttttgagttaggaacttctggggcctttttaggtgacgatcacttctataatgtaattgtaacagcccatgcttttgttataattttcttcatggtcatacctttaataattggaggttttgggaattggatagttcctattttaattggggctcctgacataagtttccctcgtatgaataacatgaggttctggctactacctccctcttttatttttcttctatgttcaagtctagttgaaggaggtgccgggacaggatgaacagtataccctcctctaaggggacctatcggtcatggaggtgcgtccgtggacttggcaattttttctttacatctagctgggatgtcctctattctaggtgcggtaaactttattactactatttttaacatgcggtctcctgggatgacaatggaacgtttaagtttatttgtttggtcagttctcgttactgcattccttctgcttctgtctttacctgttttagcaggggcaattactatgcttttaacggatcgtaatttcaacacgagtttcttcgatcctgctggtgggggggaccctattctctaccaacatctattt",111,0
"Etai_110_Jam_01","Etai_110_Jam","Etai","Elysia taino","Penicillus","planktotrophic",110,"Jam","Jam",1,FALSE,1,"Jam","Jamaica, Discovery Bay",18.468611,-77.414722,"-------------------------------ggcctagttggtacgggtctaagtttactgattcgttttgagttaggaacttctggggcctttttaggtgacgatcacttctataatgtaattgtaacagcccatgcttttgttataattttctttatggtcatacctttaataattggaggttttgggaattggatagttcctattttaattggggctcctgatataagtttccctcgtatgaataacatgaggttctggttactacctccctcttttatttttcttctatgttcaagtctagttgaaggaggtgccgggacaggatgaacagtatatcctcctctaaggggacctatcggtcatggaggtgcgtccgtggacttggcaattttttctttacatctagctgggatgtcctctattctaggtgcggtaaactttattactactatttttaacatgcggtctcctgggatgacaatggaacgtttaagtttatttgtttggtcagttctcgttactgcattccttctgcttctgtctttacctgttttagcaggggcaattactatgcttttaacggatcgtaatttcaacacgagtttcttcgatcctgctggtg--------------------------------",112,0
"Etai_111_Jam_01","Etai_111_Jam","Etai","Elysia taino","Penicillus","planktotrophic",111,"Jam","Jam",1,FALSE,1,"Jam","Jamaica, Discovery Bay",18.468611,-77.414722,"--ctttatatgttatttttggaatgtggtgtggcctagttggtacgggtctaagtttactgattcgttttgagttaggaacttctggggcctttttaggtgacgaccacttctataatgtaattgtaacagcccatgcttttgttataattttctttatggtcatacctttaataattggaggttttgggaattggatagttcctattctaattggggctcctgacataagtttccctcgtatgaataacatgaggttctggttactacctccctcttttatttttcttctatgttcaagtctagttgaaggaggtgccgggacaggatggacagtataccctcctctaaggggacctatcggtcatggaggtgcgtccgtggacttggcaattttttctttacatctagctgggatgtcctctattctaggtgcggtaaactttattactactatttttaacatgcggtctcctgggatgacaatggaacgtttaagtttatttgtttggtcagttcttgttactgcattccttctgcttctgtctttacctgttttagcaggggcaattactatgcttttaacggatcgtaatttcaacacaagtttcttcgatcctgctggtgggggggaccctattctctaccaacatctattt",113,0
"Epat_01_Bim_01","Epat_01_Bim","Epat","Elysia patina","Halimeda","lecithotrophic",1,"Bim","Bim",1,FALSE,1,"Bim","Bimini",25.7386111111,-79.2722222222,"aactttatatattatttttggaatatggtgtggtttagttggtactggtcttagtttattaattcgtttcgagctaggtacttctggcgcatttttaggtgatgatcacttttacaatgtaattgtgacagcacatgcttttgttataatttttttcatagtaataccattaataattggaggttttggtaattgaatggttcctattttaattggtgctccagatataagttttcctcgtataaataatataagattttggttattacctccttcttttatatttcttctgtgttcaagtctcgttgagggaggtgcaggaactggatgaacagtgtacccacctctaaggggacctatcggtcatggaggtgcgtctgttgacttggcaattttttctttacatttagcagggatatcatccattctaggtgcggtaaactttattactactatttttaatatacggtcacctggtataagaatggaacgtttaagattatttgtttgatcagttttagttactgctgttttactacttttatccttgccagtattagcgggagcaattactatattattaacagatcgtaattttaatactaggttttttgatcctgctggtggaggggatcctattttataccaacatttgttt",114,0
"Epat_02_Bim_01","Epat_02_Bim","Epat","Elysia patina","Halimeda","lecithotrophic",2,"Bim","Bim",1,FALSE,1,"Bim","Bimini",25.7386111111,-79.2722222222,"aactttatatattatttttggaatatggtgtggtttagttggtactggtcttagtttattaattcgtttcgagctaggtacttctggggcatttttaggtgatgatcacttctataatgtaattgtcacagcacatgcttttgttataatttttttcatagtaataccattaataattggaggtttcggtaattgaatggttcctattttaattggtgctccagatataagttttcctcgtataaataatataagattttggttattacctccctcttttatatttcttctgtgttcaagtctcgttgagggaggtgcaggaactggatgaacagtgtacccacctctaaggggacctattggtcatggaggtgcgtctgttgacttggcaattttttctttacatttagcagggatatcatccattctaggtgcggtaaactttattactactatttttaatatacggtcacctggtataagaatggaacgtttaagattatttgtttgatcagttttagttactgctgttttactacttttatccttgccagtattagcgggagcaattactatattattaacagatcgtaattttaatactaggttttttgatcctgctggcggaggggatcctattttataccaacatttgttt",115,0
"Epat_03_Bim_01","Epat_03_Bim","Epat","Elysia patina","Halimeda","lecithotrophic",3,"Bim","Bim",1,FALSE,1,"Bim","Bimini",25.7386111111,-79.2722222222,"aacttgatatattatttttggaatatggtgtggtttagttggtactggtcttagtttattaattcgtttcaagctaggtacttctggggcatttttaggtgatgatcacttctataatgtaattgtcacagcacatgcttttgtaataatttttttcatagtaataccattaataattggaggttttggtaattgaatggttcctattttaattggtgctccagatataagttttcctcgtataaataatataagattttggttattacctccctcttttatatttcttctgtgttcaagtctcgttgaaggaggtgcaggaactggatgaacagtgtacccacctctaaggggacctatcggtcatggaggtgcgtctgttgacttggcaattttttctttacatttagcagggatatcatccattctaggtgcggtaaactttattactactatttttaatatacggtcacctggtataagaatggaacgtttaagattatttgtttgatcagttttagttactgctgttttactacttttatccttgccagtattagcgggagcaatcactatattattaacagatcgtaattttaatactaggttttttgatcctgctggcggaggggatcctattttataccaacatttgttt",116,0
"Epat_04_Bim_01","Epat_04_Bim","Epat","Elysia patina","Halimeda","lecithotrophic",4,"Bim","Bim",1,FALSE,1,"Bim","Bimini",25.7386111111,-79.2722222222,"aactttatatattatttttggaatatggtgtggtttagttggtactggtcttagtttattaattcgtttcgagctaggtacttctggtgcatttttaggtgatgatcacttttataatgtaattgtcacagcacatgcttttgttataattttttttatagtaataccattaataattggaggttttggtaattgaatggttcctattttaattggtgctccagatataagttttcctcgtataaataatataagattttggttattacctccctcttttatatttcttctgtgttcaagtctcgttgagggaggtgcaggaactggatgaacagtgtacccacctctaaggggacctatcggtcatggaggtgcgtctgttgacttggcaattttttctttacatttagcagggatatcatctattctaggtgcggtaaactttattactactatttttaatatacggtcacctggtataagaatggaacgtttaagattatttgtttgatcagttttagttactgctgttttactacttttatccttgccagtattagcgggagcaattactatattattaacagatcgtaattttaatactaggttttttgatcctgctggcggaggggatcctattctataccaacatttgttt",117,0
"Epat_05_Bim_01","Epat_05_Bim","Epat","Elysia patina","Halimeda","lecithotrophic",5,"Bim","Bim",1,FALSE,1,"Bim","Bimini",25.7386111111,-79.2722222222,"aactttatacattatttttggaatatggtgtggtttagttggtactggtcttagtttattaattcgtttcgagctaggtacttctggcgcatttttaggtgatgatcacttttataatgtaattgtgacagcacatgcttttgttataatttttttcatagtaataccattaataattggaggttttggtaattgaatggttcctattttaattggtgctccagatataagttttcctcgtataaataatataagattttggttattacctccttcttttatatttcttctgtgttcaagtctcgttgagggaggtgcaggaactggatgaacagtgtacccacctctaaggggacctatcggtcatggaggtgcgtctgttgacttggcaattttttctttacatttagcagggatatcatccattctaggtgcggtaaactttattactactatttttaatatacggtcacctggtataagaatggaacgtttaagattatttgtttgatcagttttagttactgctgttttattacttttatccttgccagtattagcgggagcaattactatattattaacagatcgtaattttaatactaggttttttgatcctgctggcggaggggatcctattttataccaacatttgttt",118,0
"Epat_06_Bim_01","Epat_06_Bim","Epat","Elysia patina","Halimeda","lecithotrophic",6,"Bim","Bim",1,FALSE,1,"Bim","Bimini",25.7386111111,-79.2722222222,"aactttatatattatttttggaatatggtgtggtttagttggtactggtcttagtttattaattcgtttcgagctaggtacttctggcgcatttttaggtgatgatcacttttataatgtaattgtcacagcacatgcttttgttataatttttttcatagtaataccattaataattggaggttttggtaattgaatggttcctattttaattggtgctccagatataagttttcctcgtataaataatataagattttggttattacctccctcttttatatttcttctgtgttcaagtctcgttgagggaggtgcaggaactggatgaacagtgtacccacctctaaggggacctatcggtcatggaggtgcgtctgttgacttggcaattttttctttacatttagcagggatatcatctattctaggtgcggtaaactttattactactatttttaatatacggtcacctggtataagaatggaacgtttaagattatttgtttgatcagttttagttactgctgttttactacttttatccttgccagtattagcgggagcaattactatattattaacagatcgtaattttaatactaggttttttgatcctgctggcggaggggatcctattttataccaacatttgttt",119,0
"Epat_05_Swe7_01","Epat_05_Swe7","Epat","Elysia patina","Halimeda","lecithotrophic",5,"Swe7","Swe",1,FALSE,1,"Swe","Sweetings Cay",26.5619444444,-77.8541666667,"aactttatatattatttttggaatatggtgtggtttagttggtactggtcttagtttattaattcgtttcgagctaggtacttctggcgcatttttaggtgatgatcacttttataatgtaattgtgacagcacatgcttttgttataatttttttcatagtaataccattaataattggaggttttggtaattgaatggttcctattttaattggtgctccagatataagttttcctcgtataaataatataagattttggttattacctccttcttttatatttcttctgtgttcaagtctcgttgagggaggtgcaggaactggatgaacagtgtacccacctctaaggggacctatcggtcatggaggtgcgtctgttgacttggcaattttttctttacatttagcagggatatcatccattctaggtgcggtaaactttattactactatttttaatatacggtcacctggtataagaatggaacgtttaagattatttgtttgatcagttttagttactgctgttttactacttttatccttgccagtattagcgggagcaattactatattattaacagatcgtaattttaatactaggttttttgatcctgctggcggaggggatcctattttataccaacatttgttt",120,0
"Epat_02_Swe_01","Epat_02_Swe","Epat","Elysia patina","Halimeda","lecithotrophic",2,"Swe","Swe",1,FALSE,1,"Swe","Sweetings Cay",26.5619444444,-77.8541666667,"aactttatatattatttttggaatatggtgtggtttagttggcactggtcttagtttattaattcgtttcgagctaggtacttctggcgcatttttaggtgatgatcacttttataatgtaattgtgacagcacatgcttttgttataatttttttcatagtaataccattaataattggaggttttggtaattgaatggttcctattttaattggtgctccagatataagttttcctcgtataaataatataagattttggttattacctccttcttttatatttcttctgtgttcaagtctcgttgagggaggtgcaggaactggatgaacagtgtacccacctctaaggggacctatcggtcatggaggtgcgtctgttgacttggcaattttttctttacatttagcagggatatcatccattctaggtgcggtaaactttattactactatttttaatatacggtcaccaggtataagaatggaacgtttaagattatttgtttgatcagttttagttactgctgttttactacttttatccttgccagtattagcgggagcaattactatattattaacagatcgtaattttaatactaggttttttgatcctgctggcggaggggatcctattttataccaacatttgttt",121,0
"Epat_04_Swe_01","Epat_04_Swe","Epat","Elysia patina","Halimeda","lecithotrophic",4,"Swe","Swe",1,FALSE,1,"Swe","Sweetings Cay",26.5619444444,-77.8541666667,"aactttatatattatttttggaatgtggtgtggtttagttggtactggtcttagtttattaattcgtttcgagctaggtacttctggcgcatttttaggtgatgatcacttttataatgtaattgtgacagcacatgcttttgttataatttttttcatagtaataccattaataattggaggttttggtaattgaatggttcctattttaattggtgctccagatataagttttcctcgtataaataatataagattttggttattacctccttcttttatatttcttctgtgttcaagtctcgttgagggaggtgcaggaactggatgaacagtgtacccacctctaaggggacctatcggtcatggaggtgcgtctgttgacttggcaattttttctttacatttagcagggatatcatccattctaggtgcggtaaactttattactactatttttaatatacggtcacctggtataagaatggaacgtttaagattatttgtttgatcagttttagttactgctgttttactacttttatccttgccagtattagcgggagcaattactatattattaacagatcgtaattttaatactaggttttttgatcctgctggcggaggggatcctattttataccaacatttgttt",122,0
"Epat_03_Swe_01","Epat_03_Swe","Epat","Elysia patina","Halimeda","lecithotrophic",3,"Swe","Swe",1,FALSE,1,"Swe","Sweetings Cay",26.5619444444,-77.8541666667,"aactttatatattatttttggaatatggtgtggtttagttggtactggtcttagtttattaattcgtttcgagctaggtacttctggcgcatttttaggtgatgatcacttttataatgtaattgtgacagcacatgcttttgttataatttttttcatagtaataccattaataattggaggttttggtaattgaatggttcctattttaattggtgctccagatataagttttcctcgtataaataatataagattttggttattacctccttcttttatatttcttctgtgttcaagtctcgttgagggaggtgcaggaactggatgaacagtgtacccacctctaaggggacctatcggtcatggaggtgcgtctgttgacttggcaattttttctttacatttagcagggatatcatccattctaggtgcggtaaactttattactactatttttaatatacggtcacctggtataagaatggaacgtttaagattatttgtttgatcagttttagttactgctgttttactacttttatccttgccagtattagcgggagcaattactatattattaacagatcgtaattttaatactaggttttttgatcccgtgggcgaagggaaccctattttataccaacctttgttt",123,0
"Epat_05_Swe_01","Epat_05_Swe","Epat","Elysia patina","Halimeda","lecithotrophic",5,"Swe","Swe",1,FALSE,1,"Swe","Sweetings Cay",26.5619444444,-77.8541666667,"aactttatatattatttttggaatatggtgtggtttagttggtactggtcttagtttattaattcgtttcgagctaggtacttctggcgcatttttaggtgatgatcatttctataatgtaattgtgacagcacatgcttttgttataatttttttcatagtaataccattaataattggaggttttggtaattgaatggttcctattttaattggtgctccagatataagttttcctcgtataaataatataagattttggttattacctccttcttttatgtttcttctgtgttcaagtctcgttgagggaggtgcaggaactggatgaacagtgtacccacctctaaggggacctatcggtcatggaggtgcgtctgttgacttggcaattttttctttacatttagcagggatatcatccattctaggtgcggtaaactttattactactatttttaatatacggtcacctggtataagaatggaacgtttaagattatttgtttgatcagttttagttactgctgttttactacttttatccttgccagtattagcgggagcaattactatattattaacagatcgtaattttaatactaggttttttgatcctgctggcggaggggatcctattttataccaacatttgttt",124,0
"Epat_01_Mot_01","Epat_01_Mot","Epat","Elysia patina","Halimeda","lecithotrophic",1,"Mot","Mot",1,FALSE,1,"Mot","Mote Marine Lab",24.657667,-81.45525,"gactttatatattatttttggaatatggtgtggtttagtaggtactggacttagtttattaattcgttttgagttaggtacttctggtgcattcttaggtgatgatcacttttataatgtaattgttacagcacatgcctttgttataatttttttcatagtaataccattaataattggaggttttggtaattgaatggtccccattttaattggtgctccagatataagttttcctcgtataaataatataagattttgattattacctccctcttttatatttcttctgtgttcaagtctcgttgaaggaggtgcaggaactggatgaacagtgtacccacccctaaggggacctattggtcatggaggtgcgtctgttgacttggcaattttttctttacatttagcagggatatcatctattctaggtgcagtaaactttattactactatttttaatatacggtcacctggtataagaatggaacgtttaagattatttgtttgatcagttctagttactgctgttttactacttctgtccttaccggtattagcaggagcaatcacaatattattaacagatcgtaattttaatactaggttttttgatcctgctggtggaggggatcctattctataccaacatttgttc",125,0.741801381111145
"Epat_02_Mot_01","Epat_02_Mot","Epat","Elysia patina","Halimeda","lecithotrophic",2,"Mot","Mot",1,FALSE,1,"Mot","Mote Marine Lab",24.657667,-81.45525,"aactttatatattatttttggaatatggtgtggtttagtaggtactggacttagtttattaattcgttttgagttaggtacttctggtgcattcttaggtgatgatcacttttataatgtaattgttacagcacatgcctttgttataatttttttcatagtaataccattaataattggaggttttggtaattgaatggtccccattttaattggtgctccagatataagttttcctcgtataaataatataagattttgattattacctccctcttttatatttcttctgtgttcaagtctcgttgaaggaggtgcaggaactggatgaacagtgtacccacccctaaggggacctattggtcatggaggtgcgtctgttgacttggcaattttttctttacatttagcagggatatcatctattctaggtgcagtaaactttattactactatttttaatatacggtcacctggtataagaatggaacgtttaagattatttgtctgatcagttctagttactgctgttttactacttctgtccttaccggtattagcaggagcaatcacaatattattaacagatcgtaattttaatactaggttttttgatcctgctggtggaggggatcctattctataccaacatttgttc",126,0.741801381111145
"Epat_03_Mot_01","Epat_03_Mot","Epat","Elysia patina","Halimeda","lecithotrophic",3,"Mot","Mot",1,FALSE,1,"Mot","Mote Marine Lab",24.657667,-81.45525,"aactttatatattatttttggaatatggtgtggtttagtaggtactggacttagtttattaattcgttttgagttaggtacttctggtgcattcttaggtgatgatcacttttataatgtaattgttacagcacatgcctttgttataatttttttcatagtaataccattaataattggaggttttggtaattgaatggtccccattttaattggtgctccagatataagttttcctcgtataaataatataagattttgattattacctccctcttttatatttcttctgtgttcaagtctcgttgaaggaggtgcaggaactggatgaacagtgtacccacccctaaggggacctattggtcatggaggtgcgtctgttgacttggcaattttttctttacatttagcagggatatcatctattctaggtgcagtaaactttattactactatttttaatatacggtcacctggtataagaatggaacgtttaagattatttgtttgatcagttctagttactgctgttttactacttctgtccttaccggtattagcaggagcaatcacaatattattaacagatcgtaattttaatactaggttttttgatcctgctggtggaggggatcctattctataccaacatttgttc",127,0.741801381111145
"Epat_04_Mot_01","Epat_04_Mot","Epat","Elysia patina","Halimeda","lecithotrophic",4,"Mot","Mot",1,FALSE,1,"Mot","Mote Marine Lab",24.657667,-81.45525,"agctttatatattatttttggaatatggtgtggtttagtaggtactggacttagtttattaattcgttttgagttaggtacttctggtgcattcttaggtgatgatcacttttataatgtaattgttacagcacatgcctttgttataatttttttcatagtaataccattaataattggaggttttggtaattgaatggtccccattttaattggtgctccagatataagttttcctcgtataaataatataagattttgattattacctccctcttttatatttcttctgtgttcaagtctcgttgaaggaggtgcaggaactggatgaacagtgtacccacccctaaggggacctattggtcatggaggtgcgtctgttgacttggcaattttttctttacatttagcagggatatcatctattctaggtgcagtaaactttattactactatttttaatatacggtcacctggtataagaatggaacgtttaagattatttgtttgatcagttctagttactgctgttttactacttctgtccttaccggtattagcaggagcaatcacaatattattaacagatcgtaattttaatactaggttttttgatcctgctggtggaggggatcctattctataccaacatttgttc",128,0.741801381111145
"Ezul_01_Pan_Jam_Swe7_Stir4_LSS2_SSal4_Bim_Cur4_USVI4_01","Ezul_01_Pan_Jam_Swe7_Stir4_LSS2_SSal4_Bim_Cur4_USVI4","Ezul","Elysia zuleicae","Udotea","predominantly_planktotrophic",1,"Pan_Jam_Swe7_Stir4_LSS2_SSal4_Bim_Cur4_USVI4","Pan;Jam;Swe;Stir;LSS;SSal;Bim;Cur;USVI",9,TRUE,1,"Pan","Panama, Bocas del Toro",9.331833,-82.249083,"taccttgtatgtagtttttggaatgtgatgcgggttagtaggaactggccttagtcttttaattcgtttcgaactaggaacttctggtgcttttttaggtgacgaccacttctataatgtaattgtaacagcccatgctttcgttataattttctttatagttatacctttaataattggtggattcggaaattggatagtgcctattttaattggtgctcctgatataagttttccccgaatgaacaatataagattctgacttcttcctccttctttcatttttcttctatgttcaagtctcgtagaaggaggtgcaggaacaggatgaacagtctaccctcctctgaggggtcctattggtcacgggggtgcttccgttgacttggcaattttttcgctgcacttagcggggatatcctctattctgggtgcggtaaactttattacaactatttttaacatgcgctctcctggaatgacaatggaacgtttaagtttatttgtctgatcagttctagtgactgcattcttattattactatctcttccagttctagctggtgctattactatattattaacagatcgtaacttcaataccagattttttgaccctgctggtggaggtgatcctattctctaccaacatctattt",129,0
"Ezul_01_Pan_Jam_Swe7_Stir4_LSS2_SSal4_Bim_Cur4_USVI4_02","Ezul_01_Pan_Jam_Swe7_Stir4_LSS2_SSal4_Bim_Cur4_USVI4","Ezul","Elysia zuleicae","Udotea","predominantly_planktotrophic",1,"Pan_Jam_Swe7_Stir4_LSS2_SSal4_Bim_Cur4_USVI4","Pan;Jam;Swe;Stir;LSS;SSal;Bim;Cur;USVI",9,TRUE,2,"Jam","Jamaica, Discovery Bay",18.468611,-77.414722,"taccttgtatgtagtttttggaatgtgatgcgggttagtaggaactggccttagtcttttaattcgtttcgaactaggaacttctggtgcttttttaggtgacgaccacttctataatgtaattgtaacagcccatgctttcgttataattttctttatagttatacctttaataattggtggattcggaaattggatagtgcctattttaattggtgctcctgatataagttttccccgaatgaacaatataagattctgacttcttcctccttctttcatttttcttctatgttcaagtctcgtagaaggaggtgcaggaacaggatgaacagtctaccctcctctgaggggtcctattggtcacgggggtgcttccgttgacttggcaattttttcgctgcacttagcggggatatcctctattctgggtgcggtaaactttattacaactatttttaacatgcgctctcctggaatgacaatggaacgtttaagtttatttgtctgatcagttctagtgactgcattcttattattactatctcttccagttctagctggtgctattactatattattaacagatcgtaacttcaataccagattttttgaccctgctggtggaggtgatcctattctctaccaacatctattt",129,0
"Ezul_01_Pan_Jam_Swe7_Stir4_LSS2_SSal4_Bim_Cur4_USVI4_03","Ezul_01_Pan_Jam_Swe7_Stir4_LSS2_SSal4_Bim_Cur4_USVI4","Ezul","Elysia zuleicae","Udotea","predominantly_planktotrophic",1,"Pan_Jam_Swe7_Stir4_LSS2_SSal4_Bim_Cur4_USVI4","Pan;Jam;Swe;Stir;LSS;SSal;Bim;Cur;USVI",9,TRUE,3,"Swe","Sweetings Cay",26.5619444444,-77.8541666667,"taccttgtatgtagtttttggaatgtgatgcgggttagtaggaactggccttagtcttttaattcgtttcgaactaggaacttctggtgcttttttaggtgacgaccacttctataatgtaattgtaacagcccatgctttcgttataattttctttatagttatacctttaataattggtggattcggaaattggatagtgcctattttaattggtgctcctgatataagttttccccgaatgaacaatataagattctgacttcttcctccttctttcatttttcttctatgttcaagtctcgtagaaggaggtgcaggaacaggatgaacagtctaccctcctctgaggggtcctattggtcacgggggtgcttccgttgacttggcaattttttcgctgcacttagcggggatatcctctattctgggtgcggtaaactttattacaactatttttaacatgcgctctcctggaatgacaatggaacgtttaagtttatttgtctgatcagttctagtgactgcattcttattattactatctcttccagttctagctggtgctattactatattattaacagatcgtaacttcaataccagattttttgaccctgctggtggaggtgatcctattctctaccaacatctattt",129,0
"Ezul_01_Pan_Jam_Swe7_Stir4_LSS2_SSal4_Bim_Cur4_USVI4_04","Ezul_01_Pan_Jam_Swe7_Stir4_LSS2_SSal4_Bim_Cur4_USVI4","Ezul","Elysia zuleicae","Udotea","predominantly_planktotrophic",1,"Pan_Jam_Swe7_Stir4_LSS2_SSal4_Bim_Cur4_USVI4","Pan;Jam;Swe;Stir;LSS;SSal;Bim;Cur;USVI",9,TRUE,4,"Stir","Great Stirrup Cay",25.82,-77.898889,"taccttgtatgtagtttttggaatgtgatgcgggttagtaggaactggccttagtcttttaattcgtttcgaactaggaacttctggtgcttttttaggtgacgaccacttctataatgtaattgtaacagcccatgctttcgttataattttctttatagttatacctttaataattggtggattcggaaattggatagtgcctattttaattggtgctcctgatataagttttccccgaatgaacaatataagattctgacttcttcctccttctttcatttttcttctatgttcaagtctcgtagaaggaggtgcaggaacaggatgaacagtctaccctcctctgaggggtcctattggtcacgggggtgcttccgttgacttggcaattttttcgctgcacttagcggggatatcctctattctgggtgcggtaaactttattacaactatttttaacatgcgctctcctggaatgacaatggaacgtttaagtttatttgtctgatcagttctagtgactgcattcttattattactatctcttccagttctagctggtgctattactatattattaacagatcgtaacttcaataccagattttttgaccctgctggtggaggtgatcctattctctaccaacatctattt",129,0
"Ezul_01_Pan_Jam_Swe7_Stir4_LSS2_SSal4_Bim_Cur4_USVI4_05","Ezul_01_Pan_Jam_Swe7_Stir4_LSS2_SSal4_Bim_Cur4_USVI4","Ezul","Elysia zuleicae","Udotea","predominantly_planktotrophic",1,"Pan_Jam_Swe7_Stir4_LSS2_SSal4_Bim_Cur4_USVI4","Pan;Jam;Swe;Stir;LSS;SSal;Bim;Cur;USVI",9,TRUE,5,"LSS","Little San Salvador",24.575,-75.9416666667,"taccttgtatgtagtttttggaatgtgatgcgggttagtaggaactggccttagtcttttaattcgtttcgaactaggaacttctggtgcttttttaggtgacgaccacttctataatgtaattgtaacagcccatgctttcgttataattttctttatagttatacctttaataattggtggattcggaaattggatagtgcctattttaattggtgctcctgatataagttttccccgaatgaacaatataagattctgacttcttcctccttctttcatttttcttctatgttcaagtctcgtagaaggaggtgcaggaacaggatgaacagtctaccctcctctgaggggtcctattggtcacgggggtgcttccgttgacttggcaattttttcgctgcacttagcggggatatcctctattctgggtgcggtaaactttattacaactatttttaacatgcgctctcctggaatgacaatggaacgtttaagtttatttgtctgatcagttctagtgactgcattcttattattactatctcttccagttctagctggtgctattactatattattaacagatcgtaacttcaataccagattttttgaccctgctggtggaggtgatcctattctctaccaacatctattt",129,0
"Ezul_01_Pan_Jam_Swe7_Stir4_LSS2_SSal4_Bim_Cur4_USVI4_06","Ezul_01_Pan_Jam_Swe7_Stir4_LSS2_SSal4_Bim_Cur4_USVI4","Ezul","Elysia zuleicae","Udotea","predominantly_planktotrophic",1,"Pan_Jam_Swe7_Stir4_LSS2_SSal4_Bim_Cur4_USVI4","Pan;Jam;Swe;Stir;LSS;SSal;Bim;Cur;USVI",9,TRUE,6,"SSal","San Salvador",24.141806,-74.471139,"taccttgtatgtagtttttggaatgtgatgcgggttagtaggaactggccttagtcttttaattcgtttcgaactaggaacttctggtgcttttttaggtgacgaccacttctataatgtaattgtaacagcccatgctttcgttataattttctttatagttatacctttaataattggtggattcggaaattggatagtgcctattttaattggtgctcctgatataagttttccccgaatgaacaatataagattctgacttcttcctccttctttcatttttcttctatgttcaagtctcgtagaaggaggtgcaggaacaggatgaacagtctaccctcctctgaggggtcctattggtcacgggggtgcttccgttgacttggcaattttttcgctgcacttagcggggatatcctctattctgggtgcggtaaactttattacaactatttttaacatgcgctctcctggaatgacaatggaacgtttaagtttatttgtctgatcagttctagtgactgcattcttattattactatctcttccagttctagctggtgctattactatattattaacagatcgtaacttcaataccagattttttgaccctgctggtggaggtgatcctattctctaccaacatctattt",129,0
"Ezul_01_Pan_Jam_Swe7_Stir4_LSS2_SSal4_Bim_Cur4_USVI4_07","Ezul_01_Pan_Jam_Swe7_Stir4_LSS2_SSal4_Bim_Cur4_USVI4","Ezul","Elysia zuleicae","Udotea","predominantly_planktotrophic",1,"Pan_Jam_Swe7_Stir4_LSS2_SSal4_Bim_Cur4_USVI4","Pan;Jam;Swe;Stir;LSS;SSal;Bim;Cur;USVI",9,TRUE,7,"Bim","Bimini",25.7386111111,-79.2722222222,"taccttgtatgtagtttttggaatgtgatgcgggttagtaggaactggccttagtcttttaattcgtttcgaactaggaacttctggtgcttttttaggtgacgaccacttctataatgtaattgtaacagcccatgctttcgttataattttctttatagttatacctttaataattggtggattcggaaattggatagtgcctattttaattggtgctcctgatataagttttccccgaatgaacaatataagattctgacttcttcctccttctttcatttttcttctatgttcaagtctcgtagaaggaggtgcaggaacaggatgaacagtctaccctcctctgaggggtcctattggtcacgggggtgcttccgttgacttggcaattttttcgctgcacttagcggggatatcctctattctgggtgcggtaaactttattacaactatttttaacatgcgctctcctggaatgacaatggaacgtttaagtttatttgtctgatcagttctagtgactgcattcttattattactatctcttccagttctagctggtgctattactatattattaacagatcgtaacttcaataccagattttttgaccctgctggtggaggtgatcctattctctaccaacatctattt",129,0
"Ezul_01_Pan_Jam_Swe7_Stir4_LSS2_SSal4_Bim_Cur4_USVI4_08","Ezul_01_Pan_Jam_Swe7_Stir4_LSS2_SSal4_Bim_Cur4_USVI4","Ezul","Elysia zuleicae","Udotea","predominantly_planktotrophic",1,"Pan_Jam_Swe7_Stir4_LSS2_SSal4_Bim_Cur4_USVI4","Pan;Jam;Swe;Stir;LSS;SSal;Bim;Cur;USVI",9,TRUE,8,"USVI","U.S. Virgin Islands, St. Thomas",18.35,-64.8666666667,"taccttgtatgtagtttttggaatgtgatgcgggttagtaggaactggccttagtcttttaattcgtttcgaactaggaacttctggtgcttttttaggtgacgaccacttctataatgtaattgtaacagcccatgctttcgttataattttctttatagttatacctttaataattggtggattcggaaattggatagtgcctattttaattggtgctcctgatataagttttccccgaatgaacaatataagattctgacttcttcctccttctttcatttttcttctatgttcaagtctcgtagaaggaggtgcaggaacaggatgaacagtctaccctcctctgaggggtcctattggtcacgggggtgcttccgttgacttggcaattttttcgctgcacttagcggggatatcctctattctgggtgcggtaaactttattacaactatttttaacatgcgctctcctggaatgacaatggaacgtttaagtttatttgtctgatcagttctagtgactgcattcttattattactatctcttccagttctagctggtgctattactatattattaacagatcgtaacttcaataccagattttttgaccctgctggtggaggtgatcctattctctaccaacatctattt",129,9.71552562713623
"Ezul_01_Pan_Jam_Swe7_Stir4_LSS2_SSal4_Bim_Cur4_USVI4_09","Ezul_01_Pan_Jam_Swe7_Stir4_LSS2_SSal4_Bim_Cur4_USVI4","Ezul","Elysia zuleicae","Udotea","predominantly_planktotrophic",1,"Pan_Jam_Swe7_Stir4_LSS2_SSal4_Bim_Cur4_USVI4","Pan;Jam;Swe;Stir;LSS;SSal;Bim;Cur;USVI",9,TRUE,9,"Cur_SH","Curaçao, Spanish Harbor",12.0852777778,-68.8486111111,"taccttgtatgtagtttttggaatgtgatgcgggttagtaggaactggccttagtcttttaattcgtttcgaactaggaacttctggtgcttttttaggtgacgaccacttctataatgtaattgtaacagcccatgctttcgttataattttctttatagttatacctttaataattggtggattcggaaattggatagtgcctattttaattggtgctcctgatataagttttccccgaatgaacaatataagattctgacttcttcctccttctttcatttttcttctatgttcaagtctcgtagaaggaggtgcaggaacaggatgaacagtctaccctcctctgaggggtcctattggtcacgggggtgcttccgttgacttggcaattttttcgctgcacttagcggggatatcctctattctgggtgcggtaaactttattacaactatttttaacatgcgctctcctggaatgacaatggaacgtttaagtttatttgtctgatcagttctagtgactgcattcttattattactatctcttccagttctagctggtgctattactatattattaacagatcgtaacttcaataccagattttttgaccctgctggtggaggtgatcctattctctaccaacatctattt",129,0
"Ezul_01_Pan_Jam_Swe7_Stir4_LSS2_SSal4_Bim_Cur4_USVI4_10","Ezul_01_Pan_Jam_Swe7_Stir4_LSS2_SSal4_Bim_Cur4_USVI4","Ezul","Elysia zuleicae","Udotea","predominantly_planktotrophic",1,"Pan_Jam_Swe7_Stir4_LSS2_SSal4_Bim_Cur4_USVI4","Pan;Jam;Swe;Stir;LSS;SSal;Bim;Cur;USVI",9,TRUE,10,"Cur_PB","Curaçao, Piscadero Bay",12.1352777778,-68.965,"taccttgtatgtagtttttggaatgtgatgcgggttagtaggaactggccttagtcttttaattcgtttcgaactaggaacttctggtgcttttttaggtgacgaccacttctataatgtaattgtaacagcccatgctttcgttataattttctttatagttatacctttaataattggtggattcggaaattggatagtgcctattttaattggtgctcctgatataagttttccccgaatgaacaatataagattctgacttcttcctccttctttcatttttcttctatgttcaagtctcgtagaaggaggtgcaggaacaggatgaacagtctaccctcctctgaggggtcctattggtcacgggggtgcttccgttgacttggcaattttttcgctgcacttagcggggatatcctctattctgggtgcggtaaactttattacaactatttttaacatgcgctctcctggaatgacaatggaacgtttaagtttatttgtctgatcagttctagtgactgcattcttattattactatctcttccagttctagctggtgctattactatattattaacagatcgtaacttcaataccagattttttgaccctgctggtggaggtgatcctattctctaccaacatctattt",129,0
"Ezul_02_Pan_Ber3_Stir3_LSS2_Pla_NEx_USVI_01","Ezul_02_Pan_Ber3_Stir3_LSS2_Pla_NEx_USVI","Ezul","Elysia zuleicae","Udotea","predominantly_planktotrophic",2,"Pan_Ber3_Stir3_LSS2_Pla_NEx_USVI","Pan;Ber;Stir;LSS;Pla;NEx;USVI",7,TRUE,1,"Pan","Panama, Bocas del Toro",9.331833,-82.249083,"taccttgtatgtagtttttggaatgtgatgcgggttagtaggaactggccttagtcttttaattcgtttcgaactaggaacttctggtgcttttttaggtgacgaccacttctataatgtaattgtaacagcccatgctttcgttataattttctttatagttatacctttaataattggtggattcggaaattggatagtgcctattttaattggtgctcctgatataagttttccccgaatgaataatataagattctgacttcttcctccttctttcatttttcttctatgttcaagtctcgtagaaggaggtgcaggaacaggatgaacagtctaccctcctctgaggggtcctattggtcacgggggtgcttccgttgacttggcaattttttcgctgcacttagcggggatatcctctattctgggtgcggtaaactttattacaactatttttaacatgcgctctcctggaatgacaatggaacgtttaagtttatttgtctgatcagttctagtgactgcattcttattattactatctcttccagttctagctggtgctattactatattattaacagatcgtaacttcaataccagattttttgaccctgctggtggaggtgatcctattctctaccaacatctattt",130,0
"Ezul_02_Pan_Ber3_Stir3_LSS2_Pla_NEx_USVI_02","Ezul_02_Pan_Ber3_Stir3_LSS2_Pla_NEx_USVI","Ezul","Elysia zuleicae","Udotea","predominantly_planktotrophic",2,"Pan_Ber3_Stir3_LSS2_Pla_NEx_USVI","Pan;Ber;Stir;LSS;Pla;NEx;USVI",7,TRUE,2,"Ber","Bermuda, Whale Bone Bay",32.3647222222,-64.7127777778,"taccttgtatgtagtttttggaatgtgatgcgggttagtaggaactggccttagtcttttaattcgtttcgaactaggaacttctggtgcttttttaggtgacgaccacttctataatgtaattgtaacagcccatgctttcgttataattttctttatagttatacctttaataattggtggattcggaaattggatagtgcctattttaattggtgctcctgatataagttttccccgaatgaataatataagattctgacttcttcctccttctttcatttttcttctatgttcaagtctcgtagaaggaggtgcaggaacaggatgaacagtctaccctcctctgaggggtcctattggtcacgggggtgcttccgttgacttggcaattttttcgctgcacttagcggggatatcctctattctgggtgcggtaaactttattacaactatttttaacatgcgctctcctggaatgacaatggaacgtttaagtttatttgtctgatcagttctagtgactgcattcttattattactatctcttccagttctagctggtgctattactatattattaacagatcgtaacttcaataccagattttttgaccctgctggtggaggtgatcctattctctaccaacatctattt",130,1.76564681529999
"Ezul_02_Pan_Ber3_Stir3_LSS2_Pla_NEx_USVI_03","Ezul_02_Pan_Ber3_Stir3_LSS2_Pla_NEx_USVI","Ezul","Elysia zuleicae","Udotea","predominantly_planktotrophic",2,"Pan_Ber3_Stir3_LSS2_Pla_NEx_USVI","Pan;Ber;Stir;LSS;Pla;NEx;USVI",7,TRUE,3,"Stir","Great Stirrup Cay",25.82,-77.898889,"taccttgtatgtagtttttggaatgtgatgcgggttagtaggaactggccttagtcttttaattcgtttcgaactaggaacttctggtgcttttttaggtgacgaccacttctataatgtaattgtaacagcccatgctttcgttataattttctttatagttatacctttaataattggtggattcggaaattggatagtgcctattttaattggtgctcctgatataagttttccccgaatgaataatataagattctgacttcttcctccttctttcatttttcttctatgttcaagtctcgtagaaggaggtgcaggaacaggatgaacagtctaccctcctctgaggggtcctattggtcacgggggtgcttccgttgacttggcaattttttcgctgcacttagcggggatatcctctattctgggtgcggtaaactttattacaactatttttaacatgcgctctcctggaatgacaatggaacgtttaagtttatttgtctgatcagttctagtgactgcattcttattattactatctcttccagttctagctggtgctattactatattattaacagatcgtaacttcaataccagattttttgaccctgctggtggaggtgatcctattctctaccaacatctattt",130,0
"Ezul_02_Pan_Ber3_Stir3_LSS2_Pla_NEx_USVI_04","Ezul_02_Pan_Ber3_Stir3_LSS2_Pla_NEx_USVI","Ezul","Elysia zuleicae","Udotea","predominantly_planktotrophic",2,"Pan_Ber3_Stir3_LSS2_Pla_NEx_USVI","Pan;Ber;Stir;LSS;Pla;NEx;USVI",7,TRUE,4,"LSS","Little San Salvador",24.575,-75.9416666667,"taccttgtatgtagtttttggaatgtgatgcgggttagtaggaactggccttagtcttttaattcgtttcgaactaggaacttctggtgcttttttaggtgacgaccacttctataatgtaattgtaacagcccatgctttcgttataattttctttatagttatacctttaataattggtggattcggaaattggatagtgcctattttaattggtgctcctgatataagttttccccgaatgaataatataagattctgacttcttcctccttctttcatttttcttctatgttcaagtctcgtagaaggaggtgcaggaacaggatgaacagtctaccctcctctgaggggtcctattggtcacgggggtgcttccgttgacttggcaattttttcgctgcacttagcggggatatcctctattctgggtgcggtaaactttattacaactatttttaacatgcgctctcctggaatgacaatggaacgtttaagtttatttgtctgatcagttctagtgactgcattcttattattactatctcttccagttctagctggtgctattactatattattaacagatcgtaacttcaataccagattttttgaccctgctggtggaggtgatcctattctctaccaacatctattt",130,0
"Ezul_02_Pan_Ber3_Stir3_LSS2_Pla_NEx_USVI_05","Ezul_02_Pan_Ber3_Stir3_LSS2_Pla_NEx_USVI","Ezul","Elysia zuleicae","Udotea","predominantly_planktotrophic",2,"Pan_Ber3_Stir3_LSS2_Pla_NEx_USVI","Pan;Ber;Stir;LSS;Pla;NEx;USVI",7,TRUE,5,"Pla","Plana Cays",22.6111111111,-73.5644444444,"taccttgtatgtagtttttggaatgtgatgcgggttagtaggaactggccttagtcttttaattcgtttcgaactaggaacttctggtgcttttttaggtgacgaccacttctataatgtaattgtaacagcccatgctttcgttataattttctttatagttatacctttaataattggtggattcggaaattggatagtgcctattttaattggtgctcctgatataagttttccccgaatgaataatataagattctgacttcttcctccttctttcatttttcttctatgttcaagtctcgtagaaggaggtgcaggaacaggatgaacagtctaccctcctctgaggggtcctattggtcacgggggtgcttccgttgacttggcaattttttcgctgcacttagcggggatatcctctattctgggtgcggtaaactttattacaactatttttaacatgcgctctcctggaatgacaatggaacgtttaagtttatttgtctgatcagttctagtgactgcattcttattattactatctcttccagttctagctggtgctattactatattattaacagatcgtaacttcaataccagattttttgaccctgctggtggaggtgatcctattctctaccaacatctattt",130,0
"Ezul_02_Pan_Ber3_Stir3_LSS2_Pla_NEx_USVI_06","Ezul_02_Pan_Ber3_Stir3_LSS2_Pla_NEx_USVI","Ezul","Elysia zuleicae","Udotea","predominantly_planktotrophic",2,"Pan_Ber3_Stir3_LSS2_Pla_NEx_USVI","Pan;Ber;Stir;LSS;Pla;NEx;USVI",7,TRUE,6,"NEx","Northern Exumas",24.7666666667,-76.8169444444,"taccttgtatgtagtttttggaatgtgatgcgggttagtaggaactggccttagtcttttaattcgtttcgaactaggaacttctggtgcttttttaggtgacgaccacttctataatgtaattgtaacagcccatgctttcgttataattttctttatagttatacctttaataattggtggattcggaaattggatagtgcctattttaattggtgctcctgatataagttttccccgaatgaataatataagattctgacttcttcctccttctttcatttttcttctatgttcaagtctcgtagaaggaggtgcaggaacaggatgaacagtctaccctcctctgaggggtcctattggtcacgggggtgcttccgttgacttggcaattttttcgctgcacttagcggggatatcctctattctgggtgcggtaaactttattacaactatttttaacatgcgctctcctggaatgacaatggaacgtttaagtttatttgtctgatcagttctagtgactgcattcttattattactatctcttccagttctagctggtgctattactatattattaacagatcgtaacttcaataccagattttttgaccctgctggtggaggtgatcctattctctaccaacatctattt",130,11.1700000762939
"Ezul_02_Pan_Ber3_Stir3_LSS2_Pla_NEx_USVI_07","Ezul_02_Pan_Ber3_Stir3_LSS2_Pla_NEx_USVI","Ezul","Elysia zuleicae","Udotea","predominantly_planktotrophic",2,"Pan_Ber3_Stir3_LSS2_Pla_NEx_USVI","Pan;Ber;Stir;LSS;Pla;NEx;USVI",7,TRUE,7,"USVI","U.S. Virgin Islands, St. Thomas",18.35,-64.8666666667,"taccttgtatgtagtttttggaatgtgatgcgggttagtaggaactggccttagtcttttaattcgtttcgaactaggaacttctggtgcttttttaggtgacgaccacttctataatgtaattgtaacagcccatgctttcgttataattttctttatagttatacctttaataattggtggattcggaaattggatagtgcctattttaattggtgctcctgatataagttttccccgaatgaataatataagattctgacttcttcctccttctttcatttttcttctatgttcaagtctcgtagaaggaggtgcaggaacaggatgaacagtctaccctcctctgaggggtcctattggtcacgggggtgcttccgttgacttggcaattttttcgctgcacttagcggggatatcctctattctgggtgcggtaaactttattacaactatttttaacatgcgctctcctggaatgacaatggaacgtttaagtttatttgtctgatcagttctagtgactgcattcttattattactatctcttccagttctagctggtgctattactatattattaacagatcgtaacttcaataccagattttttgaccctgctggtggaggtgatcctattctctaccaacatctattt",130,9.71552562713623
"Ezul_03_Pan2_Jam_Stir_NEx_Bim_USVI_01","Ezul_03_Pan2_Jam_Stir_NEx_Bim_USVI","Ezul","Elysia zuleicae","Udotea","predominantly_planktotrophic",3,"Pan2_Jam_Stir_NEx_Bim_USVI","Pan;Jam;Stir;NEx;Bim;USVI",6,TRUE,1,"Pan","Panama, Bocas del Toro",9.331833,-82.249083,"taccttgtatgtagtttttggaatgtgatgcgggttagtaggaactggccttagtcttttaattcgtttcgaactaggaacttctggtgcttttttaggtgacgaccacttctataatgtaattgtaacagcccatgctttcgttataattttctttatagttatacctttaataattggtggattcggaaattggatagtgcctattttaattggtgctcctgatataagttttccccgaatgaacaatataagattctgacttcttcctccttctttcatttttcttctatgttcaagtctcgtagaaggaggtgcaggaacaggatgaacagtctaccctcctctgaggggtcctattggtcacgggggtgcttccgttgacttggcaattttttcgctacacttagcggggatatcctctattctgggtgcggtaaactttattacaactatttttaacatgcgctctcctggaatgacaatggaacgtttaagtttatttgtctgatcagttctagtgactgcattcttattattactatctcttccagttctagctggtgctattactatattattaacagatcgtaacttcaataccagattttttgaccctgctggtggaggtgatcctattctctaccaacatctattt",131,0
"Ezul_03_Pan2_Jam_Stir_NEx_Bim_USVI_02","Ezul_03_Pan2_Jam_Stir_NEx_Bim_USVI","Ezul","Elysia zuleicae","Udotea","predominantly_planktotrophic",3,"Pan2_Jam_Stir_NEx_Bim_USVI","Pan;Jam;Stir;NEx;Bim;USVI",6,TRUE,2,"Jam","Jamaica, Discovery Bay",18.468611,-77.414722,"taccttgtatgtagtttttggaatgtgatgcgggttagtaggaactggccttagtcttttaattcgtttcgaactaggaacttctggtgcttttttaggtgacgaccacttctataatgtaattgtaacagcccatgctttcgttataattttctttatagttatacctttaataattggtggattcggaaattggatagtgcctattttaattggtgctcctgatataagttttccccgaatgaacaatataagattctgacttcttcctccttctttcatttttcttctatgttcaagtctcgtagaaggaggtgcaggaacaggatgaacagtctaccctcctctgaggggtcctattggtcacgggggtgcttccgttgacttggcaattttttcgctacacttagcggggatatcctctattctgggtgcggtaaactttattacaactatttttaacatgcgctctcctggaatgacaatggaacgtttaagtttatttgtctgatcagttctagtgactgcattcttattattactatctcttccagttctagctggtgctattactatattattaacagatcgtaacttcaataccagattttttgaccctgctggtggaggtgatcctattctctaccaacatctattt",131,0
"Ezul_03_Pan2_Jam_Stir_NEx_Bim_USVI_03","Ezul_03_Pan2_Jam_Stir_NEx_Bim_USVI","Ezul","Elysia zuleicae","Udotea","predominantly_planktotrophic",3,"Pan2_Jam_Stir_NEx_Bim_USVI","Pan;Jam;Stir;NEx;Bim;USVI",6,TRUE,3,"Stir","Great Stirrup Cay",25.82,-77.898889,"taccttgtatgtagtttttggaatgtgatgcgggttagtaggaactggccttagtcttttaattcgtttcgaactaggaacttctggtgcttttttaggtgacgaccacttctataatgtaattgtaacagcccatgctttcgttataattttctttatagttatacctttaataattggtggattcggaaattggatagtgcctattttaattggtgctcctgatataagttttccccgaatgaacaatataagattctgacttcttcctccttctttcatttttcttctatgttcaagtctcgtagaaggaggtgcaggaacaggatgaacagtctaccctcctctgaggggtcctattggtcacgggggtgcttccgttgacttggcaattttttcgctacacttagcggggatatcctctattctgggtgcggtaaactttattacaactatttttaacatgcgctctcctggaatgacaatggaacgtttaagtttatttgtctgatcagttctagtgactgcattcttattattactatctcttccagttctagctggtgctattactatattattaacagatcgtaacttcaataccagattttttgaccctgctggtggaggtgatcctattctctaccaacatctattt",131,0
"Ezul_03_Pan2_Jam_Stir_NEx_Bim_USVI_04","Ezul_03_Pan2_Jam_Stir_NEx_Bim_USVI","Ezul","Elysia zuleicae","Udotea","predominantly_planktotrophic",3,"Pan2_Jam_Stir_NEx_Bim_USVI","Pan;Jam;Stir;NEx;Bim;USVI",6,TRUE,4,"NEx","Northern Exumas",24.7666666667,-76.8169444444,"taccttgtatgtagtttttggaatgtgatgcgggttagtaggaactggccttagtcttttaattcgtttcgaactaggaacttctggtgcttttttaggtgacgaccacttctataatgtaattgtaacagcccatgctttcgttataattttctttatagttatacctttaataattggtggattcggaaattggatagtgcctattttaattggtgctcctgatataagttttccccgaatgaacaatataagattctgacttcttcctccttctttcatttttcttctatgttcaagtctcgtagaaggaggtgcaggaacaggatgaacagtctaccctcctctgaggggtcctattggtcacgggggtgcttccgttgacttggcaattttttcgctacacttagcggggatatcctctattctgggtgcggtaaactttattacaactatttttaacatgcgctctcctggaatgacaatggaacgtttaagtttatttgtctgatcagttctagtgactgcattcttattattactatctcttccagttctagctggtgctattactatattattaacagatcgtaacttcaataccagattttttgaccctgctggtggaggtgatcctattctctaccaacatctattt",131,11.1700000762939
"Ezul_03_Pan2_Jam_Stir_NEx_Bim_USVI_05","Ezul_03_Pan2_Jam_Stir_NEx_Bim_USVI","Ezul","Elysia zuleicae","Udotea","predominantly_planktotrophic",3,"Pan2_Jam_Stir_NEx_Bim_USVI","Pan;Jam;Stir;NEx;Bim;USVI",6,TRUE,5,"Bim","Bimini",25.7386111111,-79.2722222222,"taccttgtatgtagtttttggaatgtgatgcgggttagtaggaactggccttagtcttttaattcgtttcgaactaggaacttctggtgcttttttaggtgacgaccacttctataatgtaattgtaacagcccatgctttcgttataattttctttatagttatacctttaataattggtggattcggaaattggatagtgcctattttaattggtgctcctgatataagttttccccgaatgaacaatataagattctgacttcttcctccttctttcatttttcttctatgttcaagtctcgtagaaggaggtgcaggaacaggatgaacagtctaccctcctctgaggggtcctattggtcacgggggtgcttccgttgacttggcaattttttcgctacacttagcggggatatcctctattctgggtgcggtaaactttattacaactatttttaacatgcgctctcctggaatgacaatggaacgtttaagtttatttgtctgatcagttctagtgactgcattcttattattactatctcttccagttctagctggtgctattactatattattaacagatcgtaacttcaataccagattttttgaccctgctggtggaggtgatcctattctctaccaacatctattt",131,0
"Ezul_03_Pan2_Jam_Stir_NEx_Bim_USVI_06","Ezul_03_Pan2_Jam_Stir_NEx_Bim_USVI","Ezul","Elysia zuleicae","Udotea","predominantly_planktotrophic",3,"Pan2_Jam_Stir_NEx_Bim_USVI","Pan;Jam;Stir;NEx;Bim;USVI",6,TRUE,6,"USVI","U.S. Virgin Islands, St. Thomas",18.35,-64.8666666667,"taccttgtatgtagtttttggaatgtgatgcgggttagtaggaactggccttagtcttttaattcgtttcgaactaggaacttctggtgcttttttaggtgacgaccacttctataatgtaattgtaacagcccatgctttcgttataattttctttatagttatacctttaataattggtggattcggaaattggatagtgcctattttaattggtgctcctgatataagttttccccgaatgaacaatataagattctgacttcttcctccttctttcatttttcttctatgttcaagtctcgtagaaggaggtgcaggaacaggatgaacagtctaccctcctctgaggggtcctattggtcacgggggtgcttccgttgacttggcaattttttcgctacacttagcggggatatcctctattctgggtgcggtaaactttattacaactatttttaacatgcgctctcctggaatgacaatggaacgtttaagtttatttgtctgatcagttctagtgactgcattcttattattactatctcttccagttctagctggtgctattactatattattaacagatcgtaacttcaataccagattttttgaccctgctggtggaggtgatcctattctctaccaacatctattt",131,9.71552562713623
"Ezul_04_Pan_01","Ezul_04_Pan","Ezul","Elysia zuleicae","Udotea","predominantly_planktotrophic",4,"Pan","Pan",1,FALSE,1,"Pan","Panama, Bocas del Toro",9.331833,-82.249083,"-------------------------------gggttagtaggaactggccttagtcttttaattcgtttcgaactaggaacttctggtgcttttttaggtgacgaccacttctataatgtaattgtgacagcccatgctttcgttataattttctttatagttatacctttaataattggtggattcggaaattggatagtgcctattttaattggtgctcctgatataagttttccccgaatgaataatataagattctgacttcttcctccttctttcatttttcttctatgttcaagtctcgtagaaggaggtgcaggaacaggatgaacagtctaccctcctctgaggggtcccattggtcacgggggtgcttccgttgacttggcaattttttcgctgcacttagcggggatatcctctattctgggtgcggtaaactttattacaactatttttaacatgcgctctcctggaatgacaatggaacgtttaagtttatttgtctgatcagttctagtgactgcattcttactattactatctcttccagttctagctggtgctattactatattattaacagatcgtaacttcaataccagatttt-----------------------------------------------",132,0
"Ezul_05_Pan_01","Ezul_05_Pan","Ezul","Elysia zuleicae","Udotea","predominantly_planktotrophic",5,"Pan","Pan",1,FALSE,1,"Pan","Panama, Bocas del Toro",9.331833,-82.249083,"taccttgtatgtagtttttggaatgtgatgcgggttagtaggaactggccttagtctcttaattcgtttcgaactaggaacttctggtgcttttttaggtgacgaccacttctataatgtaattgtaacagcccatgctttcgttataattttctttatagttatacctttaataattggtggattcggaaattggatagtgcctattttaattggtgctcctgatataagttttccccgaatgaataatataagattctgacttcttcctccttctttcatttttcttctatgttcaagtctcgtagaaggaggtgcaggaacaggatgaacagtctaccctcctctgaggggtcctattggtcacgggggtgcttccgttgacttggcaattttttcgctgcacttagcggggatatcctctattctgggtgcggtaaactttattacaactatttttaacatgcgctctcctggaatgacaatggaacgtttaagtttatttgtctgatcagttctagtgactgcattcttattattactatctcttccagttttagctggtgctattactatattattaacagatcgtaacttcaataccagattttttgaccctgctggtg--------------------------------",133,0
"Ezul_06_Pan_01","Ezul_06_Pan","Ezul","Elysia zuleicae","Udotea","predominantly_planktotrophic",6,"Pan","Pan",1,FALSE,1,"Pan","Panama, Bocas del Toro",9.331833,-82.249083,"-------------------------------gggttagtaggaactggccttagtcttttaattcgttttgaactaggaacttctggtgcttttttaggtgacgaccacttctataatgtaattgtaacagcccatgctttcgttataattttctttatagttatacctttaataattggtggattcggaaattggatagtgcctattttaattggtgctcctgatataagttttccccgaatgaataatataagattctgacttcttcctccttctttcatttttcttctatgttcaagtctcgtagaaggaggtgcaggaacaggatgaacagtctaccctcctctgaggggtcctattggtcacgggggtgcttccgttgacttggcaattttttcgctgcacttagcggggatatcctctattctgggtgcggtaaactttattacaactatttttaacatgcgctctcctggaatgacaatggaacgtttaagtttatttgtctgatcagttctagtgactgcattcttattattactatctcttccagttctagctggtgctattactatattattaacagatcgtaacttcaataccagattttttgaccctgctggtg--------------------------------",134,0
"Ezul_07_Pan_01","Ezul_07_Pan","Ezul","Elysia zuleicae","Udotea","predominantly_planktotrophic",7,"Pan","Pan",1,FALSE,1,"Pan","Panama, Bocas del Toro",9.331833,-82.249083,"-------------------------------gggttagtaggaactggccttagtcttttaattcgtttcgaactaggaacttctggtgcttttttaggtgacgaccacttctataatgtaattgtaacagcccatgctttcgttataattttctttatagttatacctttaataattggtggattcggaaattggatagtgcctattttaattggtgctcctgatataagttttccccgaatgaacaatataagattctgacttcttcctccttctttcatttttcttctatgttcaagtctcgtagaaggaggtgcaggaacaggatgaacagtctaccctcctctgaggggtcctattggtcacgggggtgcttccgttgacttggcaattttttcgctacacttagcggggatatcctctattctgggtgcggtaaactttattacaactatttttaacatgcgctctcctggaatgacaatggaacgtttaagtttatttgtctgatcagttctagtgactgcattcttattgttactatctcttccagttctagctggtgctattactatattattaacagatcgtaacttcaataccagattttt----------------------------------------------",135,0
"Ezul_08_Pan_01","Ezul_08_Pan","Ezul","Elysia zuleicae","Udotea","predominantly_planktotrophic",8,"Pan","Pan",1,FALSE,1,"Pan","Panama, Bocas del Toro",9.331833,-82.249083,"----------------------------------ttagtaggaactggccttagtcttttaattcgtttcgagctaggaacttctggtgcttttttaggtgacgaccacttctataatgtaattgtaacagcccatgctttcgttataattttctttatagttatacctttaataattggtggattcggaaattggatagtgcctattttaattggtgctcctgatataagttttccccgaatgaataatataagattctgacttcttcctccttctttcatttttcttctatgttcaagtctcgtagaaggaggtgcaggaacaggatgaacagtctaccctcctctgaggggtcctattggtcacgggggtgcttccgttgacttggcaattttttcgctgcacttagcggggatatcctctattctgggtgcggtaaactttattacaactatttttaacatgcgctctcctggaatgacaatggaacgtttaagtttatttgtctgatcagttctagtgactgcattcttattattactatctcttccagttctagctggtgctattactatattattaacagatcgtaacttcaataccagattttt----------------------------------------------",136,0
"Ezul_09_Pan_01","Ezul_09_Pan","Ezul","Elysia zuleicae","Udotea","predominantly_planktotrophic",9,"Pan","Pan",1,FALSE,1,"Pan","Panama, Bocas del Toro",9.331833,-82.249083,"----------------------------------ttagtaggaactggccttagtcttttaattcgtttcgaactaggaacttctggtgcttttttaggtgacgaccacttttataatgtaattgtaacagcccatgctttcgttataattttctttatagttatacctttaataattggtggattcggaaattggatagtgcctattttaattggtgctcctgatataagttttccccgaatgaacaatataagattctgacttcttcctccttctttcatttttcttctatgttcaagtctcgtagaaggaggtgcaggaacaggatgaacagtctaccctcctctgaggggtcctattggtcacgggggtgcttccgttgacttggcaattttttcgctgcacttagcggggatatcctctattctgggtgcggtaaactttattacaactatttttaatatgcgctctcctggaatgacaatggaacgtttaagtttatttgtctgatcagttctagtgactgcattcttattattactatctcttccagttttagctggtgctattactatattattaacagatcgtaacttcaataccagattttt----------------------------------------------",137,0
"Ezul_10_Pan_01","Ezul_10_Pan","Ezul","Elysia zuleicae","Udotea","predominantly_planktotrophic",10,"Pan","Pan",1,FALSE,1,"Pan","Panama, Bocas del Toro",9.331833,-82.249083,"----------------------------------ttagtaggaactggccttagccttttaattcgttttgaactaggaacttctggtgcttttttaggtgacgaccacttctataatgtaattgtaacagcccatgctttcgttataattttctttatagttatacctttaataattggtggattcggaaattggatagtgcctattttaattggtgctcctgatataagttttccccgaatgaacaatataagattctgacttcttcctccttctttcatttttcttctatgttcaagtctcgtagaaggaggtgcaggaacaggatgaacagtctaccctcctctgaggggtcctattggtcacgggggtgcttccgttgacttggcaattttttcgctgcacttagcggggatatcctctattctgggtgcggtaaactttattacaactatttttaacatgcgctctcctggaatgacaatggaacgtttaagtttatttgtctgatcagttctagtgactgcattcttattattactatctcttccagttctagctggtgctattactatattattaacagatcgtaacttcaataccagattttt----------------------------------------------",138,0
"Ezul_11_Ber_01","Ezul_11_Ber","Ezul","Elysia zuleicae","Udotea","predominantly_planktotrophic",11,"Ber","Ber",1,FALSE,1,"Ber","Bermuda, Whale Bone Bay",32.3647222222,-64.7127777778,"taccttgtatgtagtttttggaatgtgatgcgggttagtaggaactggccttagtcttttaattcgtttcgaactaggaacttctggtgcttttttaggtgacgaccacttctataatgtaattgtaacagcccatgctttcgttataattttctttatagttatacctttaataattggtggattcggaaattggatagtgcctattttaattggtgctcctgatataagttttccccgaatgaataatataagattctgacttcttcctccttctttcatttttcttctatgttcaagtctcgtagaaggaggtgcaggaacaggatgaacagtctaccctcctctgaggggtcctattggtcacgggggtgcttccgttgacttggcaattttttcgctgcacttagcggggatatcctctattctgggtgcggtaaactttatcacaactatttttaacatgcgctctcctggaatgacaatggaacgtttaagtttatttgtttgatcagttctagtgactgcattcttattattactatctcttccagttctagctggtgctattactatattattaacagatcgtaatttcaataccagattttttgaccctgctggtggaggtgatcctattctctaccaacatctattt",139,1.76564681529999
"Ezul_12_Ber_01","Ezul_12_Ber","Ezul","Elysia zuleicae","Udotea","predominantly_planktotrophic",12,"Ber","Ber",1,FALSE,1,"Ber","Bermuda, Whale Bone Bay",32.3647222222,-64.7127777778,"-----------------------------gcgggttagtaggaactggccttagtcttttaattcgtttcgaactaggaacttctggtgcttttttaggtgacgaccacttctataatgtaattgtaacagcccatgctttcgttataattttctttatagtcatacctttaataattggtggattcggaaattggatagtgcctattttaattggtgctcctgatataagttttccccgaatgaataatataagattctgacttcttcctccttctttcatttttcttctatgttcaagtctcgtagaaggaggtgcaggaacaggatgaacagtctaccctcctctgaggggtcctattggtcacgggggtgcttccgttgacttggcaattttttcgctgcacttagcggggatatcctctattctgggtgcggtaaactttattacaactatttttaacatgcgctctcctggaatgacaatggaacgtttaagtttatttgtctgatcagttctagtgactgcattcttattattactatctcttccagttctagctggtgctattactatactattaacagatcgtaacttcaataccagattttttgaccctgctggtggaggtgatcctaa-------------------",140,1.76564681529999
"Ezul_13_Ber_01","Ezul_13_Ber","Ezul","Elysia zuleicae","Udotea","predominantly_planktotrophic",13,"Ber","Ber",1,FALSE,1,"Ber","Bermuda, Whale Bone Bay",32.3647222222,-64.7127777778,"---------------------------ttgcgggttagtaggaactggccttagtcttttaattcgtttcgaactaggaacttctggtgcttttttaggtgacgaccacttctataatgtaattgtaacagcccatgctttcgttataattttctttatagttatacctctaataattggtggattcggaaattggatagtgcctattttaattggtgctcctgatataagttttccccgaatgaacaatataagattctgacttcttcctccttctttcatttttcttctatgttcaagtctcgtagaaggaggtgcaggaacaggatgaacagtctaccctcctctgaggggtcctattggtcacgggggtgcttccgtcgacttggcaattttttcgctgcacttagcggggatatcctctattctgggtgcggtaaactttattacaactatttttaacatgcgctctcctggaatgacaatggaacgtttaagtttatttgtctgatcagttctagtgactgcattcttattattactatctcttccagttctagctggtgctattactatattattaacagaccgtaacttcaataccagattttttgaccctgctggtggaggtgatcctaa-------------------",141,1.76564681529999
"Ezul_14_Ber_01","Ezul_14_Ber","Ezul","Elysia zuleicae","Udotea","predominantly_planktotrophic",14,"Ber","Ber",1,FALSE,1,"Ber","Bermuda, Whale Bone Bay",32.3647222222,-64.7127777778,"------------------tggaatgtgatgcgggttagtaggaactggccttagtcttttaattcgtttcgaactaggaacttctggtgcttttttaggtgacgaccacttctataatgtaattgtaacagcccacgctttcgttataattttctttatagttatacctttaataattggtggattcggaaattggatagtgcctattttaattggtgctcctgatataagttttccccgaatgaacaatataagattctgacttcttcccccttctttcatttttcttctatgttcaagtctcgtagaaggaggtgcaggaacaggatgaacagtctaccctcctctgaggggtcctattggtcacgggggtgcttccgttgacttggcaattttttcgctgcacttagcggggatatcctctattctgggtgcggtaaactttattacaactatttttaacatgcgctctcctggaatgacaatggaacgtttaagtttatttgtctgatcagttctagtgactgcattcttattattactatctcttccagttctagctggtgctattactatattattaacagatcgtaacttcaataccagattttttgaccctgctggtggaggtgatccta--------------------",142,1.76564681529999
"Ezul_15_Ber_01","Ezul_15_Ber","Ezul","Elysia zuleicae","Udotea","predominantly_planktotrophic",15,"Ber","Ber",1,FALSE,1,"Ber","Bermuda, Whale Bone Bay",32.3647222222,-64.7127777778,"taccttgtatgtagtttttggaatgtgatgcgggttagtaggaactggccttagtcttttaatccgtttcgaactaggaacttctggtgcttttttaggtgacgaccacttctataatgtaattgtaacagcccatgctttcgttataattttctttatagttatacctttaataattggtggattcggaaattggatagtgcctattttaattggtgctcctgatataagttttccccgaatgaacaatataagattctgacttcttcctccttctttcatttttcttctatgttcaagtctcgtagaaggaggtgcaggaacaggatgaacagtctaccctcctctgaggggtcctattggtcacgggggtgcttccgttgacttggcaattttttcgctgcacttagcggggatatcctctattctgggtgcggtaaactttattacaactatttttaacatgcgctctcctggaatgacaatggaacgtttaagtttatttgtctgatcagttctagtgactgcattcttattattactatctcttccagttctagctggtgctattactatattactaacagatcgtaacttcaataccagattttttgaccctgctggtggaggtgatcctattctctaccaacatctattt",143,1.76564681529999
"Ezul_16_Jam_01","Ezul_16_Jam","Ezul","Elysia zuleicae","Udotea","predominantly_planktotrophic",16,"Jam","Jam",1,FALSE,1,"Jam","Jamaica, Discovery Bay",18.468611,-77.414722,"------gtatgtagtttttggaatgtgatgcgggttagtaggaactggccttagtcttttaattcgtttcgaactaggaacttctggtgcttttttaggtgacgaccacttctataatgtaattgtaacagcccatgctttcgttataattttctttatagttatacctttaataattggtggattcggaaattggatagtgcctattttaattggtgctcctgatataagttttccccgaatgaacaatataagattctgacttcttcctccttctttcatttttcttctatgttcaagtctcgtagaaggaggtgcaggaacaggatgaacagtctaccctcctctgaggggtcctatcggtcacgggggtgcttccgttgacttggcaattttttcgctgcacttagcggggatatcctctattctgggtgcggtaaactttattacaactatttttaacatgcgctctcctggaatgacaatggaacgtttaagtttatttgtctgatcagttctagtgactgcattcttactattactatctcttccagttctagctggtgctattactatattattaacagatcgtaacttcaataccagattttttgaccctgctggtggaggtgatcctattctctaccaacatctattt",144,0
"Ezul_17_Jam_01","Ezul_17_Jam","Ezul","Elysia zuleicae","Udotea","predominantly_planktotrophic",17,"Jam","Jam",1,FALSE,1,"Jam","Jamaica, Discovery Bay",18.468611,-77.414722,"taccttgtatgtagtttttggaatgtgatgcgggttagtaggaactggccttagtcttttaattcgtttcgaactaggaacttctggtgcttttttaggtgacgaccacttctataatgtaattgtaacagcccatgctttcgttataattttctttatagttatacctttaataattggtggattcggaaattggatagtgcctattttaattggtgctcctgatataagttttccccgaatgaacaatataagattctgacttcttcctccttcttttatttttcttctatgttcaagtctcgtagaaggaggtgcaggaacaggatgaacagtttaccctcctctgaggggtcctattggtcacgggggtgcttccgttgacttggcaattttttcgctacacttagcggggatatcctctattctgggtgcggtaaactttattacaactatttttaacatgcgctctcctggaatgacaatggaacgtttaagtttatttgtctgatcagttctagtgactgcattcttattattactatctcttccagttctagctggtgctattactatattattaacagatcgtaactttaataccagattttttgaccctgctggtggaggtgatcctattctctaccaacatctattt",145,0
"Ezul_18_Jam_01","Ezul_18_Jam","Ezul","Elysia zuleicae","Udotea","predominantly_planktotrophic",18,"Jam","Jam",1,FALSE,1,"Jam","Jamaica, Discovery Bay",18.468611,-77.414722,"taccttgtatgtagtttttggaatgtgatgcgggttagtaggaactggccttagtcttttaattcgtttcgaactaggaacttctggtgcttttttaggtgacgaccacttctataatgtaattgtaacagcccatgctttcgttataattttctttatagttatacctttaataattggtggattcggaaattggatagttcctattttaattggtgctcctgatataagttttccccgaatgaacaatataagattctgacttcttcccccttctttcatttttcttctatgttcaagtctcgtagaaggaggtgcaggaacaggatgaacagtctaccctcctctgaggggtcctattggtcacgggggtgcttccgttgacttggcaattttttcgctacacttagcggggatatcctctattctgggtgcggtaaactttattacaactatttttaacatgcgctctcctggaatgacaatggaacgtttaagtttatttgtctgatcagttctagtgactgcattcttattattactatctcttccagttctagctggtgctattactatattattaacagatcgtaacttcaataccagattttttgaccctgctggtgggggtgatcctattctctaccaacatctattt",146,0
"Ezul_19_Jam_01","Ezul_19_Jam","Ezul","Elysia zuleicae","Udotea","predominantly_planktotrophic",19,"Jam","Jam",1,FALSE,1,"Jam","Jamaica, Discovery Bay",18.468611,-77.414722,"taccttgtatgtagtttttggaatgtgatgcgggttagtaggaactggccttagtcttttaattcgtttcgaactaggaacttctggtgcttttttaggtgacgaccacttctataatgtaattgtaacagcccatgctttcgttataattttttttatagttatacctttaataattggtggattcggaaattggatagtgcctattttaattggtgctcctgatataagttttccccgaatgaacaatataagattctgacttcttcctccttctttcatttttcttctatgttcaagtctcgtagaaggaggtgcaggaacaggatgaacagtctaccctcctctgaggggtcctattggtcacgggggtgcttccgttgacttggcaattttttcgctacacttagcggggatatcctctattctgggtgcggtaaactttattacaactatttttaacatgcgctctcctggaatgacaatggaacgcttaagtttatttgtctgatcagttctagtgactgcattcttattattactatctcttccagttctagctggtgctattactatattattaacagatcgtaacttcaataccagattttttgaccctgctggtggaggtgaccctattctctaccaacatctattt",147,0
"Ezul_20_Jam_01","Ezul_20_Jam","Ezul","Elysia zuleicae","Udotea","predominantly_planktotrophic",20,"Jam","Jam",1,FALSE,1,"Jam","Jamaica, Discovery Bay",18.468611,-77.414722,"taccttgtatgtagtttttggaatgtgatgcgggttagtaggaactggccttagtcttttaattcgtttcgaactaggaacttctggtgcttttttaggtgacgaccacttctataatgtaattgtaacagcccatgctttcgttataattttctttatagttatgcctttaataattggtggattcggaaattggatagtgcctattttaattggtgctcctgatataagttttccccgaatgaacaatataagattctgacttcttcctccttctttcatttttcttctatgttcaagtctcgtagaaggaggtgcaggaacaggatgaacagtctaccctcctctgaggggtcctattggtcacgggggtgcttccgttgacttggcaattttttcgctgcacttagcggggatatcctctattctgggtgcggtaaactttattacaactatttttaacatgcgctctcctggaatgacaatggaacgtttaagtttatttgtctgatcagttctagtgactgcattcttattattactatctcttccagttctagctggtgctattactatattattaacagatcgtaacttcaataccagattttttgaccctgctggtggaggtgatcctattctctaccaacatctattt",148,0
"Ezul_21_Jam_01","Ezul_21_Jam","Ezul","Elysia zuleicae","Udotea","predominantly_planktotrophic",21,"Jam","Jam",1,FALSE,1,"Jam","Jamaica, Discovery Bay",18.468611,-77.414722,"taccttgtatgtagtttttggaatgtgatgcgggttagtaggaactggccttagtcttttaattcgtttcgaactaggaacttctggtgcttttttaggtgacgaccacttctataatgtaattgtaacagcccatgctttcgttataattttctttatagttatacctttaataattggtggattcggaaattggatagtgcctattttaattggtgctcctgatataagttttccccgaatgaacaatataagattctgacttcttcctccttctttcatttttcttctatgttcaagtctcgtagaaggaggtgcaggaacaggatgaacagtctaccctcctctgaggggtcctattggtcacgggggtgcttccgttgacttggcaattttttcgctacacttagcggggatatcctctattctgggtgcggtaaactttattacaactatttttaacatgcgctctcctggaatgacaatggaacgtttaagtttatttgtctgatcagtcctagtgactgcattcttattattactatctcttccagttctagctggtgctattactatattattaacagatcgtaacttcaataccagattttttgaccctgctggtggaggtgatcctattctctaccaacatctattt",149,0
"Ezul_22_Jam_01","Ezul_22_Jam","Ezul","Elysia zuleicae","Udotea","predominantly_planktotrophic",22,"Jam","Jam",1,FALSE,1,"Jam","Jamaica, Discovery Bay",18.468611,-77.414722,"-------------------------------gggctagtgggaactggccttagtcttttaattcgtttcgaactaggaacttctggtgcttttttaggtgacgaccacttctataatgtaattgtaacagcccatgctttcgttataattttctttatagttatgcctttaataattggtggattcggaaattggatagtgcctattttaattggtgctcctgatataagttttccccgaatgaataatatgagattctgacttcttcctccttctttcatttttcttctatgttcaagtctcgtagaaggaggtgcaggaacaggatgaacagtctaccctcctctgaggggtcctattggtcacgggggtgcttccgttgacttggcaattttttcgctgcacttagcggggatatcctctattctgggtgcggtaaactttattacaactatttttaacatgcgctctcctggaatgacaatggaacgtttaagtttatttgtctgatcagttctagtgactgcattcttattattactatctcttccagttctagctggtgctattactatattattaacagatcgtaacttcaataccagattttt----------------------------------------------",150,0
"Ezul_23_Jam_01","Ezul_23_Jam","Ezul","Elysia zuleicae","Udotea","predominantly_planktotrophic",23,"Jam","Jam",1,FALSE,1,"Jam","Jamaica, Discovery Bay",18.468611,-77.414722,"taccttgtatgtagtttttggaatgtgatgcgggttagtaggaactggccttagtcttttaattcgtttcgaactaggaacttctggtgcttttttaggtgacgaccacttctataatgtaattgtaacagcccacgctttcgttataattttctttatagttatacctttaataattggtggattcggaaattggatagtgcctattttaattggtgctcctgatataagttttccccgaatgaacaatataagattctgacttcttcctccttctttcatttttcttctatgttcaagtctcgtagaaggaggtgcaggaacaggatgaacagtctaccctcctctaaggggtcctattggtcacgggggcgcttccgttgacttggcaattttttcgctgcacttagcggggatatcctctattctgggtgcggtaaactttattacaactatttttaacatgcgctctcctggaatgacaatggaacgtttaagtttatttgtctgatcagttctagtgactgcattcttattattactatctcttccagttctagctggtgctattactatattattaacagatcgtaacttcaataccagattttttgaccctgctggtggaggtgatcctattctctaccaacatctattt",151,0
"Ezul_24_Jam_01","Ezul_24_Jam","Ezul","Elysia zuleicae","Udotea","predominantly_planktotrophic",24,"Jam","Jam",1,FALSE,1,"Jam","Jamaica, Discovery Bay",18.468611,-77.414722,"taccttgtatgtagtttttggaatgtgatgcgggttagtaggaactggccttagtcttttaattcgtttcgaactaggaacttctggtgcttttttaggtgacgaccacttctataatgtaattgtaacagcccacgctttcgttataattttctttatagttatacctttaataattggtggattcggaaattggatagtgcctattttaattggtgctcctgatataagttttccccgaatgaacaatataagattctgacttcttcctccttctttcatttttcttctatgttcaagtctcgtagaaggaggtgcaggaacaggatgaacagtctaccctcctctgaggggtcctattggtcacggaggtgcttccgttgacttggcaattttttcgctgcacttagcggggatatcctctattctgggtgcggtaaactttattacaactatttttaacatgcgctctcctggaatgacaatggaacgtttaagtttatttgtctgatcagttctagtgactgcattcttattattactatctcttccagttctagctggtgctattactatattattaacagatcgtaacttcaataccagattttttgaccctgctggtggaggtgatcctattctctaccaacatctattt",152,0
"Ezul_25_Gei_01","Ezul_25_Gei","Ezul","Elysia zuleicae","Udotea","predominantly_planktotrophic",25,"Gei","Gei",1,FALSE,1,"Gei","Geiger Beach, Key West",24.5608333333,-81.6775,"----------------------atgtgatgcgggttagtaggaactggccttagtcttttaattcgtttcgaactaggaacttctggtgcttttttaggtgacgaccacttctataatgtaattgtaacagcccatgctttcgttataattttctttatagttatacctttaataattggtggattcggaaattggatagtccctattttaattggtgctcctgatataagttttccccgaatgaataatataagattctgacttcttcctccttctttcatttttcttctatgttcaagtctcgtagaaggaggtgcaggaacaggatgaacagtctaccctcctctgaggggtcctattggtcacgggggtgcttccgttgacttggcaattttttcgctacacttagcggggatatcctctattctgggtgcggtaaactttattacaactatttttaacatgcgctctcctggaatgacaatggaacgtttaagtttatttgtctgatcagttctagtgactgcattcttattattactatctcttccagttctagctggtgctattactatattattaacagatcgtaacttcaataccagattttttgaccctgctggtgga------------------------------",153,0
"Ezul_26_Gei_01","Ezul_26_Gei","Ezul","Elysia zuleicae","Udotea","predominantly_planktotrophic",26,"Gei","Gei",1,FALSE,1,"Gei","Geiger Beach, Key West",24.5608333333,-81.6775,"----------------------------------ttagtgggaactggccttagtcttttaattcgtttcgaactaggaacttctggtgcttttttaggtgacgatcacttctataatgtaattgtaacagcccatgctttcgttataattttctttatagttatacctttaataattggcggattcggaaattggatagtgcctattttaattggtgctcctgatataagttttccccgaatgaacaatataagattctgacttcttcctccttcttttattttccttctatgttcaagtctcgtagaaggaggtgcaggaacaggatgaacagtctaccctcctctgaggggtcctattggtcacgggggtgcttccgttgacttggcaattttttcgctacacttagcggggatatcctctattctgggtgcggtaaactttattacaactatttttaacatgcgctctcctggaatgacaatggaacgtctaagtttatttgtctgatcagttctggtgactgcattcttattattattatctcttccagtcctagctggtgctattactatgttattaacagatcgtaatttcaataccaggtttttg---------------------------------------------",154,0
"Ezul_27_Gei_01","Ezul_27_Gei","Ezul","Elysia zuleicae","Udotea","predominantly_planktotrophic",27,"Gei","Gei",1,FALSE,1,"Gei","Geiger Beach, Key West",24.5608333333,-81.6775,"-------------------------------gggttagtgggaactggccttagtcttttaattcgtttcgaactaggaacttctggtgcttttttaggtgacgatcacttctataatgtaattgtaacagcccatgctttcgttataattttctttatagttatacctttaataattggcggattcggaaattggatagtgcctattttaattggtgctcctgatataagttttccccgaatgaacaatataagattctgacttcttcctccttcttttattttccttctatgttcaagtctcgtagaaggaggtgcaggaacaggatgaacagtctaccctcctctgaggggtcctattggtcacgggggtgcttccgttgacttggcaattttttcgctgcacttagcggggatatcctctattctgggtgcggtaaactttattacaactatttttaacatgcgctctcctggaatgacaatggaacgtctaagtttatttgtctgatcagttctggtgactgcattcttattattactatctcttccagtcctagctggtgctattactatgttactaacagatcgtaatttcaataccaggttttttgaccctgctggtg--------------------------------",155,0
"Ezul_28_Gei_01","Ezul_28_Gei","Ezul","Elysia zuleicae","Udotea","predominantly_planktotrophic",28,"Gei","Gei",1,FALSE,1,"Gei","Geiger Beach, Key West",24.5608333333,-81.6775,"----ttgtatgtagtttttggaatgtgatgtgggttagtgggaactggccttagtcttttaattcgtttcgaactaggaacttctggtgcttttttaggtgacgatcacttctataatgtaattgtaacagcccatgctttcgttataattttctttatagttatacctttaataattgggggattcggaaattggatagtgcctattttaattggtgctcctgatataagttttccccgaatgaacaatataagattctgacttcttcctccttcttttattttccttctatgttcaagtctcgtagaaggaggtgcaggaacaggatgaacagtttaccctcctctgaggggtcctattggtcacgggggtgcttccgttgacttggcaattttttcgctgcacttagcggggatatcctctattctgggtgcggtaaactttattacaactatttttaacatgcgctctcccggaatgacaatggaacgtctaagtttatttgtctgatcagttctggtgactgcattcttattattactatctcttccagtcctagctggtgctattactatgctattaacagatcgtaatttcaataccagattttttgaccctgctggtggaggtgatcctattc-----------------",156,0
"Ezul_29_Gei_01","Ezul_29_Gei","Ezul","Elysia zuleicae","Udotea","predominantly_planktotrophic",29,"Gei","Gei",1,FALSE,1,"Gei","Geiger Beach, Key West",24.5608333333,-81.6775,"-------------------------------gggttagtgggaactggccttagtcttttaattcgtttcgaactaggaacttctggtgcttttttaggtgacgatcacttctataatgtaattgtaacagcccatgctttcgttataattttctttatagttatacctttaataattggcggattcggaaattggatagtgcctattttaattggtgctcctgatataagttttccccgaatgaataatataagattctgacttcttcctccttcttttattttccttctatgttcaagtctcgtagaaggaggtgcaggaacaggatgaacagtctaccctcctctgaggggtcctattggtcacgggggtgcttccgttgacttggcaattttttcgctgcacttagcggggatatcctctattctgggtgcggtaaactttattacaactatttttaacatgcgctctcctggaatgacaatggaacgtctaagtttatttgtctgatcagttctggtgactgcattcttattattattatctcttccagtcctagctggtgctattactatgttattaacagatcgtaatttcaataccaggttttttgaccctgctggtggaggtgatcctattc-----------------",157,0
"Ezul_30_Gei_01","Ezul_30_Gei","Ezul","Elysia zuleicae","Udotea","predominantly_planktotrophic",30,"Gei","Gei",1,FALSE,1,"Gei","Geiger Beach, Key West",24.5608333333,-81.6775,"-------------------------------gggttagtaggaactggccttagtcttttaattcgtttcgaactaggaacttctggtgcttttttaggtgacgatcacttctataatgtaattgtaacagcccatgctttcgttataattttctttatagttatacctttaataattggtggattcggaaattggatagtgcctattttaattggtgctcctgatataagttttccccgaatgaacaatataagattctgacttcttcctccttctttcatttttcttctatgttcaagtctcgtagaaggaggtgcaggaacaggatgaacagtctaccctcctctgaggggtcctattggtcacgggggtgcttccgttgacttggcaattttttcgctgcacttagcggggatatcctctattctaggtgcggtaaactttattacaactatttttaacatgcgctctcctggaatgacaatggaacgtttaagtttatttgtctgatcagttctagtgactgcattcttattattactatctcttccagttctagctggtgctattactatattattaacagatcgtaacttcaataccagattttttgaccctgctggtgga------------------------------",158,0
"Ezul_31_Gei_01","Ezul_31_Gei","Ezul","Elysia zuleicae","Udotea","predominantly_planktotrophic",31,"Gei","Gei",1,FALSE,1,"Gei","Geiger Beach, Key West",24.5608333333,-81.6775,"-------------------------------gggttagtgggaactggccttagtcttttaattcgtttcgaactaggaacttctggtgcttttttaggtgacgatcacttctataatgtaattgtaacagcccatgctttcgttataattttctttatagttatacctttaataattggcggattcggaaattggatagtgcctattttaattggtgctcctgatataagttttccccgaatgaacaatataagattctgacttcttcctccttcttttattttccttctatgttcaagtctcgtagaaggaggtgcaggaacaggatgaacagtctaccctcctctgaggggtcctattggtcacgggggtgcttccgttgacttggcaattttttcgctgcacttagcggggatatcctctattctgggtgcggtaaactttattacaactatttttaacatgcgctctcccggaatgacaatggaacgtctaagtttatttgtgtgatcagttctggtgactgcattcttattattactatctcttccagtcctagctggtgctattactatgctattaacagatcgtaatttcaataccaggttttttgaccctgctggtgg-------------------------------",159,0
"Ezul_32_Gei_01","Ezul_32_Gei","Ezul","Elysia zuleicae","Udotea","predominantly_planktotrophic",32,"Gei","Gei",1,FALSE,1,"Gei","Geiger Beach, Key West",24.5608333333,-81.6775,"-------------------------tgatgcgggttagtgggaactggccttagtcttttaattcgtttcgaactaggaacttctggtgcttttttaggtgacgatcacttctataatgtaattgtaacagcccatgctttcgttataattttctttatagttatacctttaataattggcggattcggaaattggatagtgcctattttaattggtgctcctgatataagttttccccgaatgaacaatataagattctgacttcttcctccttcttttattttccttctatgttcaagtctcgtagaaggaggtgcaggaacaggatgaacagtctaccctcctctgaggggtcctattggtcacgggggtgcttccgttgacttggcaattttttcgctgcacttagcggggatatcctctattctgggtgcggtaaactttattacaactatttttaacatgcgctctcccggaatgacaatggaacgtctaagtttatttgtgtgatcagttctggtgactgcattcttattattactatctcttccagtcctagctggtgctattactatgttattaacagatcgtaatttcaataccaggttttttgaccctgctggtggaggtgatcctattc-----------------",160,0
"Ezul_33_Gei_01","Ezul_33_Gei","Ezul","Elysia zuleicae","Udotea","predominantly_planktotrophic",33,"Gei","Gei",1,FALSE,1,"Gei","Geiger Beach, Key West",24.5608333333,-81.6775,"-------------------------tgatgcgggttagtgggaactggccttagtcttttaattcgtttcgaactaggaacttccggtgcttttttaggtgacgatcacttctataatgtaattgtaacagcccatgctttcgttataattttctttatagttatacctttaataattggcggattcggaaattggatagtgcctattttaattggtgctcctgatataagttttccccgaatgaacaatataagattctgacttcttcctccttcttttattttccttctatgttcaagtctcgtagaaggaggtgcaggaacaggatgaacagtctaccctcctctgaggggtcctattggtcacgggggtgcttccgttgacttggcaattttttcgctacacttagcggggatatcctctattctgggtgcggtaaactttattacaactatttttaacatgcgctctcctggaatgacaatggaacgtctaagtttatttgtctgatcagttctggtgactgcattcttattattattatctcttccagtcctagctggtgctattactatgttattaacagatcgtaatttcaataccaggttttttgaccctgctggtgga------------------------------",161,0
"Ezul_34_Swe_01","Ezul_34_Swe","Ezul","Elysia zuleicae","Udotea","predominantly_planktotrophic",34,"Swe","Swe",1,FALSE,1,"Swe","Sweetings Cay",26.5619444444,-77.8541666667,"taccttgtatgtagtttttggaatgtgatgcgggttagtaggaactggccttagtcttttaattcgtttcgaactaggaacttctggtgcttttttaggtgacgaccacttctataatgtaattgtaacagcccatgctttcgttataattttctttatagttatacctttaataattggtggattcggaaattggatagtgcctattttaattggtgctcctgatataagttttccccgaatgaacaatataagattctgacttcttcctccttctttcatttttcttctatgttcaagtctcgtagaaggaggtgcaggaacaggatgaacagtctaccctcctctgaggggtcctattggtcacgggggtgcttccgttgacttggcaattttttcgctgcacttagcggggatatcctctattctgggtgcggtaaactttattacaactatttttaacatgcgctctcctggaatgacaatggaacgtttaagtttatttgtctgatcagttctagtgactgcattcttattattactatctcttccagttctagctggtgctattactatattattaacagatcgtaacttcaatactagctttttcg--------------------------------------------",162,0
"Ezul_35_Swe_01","Ezul_35_Swe","Ezul","Elysia zuleicae","Udotea","predominantly_planktotrophic",35,"Swe","Swe",1,FALSE,1,"Swe","Sweetings Cay",26.5619444444,-77.8541666667,"----------------------------------ttagtaggaactggccttagtcttttaattcgtttcgaactaggaacttctggcgcttttttaggtgacgaccacttctataatgtaattgtaacagcccatgcttttgttataattttctttatagttatacctttaataattggtggattcggaaattggatagtgcctattttaattggtgctcctgatataagttttccccgaatgaacaatataagattctgacttcttcctccttctttcatttttcttctatgttcaagtctcgtagaaggaggtgcaggaacaggatgaacagtctaccctcctctgaggggtcctattggtcacgggggtgcttccgttgacttggcaattttttcgctgcacttagcggggatatcctctattctgggtgcggtaaactttattacaactatttttaacatgcgctctcctggaatgacaatggaacgtttaagtttatttgtctgatcagttctagtgactgcattcttattattactatctcttccagttctagctggtgctattactatattattaacagatcgtaacttcaataccagattttttgaccctgctggtgga------------------------------",163,0
"Ezul_36_Swe_01","Ezul_36_Swe","Ezul","Elysia zuleicae","Udotea","predominantly_planktotrophic",36,"Swe","Swe",1,FALSE,1,"Swe","Sweetings Cay",26.5619444444,-77.8541666667,"taccttgtatgtagtttttggaatgtgatgcgggttagtaggaactggccttagtcttttaattcgtttcgaactaggaacttctggtgcttttttaggtgacgaccacttctataatgtaattgtaacagcccatgctttcgttataattttctttatagttatacctttaataattggtggattcggaaattggatagtgcctattttaattggtgctcctgatataagttttccccgaatgaacaatataagattctgacttcttcctccttctttcatttttcttctatgttcaagtctcgtagaaggaggtgcaggaacaggatgaacagtctatcctcctctgaggggtcctattggtcacgggggtgcttccgttgacttggcaattttttcgctgcacttagcggggatatcctctattctgggtgcggtaaactttattacaactatttttaacatgcgctctcctggaatgacaatggaacgtttaagtttatttgtctgatcagttctagtgactgcattcttattattactatctcttccagttctagctggtgctattactatattattaacagatcgtaacttcaataccagattttttgaccctgctggtggaggtgatcctattctctaccaacatctattt",164,0
"Ezul_37_Swe_LSS_01","Ezul_37_Swe_LSS","Ezul","Elysia zuleicae","Udotea","predominantly_planktotrophic",37,"Swe_LSS","Swe;LSS",2,TRUE,1,"Swe","Sweetings Cay",26.5619444444,-77.8541666667,"taccttgtatgtagtttttggaatgtgatgcgggttagtaggaaccggccttagtcttttaattcgtttcgaactaggaacttctggtgcttttttaggtgacgaccacttctataatgtaattgtaacagcccatgcttttgttataattttctttatagttatacctttaataattggtggattcggaaattggatagtgcctattttaattggtgctcctgatataagttttccccgaatgaacaatataagattctgacttcttcctccttctttcatttttcttctatgttcaagtctcgtagaaggaggtgcaggaacaggatgaacagtctaccctcctctgaggggtcctattggtcacgggggtgcttccgttgacttggcaattttttcgctgcacttagcggggatatcctctattctgggtgcggtaaactttattacaactatttttaacatgcgctctcctggaatgacaatggaacgtttaagtttatttgtctgatcagttctagtgactgcattcttattattactatctcttccagttctagctggtgctattactatattattaacagatcgtaacttcaataccagattttttgaccctgctggtggaggtgatcctattctctaccaacatctattt",165,0
"Ezul_37_Swe_LSS_02","Ezul_37_Swe_LSS","Ezul","Elysia zuleicae","Udotea","predominantly_planktotrophic",37,"Swe_LSS","Swe;LSS",2,TRUE,2,"LSS","Little San Salvador",24.575,-75.9416666667,"taccttgtatgtagtttttggaatgtgatgcgggttagtaggaaccggccttagtcttttaattcgtttcgaactaggaacttctggtgcttttttaggtgacgaccacttctataatgtaattgtaacagcccatgcttttgttataattttctttatagttatacctttaataattggtggattcggaaattggatagtgcctattttaattggtgctcctgatataagttttccccgaatgaacaatataagattctgacttcttcctccttctttcatttttcttctatgttcaagtctcgtagaaggaggtgcaggaacaggatgaacagtctaccctcctctgaggggtcctattggtcacgggggtgcttccgttgacttggcaattttttcgctgcacttagcggggatatcctctattctgggtgcggtaaactttattacaactatttttaacatgcgctctcctggaatgacaatggaacgtttaagtttatttgtctgatcagttctagtgactgcattcttattattactatctcttccagttctagctggtgctattactatattattaacagatcgtaacttcaataccagattttttgaccctgctggtggaggtgatcctattctctaccaacatctattt",165,0
"Ezul_38_Stir_01","Ezul_38_Stir","Ezul","Elysia zuleicae","Udotea","predominantly_planktotrophic",38,"Stir","Stir",1,FALSE,1,"Stir","Great Stirrup Cay",25.82,-77.898889,"-------------------------------gggttagtaggaactggccttagtcttttaattcgtttcgaactaggaacttctggtgcttttttaggtgacgaccacttctataatgtaattgtaacagcccatgctttcgttataattttctttatagttatacctttaataattggtggattcggaaattggatagtgcctattttaattggtgctcctgatataagttttccccgaatgaacaatataagattctgacttctccctccttctttcatttttcttctatgttcaagtctcgtagaaggaggtgcaggaacaggatgaacagtctaccctcctctgaggggtcctattggtcacgggggtgcttccgttgacttggcaattttttcgctgcacttagcggggatatcctctattctgggtgcggtaaactttattacaactatttttaacatgcgctctcctggaatgacaatggaacgtttaagtttatttgtctgatcagttctagtgactgcattcttattattactatctcttccagttctagctggtgctattactatattattaacagatcgtaacttcaataccagattttttgaccctgctgg----------------------------------",166,0
"Ezul_39_Stir_01","Ezul_39_Stir","Ezul","Elysia zuleicae","Udotea","predominantly_planktotrophic",39,"Stir","Stir",1,FALSE,1,"Stir","Great Stirrup Cay",25.82,-77.898889,"-------------------------------gggttagtaggaactggccttagtcttttaattcgtttcgaactaggaacttctggtgcctttttaggtgacgaccacttctataatgtaattgtaacagcccatgctttcgttataattttctttatagttatacctttaataattggtggattcggaaattggatagtgcctattttaattggtgctcctgatataagttttccccgaatgaacaatataagattctgacttcttcctccttctttcatttttcttctatgttcaagtctcgtagaaggaggtgcaggaacaggatgaacagtctaccctcctctgaggggtcctattggtcacgggggtgcttccgttgacttggcaattttttcgctgcacttagcggggatatcctctattctgggtgcggtaaactttattacaactatttttaacatgcgctctcctggaatgacaatggaacgtttaagtttatttgtttgatcagttctagtgactgcattcttattattactatctcttccagttctagctggtgctattactatattattaacagatcgtaacttcaataccagattttttgaccctgctggtggag-----------------------------",167,0
"Ezul_40_Stir_01","Ezul_40_Stir","Ezul","Elysia zuleicae","Udotea","predominantly_planktotrophic",40,"Stir","Stir",1,FALSE,1,"Stir","Great Stirrup Cay",25.82,-77.898889,"-------------------------------gggttagtaggaactggccttagtcttttaattcgtttcgaactaggaacttctggtgcttttttaggtgacgaccacttctataatgtaattgtaacagcccacgctttcgttataattttctttatagttatacctttaataattggtggattcggaaattggatagtgcccattttaattggtgctcctgatataagttttccccgaatgaacaatataagattctgacttcttcctccttctttcatttttcttctatgttcaagtctcgtagaaggaggtgcaggaacaggatgaacagtctaccctcctctgaggggtcctattggtcacgggggtgcttccgttgacttggcaattttttcgctgcacttagcggggatatcctctattctgggtgcggtaaactttattacaactatttttaacatgcgctctcctggaatgacaatggaacgtttaagtttatttgtctgatcagttctagtgactgcattcttattattactatctcttccagttctagctggtgctattactatattattaacagatcgtaacttcaataccagattttttgaccctgctggtgg-------------------------------",168,0
"Ezul_41_Stir_01","Ezul_41_Stir","Ezul","Elysia zuleicae","Udotea","predominantly_planktotrophic",41,"Stir","Stir",1,FALSE,1,"Stir","Great Stirrup Cay",25.82,-77.898889,"-------------------------------gggttagtaggaactggccttagtcttttaattcgtttcgaactaggaacttctggtgcttttttaggtgacgaccacttctataatgtaattgtaacagctcatgctttcgttataattttctttatagttatacctttaataattggtggattcggaaattggatagtgcctattttaattggtgctcctgatataagttttccccgaatgaacaatataagattttgacttcttcctccttctttcatttttcttctatgttcaagtctcgtagaaggaggtgcaggaacaggatgaacagtctaccctcctctgaggggtcctattggtcacggaggtgcttccgttgacttggcaattttttcgctgcacttagcggggatatcctctattctgggtgcggtaaactttattacaactatttttaacatgcgctctcctggaatgacaatggaacgtttaagtttatttgtctgatcagttctagtgaccgcattcttattattactatctcttccagttctagctggtgctattactatattattaacagatcgtaactttaataccagattttttgaccctgctggtg--------------------------------",169,0
"Ezul_42_LSS_01","Ezul_42_LSS","Ezul","Elysia zuleicae","Udotea","predominantly_planktotrophic",42,"LSS","LSS",1,FALSE,1,"LSS","Little San Salvador",24.575,-75.9416666667,"taccttgtatgtagtttttggaatgtgatgcgggttagtaggaactggccttagtcttttaattcgtttcgaactaggaacttctggtgcttttttaggtgacgaccacttctataatgtaattgtaacagcccatgctttcgttataattttctttatagttatacctttaataattggtggattcggaaattggatagtgcctattttaattggtgctcctgatataagttttccccgaatgaacaatataagattctgacttcttcctccttctttcatttttcttctatgttcaagtctcgtagaaggaggtgcaggaacaggatgaacagtctaccctcctctgaggggtcctattggtcacgggggtgcttccgttgacttggcaattttttcgctgcacttagcggggatatcctctattctgggtgcggtaaactttattacaactatttttaacatacgctctcctggaatgacaatggaacgtttaagtttatttgtctgatcagttctagtgactgcattcttattattactatctcttccagttctagctggtgctattactatattattaacagatcgtaacttcaataccagattttttgaccctgctggtggaggtgatcctattctctaccaacatctattt",170,0
"Ezul_43_LSS_01","Ezul_43_LSS","Ezul","Elysia zuleicae","Udotea","predominantly_planktotrophic",43,"LSS","LSS",1,FALSE,1,"LSS","Little San Salvador",24.575,-75.9416666667,"----------------------------tgcgggttagtaggaactggccttagtcttttaattcgtttcgaactaggaacttctggtgcttttttaggtgacgaccacttctataatgtaattgtaacagcccatgctttcgttataattttctttatagttatacctttaataattggtggattcggaaattggatagtgcctattttaattggtgctcctgatataagttttccccgaatgaacaatataagattctgacttcttcctccttctttcatttttcttctatgttcaagtctcgtagaaggaggtgcaggaacaggatgaacagtctaccctcctctgaggggtcctattggtcacgggggcgcttccgttgacttggcaattttttcgctgcacttagcggggatatcctctattctgggtgcggtaaactttattacaactatttttaacatgcgctctcctggaatgacaatggaacgtttaagtttatttgtctgatcagttctagtgactgcattcttattattactatctcttccagttctagctggtgctattactatattattaacagatcgtaacttcaataccagattttttgaccctgctggtggagg----------------------------",171,0
"Ezul_44_LSS_01","Ezul_44_LSS","Ezul","Elysia zuleicae","Udotea","predominantly_planktotrophic",44,"LSS","LSS",1,FALSE,1,"LSS","Little San Salvador",24.575,-75.9416666667,"-------------------------------gggttagtaggaactggccttagtcttttaattcgtttcgaactaggaacttctggtgcttttttaggtgacgaccacttctataatgtaattgtaacagcccacgctttcgttataattttctttatagttatacctttaataattggtggattcggaaattggatagtgcctattttaattggtgctcctgatataagttttccccgaatgaacaatataagattctgacttcttcctccttctttcatttttcttctatgttcaagtctcgtagaaggaggtgcaggaacaggatgaacagtctaccctcctctgaggggtcctattggtcacgggggtgcttccgttgacttggcaattttttcgctgcacttagcggggatatcctctattctgggtgcggtaaactttattacaactatttttaacatgcgctctcctggaatgacaatggaacgtttaagtttatttgtctgatcagttctagtgactgcattcttattattgctatctcttccagttctagctggtgctatcactatattattaacagatcgtaacttcaataccagattttttgaccctgctgg----------------------------------",172,0
"Ezul_45_LSS_01","Ezul_45_LSS","Ezul","Elysia zuleicae","Udotea","predominantly_planktotrophic",45,"LSS","LSS",1,FALSE,1,"LSS","Little San Salvador",24.575,-75.9416666667,"taccttgtatgtagtttttggaatgtgatgcgggttagtaggaactggccttagtcttttaattcgtttcgaattaggaacttctggtgcttttttaggtgacgaccacttttataatgtaattgtaacagcccatgctttcgttataattttctttatagttatacctttaataattggtggattcggaaattggatagtgcctattttaattggtgctcctgatataagttttccccgaatgaacaatataagattctgacttcttcctccttctttcatttttcttctatgttcaagtctcgtagaaggaggtgcaggaacaggatgaacagtctaccctcctctgaggggtcctattggccacgggggtgcttccgttgacttggcaattttttcgctgcacttagcggggatatcctctattctgggtgcggtaaactttattacaactatttttaacatgcgctctcctggaatgacaatggaacgtttaagtttatttgtctgatcagttctagtgactgcattcttattattactatctcttccagttctagctggtgctattactatattattaacagatcgtaacttcaataccagattttttgaccctgctggtggaggtgatcctattctctaccaacatctattt",173,0
"Ezul_46_LSS_01","Ezul_46_LSS","Ezul","Elysia zuleicae","Udotea","predominantly_planktotrophic",46,"LSS","LSS",1,FALSE,1,"LSS","Little San Salvador",24.575,-75.9416666667,"taccttgtatgtagtttttggaatgtgatgcgggttagtaggaactggccttagtcttttaattcgtttcgaactaggaacttctggtgcttttttaggtgacgaccacttctataatgtaattgtaacagcccatgctttcgttataattttctttatagttatacctttaataattggtggattcggaaattggatagtgcctattttaattggtgctcctgatataagttttccccgaatgaataatataagattctgacttcttcctccttctttcatttttcttctatgttcaagtctcgtagaaggaggtgcaggaacaggatgaacagtttaccctcctctgaggggtcctattggtcacgggggtgcttccgttgacttggcaattttttcgttgcacttagcggggatatcctctattctgggtgcggtaaactttattacaactatttttaacatgcgctctcctggaatgacaatggaacgtttaagtttatttgtctgatcagttctagtgactgcattcttattattactatctcttccagttctagctggtgctattactatattattaacagatcgtaacttcaataccagattttttgaccctgctggtggaggtgatcctattctctaccaacatctattt",174,0
"Ezul_47_LSS_01","Ezul_47_LSS","Ezul","Elysia zuleicae","Udotea","predominantly_planktotrophic",47,"LSS","LSS",1,FALSE,1,"LSS","Little San Salvador",24.575,-75.9416666667,"taccttgtatgtagtttttggaatgtgatgcgggttagtaggaactggccttagtcttttaattcgtttcgaactaggaacttctggtgcttttttaggtgacgaccacttctataatgtaattgtaacagcccacgctttcgttataattttctttatagttatacctttaataattggtggattcggaaattggatagtgcctattttaattggtgctcctgatataagttttccccgaatgaacaatataagattctgacttcttcctccttcttttatttttcttctatgttcaagtctcgtagaaggaggtgcaggaacaggatgaacagtctaccctcctctgaggggtcctattggtcacgggggtgcttccgttgacttggcaattttttcgctgcacttagcggggatatcctctattctgggtgcggtaaactttattacaactatttttaacatgcgctctcctggaatgacaatggaacgtttaagtttatttgtctgatcagttctagtgactgcattcttattattactatctcttccagttctagctggtgctattactatattattaacagatcgtaacttcaataccagattttttgaccctgctggtggaggtgatcctattctctaccaacatctattt",175,0
"Ezul_48_LSS_01","Ezul_48_LSS","Ezul","Elysia zuleicae","Udotea","predominantly_planktotrophic",48,"LSS","LSS",1,FALSE,1,"LSS","Little San Salvador",24.575,-75.9416666667,"taccttgtatgtagtttttggaatgtgatgcgggttagtaggaactggccttagtcttttaattcgtttcgaactaggaacttctggtgcttttttaggtgacgaccacttctataatgtaattgtaacagcccatgctttcgttataattttctttatagttatacctttaataattggtggattcggaaattggatagtgcctattttaattggtgctcctgatataagttttccccgaatgaacaatataagattctgacttcttcctccttctttcatttttcttctatgttcaagtctcgtagaaggaggtgcaggaacaggatgaacagtctaccctcctctgaggggtcctatcggtcacgggggtgcttccgttgacttggcaattttttcgctgcacttagcggggatatcctctattctgggtgcggtaaactttattacaactatttttaacatgcgctctcctggaatgacaatggaacgtttaagtttatttgtctgatcagttctagtgactgcattcttattattactatctcttccagttctagctggtgctattactatattattaacagatcgtaacttcaataccagattttttgaccctgctggtggaggtgatcctattctctaccaacatctattt",176,0
"Ezul_49_LSS_01","Ezul_49_LSS","Ezul","Elysia zuleicae","Udotea","predominantly_planktotrophic",49,"LSS","LSS",1,FALSE,1,"LSS","Little San Salvador",24.575,-75.9416666667,"taccttgtatgtagtttttggaatgtgatgcgggttagtaggaactggccttagtcttttaattcgtttcgaactaggaacttctggtgcttttttaggtgacgaccacttctataatgtaattgtaacagcccatgctttcgttataattttctttatagttatacctttaataattggtggattcggaaattggatagtgcctattttaattggtgctcctgatataagttttccccgaatgaacaatataagattctgacttcttcctccttctttcatttttcttctatgttcaagtctcgtagaaggaggtgcaggaacaggatgaacagtctaccctcctctgaggggtcctattggtcatggaggtgcttccgttgacttggcaattttttcgctgcacttagcggggatatcctctattctgggtgcggtaaactttattacaactatttttaacatgcgctctcctggaatgacaatggaacgtttaagtttatttgtctgatcagttctagtgactgcattcttattattactatctcttccagttctagctggtgctattactatattattaacagatcgtaacttcaataccagattttttgaccctgctggtggaggtgatcctattctctaccaacatctattt",177,0
"Ezul_50_LSS_01","Ezul_50_LSS","Ezul","Elysia zuleicae","Udotea","predominantly_planktotrophic",50,"LSS","LSS",1,FALSE,1,"LSS","Little San Salvador",24.575,-75.9416666667,"taccttgtatgtagtttttggaatgtgatgcgggttagtaggaactggccttagtcttttaattcgtttcgaactaggaacttctggtgcttttttaggtgacgaccacttctataatgtaattgtaacagcccatgcttttgttataattttctttatagttatacctttaataattggtggattcggaaattggatagtgcctattttaattggtgctcctgatataagttttccccgaatgaacaatataagattctgacttcttcctccttctttcatttttcttctatgttcaagtctcgtagaaggaggtgcaggaacaggatgaacagtctaccctcctctgaggggtcctatcggtcacgggggtgcttccgttgacttggcaattttttcgctgcacttagcggggatatcctctattctgggtgcggtaaactttattacaactatttttaacatgcgctctcctggaatgacaatggaacgtttaagtttatttgtctgatcagttctagtgactgcattcttactattactatctcttccagttctagctggtgctattactatattattaacagatcgtaacttcaataccagattttttgaccctgctggtggaggtgatcctattctctaccaacatctattt",178,0
"Ezul_51_LSS_01","Ezul_51_LSS","Ezul","Elysia zuleicae","Udotea","predominantly_planktotrophic",51,"LSS","LSS",1,FALSE,1,"LSS","Little San Salvador",24.575,-75.9416666667,"taccttgtatgtagtttttggaatgtgatgcgggttagtaggaactggccttagtcttttaattcgtttcgaactaggaacttctggtgcttttttaggtgacgaccacttctataatgtaattgtaacagcccatgctttcgttataattttctttatagttatacctttaataattggtggattcggaaattggatagtgcctattttaattggtgctcctgatataagttttccccgaatgaacaatataagattctgacttcttcctccttctttcatttttcttctatgttcaagtctcgtagaaggaggtgcagggacaggatgaacagtctaccctcctctgaggggtcctattggtcacgggggcgcttccgttgacttggcaattttttcgctgcacttagcggggatatcctctattctgggtgcggtaaactttattacaactatttttaacatgcgctctcctggaatgacaatggaacgtttaagtttatttgtctgatcagttctagtgactgcattcttattattactatctcttccagttctagctggtgctattactatattattaacagatcgtaacttcaataccagattttttgaccctgctggtggaggtgatcctattctctaccaacatctattt",179,0
"Ezul_52_LSS_NEx_01","Ezul_52_LSS_NEx","Ezul","Elysia zuleicae","Udotea","predominantly_planktotrophic",52,"LSS_NEx","LSS;NEx",2,TRUE,1,"LSS","Little San Salvador",24.575,-75.9416666667,"taccttgtatgtagtttttggaatgtgatgcgggttagtaggaactggccttagtcttttaattcgtttcgaactaggaacttctggtgcttttttaggtgacgaccacttctataatgtaattgtaacagcccacgctttcgttataattttctttatagttatacctttaataattggtggattcggaaattggatagtgcctattttaattggtgctcctgatataagttttccccgaatgaacaatataagattctgacttcttcctccttctttcatttttcttctatgttcaagtctcgtagaaggaggtgcaggaacaggatgaacagtctaccctcctctgaggggtcctattggtcacgggggtgcttccgttgacttggcaattttttcgctgcacttagcggggatatcctctattctgggtgcggtaaactttattacaactatttttaacatgcgctctcctggaatgacaatggaacgtttaagtttatttgtctgatcagttctagtgactgcattcttattattactatctcttccagttctagctggtgctattactatattattaacagatcgtaacttcaataccagattttttgaccctgctggtggaggtgatcctattctctaccaacatctattt",180,0
"Ezul_52_LSS_NEx_02","Ezul_52_LSS_NEx","Ezul","Elysia zuleicae","Udotea","predominantly_planktotrophic",52,"LSS_NEx","LSS;NEx",2,TRUE,2,"NEx","Northern Exumas",24.7666666667,-76.8169444444,"taccttgtatgtagtttttggaatgtgatgcgggttagtaggaactggccttagtcttttaattcgtttcgaactaggaacttctggtgcttttttaggtgacgaccacttctataatgtaattgtaacagcccacgctttcgttataattttctttatagttatacctttaataattggtggattcggaaattggatagtgcctattttaattggtgctcctgatataagttttccccgaatgaacaatataagattctgacttcttcctccttctttcatttttcttctatgttcaagtctcgtagaaggaggtgcaggaacaggatgaacagtctaccctcctctgaggggtcctattggtcacgggggtgcttccgttgacttggcaattttttcgctgcacttagcggggatatcctctattctgggtgcggtaaactttattacaactatttttaacatgcgctctcctggaatgacaatggaacgtttaagtttatttgtctgatcagttctagtgactgcattcttattattactatctcttccagttctagctggtgctattactatattattaacagatcgtaacttcaataccagattttttgaccctgctggtggaggtgatcctattctctaccaacatctattt",180,11.1700000762939
"Ezul_53_LSS_01","Ezul_53_LSS","Ezul","Elysia zuleicae","Udotea","predominantly_planktotrophic",53,"LSS","LSS",1,FALSE,1,"LSS","Little San Salvador",24.575,-75.9416666667,"taccttgtatgtagtttttggaatgtgatgcgggttagtaggaactggccttagtcttttaattcgtttcgaactaggaacttctggtgcttttttaggtgacgaccacttctataatgtaattgtaacagcccatgctttcgttataattttctttatagttatacctttaataattggtggattcggaaattggatagtgcctattttaattggtgctcctgatataagttttccccgaatgaacaatataagattttgacttcttcctccttctttcatttttcttctatgttcaagtctcgtagaaggaggtgcaggaacaggatgaacagtctaccctcctctgaggggtcctattggtcacgggggtgcttccgttgacttggcaattttttcgctgcacttagcggggatatcctctattctgggtgcggtaaactttattacaactatttttaacatgcgctctcctggaatgacaatggaacgtttaagtttatttgtctgatcagttctagtgactgcattcttattattactatctcttccagttctagctggtgctattactatgttattaacagatcgtaacttcaataccagattttttgaccctgctggaggtggtgatcctattctctaccaacatctattt",181,0
"Ezul_54_SSal_01","Ezul_54_SSal","Ezul","Elysia zuleicae","Udotea","predominantly_planktotrophic",54,"SSal","SSal",1,FALSE,1,"SSal","San Salvador",24.141806,-74.471139,"taccttgtatgtagtttttggaatgtgatgcgggttagtaggaactggccttagtcttttaattcgtttcgaactaggaacttctggtgcttttttaggtgacgaccacttctataatgtaattgtaacagcccatgctttcgttataattttctttatagttatacctttaataattggcggattcggaaattggatagtgcctattttaattggtgctcctgatataagttttccccgaatgaacaatataagattctggcttcttcctccttctttcatttttcttctatgttcaagtctcgtagaaggaggtgcaggaacaggatgaacagtctaccctcctctgaggggtcctattggtcacgggggtgcttccgttgacttggcaattttttcgctacacttagcggggatatcctctattctgggtgcggtaaactttattacaactatttttaacatgcgctctcctggaatgacaatggaacgtttaagtttatttgtctgatcagttctagtgactgcattcttattattactatctcttccagttctagctggtgctattactatattattaacagatcgtaacttcaataccagattttttgaccctgctggtggaggtgatcctattctctaccaacatctattt",182,0
"Ezul_55_SSal_01","Ezul_55_SSal","Ezul","Elysia zuleicae","Udotea","predominantly_planktotrophic",55,"SSal","SSal",1,FALSE,1,"SSal","San Salvador",24.141806,-74.471139,"taccttgtatgtagtttttggaatgtgatgcgggttagtaggaactggccttagtcttttaattcgtttcgaactaggaacttctggtgcttttttaggtgacgaccacttctataatgtaattgtaacagcccatgctttcgttataattttctttatagttatacctttaataattggtggattcggaaattggatagtgcctattttaattggtgctcctgatataagttttccccgaatgaacaatataagattctgacttcttcctccttctttcatttttcttctatgttcaagtctcgtagaaggaggtgcaggaacaggatgaacagtctaccctcctctgaggggtcctattggtcacgggggtgcttccgttgacttggcaattttttcgctgcacttagcagggatatcctctattctgggtgcggtaaactttattacaactatttttaacatgcgctctcctggaatgacaatggaacgtttaagtttatttgtctgatcagttctagtgactgcattcttattattactatctcttccagttctagctggtgctattactatattattaacagatcgtaacttcaataccagattttttgaccctgctggtggaggtgatcctattctttatcaacatctattt",183,0
"Ezul_56_SSal_01","Ezul_56_SSal","Ezul","Elysia zuleicae","Udotea","predominantly_planktotrophic",56,"SSal","SSal",1,FALSE,1,"SSal","San Salvador",24.141806,-74.471139,"taccttgtatgtagtttttggaatgtgatgcgggttagtaggaactggccttagtcttttaattcgtttcgaactaggaacttctggtgcttttttaggtgacgaccacttctataatgtaattgtaacagcccatgctttcgttataattttctttatagttatacctttaataattggtggattcggaaattggatagtgcctattttaattggtgctcctgatataagttttccccgaatgaacaatataagattctgacttcttcctccttctttcatttttcttctatgttcaagtctcgtagaaggaggtgcaggaacaggatgaacagtctaccctcctctgaggggtcctattggtcacgggggtgcttccgttgacttggcaattttttcgctgcacttagcggggatatcctctattctgggtgcggtaaactttattacaactatttttaacatgcgctctcctggaatgacaatggaacgtttaagtttatttgtttgatcagttctagtgactgcattcttattattactatctcttccagttctagctggtgctattactatattattaacagatcgtaacttcaataccagattttttgaccctgctgg----------------------------------",184,0
"Ezul_57_SSal_01","Ezul_57_SSal","Ezul","Elysia zuleicae","Udotea","predominantly_planktotrophic",57,"SSal","SSal",1,FALSE,1,"SSal","San Salvador",24.141806,-74.471139,"taccttgtatgtagtttttggaatgtgatgcgggttagtaggaactggccttagtcttttaattcgtttcgaactaggaacttctggtgcttttttaggtgacgaccacttctataatgtaattgtaacagcccatgctttcgttataattttctttatagttatacctctaataattggtggattcggaaattgaatagtgcctattttaattggtgctcctgatataagttttccccgaatgaacaatataagattctgacttcttcctccttctttcatttttcttctatgttcaagtctcgtagaaggaggtgcaggaacaggatgaacagtctaccctcctctgaggggtcctattggtcacgggggtgcttccgttgacttggcaattttttcgctgcacttagcggggatatcctctattctgggtgcggtaaactttattacaactatttttaacatgcgctctcctggaatgacaatggaacgtttaagtttatttgtctgatcagttctagtgactgcattcttattattactatctcttccagttctagctggtgctattactatattattaacagatcgtaacttcaataccagattttttgaccctgctggtggaggtgatcctattctctaccaacatctattt",185,0
"Ezul_58_SSal_01","Ezul_58_SSal","Ezul","Elysia zuleicae","Udotea","predominantly_planktotrophic",58,"SSal","SSal",1,FALSE,1,"SSal","San Salvador",24.141806,-74.471139,"----------------------------tgcgggttagtaggaactggccttagtcttttaattcgtttcgaactaggaacttctggtgcttttttaggtgacgaccacttctataatgtaattgtaacagctcatgctttcgttataattttctttatagttatacctttaataattggtggattcggaaattggatagtgcctattttaattggtgctcctgatataagttttccccgaatgaacaatataagattctgacttcttcctccttctttcatttttcttctatgttcaagtctcgtagaaggaggtgcaggaacaggatgaacagtctaccctcctctgaggggtcctattggtcacgggggtgcttccgttgacttggcaattttttcgctgcacttagcggggatatcctctattctgggtgcggtaaactttattacaactatttttaacatgcgctctcctggaatgacaatggaacgtttaagtttatttgtctgatcagttctagtgactgcattcttattattattatctcttccagttctagctggtgctattactatattattaacagatcgtaacttcaataccagattttt----------------------------------------------",186,0
"Ezul_59_SSal_01","Ezul_59_SSal","Ezul","Elysia zuleicae","Udotea","predominantly_planktotrophic",59,"SSal","SSal",1,FALSE,1,"SSal","San Salvador",24.141806,-74.471139,"taccttgtatgtagtttttggaatgtgatgcgggttagtaggaactggccttagtcttttaattcgtttcgaactaggaacttctggtgcttttttaggtgacgaccacttctataatgtaattgtaacagcccatgctttcgttataattttctttatagttatacctttaataattggtggattcggaaattggatagtgcctattttaattggtgctcctgatataagttttccccgaatgaacaatataagattctgacttcttcctccttctttcatttttcttctatgttcaagtctcgtagaaggaggtgcaggaacaggatgaacagtctaccctcctctgaggggtcctattggtcacgggggtgcttccgttgacttggcaattttttcgctgcacttagcggggatatcctctattctgggtgcggtaaactttattacaactatttttaacatgcgctctcctggaatgacaatggaacgtttaagtttatttgtctgatcagttctagtgactgcatttttattattactatctcttccagttctagctggtgctattactatattattaacagatcgtaacttcaataccagattttttgaccctgctggtggaggtgatcctattctctaccaacatctattt",187,0
"Ezul_60_SSal2_01","Ezul_60_SSal2","Ezul","Elysia zuleicae","Udotea","predominantly_planktotrophic",60,"SSal2","SSal",1,FALSE,1,"SSal","San Salvador",24.141806,-74.471139,"taccttgtatgtagtttttggaatgtgatgcgggttagtaggaactggccttagtcttttaattcgtttcgaactaggaacttctggtgcttttttaggtgacgaccacttctataatgtaattgtaacagcccatgctttcgttataattttctttatagttatacctttaataattggtggattcggaaattggatagtgcctattttaattggtgctcctgatataagttttccccgaatgaacaatataagattctgacttcttcctccttctttcatttttcttctatgttcaagtctcgtagaaggaggtgcaggaacaggatgaacagtctaccctcctctgaggggtcctattggtcacgggggtgcttccgttgacttggcaattttttcgctgcacttagcggggatatcctctattctgggtgcggtaaactttattacaactatttttaacatgcgctctcctggaatgacaatggaacgtttaagtttatttgtctgatcagttctagtgactgcattcttattattactatctcttccagttctagctggtgctattactatattattgacagatcgtaacttcaataccagattttttgaccctgctggtggaggtgatcctattctctaccagcatctattt",188,0
"Ezul_61_SSal_01","Ezul_61_SSal","Ezul","Elysia zuleicae","Udotea","predominantly_planktotrophic",61,"SSal","SSal",1,FALSE,1,"SSal","San Salvador",24.141806,-74.471139,"----------------------------------ttagtaggaactggccttagtcttttaattcgtttcgaactaggaacttctggtgcttttttaggtgacgaccacttttataatgtaattgtaacagcccatgctttcgttataattttctttatagttatacctttaataattggtggattcggaaattggatagtgcctattttaattggtgctcctgatataagttttccccgaatgaacaatataagattctgacttcttcctccttctttcatttttcttctatgttcaagtctcgtagaaggaggtgcaggaacaggatgaacagtctaccctcctctgaggggtcctattggtcacgggggtgcttccgttgacttggcaattttttcgctgcacttagcggggatatcctctattctgggtgcggtaaactttattacaactatttttaacatgcgctctcctggaatgacaatggaacgtttaagtttatttgtttgatcagttctagtgactgcattcttattattactatctcttccagttctagctggtgctattactatattattaacagatcgtaacttcaataccagattttt----------------------------------------------",189,0
"Ezul_62_SSal_01","Ezul_62_SSal","Ezul","Elysia zuleicae","Udotea","predominantly_planktotrophic",62,"SSal","SSal",1,FALSE,1,"SSal","San Salvador",24.141806,-74.471139,"-------------------------------gggttagtaggaactggccttagtcttttaattcgtttcgaactaggaacttctggtgcttttttaggtgacgaccacttttataatgtaattgtaacagcccatgctttcgttataattttctttatagttatacctttaataattggtggattcggaaattggatagtgcctattttaattggtgctcctgatataagttttccccgaatgaataatataagattctgacttcttcctccttctttcatttttcttctatgttcaagtctcgtagaaggaggtgcaggaacaggatgaacagtctaccctcctctgaggggtcctattggtcacgggggtgcttccgttgacttggcaattttttcgctgcacttagcggggatatcctctattctgggtgcggtaaactttattacaactatttttaacatgcgctctcctggaatgacaatggaacgtttaagtttatttgtctgatcagttctagtgactgcattcttattattactatctcttccagttctagctggtgctattactatattattaacagatcgtaacttcaataccagatttt-----------------------------------------------",190,0
"Ezul_63_SSal_01","Ezul_63_SSal","Ezul","Elysia zuleicae","Udotea","predominantly_planktotrophic",63,"SSal","SSal",1,FALSE,1,"SSal","San Salvador",24.141806,-74.471139,"-------------------------------gggttagtaggaactggccttagtcttttaattcgtttcgaactaggaacttctggtgcttttttaggtgacgaccacttctataatgtaattgtaacagcccatgctttcgttataattttctttatagttatacctttaataattggtggattcggaaattggatagtgcctattttaattggtgctcctgatataagttttccccgaatgaacaatataagattctgacttcttcctccttctttcatttttcttctatgttcaagtctcgtagaaggaggtgcaggaacaggatgaacagtctaccctcctctgaggggtcctattggtcacgggggtgcttccgttgacttggcaattttttcgttgcacttagcggggatatcctctattctgggtgcggtaaactttattacaactatttttaacatgcgctctcctggaatgacaatggaacgtttaagtttatttgtctgatcagttctagtgactgcattcttattattactatctcttccagttctagctggtgctattactatattattaacagatcgtaactttaataccagattttttgaccctgctggtg--------------------------------",191,0
"Ezul_64_Pla_01","Ezul_64_Pla","Ezul","Elysia zuleicae","Udotea","predominantly_planktotrophic",64,"Pla","Pla",1,FALSE,1,"Pla","Plana Cays",22.6111111111,-73.5644444444,"taccttgtatgtagtttttggaatgtgatgtgggttagtaggaactggacttagtcttttaattcgtttcgaactaggaacttctggtgcttttttaggtgacgaccacttctataatgtaattgtaacagcccatgctttcgttataattttttttatagttatacctttaataattggtggattcggaaattggatagtgcctattttaattggtgctcctgatataagttttccccgaatgaacaatataagattctgacttcttcctccttctttcatttttcttctatgttcaagtctcgtagaaggaggtgcaggaacaggatgaacagtctaccctcctctgaggggccctattggtcacgggggtgcttccgttgacttggcaattttttcgctgcacttagcggggatatcctctattctgggtgcggtaaactttattacaactatttttaacatgcgctctcctggaatgacaatggaacgtttaagtttatttgtctgatcagttctagtgactgcattcttattattactatctcttccagttctagctggtgctattactatattattaacagatcgtaacttcaataccagattttttgaccctgctggtggaggtgatcctattctctaccaacatctattt",192,0
"Ezul_65_Pla_01","Ezul_65_Pla","Ezul","Elysia zuleicae","Udotea","predominantly_planktotrophic",65,"Pla","Pla",1,FALSE,1,"Pla","Plana Cays",22.6111111111,-73.5644444444,"-------------------------------gggctagtaggaactggccttagtcttttaattcgtttcgaactaggaacttctggtgcttttttaggtgacgaccacttctataatgtaattgtaacagcccatgctttcgttataattttctttatagttatacctttaataattggtggattcggaaattgaatagtgcctattttaattggtgctcctgatataagttttccccgaatgaacaatataagattctgacttcttcctccttctttcatttttcttctatgttcaagtctcgtagaaggaggtgcaggaacaggatgaacagtctaccctcctctgaggggtcctattggtcacgggggtgcttccgttgacttggcaattttttcgctgcacttagcggggatatcctctattctgggtgcggtaaactttattacaactatttttaacatgcgctctcctggaatgacaatggaacgtttaagtttatttgtctgatcagttctagtgactgcattcttattattactatctcttccagttctagctggtgctattactatattattaacagatcgtaactttaataccagattttttgaccctgctggtg--------------------------------",193,0
"Ezul_66_Pla3_01","Ezul_66_Pla3","Ezul","Elysia zuleicae","Udotea","predominantly_planktotrophic",66,"Pla3","Pla",1,FALSE,1,"Pla","Plana Cays",22.6111111111,-73.5644444444,"taccttgtatgtagtttttggaatgtgatgtgggttagtaggaactggccttagtcttttaattcgtttcgaactaggaacttctggtgcttttttaggtgacgaccacttctataatgtaattgtaacagcccatgctttcgttataattttttttatagttatacctttaataattggtggattcggaaattggatagtgcctattttaattggtgctcctgatataagttttccccgaatgaacaatataagattctgacttcttcctccttctttcatttttcttctatgttcaagtctcgtagaaggaggtgcaggaacaggatgaacagtctaccctcctctgaggggccctattggtcacgggggtgcttccgttgacttggcaattttttcgctgcacttagcggggatatcctctattctgggtgcggtaaactttattacaactatttttaacatgcgctctcctggaatgacaatggaacgtttaagtttatttgtctgatcagttctagtgactgcattcttattattactatctcttccagttctagctggtgctattactatattattaacagatcgtaacttcaataccagattttttgaccctgctggtggaggtgatcctattctctaccaacatctattt",194,0
"Ezul_67_Pla_01","Ezul_67_Pla","Ezul","Elysia zuleicae","Udotea","predominantly_planktotrophic",67,"Pla","Pla",1,FALSE,1,"Pla","Plana Cays",22.6111111111,-73.5644444444,"taccttgtatgtagtttttggaatgtgatgcgggttggtaggaactggccttagtcttttaattcgtttcgaactaggaacttctggtgcttttttaggtgacgaccacttctataatgtaattgtaacagcccatgctttcgttataattttctttatagttatacctttaataattggtggattcggaaattggatagtgcctattttaattggtgctcctgatataagttttccccgaatgaataatataagattctgacttcttcctccttctttcatttttcttctatgttcaagtctcgtagaaggaggtgcaggaacaggatgaacagtctaccctcctctgaggggtcctattggtcacgggggtgcttccgttgacttggcaattttttcgctgcacttagcggggatatcctctattctgggtgcggtaaactttattacaactatttttaacatgcgctctcctggaatgacaatggaacgtttaagtttatttgtctgatcagttctagtgactgcattcttattattactatctcttccagttctagctggtgctattactatattattaacagatcgtaacttcaataccagattttttgaccctgctggtgggggtgatcctattctctaccaacatctattt",195,0
"Ezul_68_Pla_01","Ezul_68_Pla","Ezul","Elysia zuleicae","Udotea","predominantly_planktotrophic",68,"Pla","Pla",1,FALSE,1,"Pla","Plana Cays",22.6111111111,-73.5644444444,"taccttgtatgtagtttttggaatgtgatgcgggttagtaggaactggccttagtcttttaattcgtttcgaactaggaacttctggtgcttttttaggtgacgaccacttctataatgtaattgtaacagcccatgctttcgttataattttctttatagttatacctttaataattggtggattcggaaattggatagtgcctattttaattggtgctcctgatataagttttccccgaatgaataatataagattctgacttcttcctccttctttcatttttcttctatgttcaagtctcgtagaaggaggtgcaggaacaggatgaacagtctaccctcctctgaggggtcctattggtcacgggggtgcttccgttgacttggcaattttttcgctgcacttagcggggatatcctctattctgggtgcggtaaactttattacaactatttttaacatgcgctctcctggaatgacaatggaacgtttaagtttatttgtctgatcagttctagtgactgcattcttattattactatctcttccagttctagctggtgctattactatattattaacagatcgtaacttcaatactagattttttgaccctgctggtggaggtgatcctattctctaccaacatctattt",196,0
"Ezul_69_NEx_01","Ezul_69_NEx","Ezul","Elysia zuleicae","Udotea","predominantly_planktotrophic",69,"NEx","NEx",1,FALSE,1,"NEx","Northern Exumas",24.7666666667,-76.8169444444,"taccttgtatgtagtctttggaatgtgatgcgggttagtaggaactggccttagtcttttaattcgtttcgaactaggaacttctggtgcttttttaggtgacgaccacttctataatgtaattgtaacagctcatgctttcgttataattttctttatagttatacctttaataattggtggattcggaaattggatagtgcctattttaattggtgctcctgatataagttttccccgaatgaacaatataagattctgacttcttcctccttctttcatttttcttctatgttcaagtctcgtagaaggaggtgcaggaacaggatgaacagtctaccctcctctgaggggtcctattggtcacgggggtgcttccgttgacttggcaattttttcgctgcacttagcggggatatcctctattctgggtgcggtaaactttattacaactatttttaacatgcgctctcctggaatgacaatggaacgtttaagtttatttgtctgatcagttctagtgactgcattcttattattactatctcttccagttttagctggtgctattactatattattaacagatcgtaacttcaataccagattttttgaccctgctggtggaggtgatcctatcctctatcaacatctattt",197,11.1700000762939
"Ezul_70_NEx_01","Ezul_70_NEx","Ezul","Elysia zuleicae","Udotea","predominantly_planktotrophic",70,"NEx","NEx",1,FALSE,1,"NEx","Northern Exumas",24.7666666667,-76.8169444444,"taccttgtatgtagtttttggaatgtgatgcgggttagtaggaactggccttagtcttttaattcgtttcgaactaggaacttctggtgcttttttaggtgacgaccacttctataatgtaattgtaacagcccatgctttcgttataattttttttatagttatacctttaataatcggtggattcggaaattggatagtgcctattttaattggtgctcctgatataagttttccccgaatgaacaatataagattctgacttcttcctccttctttcatttttcttctatgttcaagtctcgtagaaggaggtgcaggaacaggatgaacagtctaccctcctctgaggggtcctattggtcacgggggtgcttccgttgacttggcaattttttcgctgcacttagcggggatatcctctattctgggtgcggtaaactttattacaactatttttaacatgcgttctcctggaatgacaatggaacgcttaagtttatttgtctgatcagttctagtgactgcattcttattattactatctcttccagttctagctggtgctattactatattattaacagatcgtaacttcaataccagattttttgaccctgctggtggaggtgatcctattctctaccaacatctat--",198,11.1700000762939
"Ezul_71_NEx_01","Ezul_71_NEx","Ezul","Elysia zuleicae","Udotea","predominantly_planktotrophic",71,"NEx","NEx",1,FALSE,1,"NEx","Northern Exumas",24.7666666667,-76.8169444444,"taccttgtatgtagtttttggaatgtgatgcgggttagtaggaactggccttagtcttttaattcgtttcgaactaggaacttctggtgcttttttaggtgacgaccacttctataatgtaattgtaacagcccatgctttcgttataattttctttatagttatacctttaataattggtggattcggaaattggatagttcctattttaattggtgctcctgatataagttttccccgaatgaataatataagattctgacttcttcctccttctttcatttttcttctatgttcaagtctcgtagaaggaggtgcaggaacaggatgaacagtctaccctcctctgaggggtcctattggtcacgggggtgcttccgttgacttggcaattttttcgctgcacttagcggggatatcctctattctgggtgcggtaaactttattacaactatttttaacatgcgctctcctggaatgacaatggagcgtttaagtttatttgtctgatcagttctagtaactgcattcttattattactatctcttccagttctagctggtgctattactatattattaacagatcgtaacttcaataccagattttttgaccctgctggtggaggtgatcctattctctaccaacatcta---",199,11.1700000762939
"Ezul_72_NEx_01","Ezul_72_NEx","Ezul","Elysia zuleicae","Udotea","predominantly_planktotrophic",72,"NEx","NEx",1,FALSE,1,"NEx","Northern Exumas",24.7666666667,-76.8169444444,"taccttgtatgtagtttttggaatgtgatgcgggttagtaggaactggccttagtcttttaattcgtttcgaactaggaacttctggtgcttttttaggtgacgaccacttctataatgtaattgtaacagcccatgctttcgttataattttctttatagtcatacctttaataattggtggattcggaaattggatagtgcctattttaattggtgctcctgatataagttttccccgaatgaacaatataagattctgacttcttcctccttctttcatttttcttctatgttcaagtctcgtagaaggaggtgcaggaacaggatgaacagtctaccctcctctgaggggtcctattggtcacgggggtgcttccgttgacttggcaattttttcgctacacttagcggggatatcctctattctgggtgcggtaaactttattacaactatttttaacatgcgctctcctggaatgacaatggaacgtttaagtttatttgtctgatcagttctagtgactgcattcttattattactatctcttccagttctagctggtgctattactatattattaacagatcgtaacttcaataccagattttttgaccctgctggtggaggtgatcctattctctaccaacatctattt",200,11.1700000762939
"Ezul_73_NEx_01","Ezul_73_NEx","Ezul","Elysia zuleicae","Udotea","predominantly_planktotrophic",73,"NEx","NEx",1,FALSE,1,"NEx","Northern Exumas",24.7666666667,-76.8169444444,"taccttgtatgtagtttttggaatgtgatgcgggttagtaggaactggccttagtcttttaattcgtttcgaactaggaacttctggtgcttttttaggtgacgaccacttctataatgtaattgtaacagcccatgctttcgttataattttctttatagttatacctttaataattggtggattcggaaattggatagtgcctattttaattggtgctcctgatataagttttccccgaatgaacaatataagattctgacttcttcctccttctttcatttttcttctatgttcaagtctcgtagaaggaggtgcaggaacaggatgaacagtctaccctcctctgaggggtcctattggtcacgggggtgcttccgttgacttggcaattttttcgctgcacttagcggggatatcctctattctgggtgcggtaaactttattacaactatttttaacatgcgctctcctggaatgacaatggaacgtttaagtttatttgtctgatcagttctagtgactgcattcttattattactatctcttccagttctagctggtgctattactatattattaacagatcgtaatttcaataccagattttttgaccctgctggtggaggtgatcctattctctaccagcatctattt",201,11.1700000762939
"Ezul_74_NEx_01","Ezul_74_NEx","Ezul","Elysia zuleicae","Udotea","predominantly_planktotrophic",74,"NEx","NEx",1,FALSE,1,"NEx","Northern Exumas",24.7666666667,-76.8169444444,"taccttgtatgtagtttttggaatgtgatgcgggttagtaggaactggccttagtcttttaattcgtttcgaactaggaacttctggtgcttttttaggtgacgaccacttctataatgtaattgtaacagcccatgctttcgttataattttctttatagttatacctttaataattggtggattcggaaattggatagtgcctattttaattggtgctcctgatataagttttccccgaatgaataatataagattctgacttcttcctccttctttcatttttcttctatgttcaagtctcgtagaaggaggtgcaggaacaggatgaacagtctaccctcctctgaggggtcctattggtcacgggggtgcttccgttgacttggcaattttttcgctgcacttagcggggatatcctctattctgggtgcggtaaactttattacaactatttttaacatgcgctctcctggaatgacaatggaacgtttaagtttatttgtctgatcagttctagtaactgcattcttattattactatctcttccagttctagctggtgctattactatattattaacagatcgtaacttcaataccagattttttgaccctgctggtggaggtgatcctattctctaccaacatctattt",202,11.1700000762939
"Ezul_75_NEx_01","Ezul_75_NEx","Ezul","Elysia zuleicae","Udotea","predominantly_planktotrophic",75,"NEx","NEx",1,FALSE,1,"NEx","Northern Exumas",24.7666666667,-76.8169444444,"taccttgtatgtagtttttggaatgtgatgcgggttagtaggaactggccttagtcttttaattcgtttcgaactaggaacttctggtgcttttttaggtgacgaccacttctataatgtaattgtaacagcccacgctttcgttataattttctttatagttatacctttaataattggtggattcggaaattggatagtgcctattttaattggtgctcctgatataagttttccccgaatgaacaatataagattctgacttcttcctccttctttcatttttcttctatgttcaagtctcgtagaaggaggtgcaggaacaggatgaacagtctaccctcctctgaggggtcctattggtcacgggggtgcttccgttgacttggcaattttttcgctgcacttagcggggatatcctctattctgggtgcggtaaactttattacaactatttttaacatgcgctctcctggaatgacaatggaacgtttaagtttatttgtctgatcagttctagtgactgcattcttattattactatctcttccagttctagctggtgctattactatattattaacagatcgtaatttcaataccagattttttgaccctgctggtggaggtgatcctattctctaccaacatctatt-",203,11.1700000762939
"Ezul_76_NEx_01","Ezul_76_NEx","Ezul","Elysia zuleicae","Udotea","predominantly_planktotrophic",76,"NEx","NEx",1,FALSE,1,"NEx","Northern Exumas",24.7666666667,-76.8169444444,"taccttgtatgtagtttttggaatgtgatgtgggttagtaggaactggccttagtcttttaattcgtttcgaactaggaacttctggtgcttttttaggtgacgaccacttctataatgtaattgtaacagcccatgctttcgttataattttctttatagttatacctttaataattggtggattcggaaattgaatagtgcctattttaattggtgctcctgatataagttttccccgaatgaacaatataagattctgacttcttcctccttctttcatttttcttctatgttcaagtctcgtagaaggaggtgcaggaacaggatgaacagtctaccctcctctgaggggtcctattggtcacgggggtgcttccgttgacttggcaattttttcgctgcacttagcggggatatcctctattctgggtgcggtaaactttattacaactatttttaacatgcgctctcctggaatgacaatggaacgtttaagtttatttgtctgatcagttctagtgactgcattcttattattactatctcttccagttctagctggtgctattactatattattaacagatcgtaacttcaataccagattttttgaccctgctggtggaggtgatcctattctctaccaacatctattt",204,11.1700000762939
"Ezul_77_NEx_01","Ezul_77_NEx","Ezul","Elysia zuleicae","Udotea","predominantly_planktotrophic",77,"NEx","NEx",1,FALSE,1,"NEx","Northern Exumas",24.7666666667,-76.8169444444,"taccttgtatgtagtttttggaatgtgatgcgggttagtaggaactggccttagtcttttaattcgtttcgaactaggaacttctggtgcttttttaggtgacgaccacttctataatgtaattgtaacagcccatgctttcgttataattttctttatagttatacctttaataattggtggattcggaaattggatagtgcctattttaattggtgctcctgatataagttttccccgaatgaacaatataagattctgacttcttcctccttctttcatttttcttctatgttcaagtctcgtagaaggaggtgcaggaacaggatgaacagtctaccctcctctgaggggtcctattggtcacgggggcgcttccgttgacttggcaattttttcgcttcacttagcggggatatcctctattctgggtgcggtaaactttattacaactatttttaacatgcgctctcctggaatgacaatggaacgtttaagtttatttgtctgatcagttctagtgactgcattcttattattactatctcttccagttctagctggtgctattactatattattaacagatcgtaacttcaataccagattttttgaccctgctggtggaggtgatcctattctcta-------------",205,11.1700000762939
"Ezul_78_NEx_01","Ezul_78_NEx","Ezul","Elysia zuleicae","Udotea","predominantly_planktotrophic",78,"NEx","NEx",1,FALSE,1,"NEx","Northern Exumas",24.7666666667,-76.8169444444,"taccttgtatgtagtttttggaatgtgatgcgggttagtaggaactggccttagtcttttaattcgtttcgaactaggaacttctggtgcttttttaggtgacgaccacttctataatgtaattgtaacagcccacgctttcgttataattttctttatagttatacctttaataattggtggattcggaaattggatagtgcctattttaattggtgctcctgatataagttttccccgaatgaacaatataagattctgacttctccctccttctttcatttttcttctatgttcaagtctcgtagaaggaggtgcaggaacaggatgaacagtctaccctcctctgaggggtcctattggtcacgggggtgcttccgttgacttggcaattttttcgctgcacttagcggggatatcctctattctgggtgcggtaaactttattacaactatttttaacatgcgctctcctggaatgacaatggaacgtttaagtttatttgtctgatcagttctagtgactgcattcttattattactatctcttccagttctagctggtgctattactatattattaacagatcgtaacttcaataccagattttttgaccctgctggtggaggtgatcctattctctaccaacatctattt",206,11.1700000762939
"Ezul_79_NEx_01","Ezul_79_NEx","Ezul","Elysia zuleicae","Udotea","predominantly_planktotrophic",79,"NEx","NEx",1,FALSE,1,"NEx","Northern Exumas",24.7666666667,-76.8169444444,"taccttgtatgtagtttttggaatgtgatgcgggttagtaggaactggccttagtcttttaattcgtttcgagctaggaacttctggtgcttttttaggtgacgaccacttctataatgtaattgtaacagcccatgctttcgttataattttctttatagttatacctttaataattggtggatttggaaattggatagtgcctattttaattggtgctcctgatataagttttccccgaatgaacaatataagattctgacttcttcctccttctttcatttttcttctatgttcaagtctcgtagaaggaggtgcaggaacaggatgaacagtctaccctcctctgaggggtcctattggtcacgggggtgcttccgttgacttggcaattttttcgctgcacttagcggggatatcctctattctgggtgcggtaaactttattacaactatttttaacatgcgctctcctggaatgacaatggaacgtttaagtttatttgtctgatcagttctagtgactgcattcttattattactatctcttccagttctagctggtgctattactatattattaacagatcgtaacttcaataccagattttttgaccctgctggtggaggtgatcctattctctaccaacatctattt",207,11.1700000762939
"Ezul_80_Bim_01","Ezul_80_Bim","Ezul","Elysia zuleicae","Udotea","predominantly_planktotrophic",80,"Bim","Bim",1,FALSE,1,"Bim","Bimini",25.7386111111,-79.2722222222,"taccttgtatgtagtttttggaatgtgatgcgggttagtaggaactggccttagtcttttaattcgttttgaactaggaacttctggtgcttttttaggtgacgaccacttctataatgtaattgtaacagcccatgctttcgttataattttctttatagttatacctttaataattggtggattcggaaattggatagtgcctattttaattggtgctcctgatataagttttccccgaatgaacaatataagattctgacttcttcctccttctttcatttttcttctatgttcaagtctcgtagaaggaggtgcaggaacaggatgaacagtctaccctcctctgaggggtcctattggtcacgggggtgcttccgttgacttggcaattttttcgctgcacttagcggggatatcctctattctgggtgcggtaaactttattacaactatttttaacatgcgctctcctggaatgacaatggaacgtttaagtttatttgtctgatcagttctagtgactgcattcttattattactatctcttccagttctagctggtgctattactatattattaacagatcgtaacttcaacaccagatttttcgaccctgctggtggaggtgatcctattctctaccaacatctattt",208,0
"Ezul_81_Bim_01","Ezul_81_Bim","Ezul","Elysia zuleicae","Udotea","predominantly_planktotrophic",81,"Bim","Bim",1,FALSE,1,"Bim","Bimini",25.7386111111,-79.2722222222,"taccttgtatgtagtttttggaatgtgatgcgggttagtaggaactggccttagtcttttaattcgtttcgaactaggaacttctggtgcttttttaggtgacgaccacttctataatgtaattgtaacagcccatgctttcgttataattttctttatagttatacctttaataattggtggattcggaaattggatagtgcctattttaattggtgctcctgatataagttttccccgaatgaacaatataagattctgacttcttcctccttctttcatttttcttctatgttcaagtctcgtagaaggaggtgcaggaacaggatgaacagtttaccctcctctgaggggtcctattggtcacgggggtgcttccgttgacttggcaattttttcgctgcacttagcggggatatcctctattctgggtgcggtaaactttattacaactatttttaacatgcgctctcctggaatgacaatggaacgtttaagtttatttgtctgatcagttctagtgaccgcattcttattattactatctcttccagttctagctggtgctattactatattattaacagatcgtaacttcaataccagattttttgaccctgctggtggaggtgatcctattctctaccaacatctattt",209,0
"Ezul_82_Bim_01","Ezul_82_Bim","Ezul","Elysia zuleicae","Udotea","predominantly_planktotrophic",82,"Bim","Bim",1,FALSE,1,"Bim","Bimini",25.7386111111,-79.2722222222,"taccttgtatgtagtttttggaatgtgatgtgggttagtagggactggccttagtcttttaattcgtttcgaactaggaacttctggtgcttttttaggtgacgaccacttctataatgtaattgtaacagcccatgctttcgttataattttctttatagttatacctttaataattggtggattcggaaattggatagtgcctattttaattggtgctcctgatataagttttccccgaatgaacaatataagattctgacttcttcctccttctttcatttttcttctatgttcaagtctcgtagaaggaggtgcaggaacaggatgaacagtctaccctcctctgaggggtcctattggtcacgggggtgcttccgttgacttggcaattttttcgctgcacttagcggggatatcctctattctgggtgcggtaaactttattacaactatttttaacatgcgctctcctggaatgacaatggaacgtttaagtttatttgtctgatcagttctagtgactgcattcttattattactatctcttccagttctagctggtgctattactatattattaacagatcgtaacttcaataccagattttttgaccctgctggtggaggtgatcctattctctaccaacatctattt",210,0
"Ezul_83_Bim_01","Ezul_83_Bim","Ezul","Elysia zuleicae","Udotea","predominantly_planktotrophic",83,"Bim","Bim",1,FALSE,1,"Bim","Bimini",25.7386111111,-79.2722222222,"taccttgtatgtagtttttggaatgtgatgtgggttagtgggaactggccttagtcttttaattcgtttcgaactaggaacttctggtgcttttctaggtgacgaccacttctataatgtaattgtaacagcccacgctttcgttataattttctttatagttatacctttaataattggtggatttggaaattggatagtacctattttaattggtgctcctgatataagctttccccgaatgaataatataagattctgacttcttcctccttctttcatttttcttctatgttcaagtctcgtagaaggaggtgcaggaacaggatgaacagtctaccctcctctgaggggtcctattggtcacgggggtgcttccgttgacttggcaattttttcgctgcacttagcggggatatcctctattctgggtgcggtaaactttattacaactatttttaacatgcgctctcctggaatgacaatggaacgtttaagtttatttgtctgatcagttctggttactgcattcttattattactatctcttccagttctagctggtgctattactatattattaacagatcgtaatttcaataccagattttttgaccctgccggtggaggtgatcctattctctaccaacatctattt",211,0
"Ezul_84_Bim3_01","Ezul_84_Bim3","Ezul","Elysia zuleicae","Udotea","predominantly_planktotrophic",84,"Bim3","Bim",1,FALSE,1,"Bim","Bimini",25.7386111111,-79.2722222222,"taccttgtatgtagtttttggaatgtgatgtgggttagtgggaactggccttagccttttaattcgttccgaactaggaacttctggtgcttttctaggtgacgaccacttctataatgtaattgtaacagcccacgctttcgttataattttctttatagttatacctttaataattggtggatttggaaattggatagtacctattttaattggtgctcctgatataagttttccccgaatgaataatataagattctgacttcttcctccttctttcatttttcttctatgttcaagtctcgtagaaggaggtgcaggaacaggatgaacagtgtaccctcctctgaggggtcctattggtcacgggggtgcttccgttgacttggcaattttttcgctgcacttagcggggatatcctctattctgggtgcggtaaactttattacaactatttttaacatgcgctctcctggaatgacaatggaacgtttaagtttatttgtctgatcagttctggtgactgcattcttattattactatctcttccagttctagctggtgctattactatgttattaacagatcgtaattttaataccagattttttgaccctgccggtggaggtgatcccattctctaccaacatctattt",212,0
"Ezul_85_Bim_01","Ezul_85_Bim","Ezul","Elysia zuleicae","Udotea","predominantly_planktotrophic",85,"Bim","Bim",1,FALSE,1,"Bim","Bimini",25.7386111111,-79.2722222222,"--ccttgtatgtagtttttggaatgtgatgcgggttagtaggaactggccttagtcttttaattcgtttcgaactaggaacttctggtgcttttttaggtgacgaccacttctataatgtaattgtaacagctcatgctttcgttataattttctttatagttatacctttaataattggtggattcggaaattggatagtgcctattttaattggtgctcctgatataagttttccccgaatgaacaatataagattctgacttcttcctccttctttcatttttcttctatgttcaagtctcgtagaaggaggtgcaggaacaggatgaacagtctaccctcctctgaggggtcctattggtcacggaggtgcttccgttgacttggcaattttttcgctgcacttagcggggatatcctctattctgggtgcggtaaactttattacaactatttttaacatgcgctctcctggaatgacaatggaacgtttaagtttatttgtctgatcagttctagtgaccgcattcttattattactatctcttccagttctagctggtgctattactatattattaacagatcgtaactttaataccagattttttgaccctgctggtggaggtgatcctattctctaccaacatctattt",213,0
"Ezul_86_Bim_01","Ezul_86_Bim","Ezul","Elysia zuleicae","Udotea","predominantly_planktotrophic",86,"Bim","Bim",1,FALSE,1,"Bim","Bimini",25.7386111111,-79.2722222222,"taccttgtatgtagtttttggaatgtgatgcgggctagtaggaactggccttagtcttttaattcgtttcgaactaggaacttctggtgcttttttaggtgacgaccacttctataatgtaattgtaacagcccatgctttcgttataattttctttatagttatacctttaataattggtggattcggaaattggatagtgcctattttaattggtgctcctgatataagttttccccgaatgaataatataagattctgacttcttcctccttctttcatttttcttctatgttcaagtctcgtagaaggaggtgcaggaacaggatgaacagtctaccctcctctgaggggtcctattggtcacgggggtgcttccgttgacttggcaattttttcgctgcacttagcggggatatcctctattctgggtgcggtaaactttattacaactatttttaacatgcgctctcctggaatgacaatggaacgtttaagtttatttgtctgatcagttctagtgactgcattcttattattactatctcttccagttctagctggtgctattactatattattaacagatcgtaacttcaataccagattttttgaccctgctggtggaggtgatcctattctctaccaacatctattt",214,0
"Ezul_87_Bim_01","Ezul_87_Bim","Ezul","Elysia zuleicae","Udotea","predominantly_planktotrophic",87,"Bim","Bim",1,FALSE,1,"Bim","Bimini",25.7386111111,-79.2722222222,"taccttgtatgtagtttttggaatgtgatgcgggttagtaggaactggccttagtcttttaattcgtttcgaactaggaacttctggtgcttttttaggtgacgaccacttctataatgtaattgtaacagcccatgctttcgttataattttctttatagttatacctttaataattggtggattcggaaattggatagtgcctattttaattggtgctcctgatataagttttccccgaatgaacaatataagattctgacttcttcccccttctttcatttttcttctatgttcaagtctcgtagaaggaggtgcaggaacaggatgaacagtctaccctcctctgaggggtcctattggtcacgggggtgcttccgttgacttggcaattttttcgctgcacttagcggggatatcctctattctgggtgcggtaaactttattacaactatttttaacatgcgctctcctggaatgacaatggaacgtttaagtttatttgtctgatcagttctagtgactgcattcttattattactatctcttccagttctagctggtgctattactatattactaacagatcgtaacttcaataccagattttttgaccctgctggtggaggtgatcctattctctaccaacatctattt",215,0
"Ezul_88_Cur_01","Ezul_88_Cur","Ezul","Elysia zuleicae","Udotea","predominantly_planktotrophic",88,"Cur","Cur",1,FALSE,1,"Cur_SH","Curaçao, Spanish Harbor",12.0852777778,-68.8486111111,"taccttgtatgtagtttttggaatgtgatgcgggttagtaggaactggccttagtcttttaattcgtttcgaactaggaacttctggtgcttttttaggtgacgaccacttctataatgtaattgtaacagcccacgctttcgttataattttctttatagttatacctttaataattggtggattcggaaattggatagtgcctattttaattggtgctcctgatataagttttccccgaatgaacaatataagattctgacttcttcctccttctttcatttttcttctatgttcaagtctcgtagaaggaggtgcaggaacaggatgaacagtctaccctcctctgaggggtcctattggtcacgggggtgcttccgttgacttggcaattttttcgctgcacttagcggggatatcctctattctgggtgcggtaaactttattacaactatttttaacatgcgctctcctggaatgacaatggaacgtttaagtttatttgtctgatcagttctagtgactgcattcttattactactatctcttccagttctagctggtgctattactatattattaacagatcgtaacttcaataccagattttttgaccctgctggtggaggtgatcctattctctaccaacatctattt",216,0
"Ezul_88_Cur_02","Ezul_88_Cur","Ezul","Elysia zuleicae","Udotea","predominantly_planktotrophic",88,"Cur","Cur",1,FALSE,2,"Cur_PB","Curaçao, Piscadero Bay",12.1352777778,-68.965,"taccttgtatgtagtttttggaatgtgatgcgggttagtaggaactggccttagtcttttaattcgtttcgaactaggaacttctggtgcttttttaggtgacgaccacttctataatgtaattgtaacagcccacgctttcgttataattttctttatagttatacctttaataattggtggattcggaaattggatagtgcctattttaattggtgctcctgatataagttttccccgaatgaacaatataagattctgacttcttcctccttctttcatttttcttctatgttcaagtctcgtagaaggaggtgcaggaacaggatgaacagtctaccctcctctgaggggtcctattggtcacgggggtgcttccgttgacttggcaattttttcgctgcacttagcggggatatcctctattctgggtgcggtaaactttattacaactatttttaacatgcgctctcctggaatgacaatggaacgtttaagtttatttgtctgatcagttctagtgactgcattcttattactactatctcttccagttctagctggtgctattactatattattaacagatcgtaacttcaataccagattttttgaccctgctggtggaggtgatcctattctctaccaacatctattt",216,0
"Ezul_89_Cur_01","Ezul_89_Cur","Ezul","Elysia zuleicae","Udotea","predominantly_planktotrophic",89,"Cur","Cur",1,FALSE,1,"Cur_SH","Curaçao, Spanish Harbor",12.0852777778,-68.8486111111,"--------------gtttttggatgtgatgcgggttagtaggaactggccttagtcttttaattcgtttcgaactaggaacttctggtgcttttttaggtgacgaccacttctataatgtaattgtaacagcccatgctttcgttataattttctttatagttatacctttaataattggtggattcggaaattggatagtgcctattttaattggtgctcccgatataagttttccccgaatgaataatataagattctgacttcttcctccttctttcatttttcttctatgttcaagtctcgtagaaggaggtgcaggaacaggatgaacagtctaccctcctctgaggggtcctattggtcacgggggtgcttccgttgacttggcaattttttcgctgcacttagcggggatatcctctattctgggtgcggtaaactttattacaactatttttaacatgcgctctcctggaatgacaatggaacgtttaagtttatttgtctgatcagttctagtgactgcattcttattattactatctcttccagttctagctggtgctatcactatattattaacagatcgtaacttcaataccagattttttgaccctgctggtggaggtgatcctattctctaccaacatctattt",217,0
"Ezul_89_Cur_02","Ezul_89_Cur","Ezul","Elysia zuleicae","Udotea","predominantly_planktotrophic",89,"Cur","Cur",1,FALSE,2,"Cur_PB","Curaçao, Piscadero Bay",12.1352777778,-68.965,"--------------gtttttggatgtgatgcgggttagtaggaactggccttagtcttttaattcgtttcgaactaggaacttctggtgcttttttaggtgacgaccacttctataatgtaattgtaacagcccatgctttcgttataattttctttatagttatacctttaataattggtggattcggaaattggatagtgcctattttaattggtgctcccgatataagttttccccgaatgaataatataagattctgacttcttcctccttctttcatttttcttctatgttcaagtctcgtagaaggaggtgcaggaacaggatgaacagtctaccctcctctgaggggtcctattggtcacgggggtgcttccgttgacttggcaattttttcgctgcacttagcggggatatcctctattctgggtgcggtaaactttattacaactatttttaacatgcgctctcctggaatgacaatggaacgtttaagtttatttgtctgatcagttctagtgactgcattcttattattactatctcttccagttctagctggtgctatcactatattattaacagatcgtaacttcaataccagattttttgaccctgctggtggaggtgatcctattctctaccaacatctattt",217,0
"Ezul_90_Cur_01","Ezul_90_Cur","Ezul","Elysia zuleicae","Udotea","predominantly_planktotrophic",90,"Cur","Cur",1,FALSE,1,"Cur_SH","Curaçao, Spanish Harbor",12.0852777778,-68.8486111111,"taccttgtatgtagtttttggaatgtgatgcgggttagtaggaactggccttagtcttttaattcgtttcgaactaggaacttctggtgcttttttaggtgacgaccacttctataatgtaattgtaacagcccatgctttcgttataattttctttatagttatacctttaataattggtggattcggaaattggatagtgcctattttaattggtgctcctgatataagttttccccgaatgaacaatataagattctgacttcttcctccttctttcatttttcttctatgttcaagtctcgtagaaggaggtgcaggaacaggatgaacagtctaccctcctctgaggggttctattggtcacgggggtgcttccgttgacttggcaattttttcgctgcacttagcggggatatcctctattctgggtgcggtaaactttattacaactatttttaacatgcgctctcctggaatgacaatggaacgtttaagtttatttgtctgatcagttctagtgactgcattcttattactactatctcttccagttctagctggtgctattactatattattaacagatcgtaatttcaataccagattttttgaccctgctggtggaggtgatcctattctctaccaacatctattt",218,0
"Ezul_90_Cur_02","Ezul_90_Cur","Ezul","Elysia zuleicae","Udotea","predominantly_planktotrophic",90,"Cur","Cur",1,FALSE,2,"Cur_PB","Curaçao, Piscadero Bay",12.1352777778,-68.965,"taccttgtatgtagtttttggaatgtgatgcgggttagtaggaactggccttagtcttttaattcgtttcgaactaggaacttctggtgcttttttaggtgacgaccacttctataatgtaattgtaacagcccatgctttcgttataattttctttatagttatacctttaataattggtggattcggaaattggatagtgcctattttaattggtgctcctgatataagttttccccgaatgaacaatataagattctgacttcttcctccttctttcatttttcttctatgttcaagtctcgtagaaggaggtgcaggaacaggatgaacagtctaccctcctctgaggggttctattggtcacgggggtgcttccgttgacttggcaattttttcgctgcacttagcggggatatcctctattctgggtgcggtaaactttattacaactatttttaacatgcgctctcctggaatgacaatggaacgtttaagtttatttgtctgatcagttctagtgactgcattcttattactactatctcttccagttctagctggtgctattactatattattaacagatcgtaatttcaataccagattttttgaccctgctggtggaggtgatcctattctctaccaacatctattt",218,0
"Ezul_91_Cur_01","Ezul_91_Cur","Ezul","Elysia zuleicae","Udotea","predominantly_planktotrophic",91,"Cur","Cur",1,FALSE,1,"Cur_SH","Curaçao, Spanish Harbor",12.0852777778,-68.8486111111,"taccttgtatgtagtttttggaatgtgatgcgggttagtaggaactggccttagtcttttaattcgtttcgaattaggaacttctggtgcttttttaggtgacgaccacttctataatgtaattgtaacagcccacgctttcgttataattttctttatagttatacctttaataattggtggattcggaaattggatagtgcctattttaattggtgctcctgatataagttttccccgaatgaacaacataagattctgacttcttcctccttctttcatttttcttctatgttcaagtctcgtagaaggaggtgcaggaacaggatgaacagtctaccctcctctgaggggtcctattggtcacgggggtgcttccgttgacttggcaattttttcgctgcacttagcggggatatcctctattctgggtgcggtaaactttattacaactatttttaacatgcgctctcctggaatgacaatggaacgtttaagtttatttgtctgatcagttctagtgactgcattcttattattactatctcttccagttctagctggtgctattactatattattaacagatcgtaacttcaataccagattttttgaccctgctggtggaggtgatcctattctctaccaacatctattt",219,0
"Ezul_91_Cur_02","Ezul_91_Cur","Ezul","Elysia zuleicae","Udotea","predominantly_planktotrophic",91,"Cur","Cur",1,FALSE,2,"Cur_PB","Curaçao, Piscadero Bay",12.1352777778,-68.965,"taccttgtatgtagtttttggaatgtgatgcgggttagtaggaactggccttagtcttttaattcgtttcgaattaggaacttctggtgcttttttaggtgacgaccacttctataatgtaattgtaacagcccacgctttcgttataattttctttatagttatacctttaataattggtggattcggaaattggatagtgcctattttaattggtgctcctgatataagttttccccgaatgaacaacataagattctgacttcttcctccttctttcatttttcttctatgttcaagtctcgtagaaggaggtgcaggaacaggatgaacagtctaccctcctctgaggggtcctattggtcacgggggtgcttccgttgacttggcaattttttcgctgcacttagcggggatatcctctattctgggtgcggtaaactttattacaactatttttaacatgcgctctcctggaatgacaatggaacgtttaagtttatttgtctgatcagttctagtgactgcattcttattattactatctcttccagttctagctggtgctattactatattattaacagatcgtaacttcaataccagattttttgaccctgctggtggaggtgatcctattctctaccaacatctattt",219,0
"Ezul_92_Cur_01","Ezul_92_Cur","Ezul","Elysia zuleicae","Udotea","predominantly_planktotrophic",92,"Cur","Cur",1,FALSE,1,"Cur_SH","Curaçao, Spanish Harbor",12.0852777778,-68.8486111111,"taccttgtatgtagtttttggaatgtgatgcgggttagtaggaactggccttagtcttttaattcgtttcgaactaggaacttctggtgcttttttaggtgacgaccacttctataatgtaattgtaacagctcatgctttcgttataattttctttatagttatacctttaataattggcggattcggaaattggatagtgcctattttaattggtgctcctgatataagtttcccccgaatgaacaatataagattctgacttcttcctccttctttcatttttcttctatgttcaagtctcgtagaaggaggtgcaggaacaggatgaacagtctaccctcctctgaggggtcctatcggtcacgggggtgcttccgttgacttggcaattttttcgctgcacttagcggggatatcctctattctgggtgcggtaaactttattacaactatttttaacatgcgctctcctggaatgacaatggaacgtttaagtttatttgtctgatcagttctagtgactgcattcttactattactatctcttccagttctagctggtgctattactatattattaacagatcgtaacttcaataccagattttttgaccctgctggtggaggtgatcctattctctaccaacatctattt",220,0
"Ezul_92_Cur_02","Ezul_92_Cur","Ezul","Elysia zuleicae","Udotea","predominantly_planktotrophic",92,"Cur","Cur",1,FALSE,2,"Cur_PB","Curaçao, Piscadero Bay",12.1352777778,-68.965,"taccttgtatgtagtttttggaatgtgatgcgggttagtaggaactggccttagtcttttaattcgtttcgaactaggaacttctggtgcttttttaggtgacgaccacttctataatgtaattgtaacagctcatgctttcgttataattttctttatagttatacctttaataattggcggattcggaaattggatagtgcctattttaattggtgctcctgatataagtttcccccgaatgaacaatataagattctgacttcttcctccttctttcatttttcttctatgttcaagtctcgtagaaggaggtgcaggaacaggatgaacagtctaccctcctctgaggggtcctatcggtcacgggggtgcttccgttgacttggcaattttttcgctgcacttagcggggatatcctctattctgggtgcggtaaactttattacaactatttttaacatgcgctctcctggaatgacaatggaacgtttaagtttatttgtctgatcagttctagtgactgcattcttactattactatctcttccagttctagctggtgctattactatattattaacagatcgtaacttcaataccagattttttgaccctgctggtggaggtgatcctattctctaccaacatctattt",220,0
"Ezul_93_Cur_Bim_01","Ezul_93_Cur_Bim","Ezul","Elysia zuleicae","Udotea","predominantly_planktotrophic",93,"Cur_Bim","Cur;Bim",2,TRUE,1,"Bim","Bimini",25.7386111111,-79.2722222222,"taccttgtatgtagtttttggaatgtgatgcgggttagtaggaactggccttagtcttttaattcgtttcgaactaggaacttctggtgcttttttaggtgacgaccacttctataatgtaattgtaacagcccatgctttcgttataattttctttatagttatacctttaataattggtggattcggaaattggatagtgcctattttaattggtgctcctgatataagttttccccgaatgaacaatataagattctgacttcttcctccttctttcatttttcttctatgttcaagtctcgtagaaggaggtgcaggaacaggatgaacagtctaccctcctctgaggggccctattggtcacgggggtgcttccgttgacttggcaattttttcgctgcacttagcggggatatcctctattctgggtgcggtaaactttattacaactatttttaacatgcgctctcctggaatgacaatggaacgtttaagtttatttgtctgatcagttctagtgactgcattcttattattactatctcttccagttctagctggtgctattactatattattaacagatcgtaacttcaataccagattttttgaccctgctggtggaggtgatcctattctctaccaacatctattt",221,0
"Ezul_93_Cur_Bim_02","Ezul_93_Cur_Bim","Ezul","Elysia zuleicae","Udotea","predominantly_planktotrophic",93,"Cur_Bim","Cur;Bim",2,TRUE,2,"Cur_SH","Curaçao, Spanish Harbor",12.0852777778,-68.8486111111,"taccttgtatgtagtttttggaatgtgatgcgggttagtaggaactggccttagtcttttaattcgtttcgaactaggaacttctggtgcttttttaggtgacgaccacttctataatgtaattgtaacagcccatgctttcgttataattttctttatagttatacctttaataattggtggattcggaaattggatagtgcctattttaattggtgctcctgatataagttttccccgaatgaacaatataagattctgacttcttcctccttctttcatttttcttctatgttcaagtctcgtagaaggaggtgcaggaacaggatgaacagtctaccctcctctgaggggccctattggtcacgggggtgcttccgttgacttggcaattttttcgctgcacttagcggggatatcctctattctgggtgcggtaaactttattacaactatttttaacatgcgctctcctggaatgacaatggaacgtttaagtttatttgtctgatcagttctagtgactgcattcttattattactatctcttccagttctagctggtgctattactatattattaacagatcgtaacttcaataccagattttttgaccctgctggtggaggtgatcctattctctaccaacatctattt",221,0
"Ezul_93_Cur_Bim_03","Ezul_93_Cur_Bim","Ezul","Elysia zuleicae","Udotea","predominantly_planktotrophic",93,"Cur_Bim","Cur;Bim",2,TRUE,3,"Cur_PB","Curaçao, Piscadero Bay",12.1352777778,-68.965,"taccttgtatgtagtttttggaatgtgatgcgggttagtaggaactggccttagtcttttaattcgtttcgaactaggaacttctggtgcttttttaggtgacgaccacttctataatgtaattgtaacagcccatgctttcgttataattttctttatagttatacctttaataattggtggattcggaaattggatagtgcctattttaattggtgctcctgatataagttttccccgaatgaacaatataagattctgacttcttcctccttctttcatttttcttctatgttcaagtctcgtagaaggaggtgcaggaacaggatgaacagtctaccctcctctgaggggccctattggtcacgggggtgcttccgttgacttggcaattttttcgctgcacttagcggggatatcctctattctgggtgcggtaaactttattacaactatttttaacatgcgctctcctggaatgacaatggaacgtttaagtttatttgtctgatcagttctagtgactgcattcttattattactatctcttccagttctagctggtgctattactatattattaacagatcgtaacttcaataccagattttttgaccctgctggtggaggtgatcctattctctaccaacatctattt",221,0
"Ezul_94_Cur_01","Ezul_94_Cur","Ezul","Elysia zuleicae","Udotea","predominantly_planktotrophic",94,"Cur","Cur",1,FALSE,1,"Cur_SH","Curaçao, Spanish Harbor",12.0852777778,-68.8486111111,"taccttgtatgtagtttttggaatgtgatgcgggttagtaggaactggccttagtcttttaattcgtttcgaactaggaacttctggtgcttttttaggtgacgaccacttctataatgtaattgtaacagcccatgctttcgttataattttctttatagttatacctttaataattggcggattcggaaattggatagtgcctattttaattggtgctcctgatataagttttccccgaatgaacaatataagattctgacttcttcctccttctttcatttttcttctatgttcaagtctcgtagaaggaggtgcaggaacaggatgaacagtctaccctcctctgaggggtcctattggtcacgggggtgcttccgttgacttggcaattttttcgctgcacttagcggggatatcctctattctgggtgcggtaaactttattacaactatttttaacatgcgctctcctggaatgacaatggaacgtttaagtttatttgtctgatcagttctagtgactgcattcttattattactatctcttccagttctagctggtgctattactatattattaacagatcgtaacttcaataccagattttttgaccctgctggtggaggtgatcctattctctaccaacatctattt",222,0
"Ezul_94_Cur_02","Ezul_94_Cur","Ezul","Elysia zuleicae","Udotea","predominantly_planktotrophic",94,"Cur","Cur",1,FALSE,2,"Cur_PB","Curaçao, Piscadero Bay",12.1352777778,-68.965,"taccttgtatgtagtttttggaatgtgatgcgggttagtaggaactggccttagtcttttaattcgtttcgaactaggaacttctggtgcttttttaggtgacgaccacttctataatgtaattgtaacagcccatgctttcgttataattttctttatagttatacctttaataattggcggattcggaaattggatagtgcctattttaattggtgctcctgatataagttttccccgaatgaacaatataagattctgacttcttcctccttctttcatttttcttctatgttcaagtctcgtagaaggaggtgcaggaacaggatgaacagtctaccctcctctgaggggtcctattggtcacgggggtgcttccgttgacttggcaattttttcgctgcacttagcggggatatcctctattctgggtgcggtaaactttattacaactatttttaacatgcgctctcctggaatgacaatggaacgtttaagtttatttgtctgatcagttctagtgactgcattcttattattactatctcttccagttctagctggtgctattactatattattaacagatcgtaacttcaataccagattttttgaccctgctggtggaggtgatcctattctctaccaacatctattt",222,0
"Ezul_95_USVI_01","Ezul_95_USVI","Ezul","Elysia zuleicae","Udotea","predominantly_planktotrophic",95,"USVI","USVI",1,FALSE,1,"USVI","U.S. Virgin Islands, St. Thomas",18.35,-64.8666666667,"taccttgtatgtagtttttggaatgtgatgcgggttagtaggaactggccttagtcttttaattcgtttcgaactaggaacttctggtgcttttttaggtgacgaccacttctataatgtaattgtaacagcccatgctttcgttataattttctttatagttatacctttaataattggtggattcggaaattggatagtgcctattttaattggtgctcctgatataagttttccccgaatgaacaatataagattctgacttcttcctccttctttcatttttcttctatgttcaagtctcgtagaaggaggtgcaggaacaggatgaacagtctaccctcctctgaggggtcctattggtcacgggggtgcttccgttgacttggcaattttttcgctgcacttagcggggatatcctctattctgggtgcggtaaactttattacaactatttttaacatgcgctctcctggaatgacaatggaacgtttgagtttatttgtctgatcagttctagtgactgcattcttattattactatctcttccagttctagctggtgctattactatattattaacagatcgtaacttcaataccagattttttgaccctgctggtggaggtgatcctattctctaccaacatctattt",223,9.71552562713623
"Ezul_96_USVI_01","Ezul_96_USVI","Ezul","Elysia zuleicae","Udotea","predominantly_planktotrophic",96,"USVI","USVI",1,FALSE,1,"USVI","U.S. Virgin Islands, St. Thomas",18.35,-64.8666666667,"taccttgtatgtagtttttggaatgtgatgcgggttagtaggaactggccttagtcttttaattcgtttcgaactaggaacttctggtgcttttttaggtgacgaccacttctataatgtaattgtaacagcccatgctttcgttataattttctttatagttatacctttaataattggtggattcggaaattggatagtgcctattttaattggtgctcctgatataagttttccccgaatgaacaatataagattctgacttcttcctccttctttcatttttcttctatgttcaagtctcgtagaaggaggwgcaggaacaggatgaacagtctaccctcctctgaggggtcctattggtcacgggggtgcttccgttgacttggcaattttttcgctgcacttagcggggatatcctctattctgggtgcggtaaactttattacaactatttttaacatgcgctctcccggaatgacaatggaacgtttaagtttatttgtctgatcagttctagtgactgcattcttattattactatctcttccagttctagctggtgctattactatattattaacagatcgtaacttcaataccagattttttgaccctgctggtggaggtgatcctattctctac------------",224,9.71552562713623
"Ezul_97_USVI_01","Ezul_97_USVI","Ezul","Elysia zuleicae","Udotea","predominantly_planktotrophic",97,"USVI","USVI",1,FALSE,1,"USVI","U.S. Virgin Islands, St. Thomas",18.35,-64.8666666667,"taccttgtatgtagtttttggaatgtgatgcgggttagtaggaactggccttagtcttttaattcgtttcgaactaggaacttctggtgcttttttaggtgacgaccacttctataatgtaattgtaacagcccacgctttcgttataattttctttatagttatacctttaataattggtggattcggaaattggatagtgcctattttaattggtgctcctgatataagttttccccgaatgaataatataagattctgacttcttcctccttctttcatttttcttctatgttcaagtctcgtagaaggaggtgcaggaacaggatgaacagtctaccctcctctgaggggtcctattggtcacgggggtgcttccgttgacttggcaattttttcgctgcacttagcggggatatcctctattctgggtgcggtaaactttattacaactatttttaacatgcgctctcctggaatgacaatggaacgtttaagtttatttgtctgatcagttctagtgactgcattcttattattactatctcttccagttctagctggtgctattactatattattaacagatcgtaacttcaataccagattttttgaccctgctggtgggggtgatcctattctcta-------------",225,9.71552562713623
"Ezul_98_USVI_01","Ezul_98_USVI","Ezul","Elysia zuleicae","Udotea","predominantly_planktotrophic",98,"USVI","USVI",1,FALSE,1,"USVI","U.S. Virgin Islands, St. Thomas",18.35,-64.8666666667,"taccttgtatgtagtttttggaatgtgatgcgggttagtaggaactggccttagtcttttaattcgtttcgaactaggaacttctggtgcttttttaggtgacgaccacttctataatgtaattgtaacagcccacgctttcgttataattttctttatagttatacctttaataattggtgggttcggaaattggatagtgcctattttaattggtgctcctgatataagttttccccgaatgaacaatataagattctgacttcttcctccttctttcatttttcttctatgttcaagtctcgtagaaggaggtgcaggaacaggatgaacagtctaccctcctctgaggggtcctattggtcacgggggtgcttccgtcgacttggcaattttttcgctgcacttagcggggatatcctctattctgggtgcggtaaactttattacaactatttttaacatgcgctctcctggaatgacaatggaacgtttaagtttatttgtctgatcagttctagtgactgcattcttattattactatctcttccagttctagctggtgctattactatattattaacagatcgtaacttcaataccagattttttgaccctgctggtggaggtgatcctattctgta-------------",226,9.71552562713623
"Ezul_99_USVI_01","Ezul_99_USVI","Ezul","Elysia zuleicae","Udotea","predominantly_planktotrophic",99,"USVI","USVI",1,FALSE,1,"USVI","U.S. Virgin Islands, St. Thomas",18.35,-64.8666666667,"taccttgtatgtagtttttggaatgtgatgcgggttagtaggaactggccttagtcttttaattcgtttcgaactaggaacttctggtgcttttttaggtgacgaccacttctataatgtaattgtaacagcccatgctttcgttataattttctttatagttatacctttaataattggtggattcggaaattggatagtgcctattttaattggtgctcctgatataagttttccccgaatgaacaatataagattctgacttcttcctccttctttcatttttcttctatgttcaagtctcgtagaaggaggtgcaggaacaggatgaacagtctaccctcctctgaggggtcctattggtcacgggggtgcttccgttgacttggcaattttttcgctgcacttagcgggaatatcctctattctgggtgcggtaaactttattacaactatttttaacatgcgctctcctggaatgacaatggaacgtttaagtttatttgtctgatcagttttagtgactgcattcttattattactatctcttccagttctagctggtgctattactatattattaacagatcgtaacttcaataccanattttttgaccctgctggtggaggtgatcctattctcta-------------",227,9.71552562713623
"E_cf_zul_100_USVI_01","E_cf_zul_100_USVI","E_cf_zul","Elysia cf. zuleicae","Udotea",NA,100,"USVI","USVI",1,FALSE,1,"USVI","U.S. Virgin Islands, St. Thomas",18.35,-64.8666666667,"tactttgtatatagttttcggaatttggtgtgggttagttggaaccggccttagtctcctaattcgtttcgaattaggaactgcgggagcttttttaggtgacgatcatttctataacgtaattgtaacagcccatgctttcgttataatttttttcatggtcatgcctctaataattggtggtttcggtaattggatagtgcctatcttaattggtgctcctgatataagtttcccccgaatgaataacataagattctgactcctgcctccgtcttttatttttcttctatgttcaagtctcgtagaaggaggtgctgggacgggatggacagtgtaccctcctctaagaggtcccatcggtcacgggggtgcttctgttgacttggcaattttttcgttgcacttagcagggatatcttctattctgggtgcggtaaactttattacaactatttataacatgcgatcccctggaatgacaatggaacgtttaagtttatttgtttggtccgttctggtaactgcattcttattactattatctcttccagtcttagctggngctattactatactattaacacatcgtaattttantactatattttttgatcctgccgccgggggtgat------------------------",228,9.71552562713623
"Ezul_101_USVI_01","Ezul_101_USVI","Ezul","Elysia zuleicae","Udotea","predominantly_planktotrophic",101,"USVI","USVI",1,FALSE,1,"USVI","U.S. Virgin Islands, St. Thomas",18.35,-64.8666666667,"--ccttgtatgtagtttttggaatgtgatgcgggttagtaggaactggtcttagtcttttaattcgtttcgaactaggaacttctggtgcttttttaggtgacgaccacttctataatgtaattgtgacagcccatgctttcgttataattttctttatagttatacctttaataattggtggattcggaaattggatagtgcctattttaattggtgctcctgatataagttttccccgaatgaacaatataagattctgacttcttcctccttctttcatttttcttctatgttcaagtctcgtagaaggaggtgcaggaacaggatgaacagtctaccctcctctgaggggtcctatcggtcacgggggtgcttccgttgacttggcaattttttcgctgcacttagcggggatatcctctattctgggtgcggtaaactttattacaactatttttaacatgcgctctcctggaatgacaatggaacgtttaagtttatttgtctgatcagttctagtgactgcattcttattattactatctcttccagttctagctggtgctattactatattattaacagatcgtaacttcaataccagattttttgaccctgctggtggaggtgatcctattctcta-------------",229,9.71552562713623
"Ezul_102_USVI_01","Ezul_102_USVI","Ezul","Elysia zuleicae","Udotea","predominantly_planktotrophic",102,"USVI","USVI",1,FALSE,1,"USVI","U.S. Virgin Islands, St. Thomas",18.35,-64.8666666667,"taccttgtatgtagtttttggaatgtgatgcgggttagtaggaactggccttagtcttttaattcgtttcgaactaggaacttctggtgcttttttaggtgacgaccacttctataatgtaattgtaacagcccacgctttcgttataattttctttatagttatacctttaataattggtggattcggaaattggatagtgcctattttaattggtgctcctgatataagttttccccgaatgaacaatataagattctgacttcttcctccttctttcatttttcttctatgttcaagtctcgtagaaggaggtgcaggaacaggatgaacagtctaccctcctctgaggggtcctattggtcacgggggtgcttccgttgacttggcaattttttcgctgcacttagcggggatatcctctattctgggtgcggtaaactttattacaactatttttaacatgcgctctcctggaatgacaatggaacgtttaagtttatttgtctgatcagttctagtgaccgcattcttattattactatctcttccagttctagctggtgctattactatattattaacagatcgtaacttcaataccagattttttgaccctgctggtggaggtgatcctattctcta-------------",230,9.71552562713623
"Ebuo_103_04SSal02_01","Ebuo_103_04SSal02","Ebuo","Elysia buonoi","Udotea",NA,103,"04SSal02","SSal",1,FALSE,1,"SSal","San Salvador",24.141806,-74.471139,"taccttatatgtagttttcggaatgtgatgtgggttagtaggaactggccttagtctcttaattcgttttgaactaggaacttccggtgcttttttaggtgacgatcacttttataacgtaattgtaacagctcatgcttttgttataattttttttatagttatacctttaataattggtgggttcgggaactgaatagtgcctatcttaattggtgctcccgacataagtttccctcgaatgaataacatgagattttgacttcttcccccttcttttatttttcttctatgttcaagtctcgtagaaggaggtgcaggaacaggatggacagtctaccctcctctaaggggacctatcggtcatggaggggcttccgttgacttagcaattttttccttacacttagcggggatgtcttctattctgggtgcggtaaactttattaccactatttttaacatgcgttcccctggaatgacgatggaacgtttaagtttgtttgtctgatcagtgctagtaactgcatttttactgctactatcccttccagttctagctggtgctattactatactgctaacggatcgtaattttaatactagattctttgaccctgctgggggaggggaccctattctataccaacatttattt",231,0
"Ebuo_104_04SSal12_01","Ebuo_104_04SSal12","Ebuo","Elysia buonoi","Udotea",NA,104,"04SSal12","SSal",1,FALSE,1,"SSal","San Salvador",24.141806,-74.471139,"taccttatatgtagttttcggaatgtgatgtgggttagtaggaactggccttagtctcttaattcgttttgaactaggaacttccggtgcttttttaggtgacgatcacttttataacgtaattgtaacagctcatgcttttgttataattttttttatggttatacctttaataattggcgggttcgggaactgaatagtgcctatcttaattggtgctcccgacataagtttccctcgaatgaataacatgagattttgacttcttcctccttcttttatttttcttctatgttcaagtctcgtagaaggaggtgcaggaacaggatgaacagtctaccctcctctaaggggacctatcggtcatggaggggcctccgttgacttagcaattttttccttacacttagcggggatgtcttctattctgggtgcggtaaactttattaccactatttttaacatgcgttcccctggaatgacgatggaacgtttaagattgtttgtctgatcagtgctagtaactgcatttttactgctactatcccttccagttttagctggtgctattactatgctgctaacggatcgtaattttaatactagattctttgaccctgctgggggaggggaccctattctataccaacatctattt",232,0
"Ebuo_105_07SSal02_01","Ebuo_105_07SSal02","Ebuo","Elysia buonoi","Udotea",NA,105,"07SSal02","SSal",1,FALSE,1,"SSal","San Salvador",24.141806,-74.471139,"-------------------------------gggttagtaggaactggccttagtctcttaattcgttttgaactaggaacttccggtgcttttttaggtgacgatcacttttataacgtaattgtaacagctcatgcttttgttataattttttttatagttatacctttaataattggtgggttcgggaactgaatagtgcctatcttaattggtgctcccgacataagtttccctcgaatgaataacatgagattttgacttcttcccccttcttttatttttcttctatgttcaagtctcgtagaaggaggtgcaggaacaggatgaacagtctaccctcctctaaggggacctatcggtcatggaggggcttccgttgacttagcaattttttccttacacttagcggggatgtcttctattctgggtgcggtaaactttattaccactatttttaacatgcgttcccctggaatgacgatggaacgtttaagtttgtttgtctgatcagtgctagtaactgcatttttactgctactatcccttccagttctagctggtgctattactatactgctaacggatcgtaattttaatactagattctttgaccctgctgggg--------------------------------",233,0
"Ebuo_106_07SSal10_01","Ebuo_106_07SSal10","Ebuo","Elysia buonoi","Udotea",NA,106,"07SSal10","SSal",1,FALSE,1,"SSal","San Salvador",24.141806,-74.471139,"taccttatatgtagttttcggaatgtgatgtgggttagtaggaactggccttagtctcttaattcgttttgaactaggaacttccggtgcttttttaggtgacgatcacttttataacgtaattgtaacagctcatgcttttgttataattttttttatagttatacctttaataattggcgggttcgggaactgaatagtgcctattttaattggtgctcccgacataagtttccctcgaatgaataacatgagattttgacttcttcctccttcttttatttttcttctatgttcaagtctcgtagaaggaggtgcaggaacaggatgaacagtctaccctcctctaaggggacctatcggtcatggaggggcctccgttgacttagcaattttttccttacacttagcggggatgtcttctattctgggtgcggtaaactttattaccactatttttaacatgcgttcccctggaatgacgatggaacgtttaagattgtttgtctgatcagtgctagtaactgcatttttactgctactatcccttccagttctagctggtgctattactatgctgctaacggatcgtaattttaatactagattctttgaccctgctgggggaggggaccctattctataccaacatctattt",234,0
