"","Latitude","Longitude","Elevation","MAT","MWMT","MCMT","TD","MAP","MSP","AHM","SHM","bFFP","eFFP","FFP","CMD","CMI","DD_0","DD5","DD_18","DD18","DD1040","EMT","EXT","Eref","rsds","NFFD","PAS","RH","Tmax01","Tmax02","Tmax03","Tmax04","Tmax05","Tmax06","Tmax07","Tmax08","Tmax09","Tmax10","Tmax11","Tmax12","Tmin01","Tmin02","Tmin03","Tmin04","Tmin05","Tmin06","Tmin07","Tmin08","Tmin09","Tmin10","Tmin11","Tmin12","Tave01","Tave02","Tave03","Tave04","Tave05","Tave06","Tave07","Tave08","Tave09","Tave10","Tave11","Tave12","PPT01","PPT02","PPT03","PPT04","PPT05","PPT06","PPT07","PPT08","PPT09","PPT10","PPT11","PPT12","rsds01","rsds02","rsds03","rsds04","rsds05","rsds06","rsds07","rsds08","rsds09","rsds10","rsds11","rsds12","DD_0_01","DD_0_02","DD_0_03","DD_0_04","DD_0_05","DD_0_06","DD_0_07","DD_0_08","DD_0_09","DD_0_10","DD_0_11","DD_0_12","DD5_01","DD5_02","DD5_03","DD5_04","DD5_05","DD5_06","DD5_07","DD5_08","DD5_09","DD5_10","DD5_11","DD5_12","DD_18_01","DD_18_02","DD_18_03","DD_18_04","DD_18_05","DD_18_06","DD_18_07","DD_18_08","DD_18_09","DD_18_10","DD_18_11","DD_18_12","DD18_01","DD18_02","DD18_03","DD18_04","DD18_05","DD18_06","DD18_07","DD18_08","DD18_09","DD18_10","DD18_11","DD18_12","NFFD01","NFFD02","NFFD03","NFFD04","NFFD05","NFFD06","NFFD07","NFFD08","NFFD09","NFFD10","NFFD11","NFFD12","PAS01","PAS02","PAS03","PAS04","PAS05","PAS06","PAS07","PAS08","PAS09","PAS10","PAS11","PAS12","Eref01","Eref02","Eref03","Eref04","Eref05","Eref06","Eref07","Eref08","Eref09","Eref10","Eref11","Eref12","CMD01","CMD02","CMD03","CMD04","CMD05","CMD06","CMD07","CMD08","CMD09","CMD10","CMD11","CMD12","RH01","RH02","RH03","RH04","RH05","RH06","RH07","RH08","RH09","RH10","RH11","RH12","CMI01","CMI02","CMI03","CMI04","CMI05","CMI06","CMI07","CMI08","CMI09","CMI10","CMI11","CMI12","EVI_1","EVI_2","EVI_3","EVI_4","EVI_5","EVI_6","EVI_median","EVI_min","EVI_max","TRI","TPI","roughness","HLI","TWI","annualPET","aridityIndexThornthwaite","climaticMoistureIndex","continentality","embergerQ","growingDegDays0","growingDegDays5","maxTempColdest","minTempWarmest","monthCountByTemp10","PETColdestQuarter","PETDriestQuarter","PETseasonality","PETWarmestQuarter","PETWettestQuarter","thermicityIndex","footprint_value","trees","grassland","shrubs","cropland","built","bare","snow","water","wetland","mangroves","moss","Bulk_density","Coarse_fragments_volume","Nitrogen_content","Organic_carb_density","pH_H2O","Sand_fraction","Silt_fraction","Soil_organic_carb"
"8301",50.921,-114.527,1370,3.5,14.9,-7.3,22.2,556,363,24.3,41,159,250,91,162,2.48,911,1144,5292,27,445,-39.7,35,602,14.3,142,125,53,-0.1,-0.7,3.7,9.5,15.5,19,23,22.9,17.9,10.6,3.7,-0.7,-12.1,-14,-9.1,-3.7,1.2,4.8,6.9,6.2,2.4,-2.7,-8.3,-12.3,-6.1,-7.3,-2.7,2.9,8.3,11.9,14.9,14.5,10.1,3.9,-2.3,-6.5,15,21,34,45,84,111,60,58,50,32,27,19,5.1,8.6,13.8,19.4,22.9,23.6,23.1,20.6,15.2,9.4,5.6,4.1,208,218,120,22,1,0,0,0,1,15,110,217,0,0,0,23,114,208,304,294,160,41,0,0,748,704,644,453,301,184,104,113,238,439,609,756,0,0,1,0,0,3,8,8,3,0,2,1,1,0,1,5,18,27,30,30,21,7,1,0,12,20,30,17,5,1,0,1,2,4,15,16,0,0,0,57,94,112,130,111,66,32,0,0,0,0,0,12,10,1,70,53,16,0,0,0,52,47,52,55,55,56,52,51,52,55,55,53,1.5,2.1,2.9,1.99,2.09,2.4,-5.48,-5.77,-3.43,0.15,2.13,1.9,0.20160000026226,0.347600013017654,0.580399990081787,0.479200005531311,0.211799994111061,0.223199993371964,0.285400003194809,0.20160000026226,0.580399990081787,33,33,68,1.14138090610504,10.0638523101807,715.739990234375,41.2299995422363,-0.270000010728836,25.6000003814697,48.5699996948242,12705,8190,-56,63,3,8.47000026702881,18.9799995422363,4981.81982421875,127.110000610352,121.610000610352,-130,11,0.837400019168854,0.123499996960163,0,0,0.0171000007539988,0.0178999993950129,0,0,0,0,0.00410000002011657,1.10000002384186,12,2.70000004768372,4,6.40000009536743,31,41,49.0999984741211
"8302",50.921,-114.527,1370,3.5,14.9,-7.3,22.2,556,363,24.3,41,159,250,91,162,2.48,911,1144,5292,27,445,-39.7,35,602,14.3,142,125,53,-0.1,-0.7,3.7,9.5,15.5,19,23,22.9,17.9,10.6,3.7,-0.7,-12.1,-14,-9.1,-3.7,1.2,4.8,6.9,6.2,2.4,-2.7,-8.3,-12.3,-6.1,-7.3,-2.7,2.9,8.3,11.9,14.9,14.5,10.1,3.9,-2.3,-6.5,15,21,34,45,84,111,60,58,50,32,27,19,5.1,8.6,13.8,19.4,22.9,23.6,23.1,20.6,15.2,9.4,5.6,4.1,208,218,120,22,1,0,0,0,1,15,110,217,0,0,0,23,114,208,304,294,160,41,0,0,748,704,644,453,301,184,104,113,238,439,609,756,0,0,1,0,0,3,8,8,3,0,2,1,1,0,1,5,18,27,30,30,21,7,1,0,12,20,30,17,5,1,0,1,2,4,15,16,0,0,0,57,94,112,130,111,66,32,0,0,0,0,0,12,10,1,70,53,16,0,0,0,52,47,52,55,55,56,52,51,52,55,55,53,1.5,2.1,2.9,1.99,2.09,2.4,-5.48,-5.77,-3.43,0.15,2.13,1.9,0.20160000026226,0.347600013017654,0.580399990081787,0.479200005531311,0.211799994111061,0.223199993371964,0.285400003194809,0.20160000026226,0.580399990081787,33,33,68,1.14138090610504,10.0638523101807,715.739990234375,41.2299995422363,-0.270000010728836,25.6000003814697,48.5699996948242,12705,8190,-56,63,3,8.47000026702881,18.9799995422363,4981.81982421875,127.110000610352,121.610000610352,-130,11,0.837400019168854,0.123499996960163,0,0,0.0171000007539988,0.0178999993950129,0,0,0,0,0.00410000002011657,1.10000002384186,12,2.70000004768372,4,6.40000009536743,31,41,49.0999984741211
"8303",50.921,-114.527,1370,3.5,14.9,-7.3,22.2,556,363,24.3,41,159,250,91,162,2.48,911,1144,5292,27,445,-39.7,35,602,14.3,142,125,53,-0.1,-0.7,3.7,9.5,15.5,19,23,22.9,17.9,10.6,3.7,-0.7,-12.1,-14,-9.1,-3.7,1.2,4.8,6.9,6.2,2.4,-2.7,-8.3,-12.3,-6.1,-7.3,-2.7,2.9,8.3,11.9,14.9,14.5,10.1,3.9,-2.3,-6.5,15,21,34,45,84,111,60,58,50,32,27,19,5.1,8.6,13.8,19.4,22.9,23.6,23.1,20.6,15.2,9.4,5.6,4.1,208,218,120,22,1,0,0,0,1,15,110,217,0,0,0,23,114,208,304,294,160,41,0,0,748,704,644,453,301,184,104,113,238,439,609,756,0,0,1,0,0,3,8,8,3,0,2,1,1,0,1,5,18,27,30,30,21,7,1,0,12,20,30,17,5,1,0,1,2,4,15,16,0,0,0,57,94,112,130,111,66,32,0,0,0,0,0,12,10,1,70,53,16,0,0,0,52,47,52,55,55,56,52,51,52,55,55,53,1.5,2.1,2.9,1.99,2.09,2.4,-5.48,-5.77,-3.43,0.15,2.13,1.9,0.20160000026226,0.347600013017654,0.580399990081787,0.479200005531311,0.211799994111061,0.223199993371964,0.285400003194809,0.20160000026226,0.580399990081787,33,33,68,1.14138090610504,10.0638523101807,715.739990234375,41.2299995422363,-0.270000010728836,25.6000003814697,48.5699996948242,12705,8190,-56,63,3,8.47000026702881,18.9799995422363,4981.81982421875,127.110000610352,121.610000610352,-130,11,0.837400019168854,0.123499996960163,0,0,0.0171000007539988,0.0178999993950129,0,0,0,0,0.00410000002011657,1.10000002384186,12,2.70000004768372,4,6.40000009536743,31,41,49.0999984741211
"8304",52.939,-114.288,952,3.2,15.9,-9.2,25.1,548,383,24.1,41.5,145,256,111,123,7.43,1126,1306,5404,39,561,-41.4,33.9,559,13.1,155,117,57,-2.1,-2.9,1.7,9.6,17.1,19.8,22.3,21.8,17,9.2,1.3,-2.8,-13.4,-15.5,-10,-2.7,3,7.3,9.5,8.3,3.7,-2.5,-9.7,-13.6,-7.8,-9.2,-4.2,3.4,10.1,13.6,15.9,15.1,10.3,3.3,-4.2,-8.2,21,20,25,28,64,95,114,63,47,25,29,17,4.2,7.6,12.8,18.4,22.2,22.5,21.7,18.8,13.5,7.9,4.5,3.1,251,259,159,19,0,0,0,0,1,19,156,263,0,0,0,30,165,258,339,314,165,35,0,0,800,758,690,438,239,137,78,100,232,457,666,809,0,0,1,0,1,7,13,11,3,0,2,0,0,0,1,7,24,29,31,31,24,8,1,0,18,20,24,9,2,0,0,1,2,5,22,16,0,0,0,54,97,109,117,98,58,26,0,0,0,0,0,26,33,14,3,35,11,1,0,0,54,49,54,58,56,61,61,59,58,60,56,55,2.1,2,2.35,0.29,-1.02,1.2,1.74,-3.29,-2.52,0.12,2.77,1.7,0.25,0.292800009250641,0.536800026893616,0.510399997234344,0.275200009346008,0.211199998855591,0.284000009298325,0.211199998855591,0.536800026893616,7.875,-5.875,26,1.14244222640991,12.0412836074829,744.75,39.8899993896484,-0.310000002384186,28.2999992370605,42.2000007629395,14038.5,8940,-49,74,3,5.80000019073486,17.2199993133545,5392.91015625,132.649993896484,132.649993896484,-124.5,3,0.947700023651123,0.0454000011086464,0.00689999992027879,0,0,0,0,0,0,0,0,1.10000002384186,12,2.70000004768372,4.5,5.80000019073486,30,48,48.0999984741211
"8305",52.939,-114.288,952,3.2,15.9,-9.2,25.1,548,383,24.1,41.5,145,256,111,123,7.43,1126,1306,5404,39,561,-41.4,33.9,559,13.1,155,117,57,-2.1,-2.9,1.7,9.6,17.1,19.8,22.3,21.8,17,9.2,1.3,-2.8,-13.4,-15.5,-10,-2.7,3,7.3,9.5,8.3,3.7,-2.5,-9.7,-13.6,-7.8,-9.2,-4.2,3.4,10.1,13.6,15.9,15.1,10.3,3.3,-4.2,-8.2,21,20,25,28,64,95,114,63,47,25,29,17,4.2,7.6,12.8,18.4,22.2,22.5,21.7,18.8,13.5,7.9,4.5,3.1,251,259,159,19,0,0,0,0,1,19,156,263,0,0,0,30,165,258,339,314,165,35,0,0,800,758,690,438,239,137,78,100,232,457,666,809,0,0,1,0,1,7,13,11,3,0,2,0,0,0,1,7,24,29,31,31,24,8,1,0,18,20,24,9,2,0,0,1,2,5,22,16,0,0,0,54,97,109,117,98,58,26,0,0,0,0,0,26,33,14,3,35,11,1,0,0,54,49,54,58,56,61,61,59,58,60,56,55,2.1,2,2.35,0.29,-1.02,1.2,1.74,-3.29,-2.52,0.12,2.77,1.7,0.25,0.292800009250641,0.536800026893616,0.510399997234344,0.275200009346008,0.211199998855591,0.284000009298325,0.211199998855591,0.536800026893616,7.875,-5.875,26,1.14244222640991,12.0412836074829,744.75,39.8899993896484,-0.310000002384186,28.2999992370605,42.2000007629395,14038.5,8940,-49,74,3,5.80000019073486,17.2199993133545,5392.91015625,132.649993896484,132.649993896484,-124.5,3,0.947700023651123,0.0454000011086464,0.00689999992027879,0,0,0,0,0,0,0,0,1.10000002384186,12,2.70000004768372,4.5,5.80000019073486,30,48,48.0999984741211
"8306",53.533,-113.536,653,3.1,17.3,-11.1,28.4,468,319,28,54.2,134,259,125,208,-2.58,1331,1515,5452,68,727,-42.6,35.1,576,12.7,163,105,59,-4.9,-5.4,0,9.7,18.7,21.3,23.7,23,18.1,9.8,-0.7,-5.2,-15.3,-16.7,-10.7,-2.1,4.4,8.8,10.9,9.5,4.5,-1.6,-9.7,-14.6,-10.1,-11.1,-5.3,3.8,11.6,15.1,17.3,16.2,11.3,4.1,-5.2,-9.9,21,19,20,29,47,85,102,51,34,20,24,16,3.8,7.1,12.2,17.9,21.8,22.3,21.5,18.5,13.4,7.4,3.9,2.7,316,313,188,16,0,0,0,0,0,14,180,303,0,0,0,37,208,302,382,348,194,44,0,0,871,811,724,426,205,102,48,75,201,432,696,861,0,0,0,0,5,14,27,18,5,0,0,0,0,0,0,8,27,30,31,31,25,10,1,0,20,19,20,8,0,0,0,0,1,2,19,15,0,0,0,53,103,113,121,100,60,26,0,0,0,0,0,24,56,28,19,49,26,6,0,0,56,53,57,60,56,62,62,59,58,61,63,60,2.1,1.9,2,0.39,-3.24,-0.26,0.08,-4.84,-4.12,-0.58,2.4,1.6,0.235200002789497,0.356000006198883,0.386799991130829,0.350800007581711,0.176899999380112,0.13740000128746,0.293000005185604,0.13740000128746,0.386799991130829,19.375,10.875,49,1.15436804294586,9.97508811950684,698.710021972656,43.1199989318848,-0.340000003576279,30.7999992370605,40,16380,13293,-90,107,5,4.82000017166138,32.2999992370605,5195.009765625,125.919998168945,125.919998168945,-64,45,0.552299976348877,0.183100000023842,0,0,0.256900012493134,0.00769999995827675,0,0,0,0,0,1.20000004768372,11,4.59999990463257,4.19999980926514,6.59999990463257,42,32,62.0999984741211
"8307",53.533,-113.536,653,3.1,17.3,-11.1,28.4,468,319,28,54.2,134,259,125,208,-2.58,1331,1515,5452,68,727,-42.6,35.1,576,12.7,163,105,59,-4.9,-5.4,0,9.7,18.7,21.3,23.7,23,18.1,9.8,-0.7,-5.2,-15.3,-16.7,-10.7,-2.1,4.4,8.8,10.9,9.5,4.5,-1.6,-9.7,-14.6,-10.1,-11.1,-5.3,3.8,11.6,15.1,17.3,16.2,11.3,4.1,-5.2,-9.9,21,19,20,29,47,85,102,51,34,20,24,16,3.8,7.1,12.2,17.9,21.8,22.3,21.5,18.5,13.4,7.4,3.9,2.7,316,313,188,16,0,0,0,0,0,14,180,303,0,0,0,37,208,302,382,348,194,44,0,0,871,811,724,426,205,102,48,75,201,432,696,861,0,0,0,0,5,14,27,18,5,0,0,0,0,0,0,8,27,30,31,31,25,10,1,0,20,19,20,8,0,0,0,0,1,2,19,15,0,0,0,53,103,113,121,100,60,26,0,0,0,0,0,24,56,28,19,49,26,6,0,0,56,53,57,60,56,62,62,59,58,61,63,60,2.1,1.9,2,0.39,-3.24,-0.26,0.08,-4.84,-4.12,-0.58,2.4,1.6,0.235200002789497,0.356000006198883,0.386799991130829,0.350800007581711,0.176899999380112,0.13740000128746,0.293000005185604,0.13740000128746,0.386799991130829,19.375,10.875,49,1.15436804294586,9.97508811950684,698.710021972656,43.1199989318848,-0.340000003576279,30.7999992370605,40,16380,13293,-90,107,5,4.82000017166138,32.2999992370605,5195.009765625,125.919998168945,125.919998168945,-64,45,0.552299976348877,0.183100000023842,0,0,0.256900012493134,0.00769999995827675,0,0,0,0,0,1.20000004768372,11,4.59999990463257,4.19999980926514,6.59999990463257,42,32,62.0999984741211
"8308",52.401,-116.081,1246,2.6,14.2,-8.1,22.3,514,350,24.5,40.6,160,250,91,133,6.65,1061,1045,5586,22,377,-41.3,33,545,13.7,141,118,56,-1.3,-1.1,3,8.2,15.1,17.9,21.3,20.9,15.8,9.6,1.4,-2.8,-13,-14.8,-9.3,-4,1,4.8,7.2,6.8,2.5,-2.8,-9.2,-13.3,-7.2,-8,-3.2,2.1,8.1,11.3,14.2,13.8,9.2,3.4,-3.9,-8.1,18,16,26,34,59,102,83,55,51,32,22,16,4.5,8.1,13.2,18.7,23.2,22.9,22.6,19.7,14.3,9,4.9,3.5,236,234,132,29,1,0,0,0,1,18,149,260,0,0,0,16,109,190,285,274,134,36,0,0,781,724,659,477,307,202,122,132,265,454,657,806,0,1,2,0,0,2,6,6,2,0,2,1,0,0,1,4,17,27,31,30,21,7,1,0,15,15,24,17,4,1,1,1,3,6,16,15,0,0,0,51,91,104,117,97,57,28,0,0,0,0,0,17,32,2,34,42,6,0,0,0,53,46,53,57,55,59,57,57,58,58,58,56,1.8,1.6,2.23,1.41,-0.01,2.39,-1.48,-4.06,-1.44,0.61,2.01,1.6,0.391000002622604,0.297199994325638,0.467999994754791,0.485599994659424,0.485599994659424,0.59960001707077,0.476799994707108,0.297199994325638,0.59960001707077,76.625,-39.875,242,1.170374751091,9.70382022857666,724.700012207031,33.0099983215332,-0.230000004172325,26.4500007629395,50.4099998474121,12148.5,7897.5,-74,51,3,7.65000009536743,15.5600004196167,5172.89013671875,129.669998168945,129.669998168945,-144.25,10,0.944199979305267,0.0478999987244606,0,0,0.00350000010803342,0.00300000002607703,0,0,0,0,0.00139999995008111,1.10000002384186,20,2.70000004768372,3.70000004768372,6.30000019073486,34,45,39.9000015258789
"8309",53.529,-113.52,646,3.1,17.3,-11.1,28.4,468,319,28,54.2,134,259,125,209,-2.63,1336,1518,5456,69,730,-42.6,35.3,577,12.7,163,105,59,-5,-5.5,0,9.7,18.7,21.3,23.7,23.1,18.1,9.8,-0.7,-5.2,-15.4,-16.7,-10.8,-2.1,4.4,8.8,10.9,9.5,4.5,-1.6,-9.8,-14.6,-10.2,-11.1,-5.4,3.8,11.6,15.1,17.3,16.3,11.3,4.1,-5.2,-9.9,21,19,20,29,47,85,102,51,34,20,24,16,3.8,7.1,12.3,17.9,21.8,22.3,21.5,18.5,13.4,7.4,3.9,2.7,319,313,191,16,0,0,0,0,0,14,180,303,0,0,0,37,208,302,382,351,194,44,0,0,874,811,727,426,205,102,48,73,201,432,696,861,0,0,0,0,5,14,27,19,5,0,0,0,0,0,0,8,27,30,31,31,25,10,1,0,20,19,20,8,0,0,0,0,1,2,19,15,0,0,0,53,103,113,121,101,60,26,0,0,0,0,0,24,56,28,19,50,26,6,0,0,56,53,56,60,56,62,62,59,58,61,62,60,2.1,1.9,2,0.39,-3.23,-0.25,0.08,-4.92,-4.12,-0.58,2.4,1.6,0.176100000739098,0.352200001478195,0.352200001478195,0.18690000474453,0.0785000026226044,0.0766000002622604,0.181500002741814,0.0766000002622604,0.352200001478195,17.25,-11.25,44,1.13919401168823,11.3638229370117,709.840026855469,45.1599998474121,-0.360000014305115,31,38.9900016784668,16810.5,13617,-89,110,5,4.92999982833862,32.8899993896484,5269.02001953125,127.73999786377,127.73999786377,-53,48,0.409500002861023,0.0604999996721745,0,0,0.310900002717972,0.00150000001303852,0,0.217600002884865,0,0,0,1.20000004768372,12,5,4.30000019073486,6.59999990463257,42,31,66.6999969482422
"8310",52.483,-115.738,1415,2.8,14.7,-7.8,22.5,626,431,20.4,34.1,153,253,100,61,17.31,1075,1098,5538,26,413,-41.1,33.8,534,13.5,149,147,57,-2,-0.7,2.7,6.8,14.5,17.3,21.5,21.5,15.8,11.4,0.2,-2.7,-13.6,-13.9,-9.4,-4,1.5,5.3,7.9,7.4,3.1,-1.2,-9.5,-13,-7.8,-7.3,-3.4,1.4,8,11.3,14.7,14.4,9.5,5.1,-4.7,-7.8,22,21,32,41,80,123,101,66,61,33,27,19,4.4,7.9,13.1,18.1,22.7,22.5,22.4,19.6,13.9,9.1,4.7,3.5,251,218,138,37,1,0,0,0,1,9,168,253,0,0,0,12,106,190,298,291,143,57,0,0,800,704,665,498,310,202,109,116,256,401,681,796,0,1,2,0,0,2,7,8,2,0,2,1,0,0,1,4,19,28,31,30,23,11,1,0,19,20,30,25,6,2,1,1,4,2,21,17,0,0,0,46,87,99,117,99,56,30,0,0,0,0,0,5,7,0,16,33,0,0,0,0,53,48,54,61,58,62,59,57,60,58,61,57,2.2,2.1,2.87,2.5,2.39,4.88,0.16,-3.48,-0.59,-0.27,2.65,1.9,0.288800001144409,0.268400013446808,0.498800009489059,0.400400012731552,0.798799991607666,0.236399993300438,0.344600006937981,0.236399993300438,0.798799991607666,33.5,31.75,86,1.14542233943939,10.0186357498169,678.469970703125,26.0100002288818,-0.140000000596046,26.6499996185303,51.7700004577637,10458,6997.5,-80,42,2,6.40999984741211,16.1000003814697,4897.2900390625,122.470001220703,122.470001220703,-183.25,3,0.92849999666214,0.0640999972820282,0,0,0.00039999998989515,9.99999974737875e-05,0,0,0,0,0.00689999992027879,1,17,1.60000002384186,3.09999990463257,5.59999990463257,29,51,29.7000007629395
"8311",52.483,-115.738,1415,2.8,14.7,-7.8,22.5,626,431,20.4,34.1,153,253,100,61,17.31,1075,1098,5538,26,413,-41.1,33.8,534,13.5,149,147,57,-2,-0.7,2.7,6.8,14.5,17.3,21.5,21.5,15.8,11.4,0.2,-2.7,-13.6,-13.9,-9.4,-4,1.5,5.3,7.9,7.4,3.1,-1.2,-9.5,-13,-7.8,-7.3,-3.4,1.4,8,11.3,14.7,14.4,9.5,5.1,-4.7,-7.8,22,21,32,41,80,123,101,66,61,33,27,19,4.4,7.9,13.1,18.1,22.7,22.5,22.4,19.6,13.9,9.1,4.7,3.5,251,218,138,37,1,0,0,0,1,9,168,253,0,0,0,12,106,190,298,291,143,57,0,0,800,704,665,498,310,202,109,116,256,401,681,796,0,1,2,0,0,2,7,8,2,0,2,1,0,0,1,4,19,28,31,30,23,11,1,0,19,20,30,25,6,2,1,1,4,2,21,17,0,0,0,46,87,99,117,99,56,30,0,0,0,0,0,5,7,0,16,33,0,0,0,0,53,48,54,61,58,62,59,57,60,58,61,57,2.2,2.1,2.87,2.5,2.39,4.88,0.16,-3.48,-0.59,-0.27,2.65,1.9,0.288800001144409,0.268400013446808,0.498800009489059,0.400400012731552,0.798799991607666,0.236399993300438,0.344600006937981,0.236399993300438,0.798799991607666,33.5,31.75,86,1.14542233943939,10.0186357498169,678.469970703125,26.0100002288818,-0.140000000596046,26.6499996185303,51.7700004577637,10458,6997.5,-80,42,2,6.40999984741211,16.1000003814697,4897.2900390625,122.470001220703,122.470001220703,-183.25,3,0.92849999666214,0.0640999972820282,0,0,0.00039999998989515,9.99999974737875e-05,0,0,0,0,0.00689999992027879,1,17,1.60000002384186,3.09999990463257,5.59999990463257,29,51,29.7000007629395
"8312",52.483,-115.738,1415,2.8,14.7,-7.8,22.5,626,431,20.4,34.1,153,253,100,61,17.31,1075,1098,5538,26,413,-41.1,33.8,534,13.5,149,147,57,-2,-0.7,2.7,6.8,14.5,17.3,21.5,21.5,15.8,11.4,0.2,-2.7,-13.6,-13.9,-9.4,-4,1.5,5.3,7.9,7.4,3.1,-1.2,-9.5,-13,-7.8,-7.3,-3.4,1.4,8,11.3,14.7,14.4,9.5,5.1,-4.7,-7.8,22,21,32,41,80,123,101,66,61,33,27,19,4.4,7.9,13.1,18.1,22.7,22.5,22.4,19.6,13.9,9.1,4.7,3.5,251,218,138,37,1,0,0,0,1,9,168,253,0,0,0,12,106,190,298,291,143,57,0,0,800,704,665,498,310,202,109,116,256,401,681,796,0,1,2,0,0,2,7,8,2,0,2,1,0,0,1,4,19,28,31,30,23,11,1,0,19,20,30,25,6,2,1,1,4,2,21,17,0,0,0,46,87,99,117,99,56,30,0,0,0,0,0,5,7,0,16,33,0,0,0,0,53,48,54,61,58,62,59,57,60,58,61,57,2.2,2.1,2.87,2.5,2.39,4.88,0.16,-3.48,-0.59,-0.27,2.65,1.9,0.288800001144409,0.268400013446808,0.498800009489059,0.400400012731552,0.798799991607666,0.236399993300438,0.344600006937981,0.236399993300438,0.798799991607666,33.5,31.75,86,1.14542233943939,10.0186357498169,678.469970703125,26.0100002288818,-0.140000000596046,26.6499996185303,51.7700004577637,10458,6997.5,-80,42,2,6.40999984741211,16.1000003814697,4897.2900390625,122.470001220703,122.470001220703,-183.25,3,0.92849999666214,0.0640999972820282,0,0,0.00039999998989515,9.99999974737875e-05,0,0,0,0,0.00689999992027879,1,17,1.60000002384186,3.09999990463257,5.59999990463257,29,51,29.7000007629395
"8313",52.483,-115.738,1415,2.8,14.7,-7.8,22.5,626,431,20.4,34.1,153,253,100,61,17.31,1075,1098,5538,26,413,-41.1,33.8,534,13.5,149,147,57,-2,-0.7,2.7,6.8,14.5,17.3,21.5,21.5,15.8,11.4,0.2,-2.7,-13.6,-13.9,-9.4,-4,1.5,5.3,7.9,7.4,3.1,-1.2,-9.5,-13,-7.8,-7.3,-3.4,1.4,8,11.3,14.7,14.4,9.5,5.1,-4.7,-7.8,22,21,32,41,80,123,101,66,61,33,27,19,4.4,7.9,13.1,18.1,22.7,22.5,22.4,19.6,13.9,9.1,4.7,3.5,251,218,138,37,1,0,0,0,1,9,168,253,0,0,0,12,106,190,298,291,143,57,0,0,800,704,665,498,310,202,109,116,256,401,681,796,0,1,2,0,0,2,7,8,2,0,2,1,0,0,1,4,19,28,31,30,23,11,1,0,19,20,30,25,6,2,1,1,4,2,21,17,0,0,0,46,87,99,117,99,56,30,0,0,0,0,0,5,7,0,16,33,0,0,0,0,53,48,54,61,58,62,59,57,60,58,61,57,2.2,2.1,2.87,2.5,2.39,4.88,0.16,-3.48,-0.59,-0.27,2.65,1.9,0.288800001144409,0.268400013446808,0.498800009489059,0.400400012731552,0.798799991607666,0.236399993300438,0.344600006937981,0.236399993300438,0.798799991607666,33.5,31.75,86,1.14542233943939,10.0186357498169,678.469970703125,26.0100002288818,-0.140000000596046,26.6499996185303,51.7700004577637,10458,6997.5,-80,42,2,6.40999984741211,16.1000003814697,4897.2900390625,122.470001220703,122.470001220703,-183.25,3,0.92849999666214,0.0640999972820282,0,0,0.00039999998989515,9.99999974737875e-05,0,0,0,0,0.00689999992027879,1,17,1.60000002384186,3.09999990463257,5.59999990463257,29,51,29.7000007629395
"8314",52.483,-115.738,1415,2.8,14.7,-7.8,22.5,626,431,20.4,34.1,153,253,100,61,17.31,1075,1098,5538,26,413,-41.1,33.8,534,13.5,149,147,57,-2,-0.7,2.7,6.8,14.5,17.3,21.5,21.5,15.8,11.4,0.2,-2.7,-13.6,-13.9,-9.4,-4,1.5,5.3,7.9,7.4,3.1,-1.2,-9.5,-13,-7.8,-7.3,-3.4,1.4,8,11.3,14.7,14.4,9.5,5.1,-4.7,-7.8,22,21,32,41,80,123,101,66,61,33,27,19,4.4,7.9,13.1,18.1,22.7,22.5,22.4,19.6,13.9,9.1,4.7,3.5,251,218,138,37,1,0,0,0,1,9,168,253,0,0,0,12,106,190,298,291,143,57,0,0,800,704,665,498,310,202,109,116,256,401,681,796,0,1,2,0,0,2,7,8,2,0,2,1,0,0,1,4,19,28,31,30,23,11,1,0,19,20,30,25,6,2,1,1,4,2,21,17,0,0,0,46,87,99,117,99,56,30,0,0,0,0,0,5,7,0,16,33,0,0,0,0,53,48,54,61,58,62,59,57,60,58,61,57,2.2,2.1,2.87,2.5,2.39,4.88,0.16,-3.48,-0.59,-0.27,2.65,1.9,0.288800001144409,0.268400013446808,0.498800009489059,0.400400012731552,0.798799991607666,0.236399993300438,0.344600006937981,0.236399993300438,0.798799991607666,33.5,31.75,86,1.14542233943939,10.0186357498169,678.469970703125,26.0100002288818,-0.140000000596046,26.6499996185303,51.7700004577637,10458,6997.5,-80,42,2,6.40999984741211,16.1000003814697,4897.2900390625,122.470001220703,122.470001220703,-183.25,3,0.92849999666214,0.0640999972820282,0,0,0.00039999998989515,9.99999974737875e-05,0,0,0,0,0.00689999992027879,1,17,1.60000002384186,3.09999990463257,5.59999990463257,29,51,29.7000007629395
"8315",52.269,-115.915,1418,1.7,13.3,-9.1,22.4,590,384,19.8,34.6,159,249,90,74,20.06,1200,901,5928,16,291,-42.7,31.7,505,13.5,136,171,58,-2.3,-2.5,1.7,6,13.3,16.4,19.9,19.5,14.4,9,-1.1,-4.1,-13.7,-15.1,-9.7,-4.7,0.7,4.5,6.8,6.3,2.2,-3.3,-9.6,-14.2,-8,-8.8,-4,0.6,7,10.4,13.3,12.9,8.3,2.9,-5.3,-9.1,24,22,32,37,72,108,88,58,58,40,29,22,4.5,7.9,12.9,18.2,23,22.5,22.3,19.4,13.9,9,4.9,3.4,255,251,153,48,2,0,0,0,1,22,182,285,0,0,0,8,82,164,259,246,110,31,0,0,806,746,684,522,341,229,144,160,292,470,699,836,0,1,2,0,0,1,3,4,2,0,2,1,0,0,1,3,16,27,30,30,21,6,1,0,21,21,30,26,9,2,1,1,5,9,24,21,0,0,0,44,83,96,110,92,53,27,0,0,0,0,0,7,11,0,22,34,0,0,0,0,53,49,55,61,59,62,60,59,61,57,65,58,2.4,2.2,3.02,2.37,2.44,3.78,-0.14,-2.96,0.22,1.64,2.9,2.2,0.181400001049042,0.222000002861023,0.423599988222122,0.323599994182587,0.268799990415573,0.151800006628036,0.245399996638298,0.151800006628036,0.423599988222122,45.375,-34.375,124,1.16867363452911,12.6493482589722,690.080017089844,28.8299999237061,-0.170000001788139,26.6000003814697,51.3400001525879,10762.5,7192.5,-82,43,3,7.01999998092651,14.3299999237061,4969.9501953125,124.650001525879,124.650001525879,-173,0,0.765600025653839,0.132200002670288,0,0,0.000899999984540045,0.0970000028610229,0,0,0,0,0.00430000014603138,1.10000002384186,18,2.29999995231628,3.29999995231628,6.19999980926514,35,47,42.0999984741211
"8316",53.529,-113.52,646,3.1,17.3,-11.1,28.4,468,319,28,54.2,134,259,125,209,-2.63,1336,1518,5456,69,730,-42.6,35.3,577,12.7,163,105,59,-5,-5.5,0,9.7,18.7,21.3,23.7,23.1,18.1,9.8,-0.7,-5.2,-15.4,-16.7,-10.8,-2.1,4.4,8.8,10.9,9.5,4.5,-1.6,-9.8,-14.6,-10.2,-11.1,-5.4,3.8,11.6,15.1,17.3,16.3,11.3,4.1,-5.2,-9.9,21,19,20,29,47,85,102,51,34,20,24,16,3.8,7.1,12.3,17.9,21.8,22.3,21.5,18.5,13.4,7.4,3.9,2.7,319,313,191,16,0,0,0,0,0,14,180,303,0,0,0,37,208,302,382,351,194,44,0,0,874,811,727,426,205,102,48,73,201,432,696,861,0,0,0,0,5,14,27,19,5,0,0,0,0,0,0,8,27,30,31,31,25,10,1,0,20,19,20,8,0,0,0,0,1,2,19,15,0,0,0,53,103,113,121,101,60,26,0,0,0,0,0,24,56,28,19,50,26,6,0,0,56,53,56,60,56,62,62,59,58,61,62,60,2.1,1.9,2,0.39,-3.23,-0.25,0.08,-4.92,-4.12,-0.58,2.4,1.6,0.176100000739098,0.352200001478195,0.352200001478195,0.18690000474453,0.0785000026226044,0.0766000002622604,0.181500002741814,0.0766000002622604,0.352200001478195,17.25,-11.25,44,1.13919401168823,11.3638229370117,709.840026855469,45.1599998474121,-0.360000014305115,31,38.9900016784668,16810.5,13617,-89,110,5,4.92999982833862,32.8899993896484,5269.02001953125,127.73999786377,127.73999786377,-53,48,0.409500002861023,0.0604999996721745,0,0,0.310900002717972,0.00150000001303852,0,0.217600002884865,0,0,0,1.20000004768372,12,5,4.30000019073486,6.59999990463257,42,31,66.6999969482422
"8317",53.071,-114.079,852,3.2,16.4,-9.8,26.2,520,356,25.4,46.1,141,256,116,161,3.87,1171,1378,5399,48,616,-41.6,34.4,568,13,158,117,57,-2.8,-3.7,1.1,9.7,17.7,20.3,22.8,22.3,17.3,9.4,0.7,-3.4,-13.7,-15.8,-10.2,-2.5,3.5,7.8,10,8.7,3.9,-2.2,-9.7,-13.8,-8.2,-9.8,-4.6,3.6,10.6,14.1,16.4,15.5,10.6,3.6,-4.5,-8.6,22,20,25,28,57,91,107,59,42,23,29,17,4.1,7.5,12.6,18.3,22.1,22.4,21.6,18.8,13.5,7.7,4.2,3,260,271,169,18,0,0,0,0,1,17,163,273,0,0,0,33,180,273,354,327,174,38,0,0,812,774,703,432,228,126,66,91,223,448,675,821,0,0,1,0,2,9,17,13,4,0,2,0,0,0,1,7,25,29,31,31,24,9,1,0,20,20,24,8,1,0,0,0,2,4,22,16,0,0,0,54,99,111,119,100,59,26,0,0,0,0,0,26,42,20,12,41,17,3,0,0,55,50,55,58,56,62,61,59,58,60,58,57,2.2,2,2.43,0.26,-1.93,0.65,0.87,-3.89,-3.09,-0.15,2.82,1.7,NA,NA,NA,NA,NA,NA,NA,NA,NA,8.625,-3.625,24,1.1526700258255,10.6701688766479,740.409973144531,41.5400009155273,-0.330000013113022,29.2000007629395,41.4300003051758,14868,9412.5,-62,84,3,5.57000017166138,35.0699996948242,5397.52001953125,132.190002441406,132.190002441406,-103,8,0.558799982070923,0.000300000014249235,0,0,0.0119000002741814,0.0111999996006489,0,0.417800009250641,0,0,0,1.19800004720681,9.99959999999997,2.60407990560545,4.00403999633803,6.2980001831054,37,41.0008,51.736080747987
"8318",53.071,-114.08,852,3.2,16.4,-9.8,26.2,520,356,25.4,46.1,141,256,116,161,3.87,1171,1378,5399,48,616,-41.6,34.4,568,13,158,117,57,-2.8,-3.7,1.1,9.7,17.7,20.3,22.8,22.3,17.3,9.4,0.7,-3.4,-13.7,-15.8,-10.2,-2.5,3.5,7.8,10,8.7,3.9,-2.2,-9.7,-13.8,-8.2,-9.8,-4.6,3.6,10.6,14.1,16.4,15.5,10.6,3.6,-4.5,-8.6,22,20,25,28,57,91,107,59,42,23,29,17,4.1,7.5,12.6,18.3,22.1,22.4,21.6,18.8,13.5,7.7,4.2,3,260,271,169,18,0,0,0,0,1,17,163,273,0,0,0,33,180,273,354,327,174,38,0,0,812,774,703,432,228,126,66,91,223,448,675,821,0,0,1,0,2,9,17,13,4,0,2,0,0,0,1,7,25,29,31,31,24,9,1,0,20,20,24,8,1,0,0,0,2,4,22,16,0,0,0,54,99,111,119,100,59,26,0,0,0,0,0,26,42,20,12,41,17,3,0,0,55,50,55,58,56,62,61,59,58,60,58,57,2.2,2,2.43,0.26,-1.93,0.65,0.87,-3.89,-3.09,-0.15,2.82,1.7,NA,NA,NA,NA,NA,NA,NA,NA,NA,8.625,-3.625,24,1.1526700258255,10.6701688766479,740.409973144531,41.5400009155273,-0.330000013113022,29.2000007629395,41.4300003051758,14868,9412.5,-62,84,3,5.57000017166138,35.0699996948242,5397.52001953125,132.190002441406,132.190002441406,-103,8,0.558799982070923,0.000300000014249235,0,0,0.0119000002741814,0.0111999996006489,0,0.417800009250641,0,0,0,1.10000002384186,10,2.79999995231628,4.19999980926514,6.19999980926514,37,40.9,53.4799999237061
"8319",53.052,-114.74,948,3.4,16,-9.1,25.1,581,406,23.1,39.4,143,257,114,97,10.37,1101,1329,5342,41,574,-40.9,33.8,561,13.1,158,120,58,-2.1,-2.8,1.9,9.9,17.1,19.9,22.4,21.8,17.1,9.6,1.3,-2.9,-13.1,-15.3,-9.8,-2.5,3.2,7.4,9.7,8.5,3.9,-2.1,-9.3,-13.3,-7.6,-9.1,-4,3.7,10.2,13.6,16,15.2,10.5,3.8,-4,-8.1,21,21,26,31,66,105,115,66,54,27,30,19,4.1,7.6,12.7,18.4,22.1,22.5,21.6,18.7,13.5,8,4.4,3.1,246,257,153,17,0,0,0,0,1,16,151,260,0,0,0,33,168,258,342,317,171,40,0,0,794,755,684,429,237,137,76,98,226,442,660,806,0,0,1,0,2,7,14,12,4,0,2,0,0,0,1,7,24,29,31,31,24,9,1,0,18,21,25,9,2,0,0,1,2,4,22,18,0,0,0,55,97,109,117,98,58,27,0,0,0,0,0,24,31,4,2,32,4,0,0,0,55,49,54,58,57,61,62,60,59,60,58,57,2.1,2.1,2.41,0.46,-0.78,2.15,1.82,-2.93,-1.84,0.15,2.84,1.9,0.196400001645088,0.541599988937378,0.723599970340729,0.592000007629395,0.231199994683266,0.217999994754791,0.386399991810322,0.196400001645088,0.723599970340729,24.75,24.75,35,1.1436687707901,11.1410465240479,742.700012207031,37.4599990844727,-0.28999999165535,28,44.1699981689453,13933.5,8850,-53,72,3,5.86999988555908,14.4200000762939,5377.68994140625,132.440002441406,132.440002441406,-128,9,0.748399972915649,0.250600010156631,0,0,0.000500000023748726,0.000199999994947575,0,0,0,0,0.000300000014249235,1.10000002384186,12,5.59999990463257,5,5.69999980926514,26,46,58.5
"8320",52.939,-114.288,952,3.2,15.9,-9.2,25.1,548,383,24.1,41.5,145,256,111,123,7.43,1126,1306,5404,39,561,-41.4,33.9,559,13.1,155,117,57,-2.1,-2.9,1.7,9.6,17.1,19.8,22.3,21.8,17,9.2,1.3,-2.8,-13.4,-15.5,-10,-2.7,3,7.3,9.5,8.3,3.7,-2.5,-9.7,-13.6,-7.8,-9.2,-4.2,3.4,10.1,13.6,15.9,15.1,10.3,3.3,-4.2,-8.2,21,20,25,28,64,95,114,63,47,25,29,17,4.2,7.6,12.8,18.4,22.2,22.5,21.7,18.8,13.5,7.9,4.5,3.1,251,259,159,19,0,0,0,0,1,19,156,263,0,0,0,30,165,258,339,314,165,35,0,0,800,758,690,438,239,137,78,100,232,457,666,809,0,0,1,0,1,7,13,11,3,0,2,0,0,0,1,7,24,29,31,31,24,8,1,0,18,20,24,9,2,0,0,1,2,5,22,16,0,0,0,54,97,109,117,98,58,26,0,0,0,0,0,26,33,14,3,35,11,1,0,0,54,49,54,58,56,61,61,59,58,60,56,55,2.1,2,2.35,0.29,-1.02,1.2,1.74,-3.29,-2.52,0.12,2.77,1.7,0.25,0.292800009250641,0.536800026893616,0.510399997234344,0.275200009346008,0.211199998855591,0.284000009298325,0.211199998855591,0.536800026893616,7.875,-5.875,26,1.14244222640991,12.0412836074829,744.75,39.8899993896484,-0.310000002384186,28.2999992370605,42.2000007629395,14038.5,8940,-49,74,3,5.80000019073486,17.2199993133545,5392.91015625,132.649993896484,132.649993896484,-124.5,3,0.947700023651123,0.0454000011086464,0.00689999992027879,0,0,0,0,0,0,0,0,1.10000002384186,12,2.70000004768372,4.5,5.80000019073486,30,48,48.0999984741211
"8321",52.939,-114.288,952,3.2,15.9,-9.2,25.1,548,383,24.1,41.5,145,256,111,123,7.43,1126,1306,5404,39,561,-41.4,33.9,559,13.1,155,117,57,-2.1,-2.9,1.7,9.6,17.1,19.8,22.3,21.8,17,9.2,1.3,-2.8,-13.4,-15.5,-10,-2.7,3,7.3,9.5,8.3,3.7,-2.5,-9.7,-13.6,-7.8,-9.2,-4.2,3.4,10.1,13.6,15.9,15.1,10.3,3.3,-4.2,-8.2,21,20,25,28,64,95,114,63,47,25,29,17,4.2,7.6,12.8,18.4,22.2,22.5,21.7,18.8,13.5,7.9,4.5,3.1,251,259,159,19,0,0,0,0,1,19,156,263,0,0,0,30,165,258,339,314,165,35,0,0,800,758,690,438,239,137,78,100,232,457,666,809,0,0,1,0,1,7,13,11,3,0,2,0,0,0,1,7,24,29,31,31,24,8,1,0,18,20,24,9,2,0,0,1,2,5,22,16,0,0,0,54,97,109,117,98,58,26,0,0,0,0,0,26,33,14,3,35,11,1,0,0,54,49,54,58,56,61,61,59,58,60,56,55,2.1,2,2.35,0.29,-1.02,1.2,1.74,-3.29,-2.52,0.12,2.77,1.7,0.25,0.292800009250641,0.536800026893616,0.510399997234344,0.275200009346008,0.211199998855591,0.284000009298325,0.211199998855591,0.536800026893616,7.875,-5.875,26,1.14244222640991,12.0412836074829,744.75,39.8899993896484,-0.310000002384186,28.2999992370605,42.2000007629395,14038.5,8940,-49,74,3,5.80000019073486,17.2199993133545,5392.91015625,132.649993896484,132.649993896484,-124.5,3,0.947700023651123,0.0454000011086464,0.00689999992027879,0,0,0,0,0,0,0,0,1.10000002384186,12,2.70000004768372,4.5,5.80000019073486,30,48,48.0999984741211
"8322",52.939,-114.288,952,3.2,15.9,-9.2,25.1,548,383,24.1,41.5,145,256,111,123,7.43,1126,1306,5404,39,561,-41.4,33.9,559,13.1,155,117,57,-2.1,-2.9,1.7,9.6,17.1,19.8,22.3,21.8,17,9.2,1.3,-2.8,-13.4,-15.5,-10,-2.7,3,7.3,9.5,8.3,3.7,-2.5,-9.7,-13.6,-7.8,-9.2,-4.2,3.4,10.1,13.6,15.9,15.1,10.3,3.3,-4.2,-8.2,21,20,25,28,64,95,114,63,47,25,29,17,4.2,7.6,12.8,18.4,22.2,22.5,21.7,18.8,13.5,7.9,4.5,3.1,251,259,159,19,0,0,0,0,1,19,156,263,0,0,0,30,165,258,339,314,165,35,0,0,800,758,690,438,239,137,78,100,232,457,666,809,0,0,1,0,1,7,13,11,3,0,2,0,0,0,1,7,24,29,31,31,24,8,1,0,18,20,24,9,2,0,0,1,2,5,22,16,0,0,0,54,97,109,117,98,58,26,0,0,0,0,0,26,33,14,3,35,11,1,0,0,54,49,54,58,56,61,61,59,58,60,56,55,2.1,2,2.35,0.29,-1.02,1.2,1.74,-3.29,-2.52,0.12,2.77,1.7,0.25,0.292800009250641,0.536800026893616,0.510399997234344,0.275200009346008,0.211199998855591,0.284000009298325,0.211199998855591,0.536800026893616,7.875,-5.875,26,1.14244222640991,12.0412836074829,744.75,39.8899993896484,-0.310000002384186,28.2999992370605,42.2000007629395,14038.5,8940,-49,74,3,5.80000019073486,17.2199993133545,5392.91015625,132.649993896484,132.649993896484,-124.5,3,0.947700023651123,0.0454000011086464,0.00689999992027879,0,0,0,0,0,0,0,0,1.10000002384186,12,2.70000004768372,4.5,5.80000019073486,30,48,48.0999984741211
"8323",52.939,-114.288,952,3.2,15.9,-9.2,25.1,548,383,24.1,41.5,145,256,111,123,7.43,1126,1306,5404,39,561,-41.4,33.9,559,13.1,155,117,57,-2.1,-2.9,1.7,9.6,17.1,19.8,22.3,21.8,17,9.2,1.3,-2.8,-13.4,-15.5,-10,-2.7,3,7.3,9.5,8.3,3.7,-2.5,-9.7,-13.6,-7.8,-9.2,-4.2,3.4,10.1,13.6,15.9,15.1,10.3,3.3,-4.2,-8.2,21,20,25,28,64,95,114,63,47,25,29,17,4.2,7.6,12.8,18.4,22.2,22.5,21.7,18.8,13.5,7.9,4.5,3.1,251,259,159,19,0,0,0,0,1,19,156,263,0,0,0,30,165,258,339,314,165,35,0,0,800,758,690,438,239,137,78,100,232,457,666,809,0,0,1,0,1,7,13,11,3,0,2,0,0,0,1,7,24,29,31,31,24,8,1,0,18,20,24,9,2,0,0,1,2,5,22,16,0,0,0,54,97,109,117,98,58,26,0,0,0,0,0,26,33,14,3,35,11,1,0,0,54,49,54,58,56,61,61,59,58,60,56,55,2.1,2,2.35,0.29,-1.02,1.2,1.74,-3.29,-2.52,0.12,2.77,1.7,0.25,0.292800009250641,0.536800026893616,0.510399997234344,0.275200009346008,0.211199998855591,0.284000009298325,0.211199998855591,0.536800026893616,7.875,-5.875,26,1.14244222640991,12.0412836074829,744.75,39.8899993896484,-0.310000002384186,28.2999992370605,42.2000007629395,14038.5,8940,-49,74,3,5.80000019073486,17.2199993133545,5392.91015625,132.649993896484,132.649993896484,-124.5,3,0.947700023651123,0.0454000011086464,0.00689999992027879,0,0,0,0,0,0,0,0,1.10000002384186,12,2.70000004768372,4.5,5.80000019073486,30,48,48.0999984741211
"8324",52.939,-114.288,952,3.2,15.9,-9.2,25.1,548,383,24.1,41.5,145,256,111,123,7.43,1126,1306,5404,39,561,-41.4,33.9,559,13.1,155,117,57,-2.1,-2.9,1.7,9.6,17.1,19.8,22.3,21.8,17,9.2,1.3,-2.8,-13.4,-15.5,-10,-2.7,3,7.3,9.5,8.3,3.7,-2.5,-9.7,-13.6,-7.8,-9.2,-4.2,3.4,10.1,13.6,15.9,15.1,10.3,3.3,-4.2,-8.2,21,20,25,28,64,95,114,63,47,25,29,17,4.2,7.6,12.8,18.4,22.2,22.5,21.7,18.8,13.5,7.9,4.5,3.1,251,259,159,19,0,0,0,0,1,19,156,263,0,0,0,30,165,258,339,314,165,35,0,0,800,758,690,438,239,137,78,100,232,457,666,809,0,0,1,0,1,7,13,11,3,0,2,0,0,0,1,7,24,29,31,31,24,8,1,0,18,20,24,9,2,0,0,1,2,5,22,16,0,0,0,54,97,109,117,98,58,26,0,0,0,0,0,26,33,14,3,35,11,1,0,0,54,49,54,58,56,61,61,59,58,60,56,55,2.1,2,2.35,0.29,-1.02,1.2,1.74,-3.29,-2.52,0.12,2.77,1.7,0.25,0.292800009250641,0.536800026893616,0.510399997234344,0.275200009346008,0.211199998855591,0.284000009298325,0.211199998855591,0.536800026893616,7.875,-5.875,26,1.14244222640991,12.0412836074829,744.75,39.8899993896484,-0.310000002384186,28.2999992370605,42.2000007629395,14038.5,8940,-49,74,3,5.80000019073486,17.2199993133545,5392.91015625,132.649993896484,132.649993896484,-124.5,3,0.947700023651123,0.0454000011086464,0.00689999992027879,0,0,0,0,0,0,0,0,1.10000002384186,12,2.70000004768372,4.5,5.80000019073486,30,48,48.0999984741211
"8325",52.494,-114.323,1056,3,15.7,-9.6,25.3,523,366,24.9,42.9,149,254,105,157,3.56,1165,1279,5488,36,543,-42.6,34.6,573,13.4,150,115,55,-2.2,-3,1.8,9.6,17,19.7,22.3,22.2,17.4,9.5,0.9,-2.9,-14,-16.1,-10.3,-3.1,2.5,6.9,9,7.9,3.3,-3,-10.1,-14.4,-8.1,-9.6,-4.2,3.2,9.8,13.3,15.7,15.1,10.3,3.2,-4.6,-8.7,19,19,24,27,61,95,104,60,46,23,27,18,4.3,7.9,13.1,18.6,22.4,22.7,21.9,19.2,14,8.3,4.6,3.3,258,267,159,20,0,0,0,0,1,19,166,275,0,0,0,28,156,249,333,314,165,34,0,0,809,769,690,444,255,144,83,100,232,460,678,824,0,0,1,0,1,6,12,11,3,0,2,0,0,0,1,6,22,29,31,31,23,7,1,0,17,19,23,9,2,0,0,1,2,4,21,17,0,0,0,55,98,110,119,102,61,28,0,0,0,0,0,28,37,15,15,42,15,5,0,0,52,47,53,57,55,60,60,57,56,57,56,53,1.9,1.9,2.27,0.19,-1.31,1.08,0.48,-4.15,-3.04,-0.18,2.63,1.8,0.284200012683868,0.439200013875961,0.701600015163422,0.465200006961823,0.217999994754791,0.164599999785423,0.361700013279915,0.164599999785423,0.701600015163422,27.375,26.625,65,1.12938237190247,10.0801563262939,724.97998046875,37.4199981689453,-0.28999999165535,27.2999992370605,44.9700012207031,13660.5,8737.5,-55,73,3,5.94000005722046,17.1299991607666,5219.3798828125,128.770004272461,128.770004272461,-130.5,5,0.587499976158142,0.38510000705719,0,0.0176999997347593,0.00039999998989515,0.00860000029206276,0,0,0,0,0.000699999975040555,1.10000002384186,14,7.30000019073486,5.19999980926514,6.09999990463257,29,46,67.1999969482422
"8326",53.052,-114.74,948,3.4,16,-9.1,25.1,581,406,23.1,39.4,143,257,114,97,10.37,1101,1329,5342,41,574,-40.9,33.8,561,13.1,158,120,58,-2.1,-2.8,1.9,9.9,17.1,19.9,22.4,21.8,17.1,9.6,1.3,-2.9,-13.1,-15.3,-9.8,-2.5,3.2,7.4,9.7,8.5,3.9,-2.1,-9.3,-13.3,-7.6,-9.1,-4,3.7,10.2,13.6,16,15.2,10.5,3.8,-4,-8.1,21,21,26,31,66,105,115,66,54,27,30,19,4.1,7.6,12.7,18.4,22.1,22.5,21.6,18.7,13.5,8,4.4,3.1,246,257,153,17,0,0,0,0,1,16,151,260,0,0,0,33,168,258,342,317,171,40,0,0,794,755,684,429,237,137,76,98,226,442,660,806,0,0,1,0,2,7,14,12,4,0,2,0,0,0,1,7,24,29,31,31,24,9,1,0,18,21,25,9,2,0,0,1,2,4,22,18,0,0,0,55,97,109,117,98,58,27,0,0,0,0,0,24,31,4,2,32,4,0,0,0,55,49,54,58,57,61,62,60,59,60,58,57,2.1,2.1,2.41,0.46,-0.78,2.15,1.82,-2.93,-1.84,0.15,2.84,1.9,0.196400001645088,0.541599988937378,0.723599970340729,0.592000007629395,0.231199994683266,0.217999994754791,0.386399991810322,0.196400001645088,0.723599970340729,24.75,24.75,35,1.1436687707901,11.1410465240479,742.700012207031,37.4599990844727,-0.28999999165535,28,44.1699981689453,13933.5,8850,-53,72,3,5.86999988555908,14.4200000762939,5377.68994140625,132.440002441406,132.440002441406,-128,9,0.748399972915649,0.250600010156631,0,0,0.000500000023748726,0.000199999994947575,0,0,0,0,0.000300000014249235,1.10000002384186,12,5.59999990463257,5,5.69999980926514,26,46,58.5
"8327",53.071,-114.081,852,3.2,16.4,-9.8,26.2,520,356,25.4,46.1,141,256,116,161,3.87,1171,1378,5399,48,616,-41.6,34.4,568,13,158,117,57,-2.8,-3.7,1.1,9.7,17.7,20.3,22.8,22.3,17.3,9.4,0.7,-3.4,-13.7,-15.8,-10.2,-2.5,3.5,7.8,10,8.7,3.9,-2.2,-9.7,-13.8,-8.2,-9.8,-4.6,3.6,10.6,14.1,16.4,15.5,10.6,3.6,-4.5,-8.6,22,20,25,28,57,91,107,59,42,23,29,17,4.1,7.5,12.6,18.3,22.1,22.4,21.6,18.8,13.5,7.7,4.2,3,260,271,169,18,0,0,0,0,1,17,163,273,0,0,0,33,180,273,354,327,174,38,0,0,812,774,703,432,228,126,66,91,223,448,675,821,0,0,1,0,2,9,17,13,4,0,2,0,0,0,1,7,25,29,31,31,24,9,1,0,20,20,24,8,1,0,0,0,2,4,22,16,0,0,0,54,99,111,119,100,59,26,0,0,0,0,0,26,42,20,12,41,17,3,0,0,55,50,55,58,56,62,61,59,58,60,58,57,2.2,2,2.43,0.26,-1.93,0.65,0.87,-3.89,-3.09,-0.15,2.82,1.7,NA,NA,NA,NA,NA,NA,NA,NA,NA,8.625,-3.625,24,1.1526700258255,10.6701688766479,740.409973144531,41.5400009155273,-0.330000013113022,29.2000007629395,41.4300003051758,14868,9412.5,-62,84,3,5.57000017166138,35.0699996948242,5397.52001953125,132.190002441406,132.190002441406,-103,8,0.558799982070923,0.000300000014249235,0,0,0.0119000002741814,0.0111999996006489,0,0.417800009250641,0,0,0,1.10000002384186,10,2.79999995231628,4.19999980926514,6.19999980926514,37,40.7799999999993,53.4559998321532
"8328",54.031,-115.721,1148,3.3,15.3,-8.3,23.6,619,433,21.5,35.3,143,256,112,59,18.14,1024,1222,5352,35,496,-40.1,32.2,517,12.7,158,129,59,-1.1,-2.1,3,10.1,16.2,18.7,21.1,20.3,15.9,7.7,1.4,-2.4,-12,-14.6,-9,-2.6,3.2,7.4,9.5,8.5,3.7,-2,-9.2,-12.8,-6.6,-8.3,-3,3.8,9.7,13.1,15.3,14.4,9.8,2.9,-3.9,-7.6,25,22,24,34,66,107,133,75,52,25,34,22,3.9,7.2,12.5,18.3,22.1,22,21.2,17.9,12.9,7.3,4.2,2.9,221,241,127,16,0,0,0,0,1,22,149,247,0,0,0,32,153,243,320,291,151,31,0,0,763,732,653,426,258,148,93,116,247,470,657,790,0,1,2,1,0,5,10,8,3,1,3,1,1,0,1,7,24,29,31,31,24,9,1,0,20,21,22,9,2,0,1,1,3,6,24,20,0,0,0,54,91,101,108,88,53,22,0,0,0,0,0,20,25,0,0,13,1,0,0,0,56,49,54,57,59,65,64,64,61,66,58,57,2.5,2.2,2.01,0.62,-0.23,3.05,4.43,-1.03,-1.39,0.56,3.21,2.2,0.170100003480911,0.43079999089241,0.614400029182434,0.507200002670288,0.230399996042252,0.179000005125999,0.330599993467331,0.170100003480911,0.614400029182434,54.125,54.125,121,1.14605581760406,9.55979347229004,664.789978027344,23.0300006866455,-0.100000001490116,28.6000003814697,52.2200012207031,11770.5,7747.5,-90,63,3,4.42999982833862,14.2399997711182,4989.60009765625,121.449996948242,121.449996948242,-164,0,0.833999991416931,0.160699993371964,0,0,0,0.00499999988824129,0,0,0,0,0.000300000014249235,1,22,3.5,3.79999995231628,5.69999980926514,35,45,53.4000015258789
"8329",54.031,-115.721,1148,3.3,15.3,-8.3,23.6,619,433,21.5,35.3,143,256,112,59,18.14,1024,1222,5352,35,496,-40.1,32.2,517,12.7,158,129,59,-1.1,-2.1,3,10.1,16.2,18.7,21.1,20.3,15.9,7.7,1.4,-2.4,-12,-14.6,-9,-2.6,3.2,7.4,9.5,8.5,3.7,-2,-9.2,-12.8,-6.6,-8.3,-3,3.8,9.7,13.1,15.3,14.4,9.8,2.9,-3.9,-7.6,25,22,24,34,66,107,133,75,52,25,34,22,3.9,7.2,12.5,18.3,22.1,22,21.2,17.9,12.9,7.3,4.2,2.9,221,241,127,16,0,0,0,0,1,22,149,247,0,0,0,32,153,243,320,291,151,31,0,0,763,732,653,426,258,148,93,116,247,470,657,790,0,1,2,1,0,5,10,8,3,1,3,1,1,0,1,7,24,29,31,31,24,9,1,0,20,21,22,9,2,0,1,1,3,6,24,20,0,0,0,54,91,101,108,88,53,22,0,0,0,0,0,20,25,0,0,13,1,0,0,0,56,49,54,57,59,65,64,64,61,66,58,57,2.5,2.2,2.01,0.62,-0.23,3.05,4.43,-1.03,-1.39,0.56,3.21,2.2,0.170100003480911,0.43079999089241,0.614400029182434,0.507200002670288,0.230399996042252,0.179000005125999,0.330599993467331,0.170100003480911,0.614400029182434,54.125,54.125,121,1.14605581760406,9.55979347229004,664.789978027344,23.0300006866455,-0.100000001490116,28.6000003814697,52.2200012207031,11770.5,7747.5,-90,63,3,4.42999982833862,14.2399997711182,4989.60009765625,121.449996948242,121.449996948242,-164,0,0.833999991416931,0.160699993371964,0,0,0,0.00499999988824129,0,0,0,0,0.000300000014249235,1,22,3.5,3.79999995231628,5.69999980926514,35,45,53.4000015258789
"8330",54.031,-115.721,1148,3.3,15.3,-8.3,23.6,619,433,21.5,35.3,143,256,112,59,18.14,1024,1222,5352,35,496,-40.1,32.2,517,12.7,158,129,59,-1.1,-2.1,3,10.1,16.2,18.7,21.1,20.3,15.9,7.7,1.4,-2.4,-12,-14.6,-9,-2.6,3.2,7.4,9.5,8.5,3.7,-2,-9.2,-12.8,-6.6,-8.3,-3,3.8,9.7,13.1,15.3,14.4,9.8,2.9,-3.9,-7.6,25,22,24,34,66,107,133,75,52,25,34,22,3.9,7.2,12.5,18.3,22.1,22,21.2,17.9,12.9,7.3,4.2,2.9,221,241,127,16,0,0,0,0,1,22,149,247,0,0,0,32,153,243,320,291,151,31,0,0,763,732,653,426,258,148,93,116,247,470,657,790,0,1,2,1,0,5,10,8,3,1,3,1,1,0,1,7,24,29,31,31,24,9,1,0,20,21,22,9,2,0,1,1,3,6,24,20,0,0,0,54,91,101,108,88,53,22,0,0,0,0,0,20,25,0,0,13,1,0,0,0,56,49,54,57,59,65,64,64,61,66,58,57,2.5,2.2,2.01,0.62,-0.23,3.05,4.43,-1.03,-1.39,0.56,3.21,2.2,0.170100003480911,0.43079999089241,0.614400029182434,0.507200002670288,0.230399996042252,0.179000005125999,0.330599993467331,0.170100003480911,0.614400029182434,54.125,54.125,121,1.14605581760406,9.55979347229004,664.789978027344,23.0300006866455,-0.100000001490116,28.6000003814697,52.2200012207031,11770.5,7747.5,-90,63,3,4.42999982833862,14.2399997711182,4989.60009765625,121.449996948242,121.449996948242,-164,0,0.833999991416931,0.160699993371964,0,0,0,0.00499999988824129,0,0,0,0,0.000300000014249235,1,22,3.5,3.79999995231628,5.69999980926514,35,45,53.4000015258789
"8331",54.031,-115.721,1148,3.3,15.3,-8.3,23.6,619,433,21.5,35.3,143,256,112,59,18.14,1024,1222,5352,35,496,-40.1,32.2,517,12.7,158,129,59,-1.1,-2.1,3,10.1,16.2,18.7,21.1,20.3,15.9,7.7,1.4,-2.4,-12,-14.6,-9,-2.6,3.2,7.4,9.5,8.5,3.7,-2,-9.2,-12.8,-6.6,-8.3,-3,3.8,9.7,13.1,15.3,14.4,9.8,2.9,-3.9,-7.6,25,22,24,34,66,107,133,75,52,25,34,22,3.9,7.2,12.5,18.3,22.1,22,21.2,17.9,12.9,7.3,4.2,2.9,221,241,127,16,0,0,0,0,1,22,149,247,0,0,0,32,153,243,320,291,151,31,0,0,763,732,653,426,258,148,93,116,247,470,657,790,0,1,2,1,0,5,10,8,3,1,3,1,1,0,1,7,24,29,31,31,24,9,1,0,20,21,22,9,2,0,1,1,3,6,24,20,0,0,0,54,91,101,108,88,53,22,0,0,0,0,0,20,25,0,0,13,1,0,0,0,56,49,54,57,59,65,64,64,61,66,58,57,2.5,2.2,2.01,0.62,-0.23,3.05,4.43,-1.03,-1.39,0.56,3.21,2.2,0.170100003480911,0.43079999089241,0.614400029182434,0.507200002670288,0.230399996042252,0.179000005125999,0.330599993467331,0.170100003480911,0.614400029182434,54.125,54.125,121,1.14605581760406,9.55979347229004,664.789978027344,23.0300006866455,-0.100000001490116,28.6000003814697,52.2200012207031,11770.5,7747.5,-90,63,3,4.42999982833862,14.2399997711182,4989.60009765625,121.449996948242,121.449996948242,-164,0,0.833999991416931,0.160699993371964,0,0,0,0.00499999988824129,0,0,0,0,0.000300000014249235,1,22,3.5,3.79999995231628,5.69999980926514,35,45,53.4000015258789
"8332",53.071,-114.082,852,3.2,16.4,-9.8,26.2,520,356,25.4,46.1,141,256,116,161,3.87,1171,1378,5399,48,616,-41.6,34.4,568,13,158,117,57,-2.8,-3.7,1.1,9.7,17.7,20.3,22.8,22.3,17.3,9.4,0.7,-3.4,-13.7,-15.8,-10.2,-2.5,3.5,7.8,10,8.7,3.9,-2.2,-9.7,-13.8,-8.2,-9.8,-4.6,3.6,10.6,14.1,16.4,15.5,10.6,3.6,-4.5,-8.6,22,20,25,28,57,91,107,59,42,23,29,17,4.1,7.5,12.6,18.3,22.1,22.4,21.6,18.8,13.5,7.7,4.2,3,260,271,169,18,0,0,0,0,1,17,163,273,0,0,0,33,180,273,354,327,174,38,0,0,812,774,703,432,228,126,66,91,223,448,675,821,0,0,1,0,2,9,17,13,4,0,2,0,0,0,1,7,25,29,31,31,24,9,1,0,20,20,24,8,1,0,0,0,2,4,22,16,0,0,0,54,99,111,119,100,59,26,0,0,0,0,0,26,42,20,12,41,17,3,0,0,55,50,55,58,56,62,61,59,58,60,58,57,2.2,2,2.43,0.26,-1.93,0.65,0.87,-3.89,-3.09,-0.15,2.82,1.7,NA,NA,NA,NA,NA,NA,NA,NA,NA,8.625,-3.625,24,1.1526700258255,10.6701688766479,740.409973144531,41.5400009155273,-0.330000013113022,29.2000007629395,41.4300003051758,14868,9412.5,-62,84,3,5.57000017166138,35.0699996948242,5397.52001953125,132.190002441406,132.190002441406,-103,8,0.558799982070923,0.000300000014249235,0,0,0.0119000002741814,0.0111999996006489,0,0.417800009250641,0,0,0,1.10000002384186,10,2.79999995231628,4.19999980926514,6.19999980926514,37,40.6600000000003,53.4319997406007
"8333",53.506,-113.613,672,3.1,17.1,-11,28.1,479,328,27.3,52.1,135,258,122,198,-1.34,1330,1486,5475,64,703,-42.6,35,575,12.7,162,108,58,-4.8,-5.3,0,9.7,18.6,21.2,23.6,22.9,17.9,9.7,-0.7,-5.1,-15.3,-16.7,-10.8,-2.2,4.2,8.6,10.7,9.3,4.3,-1.7,-9.8,-14.6,-10.1,-11,-5.4,3.7,11.4,14.9,17.1,16.1,11.1,4,-5.2,-9.8,21,19,20,27,47,87,105,53,36,22,26,16,3.8,7.2,12.3,18.1,21.8,22.4,21.5,18.6,13.3,7.5,3.9,2.8,316,311,191,17,0,0,0,0,0,14,180,300,0,0,0,35,202,296,376,345,188,43,0,0,871,808,727,429,210,107,52,77,205,435,696,858,0,0,0,0,4,13,24,18,4,0,1,0,0,0,0,8,26,30,31,31,25,10,1,0,20,19,20,7,1,0,0,0,1,3,21,15,0,0,0,53,102,113,121,101,59,26,0,0,0,0,0,26,55,26,16,48,23,4,0,0,56,52,56,59,56,61,61,59,58,61,62,60,2.1,1.9,2,0.19,-3.23,-0.06,0.38,-4.63,-3.85,-0.34,2.6,1.6,0.121799997985363,0.296400010585785,0.396800011396408,0.312400013208389,0.230000004172325,0.16889999806881,0.263200007379055,0.121799997985363,0.396800011396408,1.75,0.25,6,1.14300203323364,12.6318273544312,704.859985351562,43.310001373291,-0.340000003576279,30.5499992370605,40.2599983215332,16317,13239,-87,105,5,4.90000009536743,15.3800001144409,5229.580078125,126.669998168945,126.669998168945,-67.25,37,0.387499988079071,0.0888999998569489,0,0,0.505699992179871,0.0178999993950129,0,0,0,0,0,1.20000004768372,10,3.90000009536743,4.59999990463257,6.5,29,41,58
"8334",53.506,-113.613,672,3.1,17.1,-11,28.1,479,328,27.3,52.1,135,258,122,198,-1.34,1330,1486,5475,64,703,-42.6,35,575,12.7,162,108,58,-4.8,-5.3,0,9.7,18.6,21.2,23.6,22.9,17.9,9.7,-0.7,-5.1,-15.3,-16.7,-10.8,-2.2,4.2,8.6,10.7,9.3,4.3,-1.7,-9.8,-14.6,-10.1,-11,-5.4,3.7,11.4,14.9,17.1,16.1,11.1,4,-5.2,-9.8,21,19,20,27,47,87,105,53,36,22,26,16,3.8,7.2,12.3,18.1,21.8,22.4,21.5,18.6,13.3,7.5,3.9,2.8,316,311,191,17,0,0,0,0,0,14,180,300,0,0,0,35,202,296,376,345,188,43,0,0,871,808,727,429,210,107,52,77,205,435,696,858,0,0,0,0,4,13,24,18,4,0,1,0,0,0,0,8,26,30,31,31,25,10,1,0,20,19,20,7,1,0,0,0,1,3,21,15,0,0,0,53,102,113,121,101,59,26,0,0,0,0,0,26,55,26,16,48,23,4,0,0,56,52,56,59,56,61,61,59,58,61,62,60,2.1,1.9,2,0.19,-3.23,-0.06,0.38,-4.63,-3.85,-0.34,2.6,1.6,0.121799997985363,0.296400010585785,0.396800011396408,0.312400013208389,0.230000004172325,0.16889999806881,0.263200007379055,0.121799997985363,0.396800011396408,1.75,0.25,6,1.14300203323364,12.6318273544312,704.859985351562,43.310001373291,-0.340000003576279,30.5499992370605,40.2599983215332,16317,13239,-87,105,5,4.90000009536743,15.3800001144409,5229.580078125,126.669998168945,126.669998168945,-67.25,37,0.387499988079071,0.0888999998569489,0,0,0.505699992179871,0.0178999993950129,0,0,0,0,0,1.20000004768372,10,3.90000009536743,4.59999990463257,6.5,29,41,58
"8335",53.506,-113.613,672,3.1,17.1,-11,28.1,479,328,27.3,52.1,135,258,122,198,-1.34,1330,1486,5475,64,703,-42.6,35,575,12.7,162,108,58,-4.8,-5.3,0,9.7,18.6,21.2,23.6,22.9,17.9,9.7,-0.7,-5.1,-15.3,-16.7,-10.8,-2.2,4.2,8.6,10.7,9.3,4.3,-1.7,-9.8,-14.6,-10.1,-11,-5.4,3.7,11.4,14.9,17.1,16.1,11.1,4,-5.2,-9.8,21,19,20,27,47,87,105,53,36,22,26,16,3.8,7.2,12.3,18.1,21.8,22.4,21.5,18.6,13.3,7.5,3.9,2.8,316,311,191,17,0,0,0,0,0,14,180,300,0,0,0,35,202,296,376,345,188,43,0,0,871,808,727,429,210,107,52,77,205,435,696,858,0,0,0,0,4,13,24,18,4,0,1,0,0,0,0,8,26,30,31,31,25,10,1,0,20,19,20,7,1,0,0,0,1,3,21,15,0,0,0,53,102,113,121,101,59,26,0,0,0,0,0,26,55,26,16,48,23,4,0,0,56,52,56,59,56,61,61,59,58,61,62,60,2.1,1.9,2,0.19,-3.23,-0.06,0.38,-4.63,-3.85,-0.34,2.6,1.6,0.121799997985363,0.296400010585785,0.396800011396408,0.312400013208389,0.230000004172325,0.16889999806881,0.263200007379055,0.121799997985363,0.396800011396408,1.75,0.25,6,1.14300203323364,12.6318273544312,704.859985351562,43.310001373291,-0.340000003576279,30.5499992370605,40.2599983215332,16317,13239,-87,105,5,4.90000009536743,15.3800001144409,5229.580078125,126.669998168945,126.669998168945,-67.25,37,0.387499988079071,0.0888999998569489,0,0,0.505699992179871,0.0178999993950129,0,0,0,0,0,1.20000004768372,10,3.90000009536743,4.59999990463257,6.5,29,41,58
"8336",53.506,-113.613,672,3.1,17.1,-11,28.1,479,328,27.3,52.1,135,258,122,198,-1.34,1330,1486,5475,64,703,-42.6,35,575,12.7,162,108,58,-4.8,-5.3,0,9.7,18.6,21.2,23.6,22.9,17.9,9.7,-0.7,-5.1,-15.3,-16.7,-10.8,-2.2,4.2,8.6,10.7,9.3,4.3,-1.7,-9.8,-14.6,-10.1,-11,-5.4,3.7,11.4,14.9,17.1,16.1,11.1,4,-5.2,-9.8,21,19,20,27,47,87,105,53,36,22,26,16,3.8,7.2,12.3,18.1,21.8,22.4,21.5,18.6,13.3,7.5,3.9,2.8,316,311,191,17,0,0,0,0,0,14,180,300,0,0,0,35,202,296,376,345,188,43,0,0,871,808,727,429,210,107,52,77,205,435,696,858,0,0,0,0,4,13,24,18,4,0,1,0,0,0,0,8,26,30,31,31,25,10,1,0,20,19,20,7,1,0,0,0,1,3,21,15,0,0,0,53,102,113,121,101,59,26,0,0,0,0,0,26,55,26,16,48,23,4,0,0,56,52,56,59,56,61,61,59,58,61,62,60,2.1,1.9,2,0.19,-3.23,-0.06,0.38,-4.63,-3.85,-0.34,2.6,1.6,0.121799997985363,0.296400010585785,0.396800011396408,0.312400013208389,0.230000004172325,0.16889999806881,0.263200007379055,0.121799997985363,0.396800011396408,1.75,0.25,6,1.14300203323364,12.6318273544312,704.859985351562,43.310001373291,-0.340000003576279,30.5499992370605,40.2599983215332,16317,13239,-87,105,5,4.90000009536743,15.3800001144409,5229.580078125,126.669998168945,126.669998168945,-67.25,37,0.387499988079071,0.0888999998569489,0,0,0.505699992179871,0.0178999993950129,0,0,0,0,0,1.20000004768372,10,3.90000009536743,4.59999990463257,6.5,29,41,58
"8337",52.269,-115.915,1418,1.7,13.3,-9.1,22.4,590,384,19.8,34.6,159,249,90,74,20.06,1200,901,5928,16,291,-42.7,31.7,505,13.5,136,171,58,-2.3,-2.5,1.7,6,13.3,16.4,19.9,19.5,14.4,9,-1.1,-4.1,-13.7,-15.1,-9.7,-4.7,0.7,4.5,6.8,6.3,2.2,-3.3,-9.6,-14.2,-8,-8.8,-4,0.6,7,10.4,13.3,12.9,8.3,2.9,-5.3,-9.1,24,22,32,37,72,108,88,58,58,40,29,22,4.5,7.9,12.9,18.2,23,22.5,22.3,19.4,13.9,9,4.9,3.4,255,251,153,48,2,0,0,0,1,22,182,285,0,0,0,8,82,164,259,246,110,31,0,0,806,746,684,522,341,229,144,160,292,470,699,836,0,1,2,0,0,1,3,4,2,0,2,1,0,0,1,3,16,27,30,30,21,6,1,0,21,21,30,26,9,2,1,1,5,9,24,21,0,0,0,44,83,96,110,92,53,27,0,0,0,0,0,7,11,0,22,34,0,0,0,0,53,49,55,61,59,62,60,59,61,57,65,58,2.4,2.2,3.02,2.37,2.44,3.78,-0.14,-2.96,0.22,1.64,2.9,2.2,0.181400001049042,0.222000002861023,0.423599988222122,0.323599994182587,0.268799990415573,0.151800006628036,0.245399996638298,0.151800006628036,0.423599988222122,45.375,-34.375,124,1.16867363452911,12.6493482589722,690.080017089844,28.8299999237061,-0.170000001788139,26.6000003814697,51.3400001525879,10762.5,7192.5,-82,43,3,7.01999998092651,14.3299999237061,4969.9501953125,124.650001525879,124.650001525879,-173,0,0.765600025653839,0.132200002670288,0,0,0.000899999984540045,0.0970000028610229,0,0,0,0,0.00430000014603138,1.10000002384186,18,2.29999995231628,3.29999995231628,6.19999980926514,35,47,42.0999984741211
"8338",52.269,-115.915,1418,1.7,13.3,-9.1,22.4,590,384,19.8,34.6,159,249,90,74,20.06,1200,901,5928,16,291,-42.7,31.7,505,13.5,136,171,58,-2.3,-2.5,1.7,6,13.3,16.4,19.9,19.5,14.4,9,-1.1,-4.1,-13.7,-15.1,-9.7,-4.7,0.7,4.5,6.8,6.3,2.2,-3.3,-9.6,-14.2,-8,-8.8,-4,0.6,7,10.4,13.3,12.9,8.3,2.9,-5.3,-9.1,24,22,32,37,72,108,88,58,58,40,29,22,4.5,7.9,12.9,18.2,23,22.5,22.3,19.4,13.9,9,4.9,3.4,255,251,153,48,2,0,0,0,1,22,182,285,0,0,0,8,82,164,259,246,110,31,0,0,806,746,684,522,341,229,144,160,292,470,699,836,0,1,2,0,0,1,3,4,2,0,2,1,0,0,1,3,16,27,30,30,21,6,1,0,21,21,30,26,9,2,1,1,5,9,24,21,0,0,0,44,83,96,110,92,53,27,0,0,0,0,0,7,11,0,22,34,0,0,0,0,53,49,55,61,59,62,60,59,61,57,65,58,2.4,2.2,3.02,2.37,2.44,3.78,-0.14,-2.96,0.22,1.64,2.9,2.2,0.181400001049042,0.222000002861023,0.423599988222122,0.323599994182587,0.268799990415573,0.151800006628036,0.245399996638298,0.151800006628036,0.423599988222122,45.375,-34.375,124,1.16867363452911,12.6493482589722,690.080017089844,28.8299999237061,-0.170000001788139,26.6000003814697,51.3400001525879,10762.5,7192.5,-82,43,3,7.01999998092651,14.3299999237061,4969.9501953125,124.650001525879,124.650001525879,-173,0,0.765600025653839,0.132200002670288,0,0,0.000899999984540045,0.0970000028610229,0,0,0,0,0.00430000014603138,1.10000002384186,18,2.29999995231628,3.29999995231628,6.19999980926514,35,47,42.0999984741211
"8339",52.269,-115.915,1418,1.7,13.3,-9.1,22.4,590,384,19.8,34.6,159,249,90,74,20.06,1200,901,5928,16,291,-42.7,31.7,505,13.5,136,171,58,-2.3,-2.5,1.7,6,13.3,16.4,19.9,19.5,14.4,9,-1.1,-4.1,-13.7,-15.1,-9.7,-4.7,0.7,4.5,6.8,6.3,2.2,-3.3,-9.6,-14.2,-8,-8.8,-4,0.6,7,10.4,13.3,12.9,8.3,2.9,-5.3,-9.1,24,22,32,37,72,108,88,58,58,40,29,22,4.5,7.9,12.9,18.2,23,22.5,22.3,19.4,13.9,9,4.9,3.4,255,251,153,48,2,0,0,0,1,22,182,285,0,0,0,8,82,164,259,246,110,31,0,0,806,746,684,522,341,229,144,160,292,470,699,836,0,1,2,0,0,1,3,4,2,0,2,1,0,0,1,3,16,27,30,30,21,6,1,0,21,21,30,26,9,2,1,1,5,9,24,21,0,0,0,44,83,96,110,92,53,27,0,0,0,0,0,7,11,0,22,34,0,0,0,0,53,49,55,61,59,62,60,59,61,57,65,58,2.4,2.2,3.02,2.37,2.44,3.78,-0.14,-2.96,0.22,1.64,2.9,2.2,0.181400001049042,0.222000002861023,0.423599988222122,0.323599994182587,0.268799990415573,0.151800006628036,0.245399996638298,0.151800006628036,0.423599988222122,45.375,-34.375,124,1.16867363452911,12.6493482589722,690.080017089844,28.8299999237061,-0.170000001788139,26.6000003814697,51.3400001525879,10762.5,7192.5,-82,43,3,7.01999998092651,14.3299999237061,4969.9501953125,124.650001525879,124.650001525879,-173,0,0.765600025653839,0.132200002670288,0,0,0.000899999984540045,0.0970000028610229,0,0,0,0,0.00430000014603138,1.10000002384186,18,2.29999995231628,3.29999995231628,6.19999980926514,35,47,42.0999984741211
"8340",52.269,-115.915,1418,1.7,13.3,-9.1,22.4,590,384,19.8,34.6,159,249,90,74,20.06,1200,901,5928,16,291,-42.7,31.7,505,13.5,136,171,58,-2.3,-2.5,1.7,6,13.3,16.4,19.9,19.5,14.4,9,-1.1,-4.1,-13.7,-15.1,-9.7,-4.7,0.7,4.5,6.8,6.3,2.2,-3.3,-9.6,-14.2,-8,-8.8,-4,0.6,7,10.4,13.3,12.9,8.3,2.9,-5.3,-9.1,24,22,32,37,72,108,88,58,58,40,29,22,4.5,7.9,12.9,18.2,23,22.5,22.3,19.4,13.9,9,4.9,3.4,255,251,153,48,2,0,0,0,1,22,182,285,0,0,0,8,82,164,259,246,110,31,0,0,806,746,684,522,341,229,144,160,292,470,699,836,0,1,2,0,0,1,3,4,2,0,2,1,0,0,1,3,16,27,30,30,21,6,1,0,21,21,30,26,9,2,1,1,5,9,24,21,0,0,0,44,83,96,110,92,53,27,0,0,0,0,0,7,11,0,22,34,0,0,0,0,53,49,55,61,59,62,60,59,61,57,65,58,2.4,2.2,3.02,2.37,2.44,3.78,-0.14,-2.96,0.22,1.64,2.9,2.2,0.181400001049042,0.222000002861023,0.423599988222122,0.323599994182587,0.268799990415573,0.151800006628036,0.245399996638298,0.151800006628036,0.423599988222122,45.375,-34.375,124,1.16867363452911,12.6493482589722,690.080017089844,28.8299999237061,-0.170000001788139,26.6000003814697,51.3400001525879,10762.5,7192.5,-82,43,3,7.01999998092651,14.3299999237061,4969.9501953125,124.650001525879,124.650001525879,-173,0,0.765600025653839,0.132200002670288,0,0,0.000899999984540045,0.0970000028610229,0,0,0,0,0.00430000014603138,1.10000002384186,18,2.29999995231628,3.29999995231628,6.19999980926514,35,47,42.0999984741211
"8341",50.921,-114.527,1370,3.5,14.9,-7.3,22.2,556,363,24.3,41,159,250,91,162,2.48,911,1144,5292,27,445,-39.7,35,602,14.3,142,125,53,-0.1,-0.7,3.7,9.5,15.5,19,23,22.9,17.9,10.6,3.7,-0.7,-12.1,-14,-9.1,-3.7,1.2,4.8,6.9,6.2,2.4,-2.7,-8.3,-12.3,-6.1,-7.3,-2.7,2.9,8.3,11.9,14.9,14.5,10.1,3.9,-2.3,-6.5,15,21,34,45,84,111,60,58,50,32,27,19,5.1,8.6,13.8,19.4,22.9,23.6,23.1,20.6,15.2,9.4,5.6,4.1,208,218,120,22,1,0,0,0,1,15,110,217,0,0,0,23,114,208,304,294,160,41,0,0,748,704,644,453,301,184,104,113,238,439,609,756,0,0,1,0,0,3,8,8,3,0,2,1,1,0,1,5,18,27,30,30,21,7,1,0,12,20,30,17,5,1,0,1,2,4,15,16,0,0,0,57,94,112,130,111,66,32,0,0,0,0,0,12,10,1,70,53,16,0,0,0,52,47,52,55,55,56,52,51,52,55,55,53,1.5,2.1,2.9,1.99,2.09,2.4,-5.48,-5.77,-3.43,0.15,2.13,1.9,0.20160000026226,0.347600013017654,0.580399990081787,0.479200005531311,0.211799994111061,0.223199993371964,0.285400003194809,0.20160000026226,0.580399990081787,33,33,68,1.14138090610504,10.0638523101807,715.739990234375,41.2299995422363,-0.270000010728836,25.6000003814697,48.5699996948242,12705,8190,-56,63,3,8.47000026702881,18.9799995422363,4981.81982421875,127.110000610352,121.610000610352,-130,11,0.837400019168854,0.123499996960163,0,0,0.0171000007539988,0.0178999993950129,0,0,0,0,0.00410000002011657,1.10000002384186,12,2.70000004768372,4,6.40000009536743,31,41,49.0999984741211
"8342",50.921,-114.527,1370,3.5,14.9,-7.3,22.2,556,363,24.3,41,159,250,91,162,2.48,911,1144,5292,27,445,-39.7,35,602,14.3,142,125,53,-0.1,-0.7,3.7,9.5,15.5,19,23,22.9,17.9,10.6,3.7,-0.7,-12.1,-14,-9.1,-3.7,1.2,4.8,6.9,6.2,2.4,-2.7,-8.3,-12.3,-6.1,-7.3,-2.7,2.9,8.3,11.9,14.9,14.5,10.1,3.9,-2.3,-6.5,15,21,34,45,84,111,60,58,50,32,27,19,5.1,8.6,13.8,19.4,22.9,23.6,23.1,20.6,15.2,9.4,5.6,4.1,208,218,120,22,1,0,0,0,1,15,110,217,0,0,0,23,114,208,304,294,160,41,0,0,748,704,644,453,301,184,104,113,238,439,609,756,0,0,1,0,0,3,8,8,3,0,2,1,1,0,1,5,18,27,30,30,21,7,1,0,12,20,30,17,5,1,0,1,2,4,15,16,0,0,0,57,94,112,130,111,66,32,0,0,0,0,0,12,10,1,70,53,16,0,0,0,52,47,52,55,55,56,52,51,52,55,55,53,1.5,2.1,2.9,1.99,2.09,2.4,-5.48,-5.77,-3.43,0.15,2.13,1.9,0.20160000026226,0.347600013017654,0.580399990081787,0.479200005531311,0.211799994111061,0.223199993371964,0.285400003194809,0.20160000026226,0.580399990081787,33,33,68,1.14138090610504,10.0638523101807,715.739990234375,41.2299995422363,-0.270000010728836,25.6000003814697,48.5699996948242,12705,8190,-56,63,3,8.47000026702881,18.9799995422363,4981.81982421875,127.110000610352,121.610000610352,-130,11,0.837400019168854,0.123499996960163,0,0,0.0171000007539988,0.0178999993950129,0,0,0,0,0.00410000002011657,1.10000002384186,12,2.70000004768372,4,6.40000009536743,31,41,49.0999984741211
"8343",50.921,-114.527,1370,3.5,14.9,-7.3,22.2,556,363,24.3,41,159,250,91,162,2.48,911,1144,5292,27,445,-39.7,35,602,14.3,142,125,53,-0.1,-0.7,3.7,9.5,15.5,19,23,22.9,17.9,10.6,3.7,-0.7,-12.1,-14,-9.1,-3.7,1.2,4.8,6.9,6.2,2.4,-2.7,-8.3,-12.3,-6.1,-7.3,-2.7,2.9,8.3,11.9,14.9,14.5,10.1,3.9,-2.3,-6.5,15,21,34,45,84,111,60,58,50,32,27,19,5.1,8.6,13.8,19.4,22.9,23.6,23.1,20.6,15.2,9.4,5.6,4.1,208,218,120,22,1,0,0,0,1,15,110,217,0,0,0,23,114,208,304,294,160,41,0,0,748,704,644,453,301,184,104,113,238,439,609,756,0,0,1,0,0,3,8,8,3,0,2,1,1,0,1,5,18,27,30,30,21,7,1,0,12,20,30,17,5,1,0,1,2,4,15,16,0,0,0,57,94,112,130,111,66,32,0,0,0,0,0,12,10,1,70,53,16,0,0,0,52,47,52,55,55,56,52,51,52,55,55,53,1.5,2.1,2.9,1.99,2.09,2.4,-5.48,-5.77,-3.43,0.15,2.13,1.9,0.20160000026226,0.347600013017654,0.580399990081787,0.479200005531311,0.211799994111061,0.223199993371964,0.285400003194809,0.20160000026226,0.580399990081787,33,33,68,1.14138090610504,10.0638523101807,715.739990234375,41.2299995422363,-0.270000010728836,25.6000003814697,48.5699996948242,12705,8190,-56,63,3,8.47000026702881,18.9799995422363,4981.81982421875,127.110000610352,121.610000610352,-130,11,0.837400019168854,0.123499996960163,0,0,0.0171000007539988,0.0178999993950129,0,0,0,0,0.00410000002011657,1.10000002384186,12,2.70000004768372,4,6.40000009536743,31,41,49.0999984741211
"8344",50.921,-114.527,1370,3.5,14.9,-7.3,22.2,556,363,24.3,41,159,250,91,162,2.48,911,1144,5292,27,445,-39.7,35,602,14.3,142,125,53,-0.1,-0.7,3.7,9.5,15.5,19,23,22.9,17.9,10.6,3.7,-0.7,-12.1,-14,-9.1,-3.7,1.2,4.8,6.9,6.2,2.4,-2.7,-8.3,-12.3,-6.1,-7.3,-2.7,2.9,8.3,11.9,14.9,14.5,10.1,3.9,-2.3,-6.5,15,21,34,45,84,111,60,58,50,32,27,19,5.1,8.6,13.8,19.4,22.9,23.6,23.1,20.6,15.2,9.4,5.6,4.1,208,218,120,22,1,0,0,0,1,15,110,217,0,0,0,23,114,208,304,294,160,41,0,0,748,704,644,453,301,184,104,113,238,439,609,756,0,0,1,0,0,3,8,8,3,0,2,1,1,0,1,5,18,27,30,30,21,7,1,0,12,20,30,17,5,1,0,1,2,4,15,16,0,0,0,57,94,112,130,111,66,32,0,0,0,0,0,12,10,1,70,53,16,0,0,0,52,47,52,55,55,56,52,51,52,55,55,53,1.5,2.1,2.9,1.99,2.09,2.4,-5.48,-5.77,-3.43,0.15,2.13,1.9,0.20160000026226,0.347600013017654,0.580399990081787,0.479200005531311,0.211799994111061,0.223199993371964,0.285400003194809,0.20160000026226,0.580399990081787,33,33,68,1.14138090610504,10.0638523101807,715.739990234375,41.2299995422363,-0.270000010728836,25.6000003814697,48.5699996948242,12705,8190,-56,63,3,8.47000026702881,18.9799995422363,4981.81982421875,127.110000610352,121.610000610352,-130,11,0.837400019168854,0.123499996960163,0,0,0.0171000007539988,0.0178999993950129,0,0,0,0,0.00410000002011657,1.10000002384186,12,2.70000004768372,4,6.40000009536743,31,41,49.0999984741211
"8345",50.921,-114.527,1370,3.5,14.9,-7.3,22.2,556,363,24.3,41,159,250,91,162,2.48,911,1144,5292,27,445,-39.7,35,602,14.3,142,125,53,-0.1,-0.7,3.7,9.5,15.5,19,23,22.9,17.9,10.6,3.7,-0.7,-12.1,-14,-9.1,-3.7,1.2,4.8,6.9,6.2,2.4,-2.7,-8.3,-12.3,-6.1,-7.3,-2.7,2.9,8.3,11.9,14.9,14.5,10.1,3.9,-2.3,-6.5,15,21,34,45,84,111,60,58,50,32,27,19,5.1,8.6,13.8,19.4,22.9,23.6,23.1,20.6,15.2,9.4,5.6,4.1,208,218,120,22,1,0,0,0,1,15,110,217,0,0,0,23,114,208,304,294,160,41,0,0,748,704,644,453,301,184,104,113,238,439,609,756,0,0,1,0,0,3,8,8,3,0,2,1,1,0,1,5,18,27,30,30,21,7,1,0,12,20,30,17,5,1,0,1,2,4,15,16,0,0,0,57,94,112,130,111,66,32,0,0,0,0,0,12,10,1,70,53,16,0,0,0,52,47,52,55,55,56,52,51,52,55,55,53,1.5,2.1,2.9,1.99,2.09,2.4,-5.48,-5.77,-3.43,0.15,2.13,1.9,0.20160000026226,0.347600013017654,0.580399990081787,0.479200005531311,0.211799994111061,0.223199993371964,0.285400003194809,0.20160000026226,0.580399990081787,33,33,68,1.14138090610504,10.0638523101807,715.739990234375,41.2299995422363,-0.270000010728836,25.6000003814697,48.5699996948242,12705,8190,-56,63,3,8.47000026702881,18.9799995422363,4981.81982421875,127.110000610352,121.610000610352,-130,11,0.837400019168854,0.123499996960163,0,0,0.0171000007539988,0.0178999993950129,0,0,0,0,0.00410000002011657,1.10000002384186,12,2.70000004768372,4,6.40000009536743,31,41,49.0999984741211
"8346",50.921,-114.527,1370,3.5,14.9,-7.3,22.2,556,363,24.3,41,159,250,91,162,2.48,911,1144,5292,27,445,-39.7,35,602,14.3,142,125,53,-0.1,-0.7,3.7,9.5,15.5,19,23,22.9,17.9,10.6,3.7,-0.7,-12.1,-14,-9.1,-3.7,1.2,4.8,6.9,6.2,2.4,-2.7,-8.3,-12.3,-6.1,-7.3,-2.7,2.9,8.3,11.9,14.9,14.5,10.1,3.9,-2.3,-6.5,15,21,34,45,84,111,60,58,50,32,27,19,5.1,8.6,13.8,19.4,22.9,23.6,23.1,20.6,15.2,9.4,5.6,4.1,208,218,120,22,1,0,0,0,1,15,110,217,0,0,0,23,114,208,304,294,160,41,0,0,748,704,644,453,301,184,104,113,238,439,609,756,0,0,1,0,0,3,8,8,3,0,2,1,1,0,1,5,18,27,30,30,21,7,1,0,12,20,30,17,5,1,0,1,2,4,15,16,0,0,0,57,94,112,130,111,66,32,0,0,0,0,0,12,10,1,70,53,16,0,0,0,52,47,52,55,55,56,52,51,52,55,55,53,1.5,2.1,2.9,1.99,2.09,2.4,-5.48,-5.77,-3.43,0.15,2.13,1.9,0.20160000026226,0.347600013017654,0.580399990081787,0.479200005531311,0.211799994111061,0.223199993371964,0.285400003194809,0.20160000026226,0.580399990081787,33,33,68,1.14138090610504,10.0638523101807,715.739990234375,41.2299995422363,-0.270000010728836,25.6000003814697,48.5699996948242,12705,8190,-56,63,3,8.47000026702881,18.9799995422363,4981.81982421875,127.110000610352,121.610000610352,-130,11,0.837400019168854,0.123499996960163,0,0,0.0171000007539988,0.0178999993950129,0,0,0,0,0.00410000002011657,1.10000002384186,12,2.70000004768372,4,6.40000009536743,31,41,49.0999984741211
"8347",50.921,-114.527,1370,3.5,14.9,-7.3,22.2,556,363,24.3,41,159,250,91,162,2.48,911,1144,5292,27,445,-39.7,35,602,14.3,142,125,53,-0.1,-0.7,3.7,9.5,15.5,19,23,22.9,17.9,10.6,3.7,-0.7,-12.1,-14,-9.1,-3.7,1.2,4.8,6.9,6.2,2.4,-2.7,-8.3,-12.3,-6.1,-7.3,-2.7,2.9,8.3,11.9,14.9,14.5,10.1,3.9,-2.3,-6.5,15,21,34,45,84,111,60,58,50,32,27,19,5.1,8.6,13.8,19.4,22.9,23.6,23.1,20.6,15.2,9.4,5.6,4.1,208,218,120,22,1,0,0,0,1,15,110,217,0,0,0,23,114,208,304,294,160,41,0,0,748,704,644,453,301,184,104,113,238,439,609,756,0,0,1,0,0,3,8,8,3,0,2,1,1,0,1,5,18,27,30,30,21,7,1,0,12,20,30,17,5,1,0,1,2,4,15,16,0,0,0,57,94,112,130,111,66,32,0,0,0,0,0,12,10,1,70,53,16,0,0,0,52,47,52,55,55,56,52,51,52,55,55,53,1.5,2.1,2.9,1.99,2.09,2.4,-5.48,-5.77,-3.43,0.15,2.13,1.9,0.20160000026226,0.347600013017654,0.580399990081787,0.479200005531311,0.211799994111061,0.223199993371964,0.285400003194809,0.20160000026226,0.580399990081787,33,33,68,1.14138090610504,10.0638523101807,715.739990234375,41.2299995422363,-0.270000010728836,25.6000003814697,48.5699996948242,12705,8190,-56,63,3,8.47000026702881,18.9799995422363,4981.81982421875,127.110000610352,121.610000610352,-130,11,0.837400019168854,0.123499996960163,0,0,0.0171000007539988,0.0178999993950129,0,0,0,0,0.00410000002011657,1.10000002384186,12,2.70000004768372,4,6.40000009536743,31,41,49.0999984741211
"8348",50.921,-114.527,1370,3.5,14.9,-7.3,22.2,556,363,24.3,41,159,250,91,162,2.48,911,1144,5292,27,445,-39.7,35,602,14.3,142,125,53,-0.1,-0.7,3.7,9.5,15.5,19,23,22.9,17.9,10.6,3.7,-0.7,-12.1,-14,-9.1,-3.7,1.2,4.8,6.9,6.2,2.4,-2.7,-8.3,-12.3,-6.1,-7.3,-2.7,2.9,8.3,11.9,14.9,14.5,10.1,3.9,-2.3,-6.5,15,21,34,45,84,111,60,58,50,32,27,19,5.1,8.6,13.8,19.4,22.9,23.6,23.1,20.6,15.2,9.4,5.6,4.1,208,218,120,22,1,0,0,0,1,15,110,217,0,0,0,23,114,208,304,294,160,41,0,0,748,704,644,453,301,184,104,113,238,439,609,756,0,0,1,0,0,3,8,8,3,0,2,1,1,0,1,5,18,27,30,30,21,7,1,0,12,20,30,17,5,1,0,1,2,4,15,16,0,0,0,57,94,112,130,111,66,32,0,0,0,0,0,12,10,1,70,53,16,0,0,0,52,47,52,55,55,56,52,51,52,55,55,53,1.5,2.1,2.9,1.99,2.09,2.4,-5.48,-5.77,-3.43,0.15,2.13,1.9,0.20160000026226,0.347600013017654,0.580399990081787,0.479200005531311,0.211799994111061,0.223199993371964,0.285400003194809,0.20160000026226,0.580399990081787,33,33,68,1.14138090610504,10.0638523101807,715.739990234375,41.2299995422363,-0.270000010728836,25.6000003814697,48.5699996948242,12705,8190,-56,63,3,8.47000026702881,18.9799995422363,4981.81982421875,127.110000610352,121.610000610352,-130,11,0.837400019168854,0.123499996960163,0,0,0.0171000007539988,0.0178999993950129,0,0,0,0,0.00410000002011657,1.10000002384186,12,2.70000004768372,4,6.40000009536743,31,41,49.0999984741211
"8349",50.921,-114.527,1370,3.5,14.9,-7.3,22.2,556,363,24.3,41,159,250,91,162,2.48,911,1144,5292,27,445,-39.7,35,602,14.3,142,125,53,-0.1,-0.7,3.7,9.5,15.5,19,23,22.9,17.9,10.6,3.7,-0.7,-12.1,-14,-9.1,-3.7,1.2,4.8,6.9,6.2,2.4,-2.7,-8.3,-12.3,-6.1,-7.3,-2.7,2.9,8.3,11.9,14.9,14.5,10.1,3.9,-2.3,-6.5,15,21,34,45,84,111,60,58,50,32,27,19,5.1,8.6,13.8,19.4,22.9,23.6,23.1,20.6,15.2,9.4,5.6,4.1,208,218,120,22,1,0,0,0,1,15,110,217,0,0,0,23,114,208,304,294,160,41,0,0,748,704,644,453,301,184,104,113,238,439,609,756,0,0,1,0,0,3,8,8,3,0,2,1,1,0,1,5,18,27,30,30,21,7,1,0,12,20,30,17,5,1,0,1,2,4,15,16,0,0,0,57,94,112,130,111,66,32,0,0,0,0,0,12,10,1,70,53,16,0,0,0,52,47,52,55,55,56,52,51,52,55,55,53,1.5,2.1,2.9,1.99,2.09,2.4,-5.48,-5.77,-3.43,0.15,2.13,1.9,0.20160000026226,0.347600013017654,0.580399990081787,0.479200005531311,0.211799994111061,0.223199993371964,0.285400003194809,0.20160000026226,0.580399990081787,33,33,68,1.14138090610504,10.0638523101807,715.739990234375,41.2299995422363,-0.270000010728836,25.6000003814697,48.5699996948242,12705,8190,-56,63,3,8.47000026702881,18.9799995422363,4981.81982421875,127.110000610352,121.610000610352,-130,11,0.837400019168854,0.123499996960163,0,0,0.0171000007539988,0.0178999993950129,0,0,0,0,0.00410000002011657,1.10000002384186,12,2.70000004768372,4,6.40000009536743,31,41,49.0999984741211
"8350",50.921,-114.527,1370,3.5,14.9,-7.3,22.2,556,363,24.3,41,159,250,91,162,2.48,911,1144,5292,27,445,-39.7,35,602,14.3,142,125,53,-0.1,-0.7,3.7,9.5,15.5,19,23,22.9,17.9,10.6,3.7,-0.7,-12.1,-14,-9.1,-3.7,1.2,4.8,6.9,6.2,2.4,-2.7,-8.3,-12.3,-6.1,-7.3,-2.7,2.9,8.3,11.9,14.9,14.5,10.1,3.9,-2.3,-6.5,15,21,34,45,84,111,60,58,50,32,27,19,5.1,8.6,13.8,19.4,22.9,23.6,23.1,20.6,15.2,9.4,5.6,4.1,208,218,120,22,1,0,0,0,1,15,110,217,0,0,0,23,114,208,304,294,160,41,0,0,748,704,644,453,301,184,104,113,238,439,609,756,0,0,1,0,0,3,8,8,3,0,2,1,1,0,1,5,18,27,30,30,21,7,1,0,12,20,30,17,5,1,0,1,2,4,15,16,0,0,0,57,94,112,130,111,66,32,0,0,0,0,0,12,10,1,70,53,16,0,0,0,52,47,52,55,55,56,52,51,52,55,55,53,1.5,2.1,2.9,1.99,2.09,2.4,-5.48,-5.77,-3.43,0.15,2.13,1.9,0.20160000026226,0.347600013017654,0.580399990081787,0.479200005531311,0.211799994111061,0.223199993371964,0.285400003194809,0.20160000026226,0.580399990081787,33,33,68,1.14138090610504,10.0638523101807,715.739990234375,41.2299995422363,-0.270000010728836,25.6000003814697,48.5699996948242,12705,8190,-56,63,3,8.47000026702881,18.9799995422363,4981.81982421875,127.110000610352,121.610000610352,-130,11,0.837400019168854,0.123499996960163,0,0,0.0171000007539988,0.0178999993950129,0,0,0,0,0.00410000002011657,1.10000002384186,12,2.70000004768372,4,6.40000009536743,31,41,49.0999984741211
"8351",50.921,-114.527,1370,3.5,14.9,-7.3,22.2,556,363,24.3,41,159,250,91,162,2.48,911,1144,5292,27,445,-39.7,35,602,14.3,142,125,53,-0.1,-0.7,3.7,9.5,15.5,19,23,22.9,17.9,10.6,3.7,-0.7,-12.1,-14,-9.1,-3.7,1.2,4.8,6.9,6.2,2.4,-2.7,-8.3,-12.3,-6.1,-7.3,-2.7,2.9,8.3,11.9,14.9,14.5,10.1,3.9,-2.3,-6.5,15,21,34,45,84,111,60,58,50,32,27,19,5.1,8.6,13.8,19.4,22.9,23.6,23.1,20.6,15.2,9.4,5.6,4.1,208,218,120,22,1,0,0,0,1,15,110,217,0,0,0,23,114,208,304,294,160,41,0,0,748,704,644,453,301,184,104,113,238,439,609,756,0,0,1,0,0,3,8,8,3,0,2,1,1,0,1,5,18,27,30,30,21,7,1,0,12,20,30,17,5,1,0,1,2,4,15,16,0,0,0,57,94,112,130,111,66,32,0,0,0,0,0,12,10,1,70,53,16,0,0,0,52,47,52,55,55,56,52,51,52,55,55,53,1.5,2.1,2.9,1.99,2.09,2.4,-5.48,-5.77,-3.43,0.15,2.13,1.9,0.20160000026226,0.347600013017654,0.580399990081787,0.479200005531311,0.211799994111061,0.223199993371964,0.285400003194809,0.20160000026226,0.580399990081787,33,33,68,1.14138090610504,10.0638523101807,715.739990234375,41.2299995422363,-0.270000010728836,25.6000003814697,48.5699996948242,12705,8190,-56,63,3,8.47000026702881,18.9799995422363,4981.81982421875,127.110000610352,121.610000610352,-130,11,0.837400019168854,0.123499996960163,0,0,0.0171000007539988,0.0178999993950129,0,0,0,0,0.00410000002011657,1.10000002384186,12,2.70000004768372,4,6.40000009536743,31,41,49.0999984741211
"8352",50.921,-114.527,1370,3.5,14.9,-7.3,22.2,556,363,24.3,41,159,250,91,162,2.48,911,1144,5292,27,445,-39.7,35,602,14.3,142,125,53,-0.1,-0.7,3.7,9.5,15.5,19,23,22.9,17.9,10.6,3.7,-0.7,-12.1,-14,-9.1,-3.7,1.2,4.8,6.9,6.2,2.4,-2.7,-8.3,-12.3,-6.1,-7.3,-2.7,2.9,8.3,11.9,14.9,14.5,10.1,3.9,-2.3,-6.5,15,21,34,45,84,111,60,58,50,32,27,19,5.1,8.6,13.8,19.4,22.9,23.6,23.1,20.6,15.2,9.4,5.6,4.1,208,218,120,22,1,0,0,0,1,15,110,217,0,0,0,23,114,208,304,294,160,41,0,0,748,704,644,453,301,184,104,113,238,439,609,756,0,0,1,0,0,3,8,8,3,0,2,1,1,0,1,5,18,27,30,30,21,7,1,0,12,20,30,17,5,1,0,1,2,4,15,16,0,0,0,57,94,112,130,111,66,32,0,0,0,0,0,12,10,1,70,53,16,0,0,0,52,47,52,55,55,56,52,51,52,55,55,53,1.5,2.1,2.9,1.99,2.09,2.4,-5.48,-5.77,-3.43,0.15,2.13,1.9,0.20160000026226,0.347600013017654,0.580399990081787,0.479200005531311,0.211799994111061,0.223199993371964,0.285400003194809,0.20160000026226,0.580399990081787,33,33,68,1.14138090610504,10.0638523101807,715.739990234375,41.2299995422363,-0.270000010728836,25.6000003814697,48.5699996948242,12705,8190,-56,63,3,8.47000026702881,18.9799995422363,4981.81982421875,127.110000610352,121.610000610352,-130,11,0.837400019168854,0.123499996960163,0,0,0.0171000007539988,0.0178999993950129,0,0,0,0,0.00410000002011657,1.10000002384186,12,2.70000004768372,4,6.40000009536743,31,41,49.0999984741211
"8353",50.921,-114.527,1370,3.5,14.9,-7.3,22.2,556,363,24.3,41,159,250,91,162,2.48,911,1144,5292,27,445,-39.7,35,602,14.3,142,125,53,-0.1,-0.7,3.7,9.5,15.5,19,23,22.9,17.9,10.6,3.7,-0.7,-12.1,-14,-9.1,-3.7,1.2,4.8,6.9,6.2,2.4,-2.7,-8.3,-12.3,-6.1,-7.3,-2.7,2.9,8.3,11.9,14.9,14.5,10.1,3.9,-2.3,-6.5,15,21,34,45,84,111,60,58,50,32,27,19,5.1,8.6,13.8,19.4,22.9,23.6,23.1,20.6,15.2,9.4,5.6,4.1,208,218,120,22,1,0,0,0,1,15,110,217,0,0,0,23,114,208,304,294,160,41,0,0,748,704,644,453,301,184,104,113,238,439,609,756,0,0,1,0,0,3,8,8,3,0,2,1,1,0,1,5,18,27,30,30,21,7,1,0,12,20,30,17,5,1,0,1,2,4,15,16,0,0,0,57,94,112,130,111,66,32,0,0,0,0,0,12,10,1,70,53,16,0,0,0,52,47,52,55,55,56,52,51,52,55,55,53,1.5,2.1,2.9,1.99,2.09,2.4,-5.48,-5.77,-3.43,0.15,2.13,1.9,0.20160000026226,0.347600013017654,0.580399990081787,0.479200005531311,0.211799994111061,0.223199993371964,0.285400003194809,0.20160000026226,0.580399990081787,33,33,68,1.14138090610504,10.0638523101807,715.739990234375,41.2299995422363,-0.270000010728836,25.6000003814697,48.5699996948242,12705,8190,-56,63,3,8.47000026702881,18.9799995422363,4981.81982421875,127.110000610352,121.610000610352,-130,11,0.837400019168854,0.123499996960163,0,0,0.0171000007539988,0.0178999993950129,0,0,0,0,0.00410000002011657,1.10000002384186,12,2.70000004768372,4,6.40000009536743,31,41,49.0999984741211
"8354",50.921,-114.527,1370,3.5,14.9,-7.3,22.2,556,363,24.3,41,159,250,91,162,2.48,911,1144,5292,27,445,-39.7,35,602,14.3,142,125,53,-0.1,-0.7,3.7,9.5,15.5,19,23,22.9,17.9,10.6,3.7,-0.7,-12.1,-14,-9.1,-3.7,1.2,4.8,6.9,6.2,2.4,-2.7,-8.3,-12.3,-6.1,-7.3,-2.7,2.9,8.3,11.9,14.9,14.5,10.1,3.9,-2.3,-6.5,15,21,34,45,84,111,60,58,50,32,27,19,5.1,8.6,13.8,19.4,22.9,23.6,23.1,20.6,15.2,9.4,5.6,4.1,208,218,120,22,1,0,0,0,1,15,110,217,0,0,0,23,114,208,304,294,160,41,0,0,748,704,644,453,301,184,104,113,238,439,609,756,0,0,1,0,0,3,8,8,3,0,2,1,1,0,1,5,18,27,30,30,21,7,1,0,12,20,30,17,5,1,0,1,2,4,15,16,0,0,0,57,94,112,130,111,66,32,0,0,0,0,0,12,10,1,70,53,16,0,0,0,52,47,52,55,55,56,52,51,52,55,55,53,1.5,2.1,2.9,1.99,2.09,2.4,-5.48,-5.77,-3.43,0.15,2.13,1.9,0.20160000026226,0.347600013017654,0.580399990081787,0.479200005531311,0.211799994111061,0.223199993371964,0.285400003194809,0.20160000026226,0.580399990081787,33,33,68,1.14138090610504,10.0638523101807,715.739990234375,41.2299995422363,-0.270000010728836,25.6000003814697,48.5699996948242,12705,8190,-56,63,3,8.47000026702881,18.9799995422363,4981.81982421875,127.110000610352,121.610000610352,-130,11,0.837400019168854,0.123499996960163,0,0,0.0171000007539988,0.0178999993950129,0,0,0,0,0.00410000002011657,1.10000002384186,12,2.70000004768372,4,6.40000009536743,31,41,49.0999984741211
"8355",50.921,-114.527,1370,3.5,14.9,-7.3,22.2,556,363,24.3,41,159,250,91,162,2.48,911,1144,5292,27,445,-39.7,35,602,14.3,142,125,53,-0.1,-0.7,3.7,9.5,15.5,19,23,22.9,17.9,10.6,3.7,-0.7,-12.1,-14,-9.1,-3.7,1.2,4.8,6.9,6.2,2.4,-2.7,-8.3,-12.3,-6.1,-7.3,-2.7,2.9,8.3,11.9,14.9,14.5,10.1,3.9,-2.3,-6.5,15,21,34,45,84,111,60,58,50,32,27,19,5.1,8.6,13.8,19.4,22.9,23.6,23.1,20.6,15.2,9.4,5.6,4.1,208,218,120,22,1,0,0,0,1,15,110,217,0,0,0,23,114,208,304,294,160,41,0,0,748,704,644,453,301,184,104,113,238,439,609,756,0,0,1,0,0,3,8,8,3,0,2,1,1,0,1,5,18,27,30,30,21,7,1,0,12,20,30,17,5,1,0,1,2,4,15,16,0,0,0,57,94,112,130,111,66,32,0,0,0,0,0,12,10,1,70,53,16,0,0,0,52,47,52,55,55,56,52,51,52,55,55,53,1.5,2.1,2.9,1.99,2.09,2.4,-5.48,-5.77,-3.43,0.15,2.13,1.9,0.20160000026226,0.347600013017654,0.580399990081787,0.479200005531311,0.211799994111061,0.223199993371964,0.285400003194809,0.20160000026226,0.580399990081787,33,33,68,1.14138090610504,10.0638523101807,715.739990234375,41.2299995422363,-0.270000010728836,25.6000003814697,48.5699996948242,12705,8190,-56,63,3,8.47000026702881,18.9799995422363,4981.81982421875,127.110000610352,121.610000610352,-130,11,0.837400019168854,0.123499996960163,0,0,0.0171000007539988,0.0178999993950129,0,0,0,0,0.00410000002011657,1.10000002384186,12,2.70000004768372,4,6.40000009536743,31,41,49.0999984741211
"8356",50.921,-114.527,1370,3.5,14.9,-7.3,22.2,556,363,24.3,41,159,250,91,162,2.48,911,1144,5292,27,445,-39.7,35,602,14.3,142,125,53,-0.1,-0.7,3.7,9.5,15.5,19,23,22.9,17.9,10.6,3.7,-0.7,-12.1,-14,-9.1,-3.7,1.2,4.8,6.9,6.2,2.4,-2.7,-8.3,-12.3,-6.1,-7.3,-2.7,2.9,8.3,11.9,14.9,14.5,10.1,3.9,-2.3,-6.5,15,21,34,45,84,111,60,58,50,32,27,19,5.1,8.6,13.8,19.4,22.9,23.6,23.1,20.6,15.2,9.4,5.6,4.1,208,218,120,22,1,0,0,0,1,15,110,217,0,0,0,23,114,208,304,294,160,41,0,0,748,704,644,453,301,184,104,113,238,439,609,756,0,0,1,0,0,3,8,8,3,0,2,1,1,0,1,5,18,27,30,30,21,7,1,0,12,20,30,17,5,1,0,1,2,4,15,16,0,0,0,57,94,112,130,111,66,32,0,0,0,0,0,12,10,1,70,53,16,0,0,0,52,47,52,55,55,56,52,51,52,55,55,53,1.5,2.1,2.9,1.99,2.09,2.4,-5.48,-5.77,-3.43,0.15,2.13,1.9,0.20160000026226,0.347600013017654,0.580399990081787,0.479200005531311,0.211799994111061,0.223199993371964,0.285400003194809,0.20160000026226,0.580399990081787,33,33,68,1.14138090610504,10.0638523101807,715.739990234375,41.2299995422363,-0.270000010728836,25.6000003814697,48.5699996948242,12705,8190,-56,63,3,8.47000026702881,18.9799995422363,4981.81982421875,127.110000610352,121.610000610352,-130,11,0.837400019168854,0.123499996960163,0,0,0.0171000007539988,0.0178999993950129,0,0,0,0,0.00410000002011657,1.10000002384186,12,2.70000004768372,4,6.40000009536743,31,41,49.0999984741211
"8357",50.921,-114.527,1370,3.5,14.9,-7.3,22.2,556,363,24.3,41,159,250,91,162,2.48,911,1144,5292,27,445,-39.7,35,602,14.3,142,125,53,-0.1,-0.7,3.7,9.5,15.5,19,23,22.9,17.9,10.6,3.7,-0.7,-12.1,-14,-9.1,-3.7,1.2,4.8,6.9,6.2,2.4,-2.7,-8.3,-12.3,-6.1,-7.3,-2.7,2.9,8.3,11.9,14.9,14.5,10.1,3.9,-2.3,-6.5,15,21,34,45,84,111,60,58,50,32,27,19,5.1,8.6,13.8,19.4,22.9,23.6,23.1,20.6,15.2,9.4,5.6,4.1,208,218,120,22,1,0,0,0,1,15,110,217,0,0,0,23,114,208,304,294,160,41,0,0,748,704,644,453,301,184,104,113,238,439,609,756,0,0,1,0,0,3,8,8,3,0,2,1,1,0,1,5,18,27,30,30,21,7,1,0,12,20,30,17,5,1,0,1,2,4,15,16,0,0,0,57,94,112,130,111,66,32,0,0,0,0,0,12,10,1,70,53,16,0,0,0,52,47,52,55,55,56,52,51,52,55,55,53,1.5,2.1,2.9,1.99,2.09,2.4,-5.48,-5.77,-3.43,0.15,2.13,1.9,0.20160000026226,0.347600013017654,0.580399990081787,0.479200005531311,0.211799994111061,0.223199993371964,0.285400003194809,0.20160000026226,0.580399990081787,33,33,68,1.14138090610504,10.0638523101807,715.739990234375,41.2299995422363,-0.270000010728836,25.6000003814697,48.5699996948242,12705,8190,-56,63,3,8.47000026702881,18.9799995422363,4981.81982421875,127.110000610352,121.610000610352,-130,11,0.837400019168854,0.123499996960163,0,0,0.0171000007539988,0.0178999993950129,0,0,0,0,0.00410000002011657,1.10000002384186,12,2.70000004768372,4,6.40000009536743,31,41,49.0999984741211
"8358",53.071,-114.078,852,3.2,16.4,-9.8,26.2,520,356,25.4,46.1,141,256,116,161,3.87,1174,1378,5403,48,616,-41.6,34.4,568,13,158,117,57,-2.8,-3.7,1.1,9.7,17.7,20.3,22.8,22.3,17.3,9.4,0.7,-3.4,-13.8,-15.8,-10.2,-2.5,3.5,7.8,10,8.7,3.9,-2.2,-9.7,-13.8,-8.3,-9.8,-4.6,3.6,10.6,14.1,16.4,15.5,10.6,3.6,-4.5,-8.6,22,20,25,28,57,91,107,59,42,23,29,17,4,7.5,12.6,18.3,22.1,22.4,21.6,18.8,13.5,7.7,4.2,3,262,271,169,18,0,0,0,0,1,17,163,273,0,0,0,33,180,273,354,327,174,38,0,0,815,774,703,432,228,126,66,91,223,448,675,821,0,0,1,0,2,9,17,13,4,0,2,0,0,0,1,7,25,29,31,31,24,9,1,0,20,20,24,8,1,0,0,0,2,4,22,16,0,0,0,54,99,111,119,100,59,26,0,0,0,0,0,26,42,20,12,41,17,3,0,0,55,50,55,58,56,62,61,59,58,60,58,57,2.2,2,2.43,0.26,-1.93,0.65,0.87,-3.89,-3.09,-0.15,2.82,1.7,0.330990915471442,0.254278756729207,0.515504441018009,0.479074280906818,0.20636010477364,0.398955286499946,0.364973100985694,0.20636010477364,0.515504441018009,8.625,-3.625,24,1.1526700258255,10.6701688766479,740.409973144531,41.5400009155273,-0.330000013113022,29.2000007629395,41.4300003051758,14868,9412.5,-62,84,3,5.57000017166138,35.0699996948242,5397.52001953125,132.190002441406,132.190002441406,-103,8,0.558799982070923,0.000300000014249235,0,0,0.0119000002741814,0.0111999996006489,0,0.417800009250641,0,0,0,1.19800004720681,9.99719999999992,2.60455990571991,4.00427999725356,6.2980001831054,37,41.0056000000002,51.7365607498181
"8359",50.921,-114.527,1370,3.5,14.9,-7.3,22.2,556,363,24.3,41,159,250,91,162,2.48,911,1144,5292,27,445,-39.7,35,602,14.3,142,125,53,-0.1,-0.7,3.7,9.5,15.5,19,23,22.9,17.9,10.6,3.7,-0.7,-12.1,-14,-9.1,-3.7,1.2,4.8,6.9,6.2,2.4,-2.7,-8.3,-12.3,-6.1,-7.3,-2.7,2.9,8.3,11.9,14.9,14.5,10.1,3.9,-2.3,-6.5,15,21,34,45,84,111,60,58,50,32,27,19,5.1,8.6,13.8,19.4,22.9,23.6,23.1,20.6,15.2,9.4,5.6,4.1,208,218,120,22,1,0,0,0,1,15,110,217,0,0,0,23,114,208,304,294,160,41,0,0,748,704,644,453,301,184,104,113,238,439,609,756,0,0,1,0,0,3,8,8,3,0,2,1,1,0,1,5,18,27,30,30,21,7,1,0,12,20,30,17,5,1,0,1,2,4,15,16,0,0,0,57,94,112,130,111,66,32,0,0,0,0,0,12,10,1,70,53,16,0,0,0,52,47,52,55,55,56,52,51,52,55,55,53,1.5,2.1,2.9,1.99,2.09,2.4,-5.48,-5.77,-3.43,0.15,2.13,1.9,0.20160000026226,0.347600013017654,0.580399990081787,0.479200005531311,0.211799994111061,0.223199993371964,0.285400003194809,0.20160000026226,0.580399990081787,33,33,68,1.14138090610504,10.0638523101807,715.739990234375,41.2299995422363,-0.270000010728836,25.6000003814697,48.5699996948242,12705,8190,-56,63,3,8.47000026702881,18.9799995422363,4981.81982421875,127.110000610352,121.610000610352,-130,11,0.837400019168854,0.123499996960163,0,0,0.0171000007539988,0.0178999993950129,0,0,0,0,0.00410000002011657,1.10000002384186,12,2.70000004768372,4,6.40000009536743,31,41,49.0999984741211
"8360",50.921,-114.527,1370,3.5,14.9,-7.3,22.2,556,363,24.3,41,159,250,91,162,2.48,911,1144,5292,27,445,-39.7,35,602,14.3,142,125,53,-0.1,-0.7,3.7,9.5,15.5,19,23,22.9,17.9,10.6,3.7,-0.7,-12.1,-14,-9.1,-3.7,1.2,4.8,6.9,6.2,2.4,-2.7,-8.3,-12.3,-6.1,-7.3,-2.7,2.9,8.3,11.9,14.9,14.5,10.1,3.9,-2.3,-6.5,15,21,34,45,84,111,60,58,50,32,27,19,5.1,8.6,13.8,19.4,22.9,23.6,23.1,20.6,15.2,9.4,5.6,4.1,208,218,120,22,1,0,0,0,1,15,110,217,0,0,0,23,114,208,304,294,160,41,0,0,748,704,644,453,301,184,104,113,238,439,609,756,0,0,1,0,0,3,8,8,3,0,2,1,1,0,1,5,18,27,30,30,21,7,1,0,12,20,30,17,5,1,0,1,2,4,15,16,0,0,0,57,94,112,130,111,66,32,0,0,0,0,0,12,10,1,70,53,16,0,0,0,52,47,52,55,55,56,52,51,52,55,55,53,1.5,2.1,2.9,1.99,2.09,2.4,-5.48,-5.77,-3.43,0.15,2.13,1.9,0.20160000026226,0.347600013017654,0.580399990081787,0.479200005531311,0.211799994111061,0.223199993371964,0.285400003194809,0.20160000026226,0.580399990081787,33,33,68,1.14138090610504,10.0638523101807,715.739990234375,41.2299995422363,-0.270000010728836,25.6000003814697,48.5699996948242,12705,8190,-56,63,3,8.47000026702881,18.9799995422363,4981.81982421875,127.110000610352,121.610000610352,-130,11,0.837400019168854,0.123499996960163,0,0,0.0171000007539988,0.0178999993950129,0,0,0,0,0.00410000002011657,1.10000002384186,12,2.70000004768372,4,6.40000009536743,31,41,49.0999984741211
"8361",50.921,-114.527,1370,3.5,14.9,-7.3,22.2,556,363,24.3,41,159,250,91,162,2.48,911,1144,5292,27,445,-39.7,35,602,14.3,142,125,53,-0.1,-0.7,3.7,9.5,15.5,19,23,22.9,17.9,10.6,3.7,-0.7,-12.1,-14,-9.1,-3.7,1.2,4.8,6.9,6.2,2.4,-2.7,-8.3,-12.3,-6.1,-7.3,-2.7,2.9,8.3,11.9,14.9,14.5,10.1,3.9,-2.3,-6.5,15,21,34,45,84,111,60,58,50,32,27,19,5.1,8.6,13.8,19.4,22.9,23.6,23.1,20.6,15.2,9.4,5.6,4.1,208,218,120,22,1,0,0,0,1,15,110,217,0,0,0,23,114,208,304,294,160,41,0,0,748,704,644,453,301,184,104,113,238,439,609,756,0,0,1,0,0,3,8,8,3,0,2,1,1,0,1,5,18,27,30,30,21,7,1,0,12,20,30,17,5,1,0,1,2,4,15,16,0,0,0,57,94,112,130,111,66,32,0,0,0,0,0,12,10,1,70,53,16,0,0,0,52,47,52,55,55,56,52,51,52,55,55,53,1.5,2.1,2.9,1.99,2.09,2.4,-5.48,-5.77,-3.43,0.15,2.13,1.9,0.20160000026226,0.347600013017654,0.580399990081787,0.479200005531311,0.211799994111061,0.223199993371964,0.285400003194809,0.20160000026226,0.580399990081787,33,33,68,1.14138090610504,10.0638523101807,715.739990234375,41.2299995422363,-0.270000010728836,25.6000003814697,48.5699996948242,12705,8190,-56,63,3,8.47000026702881,18.9799995422363,4981.81982421875,127.110000610352,121.610000610352,-130,11,0.837400019168854,0.123499996960163,0,0,0.0171000007539988,0.0178999993950129,0,0,0,0,0.00410000002011657,1.10000002384186,12,2.70000004768372,4,6.40000009536743,31,41,49.0999984741211
"8362",50.921,-114.527,1370,3.5,14.9,-7.3,22.2,556,363,24.3,41,159,250,91,162,2.48,911,1144,5292,27,445,-39.7,35,602,14.3,142,125,53,-0.1,-0.7,3.7,9.5,15.5,19,23,22.9,17.9,10.6,3.7,-0.7,-12.1,-14,-9.1,-3.7,1.2,4.8,6.9,6.2,2.4,-2.7,-8.3,-12.3,-6.1,-7.3,-2.7,2.9,8.3,11.9,14.9,14.5,10.1,3.9,-2.3,-6.5,15,21,34,45,84,111,60,58,50,32,27,19,5.1,8.6,13.8,19.4,22.9,23.6,23.1,20.6,15.2,9.4,5.6,4.1,208,218,120,22,1,0,0,0,1,15,110,217,0,0,0,23,114,208,304,294,160,41,0,0,748,704,644,453,301,184,104,113,238,439,609,756,0,0,1,0,0,3,8,8,3,0,2,1,1,0,1,5,18,27,30,30,21,7,1,0,12,20,30,17,5,1,0,1,2,4,15,16,0,0,0,57,94,112,130,111,66,32,0,0,0,0,0,12,10,1,70,53,16,0,0,0,52,47,52,55,55,56,52,51,52,55,55,53,1.5,2.1,2.9,1.99,2.09,2.4,-5.48,-5.77,-3.43,0.15,2.13,1.9,0.20160000026226,0.347600013017654,0.580399990081787,0.479200005531311,0.211799994111061,0.223199993371964,0.285400003194809,0.20160000026226,0.580399990081787,33,33,68,1.14138090610504,10.0638523101807,715.739990234375,41.2299995422363,-0.270000010728836,25.6000003814697,48.5699996948242,12705,8190,-56,63,3,8.47000026702881,18.9799995422363,4981.81982421875,127.110000610352,121.610000610352,-130,11,0.837400019168854,0.123499996960163,0,0,0.0171000007539988,0.0178999993950129,0,0,0,0,0.00410000002011657,1.10000002384186,12,2.70000004768372,4,6.40000009536743,31,41,49.0999984741211
"8363",53.071,-114.083,852,3.2,16.4,-9.8,26.2,520,356,25.4,46.1,141,257,116,161,3.84,1171,1378,5399,48,616,-41.6,34.4,568,13,158,117,57,-2.8,-3.7,1.1,9.7,17.7,20.3,22.8,22.3,17.3,9.4,0.7,-3.4,-13.7,-15.8,-10.2,-2.5,3.5,7.8,9.9,8.7,3.9,-2.2,-9.7,-13.8,-8.2,-9.8,-4.6,3.6,10.6,14.1,16.4,15.5,10.6,3.6,-4.5,-8.6,22,20,25,28,57,91,107,59,42,23,29,17,4.1,7.5,12.6,18.3,22.1,22.4,21.6,18.8,13.5,7.7,4.2,3,260,271,169,18,0,0,0,0,1,17,163,273,0,0,0,33,180,273,354,327,174,38,0,0,812,774,703,432,228,126,66,91,223,448,675,821,0,0,1,0,2,9,17,13,4,0,2,0,0,0,1,7,25,29,31,31,24,9,1,0,20,20,24,8,1,0,0,0,2,4,22,16,0,0,0,54,99,111,119,100,59,26,0,0,0,0,0,26,42,20,12,41,17,3,0,0,55,50,55,58,56,62,61,59,58,60,58,57,2.2,2,2.43,0.26,-1.93,0.65,0.84,-3.89,-3.09,-0.15,2.82,1.7,NA,NA,NA,NA,NA,NA,NA,NA,NA,8.625,-3.625,24,1.1526700258255,10.6701688766479,740.409973144531,41.5400009155273,-0.330000013113022,29.2000007629395,41.4300003051758,14868,9412.5,-62,84,3,5.57000017166138,35.0699996948242,5397.52001953125,132.190002441406,132.190002441406,-103,8,0.558799982070923,0.000300000014249235,0,0,0.0119000002741814,0.0111999996006489,0,0.417800009250641,0,0,0,1.10000002384186,10,2.79999995231628,4.19999980926514,6.19999980926514,37,40.5399999999997,53.4079996490478
"8364",52.939,-114.288,952,3.2,15.9,-9.2,25.1,548,383,24.1,41.5,145,256,111,123,7.43,1126,1306,5404,39,561,-41.4,33.9,559,13.1,155,117,57,-2.1,-2.9,1.7,9.6,17.1,19.8,22.3,21.8,17,9.2,1.3,-2.8,-13.4,-15.5,-10,-2.7,3,7.3,9.5,8.3,3.7,-2.5,-9.7,-13.6,-7.8,-9.2,-4.2,3.4,10.1,13.6,15.9,15.1,10.3,3.3,-4.2,-8.2,21,20,25,28,64,95,114,63,47,25,29,17,4.2,7.6,12.8,18.4,22.2,22.5,21.7,18.8,13.5,7.9,4.5,3.1,251,259,159,19,0,0,0,0,1,19,156,263,0,0,0,30,165,258,339,314,165,35,0,0,800,758,690,438,239,137,78,100,232,457,666,809,0,0,1,0,1,7,13,11,3,0,2,0,0,0,1,7,24,29,31,31,24,8,1,0,18,20,24,9,2,0,0,1,2,5,22,16,0,0,0,54,97,109,117,98,58,26,0,0,0,0,0,26,33,14,3,35,11,1,0,0,54,49,54,58,56,61,61,59,58,60,56,55,2.1,2,2.35,0.29,-1.02,1.2,1.74,-3.29,-2.52,0.12,2.77,1.7,0.25,0.292800009250641,0.536800026893616,0.510399997234344,0.275200009346008,0.211199998855591,0.284000009298325,0.211199998855591,0.536800026893616,7.875,-5.875,26,1.14244222640991,12.0412836074829,744.75,39.8899993896484,-0.310000002384186,28.2999992370605,42.2000007629395,14038.5,8940,-49,74,3,5.80000019073486,17.2199993133545,5392.91015625,132.649993896484,132.649993896484,-124.5,3,0.947700023651123,0.0454000011086464,0.00689999992027879,0,0,0,0,0,0,0,0,1.10000002384186,12,2.70000004768372,4.5,5.80000019073486,30,48,48.0999984741211
"8365",52.939,-114.288,952,3.2,15.9,-9.2,25.1,548,383,24.1,41.5,145,256,111,123,7.43,1126,1306,5404,39,561,-41.4,33.9,559,13.1,155,117,57,-2.1,-2.9,1.7,9.6,17.1,19.8,22.3,21.8,17,9.2,1.3,-2.8,-13.4,-15.5,-10,-2.7,3,7.3,9.5,8.3,3.7,-2.5,-9.7,-13.6,-7.8,-9.2,-4.2,3.4,10.1,13.6,15.9,15.1,10.3,3.3,-4.2,-8.2,21,20,25,28,64,95,114,63,47,25,29,17,4.2,7.6,12.8,18.4,22.2,22.5,21.7,18.8,13.5,7.9,4.5,3.1,251,259,159,19,0,0,0,0,1,19,156,263,0,0,0,30,165,258,339,314,165,35,0,0,800,758,690,438,239,137,78,100,232,457,666,809,0,0,1,0,1,7,13,11,3,0,2,0,0,0,1,7,24,29,31,31,24,8,1,0,18,20,24,9,2,0,0,1,2,5,22,16,0,0,0,54,97,109,117,98,58,26,0,0,0,0,0,26,33,14,3,35,11,1,0,0,54,49,54,58,56,61,61,59,58,60,56,55,2.1,2,2.35,0.29,-1.02,1.2,1.74,-3.29,-2.52,0.12,2.77,1.7,0.25,0.292800009250641,0.536800026893616,0.510399997234344,0.275200009346008,0.211199998855591,0.284000009298325,0.211199998855591,0.536800026893616,7.875,-5.875,26,1.14244222640991,12.0412836074829,744.75,39.8899993896484,-0.310000002384186,28.2999992370605,42.2000007629395,14038.5,8940,-49,74,3,5.80000019073486,17.2199993133545,5392.91015625,132.649993896484,132.649993896484,-124.5,3,0.947700023651123,0.0454000011086464,0.00689999992027879,0,0,0,0,0,0,0,0,1.10000002384186,12,2.70000004768372,4.5,5.80000019073486,30,48,48.0999984741211
"8366",52.939,-114.288,952,3.2,15.9,-9.2,25.1,548,383,24.1,41.5,145,256,111,123,7.43,1126,1306,5404,39,561,-41.4,33.9,559,13.1,155,117,57,-2.1,-2.9,1.7,9.6,17.1,19.8,22.3,21.8,17,9.2,1.3,-2.8,-13.4,-15.5,-10,-2.7,3,7.3,9.5,8.3,3.7,-2.5,-9.7,-13.6,-7.8,-9.2,-4.2,3.4,10.1,13.6,15.9,15.1,10.3,3.3,-4.2,-8.2,21,20,25,28,64,95,114,63,47,25,29,17,4.2,7.6,12.8,18.4,22.2,22.5,21.7,18.8,13.5,7.9,4.5,3.1,251,259,159,19,0,0,0,0,1,19,156,263,0,0,0,30,165,258,339,314,165,35,0,0,800,758,690,438,239,137,78,100,232,457,666,809,0,0,1,0,1,7,13,11,3,0,2,0,0,0,1,7,24,29,31,31,24,8,1,0,18,20,24,9,2,0,0,1,2,5,22,16,0,0,0,54,97,109,117,98,58,26,0,0,0,0,0,26,33,14,3,35,11,1,0,0,54,49,54,58,56,61,61,59,58,60,56,55,2.1,2,2.35,0.29,-1.02,1.2,1.74,-3.29,-2.52,0.12,2.77,1.7,0.25,0.292800009250641,0.536800026893616,0.510399997234344,0.275200009346008,0.211199998855591,0.284000009298325,0.211199998855591,0.536800026893616,7.875,-5.875,26,1.14244222640991,12.0412836074829,744.75,39.8899993896484,-0.310000002384186,28.2999992370605,42.2000007629395,14038.5,8940,-49,74,3,5.80000019073486,17.2199993133545,5392.91015625,132.649993896484,132.649993896484,-124.5,3,0.947700023651123,0.0454000011086464,0.00689999992027879,0,0,0,0,0,0,0,0,1.10000002384186,12,2.70000004768372,4.5,5.80000019073486,30,48,48.0999984741211
"8367",53.052,-114.74,948,3.4,16,-9.1,25.1,581,406,23.1,39.4,143,257,114,97,10.37,1101,1329,5342,41,574,-40.9,33.8,561,13.1,158,120,58,-2.1,-2.8,1.9,9.9,17.1,19.9,22.4,21.8,17.1,9.6,1.3,-2.9,-13.1,-15.3,-9.8,-2.5,3.2,7.4,9.7,8.5,3.9,-2.1,-9.3,-13.3,-7.6,-9.1,-4,3.7,10.2,13.6,16,15.2,10.5,3.8,-4,-8.1,21,21,26,31,66,105,115,66,54,27,30,19,4.1,7.6,12.7,18.4,22.1,22.5,21.6,18.7,13.5,8,4.4,3.1,246,257,153,17,0,0,0,0,1,16,151,260,0,0,0,33,168,258,342,317,171,40,0,0,794,755,684,429,237,137,76,98,226,442,660,806,0,0,1,0,2,7,14,12,4,0,2,0,0,0,1,7,24,29,31,31,24,9,1,0,18,21,25,9,2,0,0,1,2,4,22,18,0,0,0,55,97,109,117,98,58,27,0,0,0,0,0,24,31,4,2,32,4,0,0,0,55,49,54,58,57,61,62,60,59,60,58,57,2.1,2.1,2.41,0.46,-0.78,2.15,1.82,-2.93,-1.84,0.15,2.84,1.9,0.196400001645088,0.541599988937378,0.723599970340729,0.592000007629395,0.231199994683266,0.217999994754791,0.386399991810322,0.196400001645088,0.723599970340729,24.75,24.75,35,1.1436687707901,11.1410465240479,742.700012207031,37.4599990844727,-0.28999999165535,28,44.1699981689453,13933.5,8850,-53,72,3,5.86999988555908,14.4200000762939,5377.68994140625,132.440002441406,132.440002441406,-128,9,0.748399972915649,0.250600010156631,0,0,0.000500000023748726,0.000199999994947575,0,0,0,0,0.000300000014249235,1.10000002384186,12,5.59999990463257,5,5.69999980926514,26,46,58.5
"8368",53.017,-113.365,752,3,17,-10.8,27.8,481,323,27,52.6,138,256,118,215,-2,1310,1468,5479,63,694,-42.5,35.8,583,12.9,159,119,58,-4.2,-5,0,9,18.3,21.1,23.6,23.4,18.1,9.9,-0.6,-4.6,-14.9,-16.5,-10.8,-2.5,3.8,8.4,10.4,9,4,-2.2,-10,-14.5,-9.6,-10.8,-5.4,3.2,11.1,14.8,17,16.2,11.1,3.9,-5.3,-9.6,23,22,27,26,48,91,99,52,33,19,26,15,4,7.4,12.4,18,21.9,22.5,21.7,19,13.7,7.7,4,3,300,305,191,20,0,0,0,0,0,15,182,296,0,0,0,30,194,293,373,348,188,41,0,0,855,802,727,444,217,109,54,75,205,439,699,852,0,0,0,0,4,12,23,18,4,0,1,0,0,0,0,7,25,30,31,31,25,9,1,0,21,22,26,9,1,0,0,0,1,3,21,14,0,0,0,51,102,114,123,105,61,27,0,0,0,0,0,25,54,23,24,53,28,8,0,0,55,52,56,60,55,61,60,57,56,59,61,58,2.3,2.2,2.7,0.34,-3.08,0.29,-0.4,-5.34,-4.41,-0.71,2.6,1.5,0.104299999773502,0.180999994277954,0.609600007534027,0.609600007534027,0.173500001430511,0.162300005555153,0.177249997854233,0.104299999773502,0.609600007534027,3.5,2,10,1.14284574985504,11.7154588699341,713.25,44.6800003051758,-0.360000014305115,30.5,38.9099998474121,15655.5,9892.5,-87,98,5,4.88000011444092,16.2399997711182,5262.1201171875,127.970001220703,127.970001220703,-80.5,17,0.0307000000029802,0.538500010967255,0,0.364600002765656,0.0305000003427267,0.0353999994695187,0,0.000300000014249235,0,0,0,1.10000002384186,7,5.09999990463257,5,6.30000019073486,34,40,60
"8369",53.017,-113.365,752,3,17,-10.8,27.8,481,323,27,52.6,138,256,118,215,-2,1310,1468,5479,63,694,-42.5,35.8,583,12.9,159,119,58,-4.2,-5,0,9,18.3,21.1,23.6,23.4,18.1,9.9,-0.6,-4.6,-14.9,-16.5,-10.8,-2.5,3.8,8.4,10.4,9,4,-2.2,-10,-14.5,-9.6,-10.8,-5.4,3.2,11.1,14.8,17,16.2,11.1,3.9,-5.3,-9.6,23,22,27,26,48,91,99,52,33,19,26,15,4,7.4,12.4,18,21.9,22.5,21.7,19,13.7,7.7,4,3,300,305,191,20,0,0,0,0,0,15,182,296,0,0,0,30,194,293,373,348,188,41,0,0,855,802,727,444,217,109,54,75,205,439,699,852,0,0,0,0,4,12,23,18,4,0,1,0,0,0,0,7,25,30,31,31,25,9,1,0,21,22,26,9,1,0,0,0,1,3,21,14,0,0,0,51,102,114,123,105,61,27,0,0,0,0,0,25,54,23,24,53,28,8,0,0,55,52,56,60,55,61,60,57,56,59,61,58,2.3,2.2,2.7,0.34,-3.08,0.29,-0.4,-5.34,-4.41,-0.71,2.6,1.5,0.104299999773502,0.180999994277954,0.609600007534027,0.609600007534027,0.173500001430511,0.162300005555153,0.177249997854233,0.104299999773502,0.609600007534027,3.5,2,10,1.14284574985504,11.7154588699341,713.25,44.6800003051758,-0.360000014305115,30.5,38.9099998474121,15655.5,9892.5,-87,98,5,4.88000011444092,16.2399997711182,5262.1201171875,127.970001220703,127.970001220703,-80.5,17,0.0307000000029802,0.538500010967255,0,0.364600002765656,0.0305000003427267,0.0353999994695187,0,0.000300000014249235,0,0,0,1.10000002384186,7,5.09999990463257,5,6.30000019073486,34,40,60
"8370",51.418,-112.285,928,3.3,16.6,-9.7,26.3,405,297,32.8,55.9,147,257,110,278,-12.05,1149,1396,5358,53,638,-41.9,36.5,610,13.6,153,78,55,-2.6,-3.5,1.9,9.6,17.3,20.6,23.8,24,18.5,10.1,0.8,-2.7,-14.1,-15.8,-10,-3.1,2.8,7.2,9.3,8.4,3.7,-2.8,-9.7,-14,-8.3,-9.7,-4,3.2,10.1,13.9,16.6,16.2,11.1,3.6,-4.4,-8.3,13,13,18,20,47,89,75,51,35,15,17,12,4.6,8.1,13.3,18.8,22.2,22.9,22.3,19.9,14.5,8.5,4.9,3.6,262,269,153,20,0,0,0,0,0,17,161,265,0,0,0,30,165,267,360,348,188,38,0,0,815,772,684,444,239,130,62,75,205,448,672,812,0,0,0,0,2,8,19,18,4,0,1,0,0,0,1,6,23,29,31,31,24,7,1,0,12,13,17,7,1,0,0,0,1,2,13,11,0,0,0,56,101,116,129,112,66,30,0,0,0,0,0,36,54,27,54,61,31,15,0,0,53,50,54,57,55,59,57,54,54,56,58,53,1.3,1.3,1.63,-0.48,-2.87,-0.01,-3.51,-6.35,-4.69,-1.2,1.61,1.2,0.12049999833107,0.149399995803833,0.693599998950958,0.537999987602234,0.139500007033348,0.125900000333786,0.144450001418591,0.12049999833107,0.693599998950958,12.125,-2.375,38,1.15221607685089,12.7483510971069,771.299987792969,59.2400016784668,-0.519999980926514,31.4500007629395,29.8999996185303,15907.5,10125,-90,92,4,5.44999980926514,18.2800006866455,5699.0498046875,140.5,140.5,-61.75,2,0,0,0,1,0,0,0,0,0,0,0,1.20000004768372,7,4.19999980926514,4.59999990463257,7.19999980926514,20,34,44.0999984741211
"8371",53.052,-114.74,948,3.4,16,-9.1,25.1,581,406,23.1,39.4,143,257,114,97,10.37,1101,1329,5342,41,574,-40.9,33.8,561,13.1,158,120,58,-2.1,-2.8,1.9,9.9,17.1,19.9,22.4,21.8,17.1,9.6,1.3,-2.9,-13.1,-15.3,-9.8,-2.5,3.2,7.4,9.7,8.5,3.9,-2.1,-9.3,-13.3,-7.6,-9.1,-4,3.7,10.2,13.6,16,15.2,10.5,3.8,-4,-8.1,21,21,26,31,66,105,115,66,54,27,30,19,4.1,7.6,12.7,18.4,22.1,22.5,21.6,18.7,13.5,8,4.4,3.1,246,257,153,17,0,0,0,0,1,16,151,260,0,0,0,33,168,258,342,317,171,40,0,0,794,755,684,429,237,137,76,98,226,442,660,806,0,0,1,0,2,7,14,12,4,0,2,0,0,0,1,7,24,29,31,31,24,9,1,0,18,21,25,9,2,0,0,1,2,4,22,18,0,0,0,55,97,109,117,98,58,27,0,0,0,0,0,24,31,4,2,32,4,0,0,0,55,49,54,58,57,61,62,60,59,60,58,57,2.1,2.1,2.41,0.46,-0.78,2.15,1.82,-2.93,-1.84,0.15,2.84,1.9,0.196400001645088,0.541599988937378,0.723599970340729,0.592000007629395,0.231199994683266,0.217999994754791,0.386399991810322,0.196400001645088,0.723599970340729,24.75,24.75,35,1.1436687707901,11.1410465240479,742.700012207031,37.4599990844727,-0.28999999165535,28,44.1699981689453,13933.5,8850,-53,72,3,5.86999988555908,14.4200000762939,5377.68994140625,132.440002441406,132.440002441406,-128,9,0.748399972915649,0.250600010156631,0,0,0.000500000023748726,0.000199999994947575,0,0,0,0,0.000300000014249235,1.10000002384186,12,5.59999990463257,5,5.69999980926514,26,46,58.5
"8372",53.052,-114.74,948,3.4,16,-9.1,25.1,581,406,23.1,39.4,143,257,114,97,10.37,1101,1329,5342,41,574,-40.9,33.8,561,13.1,158,120,58,-2.1,-2.8,1.9,9.9,17.1,19.9,22.4,21.8,17.1,9.6,1.3,-2.9,-13.1,-15.3,-9.8,-2.5,3.2,7.4,9.7,8.5,3.9,-2.1,-9.3,-13.3,-7.6,-9.1,-4,3.7,10.2,13.6,16,15.2,10.5,3.8,-4,-8.1,21,21,26,31,66,105,115,66,54,27,30,19,4.1,7.6,12.7,18.4,22.1,22.5,21.6,18.7,13.5,8,4.4,3.1,246,257,153,17,0,0,0,0,1,16,151,260,0,0,0,33,168,258,342,317,171,40,0,0,794,755,684,429,237,137,76,98,226,442,660,806,0,0,1,0,2,7,14,12,4,0,2,0,0,0,1,7,24,29,31,31,24,9,1,0,18,21,25,9,2,0,0,1,2,4,22,18,0,0,0,55,97,109,117,98,58,27,0,0,0,0,0,24,31,4,2,32,4,0,0,0,55,49,54,58,57,61,62,60,59,60,58,57,2.1,2.1,2.41,0.46,-0.78,2.15,1.82,-2.93,-1.84,0.15,2.84,1.9,0.196400001645088,0.541599988937378,0.723599970340729,0.592000007629395,0.231199994683266,0.217999994754791,0.386399991810322,0.196400001645088,0.723599970340729,24.75,24.75,35,1.1436687707901,11.1410465240479,742.700012207031,37.4599990844727,-0.28999999165535,28,44.1699981689453,13933.5,8850,-53,72,3,5.86999988555908,14.4200000762939,5377.68994140625,132.440002441406,132.440002441406,-128,9,0.748399972915649,0.250600010156631,0,0,0.000500000023748726,0.000199999994947575,0,0,0,0,0.000300000014249235,1.10000002384186,12,5.59999990463257,5,5.69999980926514,26,46,58.5
"8373",52.939,-114.288,952,3.2,15.9,-9.2,25.1,548,383,24.1,41.5,145,256,111,123,7.43,1126,1306,5404,39,561,-41.4,33.9,559,13.1,155,117,57,-2.1,-2.9,1.7,9.6,17.1,19.8,22.3,21.8,17,9.2,1.3,-2.8,-13.4,-15.5,-10,-2.7,3,7.3,9.5,8.3,3.7,-2.5,-9.7,-13.6,-7.8,-9.2,-4.2,3.4,10.1,13.6,15.9,15.1,10.3,3.3,-4.2,-8.2,21,20,25,28,64,95,114,63,47,25,29,17,4.2,7.6,12.8,18.4,22.2,22.5,21.7,18.8,13.5,7.9,4.5,3.1,251,259,159,19,0,0,0,0,1,19,156,263,0,0,0,30,165,258,339,314,165,35,0,0,800,758,690,438,239,137,78,100,232,457,666,809,0,0,1,0,1,7,13,11,3,0,2,0,0,0,1,7,24,29,31,31,24,8,1,0,18,20,24,9,2,0,0,1,2,5,22,16,0,0,0,54,97,109,117,98,58,26,0,0,0,0,0,26,33,14,3,35,11,1,0,0,54,49,54,58,56,61,61,59,58,60,56,55,2.1,2,2.35,0.29,-1.02,1.2,1.74,-3.29,-2.52,0.12,2.77,1.7,0.25,0.292800009250641,0.536800026893616,0.510399997234344,0.275200009346008,0.211199998855591,0.284000009298325,0.211199998855591,0.536800026893616,7.875,-5.875,26,1.14244222640991,12.0412836074829,744.75,39.8899993896484,-0.310000002384186,28.2999992370605,42.2000007629395,14038.5,8940,-49,74,3,5.80000019073486,17.2199993133545,5392.91015625,132.649993896484,132.649993896484,-124.5,3,0.947700023651123,0.0454000011086464,0.00689999992027879,0,0,0,0,0,0,0,0,1.10000002384186,12,2.70000004768372,4.5,5.80000019073486,30,48,48.0999984741211
"8374",51.418,-112.285,928,3.3,16.6,-9.7,26.3,405,297,32.8,55.9,147,257,110,278,-12.05,1149,1396,5358,53,638,-41.9,36.5,610,13.6,153,78,55,-2.6,-3.5,1.9,9.6,17.3,20.6,23.8,24,18.5,10.1,0.8,-2.7,-14.1,-15.8,-10,-3.1,2.8,7.2,9.3,8.4,3.7,-2.8,-9.7,-14,-8.3,-9.7,-4,3.2,10.1,13.9,16.6,16.2,11.1,3.6,-4.4,-8.3,13,13,18,20,47,89,75,51,35,15,17,12,4.6,8.1,13.3,18.8,22.2,22.9,22.3,19.9,14.5,8.5,4.9,3.6,262,269,153,20,0,0,0,0,0,17,161,265,0,0,0,30,165,267,360,348,188,38,0,0,815,772,684,444,239,130,62,75,205,448,672,812,0,0,0,0,2,8,19,18,4,0,1,0,0,0,1,6,23,29,31,31,24,7,1,0,12,13,17,7,1,0,0,0,1,2,13,11,0,0,0,56,101,116,129,112,66,30,0,0,0,0,0,36,54,27,54,61,31,15,0,0,53,50,54,57,55,59,57,54,54,56,58,53,1.3,1.3,1.63,-0.48,-2.87,-0.01,-3.51,-6.35,-4.69,-1.2,1.61,1.2,0.12049999833107,0.149399995803833,0.693599998950958,0.537999987602234,0.139500007033348,0.125900000333786,0.144450001418591,0.12049999833107,0.693599998950958,12.125,-2.375,38,1.15221607685089,12.7483510971069,771.299987792969,59.2400016784668,-0.519999980926514,31.4500007629395,29.8999996185303,15907.5,10125,-90,92,4,5.44999980926514,18.2800006866455,5699.0498046875,140.5,140.5,-61.75,2,0,0,0,1,0,0,0,0,0,0,0,1.20000004768372,7,4.19999980926514,4.59999990463257,7.19999980926514,20,34,44.0999984741211
"8375",50.921,-114.536,1334,3.5,14.9,-7.3,22.2,552,361,24.5,41.3,159,251,91,166,2.19,908,1151,5281,27,450,-39.7,35.1,603,14.3,143,122,53,-0.1,-0.7,3.7,9.5,15.5,19,23,23,17.9,10.6,3.7,-0.7,-12.1,-14,-9.1,-3.6,1.2,4.8,6.9,6.2,2.5,-2.7,-8.2,-12.3,-6.1,-7.3,-2.7,3,8.3,11.9,14.9,14.6,10.2,3.9,-2.2,-6.5,15,21,33,44,83,110,60,58,50,32,27,19,5.1,8.6,13.8,19.4,22.9,23.6,23.2,20.7,15.2,9.4,5.6,4.1,208,218,120,22,1,0,0,0,1,15,107,217,0,0,0,24,114,208,304,296,162,41,0,0,748,704,644,450,301,184,104,111,235,439,606,756,0,0,1,0,0,3,8,9,3,0,2,1,1,0,1,5,18,27,30,30,21,7,2,0,12,20,29,16,5,1,0,1,2,4,15,16,0,0,0,57,94,112,130,112,66,32,0,0,0,0,0,13,11,2,70,54,16,0,0,0,52,47,52,55,55,56,52,50,53,55,55,53,1.5,2.1,2.81,1.89,2.01,2.33,-5.44,-5.82,-3.38,0.16,2.12,1.9,0.182600006461143,0.250600010156631,0.472400009632111,0.380400002002716,0.363599985837936,0.191599994897842,0.307099997997284,0.182600006461143,0.472400009632111,21.375,-3.375,58,1.15325880050659,10.5433959960938,723.809997558594,40.9900016784668,-0.280000001192093,25.75,47.6399993896484,12999,8340,-55,65,3,8.59000015258789,19.1700000762939,5029.31005859375,128.389999389648,122.970001220703,-123.75,12,0.774699985980988,0.153099998831749,0,0,0.0165999997407198,0.0210999995470047,0,0.0193000007420778,0,0,0.0152000002563,1.20000004768372,11,2.79999995231628,4,6.5,31,42,49.7999992370605
"8376",52.939,-114.288,952,3.2,15.9,-9.2,25.1,548,383,24.1,41.5,145,256,111,123,7.43,1126,1306,5404,39,561,-41.4,33.9,559,13.1,155,117,57,-2.1,-2.9,1.7,9.6,17.1,19.8,22.3,21.8,17,9.2,1.3,-2.8,-13.4,-15.5,-10,-2.7,3,7.3,9.5,8.3,3.7,-2.5,-9.7,-13.6,-7.8,-9.2,-4.2,3.4,10.1,13.6,15.9,15.1,10.3,3.3,-4.2,-8.2,21,20,25,28,64,95,114,63,47,25,29,17,4.2,7.6,12.8,18.4,22.2,22.5,21.7,18.8,13.5,7.9,4.5,3.1,251,259,159,19,0,0,0,0,1,19,156,263,0,0,0,30,165,258,339,314,165,35,0,0,800,758,690,438,239,137,78,100,232,457,666,809,0,0,1,0,1,7,13,11,3,0,2,0,0,0,1,7,24,29,31,31,24,8,1,0,18,20,24,9,2,0,0,1,2,5,22,16,0,0,0,54,97,109,117,98,58,26,0,0,0,0,0,26,33,14,3,35,11,1,0,0,54,49,54,58,56,61,61,59,58,60,56,55,2.1,2,2.35,0.29,-1.02,1.2,1.74,-3.29,-2.52,0.12,2.77,1.7,0.25,0.292800009250641,0.536800026893616,0.510399997234344,0.275200009346008,0.211199998855591,0.284000009298325,0.211199998855591,0.536800026893616,7.875,-5.875,26,1.14244222640991,12.0412836074829,744.75,39.8899993896484,-0.310000002384186,28.2999992370605,42.2000007629395,14038.5,8940,-49,74,3,5.80000019073486,17.2199993133545,5392.91015625,132.649993896484,132.649993896484,-124.5,3,0.947700023651123,0.0454000011086464,0.00689999992027879,0,0,0,0,0,0,0,0,1.10000002384186,12,2.70000004768372,4.5,5.80000019073486,30,48,48.0999984741211
"8377",53.052,-114.74,948,3.4,16,-9.1,25.1,581,406,23.1,39.4,143,257,114,97,10.37,1101,1329,5342,41,574,-40.9,33.8,561,13.1,158,120,58,-2.1,-2.8,1.9,9.9,17.1,19.9,22.4,21.8,17.1,9.6,1.3,-2.9,-13.1,-15.3,-9.8,-2.5,3.2,7.4,9.7,8.5,3.9,-2.1,-9.3,-13.3,-7.6,-9.1,-4,3.7,10.2,13.6,16,15.2,10.5,3.8,-4,-8.1,21,21,26,31,66,105,115,66,54,27,30,19,4.1,7.6,12.7,18.4,22.1,22.5,21.6,18.7,13.5,8,4.4,3.1,246,257,153,17,0,0,0,0,1,16,151,260,0,0,0,33,168,258,342,317,171,40,0,0,794,755,684,429,237,137,76,98,226,442,660,806,0,0,1,0,2,7,14,12,4,0,2,0,0,0,1,7,24,29,31,31,24,9,1,0,18,21,25,9,2,0,0,1,2,4,22,18,0,0,0,55,97,109,117,98,58,27,0,0,0,0,0,24,31,4,2,32,4,0,0,0,55,49,54,58,57,61,62,60,59,60,58,57,2.1,2.1,2.41,0.46,-0.78,2.15,1.82,-2.93,-1.84,0.15,2.84,1.9,0.196400001645088,0.541599988937378,0.723599970340729,0.592000007629395,0.231199994683266,0.217999994754791,0.386399991810322,0.196400001645088,0.723599970340729,24.75,24.75,35,1.1436687707901,11.1410465240479,742.700012207031,37.4599990844727,-0.28999999165535,28,44.1699981689453,13933.5,8850,-53,72,3,5.86999988555908,14.4200000762939,5377.68994140625,132.440002441406,132.440002441406,-128,9,0.748399972915649,0.250600010156631,0,0,0.000500000023748726,0.000199999994947575,0,0,0,0,0.000300000014249235,1.10000002384186,12,5.59999990463257,5,5.69999980926514,26,46,58.5
"8378",51.418,-112.285,928,3.3,16.6,-9.7,26.3,405,297,32.8,55.9,147,257,110,278,-12.05,1149,1396,5358,53,638,-41.9,36.5,610,13.6,153,78,55,-2.6,-3.5,1.9,9.6,17.3,20.6,23.8,24,18.5,10.1,0.8,-2.7,-14.1,-15.8,-10,-3.1,2.8,7.2,9.3,8.4,3.7,-2.8,-9.7,-14,-8.3,-9.7,-4,3.2,10.1,13.9,16.6,16.2,11.1,3.6,-4.4,-8.3,13,13,18,20,47,89,75,51,35,15,17,12,4.6,8.1,13.3,18.8,22.2,22.9,22.3,19.9,14.5,8.5,4.9,3.6,262,269,153,20,0,0,0,0,0,17,161,265,0,0,0,30,165,267,360,348,188,38,0,0,815,772,684,444,239,130,62,75,205,448,672,812,0,0,0,0,2,8,19,18,4,0,1,0,0,0,1,6,23,29,31,31,24,7,1,0,12,13,17,7,1,0,0,0,1,2,13,11,0,0,0,56,101,116,129,112,66,30,0,0,0,0,0,36,54,27,54,61,31,15,0,0,53,50,54,57,55,59,57,54,54,56,58,53,1.3,1.3,1.63,-0.48,-2.87,-0.01,-3.51,-6.35,-4.69,-1.2,1.61,1.2,0.12049999833107,0.149399995803833,0.693599998950958,0.537999987602234,0.139500007033348,0.125900000333786,0.144450001418591,0.12049999833107,0.693599998950958,12.125,-2.375,38,1.15221607685089,12.7483510971069,771.299987792969,59.2400016784668,-0.519999980926514,31.4500007629395,29.8999996185303,15907.5,10125,-90,92,4,5.44999980926514,18.2800006866455,5699.0498046875,140.5,140.5,-61.75,2,0,0,0,1,0,0,0,0,0,0,0,1.20000004768372,7,4.19999980926514,4.59999990463257,7.19999980926514,20,34,44.0999984741211
"8379",52.494,-114.323,1056,3,15.7,-9.6,25.3,523,366,24.9,42.9,149,254,105,157,3.56,1165,1279,5488,36,543,-42.6,34.6,573,13.4,150,115,55,-2.2,-3,1.8,9.6,17,19.7,22.3,22.2,17.4,9.5,0.9,-2.9,-14,-16.1,-10.3,-3.1,2.5,6.9,9,7.9,3.3,-3,-10.1,-14.4,-8.1,-9.6,-4.2,3.2,9.8,13.3,15.7,15.1,10.3,3.2,-4.6,-8.7,19,19,24,27,61,95,104,60,46,23,27,18,4.3,7.9,13.1,18.6,22.4,22.7,21.9,19.2,14,8.3,4.6,3.3,258,267,159,20,0,0,0,0,1,19,166,275,0,0,0,28,156,249,333,314,165,34,0,0,809,769,690,444,255,144,83,100,232,460,678,824,0,0,1,0,1,6,12,11,3,0,2,0,0,0,1,6,22,29,31,31,23,7,1,0,17,19,23,9,2,0,0,1,2,4,21,17,0,0,0,55,98,110,119,102,61,28,0,0,0,0,0,28,37,15,15,42,15,5,0,0,52,47,53,57,55,60,60,57,56,57,56,53,1.9,1.9,2.27,0.19,-1.31,1.08,0.48,-4.15,-3.04,-0.18,2.63,1.8,0.284200012683868,0.439200013875961,0.701600015163422,0.465200006961823,0.217999994754791,0.164599999785423,0.361700013279915,0.164599999785423,0.701600015163422,27.375,26.625,65,1.12938237190247,10.0801563262939,724.97998046875,37.4199981689453,-0.28999999165535,27.2999992370605,44.9700012207031,13660.5,8737.5,-55,73,3,5.94000005722046,17.1299991607666,5219.3798828125,128.770004272461,128.770004272461,-130.5,5,0.587499976158142,0.38510000705719,0,0.0176999997347593,0.00039999998989515,0.00860000029206276,0,0,0,0,0.000699999975040555,1.10000002384186,14,7.30000019073486,5.19999980926514,6.09999990463257,29,46,67.1999969482422
"8380",53.506,-113.613,672,3.1,17.1,-11,28.1,479,328,27.3,52.1,135,258,122,198,-1.34,1330,1486,5475,64,703,-42.6,35,575,12.7,162,108,58,-4.8,-5.3,0,9.7,18.6,21.2,23.6,22.9,17.9,9.7,-0.7,-5.1,-15.3,-16.7,-10.8,-2.2,4.2,8.6,10.7,9.3,4.3,-1.7,-9.8,-14.6,-10.1,-11,-5.4,3.7,11.4,14.9,17.1,16.1,11.1,4,-5.2,-9.8,21,19,20,27,47,87,105,53,36,22,26,16,3.8,7.2,12.3,18.1,21.8,22.4,21.5,18.6,13.3,7.5,3.9,2.8,316,311,191,17,0,0,0,0,0,14,180,300,0,0,0,35,202,296,376,345,188,43,0,0,871,808,727,429,210,107,52,77,205,435,696,858,0,0,0,0,4,13,24,18,4,0,1,0,0,0,0,8,26,30,31,31,25,10,1,0,20,19,20,7,1,0,0,0,1,3,21,15,0,0,0,53,102,113,121,101,59,26,0,0,0,0,0,26,55,26,16,48,23,4,0,0,56,52,56,59,56,61,61,59,58,61,62,60,2.1,1.9,2,0.19,-3.23,-0.06,0.38,-4.63,-3.85,-0.34,2.6,1.6,0.121799997985363,0.296400010585785,0.396800011396408,0.312400013208389,0.230000004172325,0.16889999806881,0.263200007379055,0.121799997985363,0.396800011396408,1.75,0.25,6,1.14300203323364,12.6318273544312,704.859985351562,43.310001373291,-0.340000003576279,30.5499992370605,40.2599983215332,16317,13239,-87,105,5,4.90000009536743,15.3800001144409,5229.580078125,126.669998168945,126.669998168945,-67.25,37,0.387499988079071,0.0888999998569489,0,0,0.505699992179871,0.0178999993950129,0,0,0,0,0,1.20000004768372,10,3.90000009536743,4.59999990463257,6.5,29,41,58
"8381",50.921,-114.527,1370,3.5,14.9,-7.3,22.2,556,363,24.3,41,159,250,91,162,2.48,911,1144,5292,27,445,-39.7,35,602,14.3,142,125,53,-0.1,-0.7,3.7,9.5,15.5,19,23,22.9,17.9,10.6,3.7,-0.7,-12.1,-14,-9.1,-3.7,1.2,4.8,6.9,6.2,2.4,-2.7,-8.3,-12.3,-6.1,-7.3,-2.7,2.9,8.3,11.9,14.9,14.5,10.1,3.9,-2.3,-6.5,15,21,34,45,84,111,60,58,50,32,27,19,5.1,8.6,13.8,19.4,22.9,23.6,23.1,20.6,15.2,9.4,5.6,4.1,208,218,120,22,1,0,0,0,1,15,110,217,0,0,0,23,114,208,304,294,160,41,0,0,748,704,644,453,301,184,104,113,238,439,609,756,0,0,1,0,0,3,8,8,3,0,2,1,1,0,1,5,18,27,30,30,21,7,1,0,12,20,30,17,5,1,0,1,2,4,15,16,0,0,0,57,94,112,130,111,66,32,0,0,0,0,0,12,10,1,70,53,16,0,0,0,52,47,52,55,55,56,52,51,52,55,55,53,1.5,2.1,2.9,1.99,2.09,2.4,-5.48,-5.77,-3.43,0.15,2.13,1.9,0.20160000026226,0.347600013017654,0.580399990081787,0.479200005531311,0.211799994111061,0.223199993371964,0.285400003194809,0.20160000026226,0.580399990081787,33,33,68,1.14138090610504,10.0638523101807,715.739990234375,41.2299995422363,-0.270000010728836,25.6000003814697,48.5699996948242,12705,8190,-56,63,3,8.47000026702881,18.9799995422363,4981.81982421875,127.110000610352,121.610000610352,-130,11,0.837400019168854,0.123499996960163,0,0,0.0171000007539988,0.0178999993950129,0,0,0,0,0.00410000002011657,1.10000002384186,12,2.70000004768372,4,6.40000009536743,31,41,49.0999984741211
"8382",52.468,-116.082,1359,2.1,13.6,-8.5,22.1,577,396,21,34.3,164,249,85,87,15.26,1133,950,5786,19,319,-42.6,32.3,532,13.7,134,144,55,-1.4,-1.4,2.7,7.9,14.4,17.3,20.6,20.2,15.2,8.7,1.1,-2.9,-13.9,-15.6,-10.3,-4.6,0.5,4.3,6.6,6,2.1,-3.5,-9.8,-14.1,-7.7,-8.5,-3.8,1.7,7.4,10.8,13.6,13.1,8.7,2.6,-4.4,-8.5,21,18,30,38,66,114,96,61,59,31,26,17,4.5,8.2,13.4,18.9,23.2,22.9,22.6,19.6,14.1,8.9,5,3.5,248,245,148,34,2,0,0,0,1,24,161,270,0,0,0,13,91,176,268,253,121,29,0,0,797,738,678,489,329,217,137,154,280,479,672,818,1,1,2,0,0,2,4,4,2,0,2,1,0,0,1,3,16,27,30,30,20,6,1,0,18,17,28,21,7,2,1,1,5,8,20,16,0,0,0,50,88,102,115,95,55,27,0,0,0,0,0,12,22,0,19,34,0,0,0,0,50,44,50,56,56,59,57,57,58,58,57,54,2.1,1.8,2.76,1.93,1.16,3.79,0.11,-3.22,-0.23,0.87,2.49,1.7,0.143500000238419,0.220400005578995,0.392599999904633,0.424800008535385,0.136899992823601,0.168200001120567,0.194300003349781,0.136899992823601,0.424800008535385,56.125,-26.875,187,1.1366126537323,10.710807800293,702.309997558594,28.5699996948242,-0.189999997615814,26.3999996185303,51.5800018310547,11256,7417.5,-79,45,3,7.53999996185303,16.8899993896484,5037.9599609375,126.309997558594,126.309997558594,-160,13,0.712000012397766,0.244200006127357,0,0,0,0.0113000003620982,0,0,0,0,0.0324999988079071,1.10000002384186,16,1.70000004768372,3,6,33,46,28.8999996185303
"8383",52.939,-114.288,952,3.2,15.9,-9.2,25.1,548,383,24.1,41.5,145,256,111,123,7.43,1126,1306,5404,39,561,-41.4,33.9,559,13.1,155,117,57,-2.1,-2.9,1.7,9.6,17.1,19.8,22.3,21.8,17,9.2,1.3,-2.8,-13.4,-15.5,-10,-2.7,3,7.3,9.5,8.3,3.7,-2.5,-9.7,-13.6,-7.8,-9.2,-4.2,3.4,10.1,13.6,15.9,15.1,10.3,3.3,-4.2,-8.2,21,20,25,28,64,95,114,63,47,25,29,17,4.2,7.6,12.8,18.4,22.2,22.5,21.7,18.8,13.5,7.9,4.5,3.1,251,259,159,19,0,0,0,0,1,19,156,263,0,0,0,30,165,258,339,314,165,35,0,0,800,758,690,438,239,137,78,100,232,457,666,809,0,0,1,0,1,7,13,11,3,0,2,0,0,0,1,7,24,29,31,31,24,8,1,0,18,20,24,9,2,0,0,1,2,5,22,16,0,0,0,54,97,109,117,98,58,26,0,0,0,0,0,26,33,14,3,35,11,1,0,0,54,49,54,58,56,61,61,59,58,60,56,55,2.1,2,2.35,0.29,-1.02,1.2,1.74,-3.29,-2.52,0.12,2.77,1.7,0.25,0.292800009250641,0.536800026893616,0.510399997234344,0.275200009346008,0.211199998855591,0.284000009298325,0.211199998855591,0.536800026893616,7.875,-5.875,26,1.14244222640991,12.0412836074829,744.75,39.8899993896484,-0.310000002384186,28.2999992370605,42.2000007629395,14038.5,8940,-49,74,3,5.80000019073486,17.2199993133545,5392.91015625,132.649993896484,132.649993896484,-124.5,3,0.947700023651123,0.0454000011086464,0.00689999992027879,0,0,0,0,0,0,0,0,1.10000002384186,12,2.70000004768372,4.5,5.80000019073486,30,48,48.0999984741211
"8384",52.939,-114.288,952,3.2,15.9,-9.2,25.1,548,383,24.1,41.5,145,256,111,123,7.43,1126,1306,5404,39,561,-41.4,33.9,559,13.1,155,117,57,-2.1,-2.9,1.7,9.6,17.1,19.8,22.3,21.8,17,9.2,1.3,-2.8,-13.4,-15.5,-10,-2.7,3,7.3,9.5,8.3,3.7,-2.5,-9.7,-13.6,-7.8,-9.2,-4.2,3.4,10.1,13.6,15.9,15.1,10.3,3.3,-4.2,-8.2,21,20,25,28,64,95,114,63,47,25,29,17,4.2,7.6,12.8,18.4,22.2,22.5,21.7,18.8,13.5,7.9,4.5,3.1,251,259,159,19,0,0,0,0,1,19,156,263,0,0,0,30,165,258,339,314,165,35,0,0,800,758,690,438,239,137,78,100,232,457,666,809,0,0,1,0,1,7,13,11,3,0,2,0,0,0,1,7,24,29,31,31,24,8,1,0,18,20,24,9,2,0,0,1,2,5,22,16,0,0,0,54,97,109,117,98,58,26,0,0,0,0,0,26,33,14,3,35,11,1,0,0,54,49,54,58,56,61,61,59,58,60,56,55,2.1,2,2.35,0.29,-1.02,1.2,1.74,-3.29,-2.52,0.12,2.77,1.7,0.25,0.292800009250641,0.536800026893616,0.510399997234344,0.275200009346008,0.211199998855591,0.284000009298325,0.211199998855591,0.536800026893616,7.875,-5.875,26,1.14244222640991,12.0412836074829,744.75,39.8899993896484,-0.310000002384186,28.2999992370605,42.2000007629395,14038.5,8940,-49,74,3,5.80000019073486,17.2199993133545,5392.91015625,132.649993896484,132.649993896484,-124.5,3,0.947700023651123,0.0454000011086464,0.00689999992027879,0,0,0,0,0,0,0,0,1.10000002384186,12,2.70000004768372,4.5,5.80000019073486,30,48,48.0999984741211
"8385",53.071,-114.084,845,3.2,16.4,-9.8,26.2,520,356,25.4,46.1,141,256,116,161,3.9,1174,1378,5403,48,616,-41.6,34.4,568,13,158,117,57,-2.8,-3.7,1.1,9.7,17.7,20.3,22.8,22.3,17.3,9.4,0.7,-3.4,-13.8,-15.8,-10.2,-2.5,3.5,7.8,10,8.7,3.9,-2.2,-9.7,-13.8,-8.3,-9.8,-4.6,3.6,10.6,14.1,16.4,15.5,10.6,3.6,-4.5,-8.6,22,20,25,28,57,91,107,59,42,23,29,17,4,7.5,12.6,18.3,22.1,22.4,21.6,18.8,13.5,7.7,4.2,3,262,271,169,18,0,0,0,0,1,17,163,273,0,0,0,33,180,273,354,327,174,38,0,0,815,774,703,432,228,126,66,91,223,448,675,821,0,0,1,0,2,9,17,13,4,0,2,0,0,0,1,7,25,29,31,31,24,9,1,0,20,20,24,8,1,0,0,0,2,4,22,16,0,0,0,54,99,111,119,100,59,26,0,0,0,0,0,26,42,20,12,41,17,3,0,0,55,50,55,58,56,62,61,59,58,60,58,57,2.2,2,2.43,0.26,-1.92,0.65,0.87,-3.88,-3.08,-0.14,2.82,1.7,NA,NA,NA,NA,NA,NA,NA,NA,NA,7,-7,20,1.148850440979,12.6767358779907,740.690002441406,41.560001373291,-0.330000013113022,29.1000003814697,41.5099983215332,14878.5,9412.5,-61,84,3,5.59999990463257,35.0699996948242,5395.8701171875,132.190002441406,132.190002441406,-103.5,8,0.00179999996908009,0,0,0,0,0,0,0.998199999332428,0,0,0,1.10000002384186,10,2.79999995231628,4.19999980926514,6.19999980926514,37,40.419999999999,53.3839995574949
"8386",52.939,-114.288,952,3.2,15.9,-9.2,25.1,548,383,24.1,41.5,145,256,111,123,7.43,1126,1306,5404,39,561,-41.4,33.9,559,13.1,155,117,57,-2.1,-2.9,1.7,9.6,17.1,19.8,22.3,21.8,17,9.2,1.3,-2.8,-13.4,-15.5,-10,-2.7,3,7.3,9.5,8.3,3.7,-2.5,-9.7,-13.6,-7.8,-9.2,-4.2,3.4,10.1,13.6,15.9,15.1,10.3,3.3,-4.2,-8.2,21,20,25,28,64,95,114,63,47,25,29,17,4.2,7.6,12.8,18.4,22.2,22.5,21.7,18.8,13.5,7.9,4.5,3.1,251,259,159,19,0,0,0,0,1,19,156,263,0,0,0,30,165,258,339,314,165,35,0,0,800,758,690,438,239,137,78,100,232,457,666,809,0,0,1,0,1,7,13,11,3,0,2,0,0,0,1,7,24,29,31,31,24,8,1,0,18,20,24,9,2,0,0,1,2,5,22,16,0,0,0,54,97,109,117,98,58,26,0,0,0,0,0,26,33,14,3,35,11,1,0,0,54,49,54,58,56,61,61,59,58,60,56,55,2.1,2,2.35,0.29,-1.02,1.2,1.74,-3.29,-2.52,0.12,2.77,1.7,0.25,0.292800009250641,0.536800026893616,0.510399997234344,0.275200009346008,0.211199998855591,0.284000009298325,0.211199998855591,0.536800026893616,7.875,-5.875,26,1.14244222640991,12.0412836074829,744.75,39.8899993896484,-0.310000002384186,28.2999992370605,42.2000007629395,14038.5,8940,-49,74,3,5.80000019073486,17.2199993133545,5392.91015625,132.649993896484,132.649993896484,-124.5,3,0.947700023651123,0.0454000011086464,0.00689999992027879,0,0,0,0,0,0,0,0,1.10000002384186,12,2.70000004768372,4.5,5.80000019073486,30,48,48.0999984741211
"8387",52.939,-114.288,952,3.2,15.9,-9.2,25.1,548,383,24.1,41.5,145,256,111,123,7.43,1126,1306,5404,39,561,-41.4,33.9,559,13.1,155,117,57,-2.1,-2.9,1.7,9.6,17.1,19.8,22.3,21.8,17,9.2,1.3,-2.8,-13.4,-15.5,-10,-2.7,3,7.3,9.5,8.3,3.7,-2.5,-9.7,-13.6,-7.8,-9.2,-4.2,3.4,10.1,13.6,15.9,15.1,10.3,3.3,-4.2,-8.2,21,20,25,28,64,95,114,63,47,25,29,17,4.2,7.6,12.8,18.4,22.2,22.5,21.7,18.8,13.5,7.9,4.5,3.1,251,259,159,19,0,0,0,0,1,19,156,263,0,0,0,30,165,258,339,314,165,35,0,0,800,758,690,438,239,137,78,100,232,457,666,809,0,0,1,0,1,7,13,11,3,0,2,0,0,0,1,7,24,29,31,31,24,8,1,0,18,20,24,9,2,0,0,1,2,5,22,16,0,0,0,54,97,109,117,98,58,26,0,0,0,0,0,26,33,14,3,35,11,1,0,0,54,49,54,58,56,61,61,59,58,60,56,55,2.1,2,2.35,0.29,-1.02,1.2,1.74,-3.29,-2.52,0.12,2.77,1.7,0.25,0.292800009250641,0.536800026893616,0.510399997234344,0.275200009346008,0.211199998855591,0.284000009298325,0.211199998855591,0.536800026893616,7.875,-5.875,26,1.14244222640991,12.0412836074829,744.75,39.8899993896484,-0.310000002384186,28.2999992370605,42.2000007629395,14038.5,8940,-49,74,3,5.80000019073486,17.2199993133545,5392.91015625,132.649993896484,132.649993896484,-124.5,3,0.947700023651123,0.0454000011086464,0.00689999992027879,0,0,0,0,0,0,0,0,1.10000002384186,12,2.70000004768372,4.5,5.80000019073486,30,48,48.0999984741211
"8388",52.483,-115.738,1415,2.8,14.7,-7.8,22.5,626,431,20.4,34.1,153,253,100,61,17.31,1075,1098,5538,26,413,-41.1,33.8,534,13.5,149,147,57,-2,-0.7,2.7,6.8,14.5,17.3,21.5,21.5,15.8,11.4,0.2,-2.7,-13.6,-13.9,-9.4,-4,1.5,5.3,7.9,7.4,3.1,-1.2,-9.5,-13,-7.8,-7.3,-3.4,1.4,8,11.3,14.7,14.4,9.5,5.1,-4.7,-7.8,22,21,32,41,80,123,101,66,61,33,27,19,4.4,7.9,13.1,18.1,22.7,22.5,22.4,19.6,13.9,9.1,4.7,3.5,251,218,138,37,1,0,0,0,1,9,168,253,0,0,0,12,106,190,298,291,143,57,0,0,800,704,665,498,310,202,109,116,256,401,681,796,0,1,2,0,0,2,7,8,2,0,2,1,0,0,1,4,19,28,31,30,23,11,1,0,19,20,30,25,6,2,1,1,4,2,21,17,0,0,0,46,87,99,117,99,56,30,0,0,0,0,0,5,7,0,16,33,0,0,0,0,53,48,54,61,58,62,59,57,60,58,61,57,2.2,2.1,2.87,2.5,2.39,4.88,0.16,-3.48,-0.59,-0.27,2.65,1.9,0.288800001144409,0.268400013446808,0.498800009489059,0.400400012731552,0.798799991607666,0.236399993300438,0.344600006937981,0.236399993300438,0.798799991607666,33.5,31.75,86,1.14542233943939,10.0186357498169,678.469970703125,26.0100002288818,-0.140000000596046,26.6499996185303,51.7700004577637,10458,6997.5,-80,42,2,6.40999984741211,16.1000003814697,4897.2900390625,122.470001220703,122.470001220703,-183.25,3,0.92849999666214,0.0640999972820282,0,0,0.00039999998989515,9.99999974737875e-05,0,0,0,0,0.00689999992027879,1,17,1.60000002384186,3.09999990463257,5.59999990463257,29,51,29.7000007629395
"8389",52.483,-115.738,1415,2.8,14.7,-7.8,22.5,626,431,20.4,34.1,153,253,100,61,17.31,1075,1098,5538,26,413,-41.1,33.8,534,13.5,149,147,57,-2,-0.7,2.7,6.8,14.5,17.3,21.5,21.5,15.8,11.4,0.2,-2.7,-13.6,-13.9,-9.4,-4,1.5,5.3,7.9,7.4,3.1,-1.2,-9.5,-13,-7.8,-7.3,-3.4,1.4,8,11.3,14.7,14.4,9.5,5.1,-4.7,-7.8,22,21,32,41,80,123,101,66,61,33,27,19,4.4,7.9,13.1,18.1,22.7,22.5,22.4,19.6,13.9,9.1,4.7,3.5,251,218,138,37,1,0,0,0,1,9,168,253,0,0,0,12,106,190,298,291,143,57,0,0,800,704,665,498,310,202,109,116,256,401,681,796,0,1,2,0,0,2,7,8,2,0,2,1,0,0,1,4,19,28,31,30,23,11,1,0,19,20,30,25,6,2,1,1,4,2,21,17,0,0,0,46,87,99,117,99,56,30,0,0,0,0,0,5,7,0,16,33,0,0,0,0,53,48,54,61,58,62,59,57,60,58,61,57,2.2,2.1,2.87,2.5,2.39,4.88,0.16,-3.48,-0.59,-0.27,2.65,1.9,0.288800001144409,0.268400013446808,0.498800009489059,0.400400012731552,0.798799991607666,0.236399993300438,0.344600006937981,0.236399993300438,0.798799991607666,33.5,31.75,86,1.14542233943939,10.0186357498169,678.469970703125,26.0100002288818,-0.140000000596046,26.6499996185303,51.7700004577637,10458,6997.5,-80,42,2,6.40999984741211,16.1000003814697,4897.2900390625,122.470001220703,122.470001220703,-183.25,3,0.92849999666214,0.0640999972820282,0,0,0.00039999998989515,9.99999974737875e-05,0,0,0,0,0.00689999992027879,1,17,1.60000002384186,3.09999990463257,5.59999990463257,29,51,29.7000007629395
"8390",52.483,-115.738,1415,2.8,14.7,-7.8,22.5,626,431,20.4,34.1,153,253,100,61,17.31,1075,1098,5538,26,413,-41.1,33.8,534,13.5,149,147,57,-2,-0.7,2.7,6.8,14.5,17.3,21.5,21.5,15.8,11.4,0.2,-2.7,-13.6,-13.9,-9.4,-4,1.5,5.3,7.9,7.4,3.1,-1.2,-9.5,-13,-7.8,-7.3,-3.4,1.4,8,11.3,14.7,14.4,9.5,5.1,-4.7,-7.8,22,21,32,41,80,123,101,66,61,33,27,19,4.4,7.9,13.1,18.1,22.7,22.5,22.4,19.6,13.9,9.1,4.7,3.5,251,218,138,37,1,0,0,0,1,9,168,253,0,0,0,12,106,190,298,291,143,57,0,0,800,704,665,498,310,202,109,116,256,401,681,796,0,1,2,0,0,2,7,8,2,0,2,1,0,0,1,4,19,28,31,30,23,11,1,0,19,20,30,25,6,2,1,1,4,2,21,17,0,0,0,46,87,99,117,99,56,30,0,0,0,0,0,5,7,0,16,33,0,0,0,0,53,48,54,61,58,62,59,57,60,58,61,57,2.2,2.1,2.87,2.5,2.39,4.88,0.16,-3.48,-0.59,-0.27,2.65,1.9,0.288800001144409,0.268400013446808,0.498800009489059,0.400400012731552,0.798799991607666,0.236399993300438,0.344600006937981,0.236399993300438,0.798799991607666,33.5,31.75,86,1.14542233943939,10.0186357498169,678.469970703125,26.0100002288818,-0.140000000596046,26.6499996185303,51.7700004577637,10458,6997.5,-80,42,2,6.40999984741211,16.1000003814697,4897.2900390625,122.470001220703,122.470001220703,-183.25,3,0.92849999666214,0.0640999972820282,0,0,0.00039999998989515,9.99999974737875e-05,0,0,0,0,0.00689999992027879,1,17,1.60000002384186,3.09999990463257,5.59999990463257,29,51,29.7000007629395
"8391",53.506,-113.613,672,3.1,17.1,-11,28.1,479,328,27.3,52.1,135,258,122,198,-1.34,1330,1486,5475,64,703,-42.6,35,575,12.7,162,108,58,-4.8,-5.3,0,9.7,18.6,21.2,23.6,22.9,17.9,9.7,-0.7,-5.1,-15.3,-16.7,-10.8,-2.2,4.2,8.6,10.7,9.3,4.3,-1.7,-9.8,-14.6,-10.1,-11,-5.4,3.7,11.4,14.9,17.1,16.1,11.1,4,-5.2,-9.8,21,19,20,27,47,87,105,53,36,22,26,16,3.8,7.2,12.3,18.1,21.8,22.4,21.5,18.6,13.3,7.5,3.9,2.8,316,311,191,17,0,0,0,0,0,14,180,300,0,0,0,35,202,296,376,345,188,43,0,0,871,808,727,429,210,107,52,77,205,435,696,858,0,0,0,0,4,13,24,18,4,0,1,0,0,0,0,8,26,30,31,31,25,10,1,0,20,19,20,7,1,0,0,0,1,3,21,15,0,0,0,53,102,113,121,101,59,26,0,0,0,0,0,26,55,26,16,48,23,4,0,0,56,52,56,59,56,61,61,59,58,61,62,60,2.1,1.9,2,0.19,-3.23,-0.06,0.38,-4.63,-3.85,-0.34,2.6,1.6,0.121799997985363,0.296400010585785,0.396800011396408,0.312400013208389,0.230000004172325,0.16889999806881,0.263200007379055,0.121799997985363,0.396800011396408,1.75,0.25,6,1.14300203323364,12.6318273544312,704.859985351562,43.310001373291,-0.340000003576279,30.5499992370605,40.2599983215332,16317,13239,-87,105,5,4.90000009536743,15.3800001144409,5229.580078125,126.669998168945,126.669998168945,-67.25,37,0.387499988079071,0.0888999998569489,0,0,0.505699992179871,0.0178999993950129,0,0,0,0,0,1.20000004768372,10,3.90000009536743,4.59999990463257,6.5,29,41,58
"8392",52.339,-115.742,1696,1.4,13.2,-9.3,22.5,696,444,16.4,29.7,160,249,90,29,30.73,1238,875,6013,16,278,-43.2,31.7,494,13.4,134,220,58,-2.4,-2.4,1.6,5.1,12.9,16,19.7,19.4,14.3,8.6,-1.4,-4.1,-14.2,-15.3,-10.1,-4.9,0.5,4.4,6.8,6.3,2.2,-3.4,-10.1,-14.5,-8.3,-8.8,-4.2,0.1,6.7,10.2,13.2,12.8,8.2,2.6,-5.8,-9.3,32,28,40,44,85,122,103,68,66,43,38,27,4.5,8,13,17.8,23,22.4,22.3,19.4,13.8,8.9,4.7,3.4,262,251,159,55,2,0,0,0,1,24,193,289,0,0,0,6,76,158,256,243,108,29,0,0,815,746,690,537,351,235,146,163,295,479,714,843,0,1,2,0,0,1,3,4,2,0,2,1,0,0,1,3,16,27,30,30,21,6,1,0,29,27,38,34,12,3,1,1,6,11,32,26,0,0,0,41,81,94,109,91,52,26,0,0,0,0,0,0,0,0,6,23,0,0,0,0,52,48,54,63,60,63,60,60,61,58,64,56,3.2,2.8,3.86,3.26,3.86,5.21,1.25,-2.15,0.93,2.02,3.8,2.7,0.774800002574921,0.218600004911423,0.381599992513657,0.326200008392334,0.559599995613098,0.358399987220764,0.36999998986721,0.218600004911423,0.774800002574921,93.625,10.875,333,1.14631807804108,8.43816089630127,625.849975585938,20.2399997711182,-0.0500000007450581,26,54.4799995422363,7452,4242,-89,31,2,5.80000019073486,14.7799997329712,4593.02001953125,114.830001831055,114.830001831055,-217,0,0.836000025272369,0.153400003910065,0,0,0,0.00120000005699694,0,0,0,0,0.00939999986439943,1,20,3.29999995231628,3.70000004768372,5.69999980926514,33,45,48.4000015258789
"8393",50.921,-114.527,1370,3.5,14.9,-7.3,22.2,556,363,24.3,41,159,250,91,162,2.48,911,1144,5292,27,445,-39.7,35,602,14.3,142,125,53,-0.1,-0.7,3.7,9.5,15.5,19,23,22.9,17.9,10.6,3.7,-0.7,-12.1,-14,-9.1,-3.7,1.2,4.8,6.9,6.2,2.4,-2.7,-8.3,-12.3,-6.1,-7.3,-2.7,2.9,8.3,11.9,14.9,14.5,10.1,3.9,-2.3,-6.5,15,21,34,45,84,111,60,58,50,32,27,19,5.1,8.6,13.8,19.4,22.9,23.6,23.1,20.6,15.2,9.4,5.6,4.1,208,218,120,22,1,0,0,0,1,15,110,217,0,0,0,23,114,208,304,294,160,41,0,0,748,704,644,453,301,184,104,113,238,439,609,756,0,0,1,0,0,3,8,8,3,0,2,1,1,0,1,5,18,27,30,30,21,7,1,0,12,20,30,17,5,1,0,1,2,4,15,16,0,0,0,57,94,112,130,111,66,32,0,0,0,0,0,12,10,1,70,53,16,0,0,0,52,47,52,55,55,56,52,51,52,55,55,53,1.5,2.1,2.9,1.99,2.09,2.4,-5.48,-5.77,-3.43,0.15,2.13,1.9,0.20160000026226,0.347600013017654,0.580399990081787,0.479200005531311,0.211799994111061,0.223199993371964,0.285400003194809,0.20160000026226,0.580399990081787,33,33,68,1.14138090610504,10.0638523101807,715.739990234375,41.2299995422363,-0.270000010728836,25.6000003814697,48.5699996948242,12705,8190,-56,63,3,8.47000026702881,18.9799995422363,4981.81982421875,127.110000610352,121.610000610352,-130,11,0.837400019168854,0.123499996960163,0,0,0.0171000007539988,0.0178999993950129,0,0,0,0,0.00410000002011657,1.10000002384186,12,2.70000004768372,4,6.40000009536743,31,41,49.0999984741211
"8394",49.002,-113.907,1284,4,15.4,-6.8,22.2,811,311,17.3,49.5,144,266,122,161,36.85,771,1182,5099,29,477,-33.2,33.8,549,14,170,284,65,-0.3,-2.1,3.3,7.9,12.9,17.2,22.1,21.8,16.5,8.6,1.9,-1.8,-8,-11.4,-5.7,-2,2.5,6,8.6,8.3,4.8,-0.5,-5.3,-9,-4.2,-6.8,-1.2,3,7.7,11.6,15.4,15.1,10.7,4,-1.7,-5.4,54,65,73,78,82,100,33,34,62,99,75,56,5.8,8.1,12.7,18.1,22.6,22.4,22.9,20.4,14.8,9.3,5.9,4.7,157,206,87,22,1,0,0,0,1,14,96,186,0,0,0,25,99,199,323,314,177,43,2,0,689,690,597,450,320,193,91,100,220,435,591,722,0,0,0,0,0,3,10,11,4,0,1,0,2,0,3,8,22,29,31,31,26,13,4,1,33,61,55,29,7,1,0,0,2,13,39,44,0,0,0,51,80,100,123,105,61,29,0,0,0,0,0,0,0,0,90,71,0,0,0,0,68,61,65,65,66,65,59,59,63,69,71,70,5.28,6.5,6.6,5.77,3.69,2.91,-6.81,-6.54,-0.72,7.56,6.99,5.6,0.0798999965190887,0.0987000018358231,0.208000004291534,0.244599997997284,0.105800002813339,0.0182000007480383,0.102250002324581,0.0182000007480383,0.244599997997284,37.875,-34.625,114,1.11725926399231,10.585862159729,822.669982910156,51.1100006103516,-0.300000011920929,22.8500003814697,55.1199989318848,14710.5,11961,-17,66,3,12.3100004196167,40.9000015258789,5515.490234375,144.399993896484,135.389999389648,-64.25,0,0.19879999756813,0,0,0,0,0,0,0.801199972629547,0,0,0,0.899999976158142,13,5.80000019073486,4.59999990463257,6.09999990463257,36,42,96.5
"8395",52.339,-115.742,1696,1.4,13.2,-9.3,22.5,696,444,16.4,29.7,160,249,90,29,30.73,1238,875,6013,16,278,-43.2,31.7,494,13.4,134,220,58,-2.4,-2.4,1.6,5.1,12.9,16,19.7,19.4,14.3,8.6,-1.4,-4.1,-14.2,-15.3,-10.1,-4.9,0.5,4.4,6.8,6.3,2.2,-3.4,-10.1,-14.5,-8.3,-8.8,-4.2,0.1,6.7,10.2,13.2,12.8,8.2,2.6,-5.8,-9.3,32,28,40,44,85,122,103,68,66,43,38,27,4.5,8,13,17.8,23,22.4,22.3,19.4,13.8,8.9,4.7,3.4,262,251,159,55,2,0,0,0,1,24,193,289,0,0,0,6,76,158,256,243,108,29,0,0,815,746,690,537,351,235,146,163,295,479,714,843,0,1,2,0,0,1,3,4,2,0,2,1,0,0,1,3,16,27,30,30,21,6,1,0,29,27,38,34,12,3,1,1,6,11,32,26,0,0,0,41,81,94,109,91,52,26,0,0,0,0,0,0,0,0,6,23,0,0,0,0,52,48,54,63,60,63,60,60,61,58,64,56,3.2,2.8,3.86,3.26,3.86,5.21,1.25,-2.15,0.93,2.02,3.8,2.7,0.774800002574921,0.218600004911423,0.381599992513657,0.326200008392334,0.559599995613098,0.358399987220764,0.36999998986721,0.218600004911423,0.774800002574921,93.625,10.875,333,1.14631807804108,8.43816089630127,625.849975585938,20.2399997711182,-0.0500000007450581,26,54.4799995422363,7452,4242,-89,31,2,5.80000019073486,14.7799997329712,4593.02001953125,114.830001831055,114.830001831055,-217,0,0.836000025272369,0.153400003910065,0,0,0,0.00120000005699694,0,0,0,0,0.00939999986439943,1,20,3.29999995231628,3.70000004768372,5.69999980926514,33,45,48.4000015258789
"8396",53.506,-113.613,672,3.1,17.1,-11,28.1,479,328,27.3,52.1,135,258,122,198,-1.34,1330,1486,5475,64,703,-42.6,35,575,12.7,162,108,58,-4.8,-5.3,0,9.7,18.6,21.2,23.6,22.9,17.9,9.7,-0.7,-5.1,-15.3,-16.7,-10.8,-2.2,4.2,8.6,10.7,9.3,4.3,-1.7,-9.8,-14.6,-10.1,-11,-5.4,3.7,11.4,14.9,17.1,16.1,11.1,4,-5.2,-9.8,21,19,20,27,47,87,105,53,36,22,26,16,3.8,7.2,12.3,18.1,21.8,22.4,21.5,18.6,13.3,7.5,3.9,2.8,316,311,191,17,0,0,0,0,0,14,180,300,0,0,0,35,202,296,376,345,188,43,0,0,871,808,727,429,210,107,52,77,205,435,696,858,0,0,0,0,4,13,24,18,4,0,1,0,0,0,0,8,26,30,31,31,25,10,1,0,20,19,20,7,1,0,0,0,1,3,21,15,0,0,0,53,102,113,121,101,59,26,0,0,0,0,0,26,55,26,16,48,23,4,0,0,56,52,56,59,56,61,61,59,58,61,62,60,2.1,1.9,2,0.19,-3.23,-0.06,0.38,-4.63,-3.85,-0.34,2.6,1.6,0.121799997985363,0.296400010585785,0.396800011396408,0.312400013208389,0.230000004172325,0.16889999806881,0.263200007379055,0.121799997985363,0.396800011396408,1.75,0.25,6,1.14300203323364,12.6318273544312,704.859985351562,43.310001373291,-0.340000003576279,30.5499992370605,40.2599983215332,16317,13239,-87,105,5,4.90000009536743,15.3800001144409,5229.580078125,126.669998168945,126.669998168945,-67.25,37,0.387499988079071,0.0888999998569489,0,0,0.505699992179871,0.0178999993950129,0,0,0,0,0,1.20000004768372,10,3.90000009536743,4.59999990463257,6.5,29,41,58
"8397",51.766,-112.788,826,3.3,17.3,-10.8,28.1,422,305,31.5,56.7,143,258,114,284,-12.5,1263,1503,5390,69,719,-42.7,36.9,625,13.5,155,84,55,-3.9,-5,0.9,10.5,18.3,21.4,24.6,24.5,19.3,10.6,0.8,-3.9,-15,-16.7,-10.5,-2.9,3.4,8,10,8.8,4,-2.8,-10.2,-14.7,-9.4,-10.8,-4.8,3.8,10.8,14.7,17.3,16.6,11.7,3.9,-4.7,-9.3,14,14,20,21,50,90,78,52,35,15,19,14,4.4,7.9,13,19,22.1,22.9,22.3,19.8,14.6,8.4,4.6,3.3,294,305,175,16,0,0,0,0,0,15,168,289,0,0,0,37,185,290,382,360,205,41,1,0,849,802,709,426,224,112,48,66,191,439,681,843,0,0,0,0,3,12,27,22,6,0,0,0,0,0,0,6,25,29,31,31,25,7,1,0,13,14,19,6,1,0,0,0,1,2,15,13,0,0,0,59,104,118,132,113,68,31,0,0,0,0,0,38,54,28,54,61,33,16,0,0,54,51,55,55,54,59,57,54,53,55,56,55,1.4,1.4,1.97,-0.72,-3.02,-0.22,-3.62,-6.48,-5.09,-1.37,1.85,1.4,0.121500000357628,0.149299994111061,0.576799988746643,0.589999973773956,0.14640000462532,0.1317999958992,0.147849999368191,0.121500000357628,0.589999973773956,4,3,12,1.14170730113983,11.3895101547241,775.52001953125,57.8600006103516,-0.5,31.5499992370605,31.4400005340576,16537.5,13500,-88,99,5,5.55000019073486,12.8299999237061,5716.10986328125,140.649993896484,140.649993896484,-47.25,14,0.0127999996766448,0.462199985980988,0,0.475699990987778,0.0342000015079975,0.0151000004261732,0,0,0,0,0,1.10000002384186,7,4.5,4.5,7.09999990463257,40,36,45.7999992370605
"9201",50.921,-114.527,1370,3.5,14.9,-7.3,22.2,556,363,24.3,41,159,250,91,162,2.48,911,1144,5292,27,445,-39.7,35,602,14.3,142,125,53,-0.1,-0.7,3.7,9.5,15.5,19,23,22.9,17.9,10.6,3.7,-0.7,-12.1,-14,-9.1,-3.7,1.2,4.8,6.9,6.2,2.4,-2.7,-8.3,-12.3,-6.1,-7.3,-2.7,2.9,8.3,11.9,14.9,14.5,10.1,3.9,-2.3,-6.5,15,21,34,45,84,111,60,58,50,32,27,19,5.1,8.6,13.8,19.4,22.9,23.6,23.1,20.6,15.2,9.4,5.6,4.1,208,218,120,22,1,0,0,0,1,15,110,217,0,0,0,23,114,208,304,294,160,41,0,0,748,704,644,453,301,184,104,113,238,439,609,756,0,0,1,0,0,3,8,8,3,0,2,1,1,0,1,5,18,27,30,30,21,7,1,0,12,20,30,17,5,1,0,1,2,4,15,16,0,0,0,57,94,112,130,111,66,32,0,0,0,0,0,12,10,1,70,53,16,0,0,0,52,47,52,55,55,56,52,51,52,55,55,53,1.5,2.1,2.9,1.99,2.09,2.4,-5.48,-5.77,-3.43,0.15,2.13,1.9,0.20160000026226,0.347600013017654,0.580399990081787,0.479200005531311,0.211799994111061,0.223199993371964,0.285400003194809,0.20160000026226,0.580399990081787,33,33,68,1.14138090610504,10.0638523101807,715.739990234375,41.2299995422363,-0.270000010728836,25.6000003814697,48.5699996948242,12705,8190,-56,63,3,8.47000026702881,18.9799995422363,4981.81982421875,127.110000610352,121.610000610352,-130,11,0.837400019168854,0.123499996960163,0,0,0.0171000007539988,0.0178999993950129,0,0,0,0,0.00410000002011657,1.10000002384186,12,2.70000004768372,4,6.40000009536743,31,41,49.0999984741211
"9202",53.547,-113.558,668,3.1,17.2,-11,28.2,468,319,28,53.9,135,258,123,205,-2.39,1321,1499,5454,67,714,-42.6,35.2,573,12.7,163,105,59,-4.8,-5.3,0,9.7,18.6,21.2,23.6,23,18,9.7,-0.6,-5.1,-15.2,-16.6,-10.7,-2.1,4.3,8.7,10.9,9.5,4.4,-1.6,-9.7,-14.6,-10,-11,-5.3,3.8,11.5,14.9,17.2,16.2,11.2,4,-5.1,-9.8,21,19,20,29,47,85,102,51,34,20,24,16,3.8,7.1,12.2,17.9,21.8,22.3,21.4,18.5,13.3,7.5,3.9,2.7,313,311,188,16,0,0,0,0,0,14,177,300,0,0,0,36,205,296,379,348,191,43,0,0,867,808,724,426,207,107,50,75,203,435,693,858,0,0,0,0,4,13,25,18,5,0,1,0,0,0,0,8,26,30,31,31,25,10,1,0,20,19,20,8,1,0,0,0,1,3,19,15,0,0,0,53,102,113,120,100,59,26,0,0,0,0,0,24,55,28,18,49,25,6,0,0,56,53,57,60,56,62,62,59,58,62,63,60,2.1,1.9,2,0.38,-3.21,-0.22,0.15,-4.86,-4.09,-0.55,2.4,1.6,0.0736000016331673,0.366800010204315,0.427599996328354,0.327600002288818,0.179900005459785,0.162699997425079,0.253750003874302,0.0736000016331673,0.427599996328354,10.375,8.875,41,1.14250254631042,11.067156791687,698.200012207031,43.0699996948242,-0.340000003576279,30.7999992370605,40.1800003051758,16401,13311,-90,108,5,4.82000017166138,15.1499996185303,5189.93017578125,125.790000915527,125.790000915527,-62,40,0.642499983310699,0.0758000016212463,0,0,0.270500004291534,0.0111999996006489,0,0,0,0,0,1.20000004768372,8,4.5,4.19999980926514,6.59999990463257,36,38,55.7999992370605
"9203",53.547,-113.558,668,3.1,17.2,-11,28.2,468,319,28,53.9,135,258,123,205,-2.39,1321,1499,5454,67,714,-42.6,35.2,573,12.7,163,105,59,-4.8,-5.3,0,9.7,18.6,21.2,23.6,23,18,9.7,-0.6,-5.1,-15.2,-16.6,-10.7,-2.1,4.3,8.7,10.9,9.5,4.4,-1.6,-9.7,-14.6,-10,-11,-5.3,3.8,11.5,14.9,17.2,16.2,11.2,4,-5.1,-9.8,21,19,20,29,47,85,102,51,34,20,24,16,3.8,7.1,12.2,17.9,21.8,22.3,21.4,18.5,13.3,7.5,3.9,2.7,313,311,188,16,0,0,0,0,0,14,177,300,0,0,0,36,205,296,379,348,191,43,0,0,867,808,724,426,207,107,50,75,203,435,693,858,0,0,0,0,4,13,25,18,5,0,1,0,0,0,0,8,26,30,31,31,25,10,1,0,20,19,20,8,1,0,0,0,1,3,19,15,0,0,0,53,102,113,120,100,59,26,0,0,0,0,0,24,55,28,18,49,25,6,0,0,56,53,57,60,56,62,62,59,58,62,63,60,2.1,1.9,2,0.38,-3.21,-0.22,0.15,-4.86,-4.09,-0.55,2.4,1.6,0.0736000016331673,0.366800010204315,0.427599996328354,0.327600002288818,0.179900005459785,0.162699997425079,0.253750003874302,0.0736000016331673,0.427599996328354,10.375,8.875,41,1.14250254631042,11.067156791687,698.200012207031,43.0699996948242,-0.340000003576279,30.7999992370605,40.1800003051758,16401,13311,-90,108,5,4.82000017166138,15.1499996185303,5189.93017578125,125.790000915527,125.790000915527,-62,40,0.642499983310699,0.0758000016212463,0,0,0.270500004291534,0.0111999996006489,0,0,0,0,0,1.20000004768372,8,4.5,4.19999980926514,6.59999990463257,36,38,55.7999992370605
"9204",53.547,-113.558,668,3.1,17.2,-11,28.2,468,319,28,53.9,135,258,123,205,-2.39,1321,1499,5454,67,714,-42.6,35.2,573,12.7,163,105,59,-4.8,-5.3,0,9.7,18.6,21.2,23.6,23,18,9.7,-0.6,-5.1,-15.2,-16.6,-10.7,-2.1,4.3,8.7,10.9,9.5,4.4,-1.6,-9.7,-14.6,-10,-11,-5.3,3.8,11.5,14.9,17.2,16.2,11.2,4,-5.1,-9.8,21,19,20,29,47,85,102,51,34,20,24,16,3.8,7.1,12.2,17.9,21.8,22.3,21.4,18.5,13.3,7.5,3.9,2.7,313,311,188,16,0,0,0,0,0,14,177,300,0,0,0,36,205,296,379,348,191,43,0,0,867,808,724,426,207,107,50,75,203,435,693,858,0,0,0,0,4,13,25,18,5,0,1,0,0,0,0,8,26,30,31,31,25,10,1,0,20,19,20,8,1,0,0,0,1,3,19,15,0,0,0,53,102,113,120,100,59,26,0,0,0,0,0,24,55,28,18,49,25,6,0,0,56,53,57,60,56,62,62,59,58,62,63,60,2.1,1.9,2,0.38,-3.21,-0.22,0.15,-4.86,-4.09,-0.55,2.4,1.6,0.0736000016331673,0.366800010204315,0.427599996328354,0.327600002288818,0.179900005459785,0.162699997425079,0.253750003874302,0.0736000016331673,0.427599996328354,10.375,8.875,41,1.14250254631042,11.067156791687,698.200012207031,43.0699996948242,-0.340000003576279,30.7999992370605,40.1800003051758,16401,13311,-90,108,5,4.82000017166138,15.1499996185303,5189.93017578125,125.790000915527,125.790000915527,-62,40,0.642499983310699,0.0758000016212463,0,0,0.270500004291534,0.0111999996006489,0,0,0,0,0,1.20000004768372,8,4.5,4.19999980926514,6.59999990463257,36,38,55.7999992370605
"9205",52.339,-115.742,1696,1.4,13.2,-9.3,22.5,696,444,16.4,29.7,160,249,90,29,30.73,1238,875,6013,16,278,-43.2,31.7,494,13.4,134,220,58,-2.4,-2.4,1.6,5.1,12.9,16,19.7,19.4,14.3,8.6,-1.4,-4.1,-14.2,-15.3,-10.1,-4.9,0.5,4.4,6.8,6.3,2.2,-3.4,-10.1,-14.5,-8.3,-8.8,-4.2,0.1,6.7,10.2,13.2,12.8,8.2,2.6,-5.8,-9.3,32,28,40,44,85,122,103,68,66,43,38,27,4.5,8,13,17.8,23,22.4,22.3,19.4,13.8,8.9,4.7,3.4,262,251,159,55,2,0,0,0,1,24,193,289,0,0,0,6,76,158,256,243,108,29,0,0,815,746,690,537,351,235,146,163,295,479,714,843,0,1,2,0,0,1,3,4,2,0,2,1,0,0,1,3,16,27,30,30,21,6,1,0,29,27,38,34,12,3,1,1,6,11,32,26,0,0,0,41,81,94,109,91,52,26,0,0,0,0,0,0,0,0,6,23,0,0,0,0,52,48,54,63,60,63,60,60,61,58,64,56,3.2,2.8,3.86,3.26,3.86,5.21,1.25,-2.15,0.93,2.02,3.8,2.7,0.774800002574921,0.218600004911423,0.381599992513657,0.326200008392334,0.559599995613098,0.358399987220764,0.36999998986721,0.218600004911423,0.774800002574921,93.625,10.875,333,1.14631807804108,8.43816089630127,625.849975585938,20.2399997711182,-0.0500000007450581,26,54.4799995422363,7452,4242,-89,31,2,5.80000019073486,14.7799997329712,4593.02001953125,114.830001831055,114.830001831055,-217,0,0.836000025272369,0.153400003910065,0,0,0,0.00120000005699694,0,0,0,0,0.00939999986439943,1,20,3.29999995231628,3.70000004768372,5.69999980926514,33,45,48.4000015258789
"9206",52.339,-115.742,1696,1.4,13.2,-9.3,22.5,696,444,16.4,29.7,160,249,90,29,30.73,1238,875,6013,16,278,-43.2,31.7,494,13.4,134,220,58,-2.4,-2.4,1.6,5.1,12.9,16,19.7,19.4,14.3,8.6,-1.4,-4.1,-14.2,-15.3,-10.1,-4.9,0.5,4.4,6.8,6.3,2.2,-3.4,-10.1,-14.5,-8.3,-8.8,-4.2,0.1,6.7,10.2,13.2,12.8,8.2,2.6,-5.8,-9.3,32,28,40,44,85,122,103,68,66,43,38,27,4.5,8,13,17.8,23,22.4,22.3,19.4,13.8,8.9,4.7,3.4,262,251,159,55,2,0,0,0,1,24,193,289,0,0,0,6,76,158,256,243,108,29,0,0,815,746,690,537,351,235,146,163,295,479,714,843,0,1,2,0,0,1,3,4,2,0,2,1,0,0,1,3,16,27,30,30,21,6,1,0,29,27,38,34,12,3,1,1,6,11,32,26,0,0,0,41,81,94,109,91,52,26,0,0,0,0,0,0,0,0,6,23,0,0,0,0,52,48,54,63,60,63,60,60,61,58,64,56,3.2,2.8,3.86,3.26,3.86,5.21,1.25,-2.15,0.93,2.02,3.8,2.7,0.774800002574921,0.218600004911423,0.381599992513657,0.326200008392334,0.559599995613098,0.358399987220764,0.36999998986721,0.218600004911423,0.774800002574921,93.625,10.875,333,1.14631807804108,8.43816089630127,625.849975585938,20.2399997711182,-0.0500000007450581,26,54.4799995422363,7452,4242,-89,31,2,5.80000019073486,14.7799997329712,4593.02001953125,114.830001831055,114.830001831055,-217,0,0.836000025272369,0.153400003910065,0,0,0,0.00120000005699694,0,0,0,0,0.00939999986439943,1,20,3.29999995231628,3.70000004768372,5.69999980926514,33,45,48.4000015258789
"9207",52.339,-115.742,1696,1.4,13.2,-9.3,22.5,696,444,16.4,29.7,160,249,90,29,30.73,1238,875,6013,16,278,-43.2,31.7,494,13.4,134,220,58,-2.4,-2.4,1.6,5.1,12.9,16,19.7,19.4,14.3,8.6,-1.4,-4.1,-14.2,-15.3,-10.1,-4.9,0.5,4.4,6.8,6.3,2.2,-3.4,-10.1,-14.5,-8.3,-8.8,-4.2,0.1,6.7,10.2,13.2,12.8,8.2,2.6,-5.8,-9.3,32,28,40,44,85,122,103,68,66,43,38,27,4.5,8,13,17.8,23,22.4,22.3,19.4,13.8,8.9,4.7,3.4,262,251,159,55,2,0,0,0,1,24,193,289,0,0,0,6,76,158,256,243,108,29,0,0,815,746,690,537,351,235,146,163,295,479,714,843,0,1,2,0,0,1,3,4,2,0,2,1,0,0,1,3,16,27,30,30,21,6,1,0,29,27,38,34,12,3,1,1,6,11,32,26,0,0,0,41,81,94,109,91,52,26,0,0,0,0,0,0,0,0,6,23,0,0,0,0,52,48,54,63,60,63,60,60,61,58,64,56,3.2,2.8,3.86,3.26,3.86,5.21,1.25,-2.15,0.93,2.02,3.8,2.7,0.774800002574921,0.218600004911423,0.381599992513657,0.326200008392334,0.559599995613098,0.358399987220764,0.36999998986721,0.218600004911423,0.774800002574921,93.625,10.875,333,1.14631807804108,8.43816089630127,625.849975585938,20.2399997711182,-0.0500000007450581,26,54.4799995422363,7452,4242,-89,31,2,5.80000019073486,14.7799997329712,4593.02001953125,114.830001831055,114.830001831055,-217,0,0.836000025272369,0.153400003910065,0,0,0,0.00120000005699694,0,0,0,0,0.00939999986439943,1,20,3.29999995231628,3.70000004768372,5.69999980926514,33,45,48.4000015258789
"9208",52.339,-115.742,1696,1.4,13.2,-9.3,22.5,696,444,16.4,29.7,160,249,90,29,30.73,1238,875,6013,16,278,-43.2,31.7,494,13.4,134,220,58,-2.4,-2.4,1.6,5.1,12.9,16,19.7,19.4,14.3,8.6,-1.4,-4.1,-14.2,-15.3,-10.1,-4.9,0.5,4.4,6.8,6.3,2.2,-3.4,-10.1,-14.5,-8.3,-8.8,-4.2,0.1,6.7,10.2,13.2,12.8,8.2,2.6,-5.8,-9.3,32,28,40,44,85,122,103,68,66,43,38,27,4.5,8,13,17.8,23,22.4,22.3,19.4,13.8,8.9,4.7,3.4,262,251,159,55,2,0,0,0,1,24,193,289,0,0,0,6,76,158,256,243,108,29,0,0,815,746,690,537,351,235,146,163,295,479,714,843,0,1,2,0,0,1,3,4,2,0,2,1,0,0,1,3,16,27,30,30,21,6,1,0,29,27,38,34,12,3,1,1,6,11,32,26,0,0,0,41,81,94,109,91,52,26,0,0,0,0,0,0,0,0,6,23,0,0,0,0,52,48,54,63,60,63,60,60,61,58,64,56,3.2,2.8,3.86,3.26,3.86,5.21,1.25,-2.15,0.93,2.02,3.8,2.7,0.774800002574921,0.218600004911423,0.381599992513657,0.326200008392334,0.559599995613098,0.358399987220764,0.36999998986721,0.218600004911423,0.774800002574921,93.625,10.875,333,1.14631807804108,8.43816089630127,625.849975585938,20.2399997711182,-0.0500000007450581,26,54.4799995422363,7452,4242,-89,31,2,5.80000019073486,14.7799997329712,4593.02001953125,114.830001831055,114.830001831055,-217,0,0.836000025272369,0.153400003910065,0,0,0,0.00120000005699694,0,0,0,0,0.00939999986439943,1,20,3.29999995231628,3.70000004768372,5.69999980926514,33,45,48.4000015258789
"9209",49.14,-113.851,1331,4.7,16.1,-6.2,22.3,753,317,19.5,50.8,144,265,121,193,23.1,701,1322,4857,41,567,-34,35.5,598,14.3,171,222,61,0.7,-0.9,4.2,9.4,14.5,18.5,23.6,23.5,18.3,10.1,3.5,-0.6,-8.6,-11.6,-5.9,-1.8,2.8,6.4,8.6,8,4.7,-0.2,-5.3,-9.2,-3.9,-6.2,-0.9,3.8,8.7,12.4,16.1,15.8,11.5,5,-0.9,-4.9,49,53,68,73,84,98,38,39,58,81,65,47,5.8,8.5,13.2,18.6,22.6,22.9,23.3,20.9,15.5,9.5,6,4.7,150,191,81,16,1,0,0,0,0,10,79,173,0,0,1,33,125,222,345,336,200,56,5,0,680,674,588,426,289,169,73,84,196,404,567,707,0,0,0,0,0,4,15,15,5,0,1,0,2,0,3,9,23,29,31,31,26,14,4,1,29,49,49,19,4,1,0,0,2,6,28,35,0,0,0,56,88,107,133,114,68,32,0,0,0,0,0,0,4,9,95,75,10,0,0,0,62,56,62,62,62,62,55,54,58,65,66,64,4.74,5.3,5.95,4.7,2.79,1.88,-7.72,-7.7,-2.39,5.12,5.74,4.69,0.281199991703033,0.305200010538101,0.566799998283386,0.435999989509583,0.233199998736382,0.126800000667572,0.293200001120567,0.126800000667572,0.566799998283386,13.125,-5.375,58,1.13446307182312,11.8043031692505,805.510009765625,49.7700004577637,-0.319999992847443,22.6499996185303,53.0299987792969,14448,11790,-16,66,3,12.1800003051758,22.1900005340576,5384.08984375,141.169998168945,132.440002441406,-70.25,5,0.143700003623962,0.790199995040894,0,0.00559999980032444,0.0248000007122755,0.0351000018417835,0,0,0,0,0.000600000028498471,1.10000002384186,14,7.09999990463257,4.69999980926514,6.40000009536743,32,44,81.9000015258789
"9210",49.14,-113.851,1331,4.7,16.1,-6.2,22.3,753,317,19.5,50.8,144,265,121,193,23.1,701,1322,4857,41,567,-34,35.5,598,14.3,171,222,61,0.7,-0.9,4.2,9.4,14.5,18.5,23.6,23.5,18.3,10.1,3.5,-0.6,-8.6,-11.6,-5.9,-1.8,2.8,6.4,8.6,8,4.7,-0.2,-5.3,-9.2,-3.9,-6.2,-0.9,3.8,8.7,12.4,16.1,15.8,11.5,5,-0.9,-4.9,49,53,68,73,84,98,38,39,58,81,65,47,5.8,8.5,13.2,18.6,22.6,22.9,23.3,20.9,15.5,9.5,6,4.7,150,191,81,16,1,0,0,0,0,10,79,173,0,0,1,33,125,222,345,336,200,56,5,0,680,674,588,426,289,169,73,84,196,404,567,707,0,0,0,0,0,4,15,15,5,0,1,0,2,0,3,9,23,29,31,31,26,14,4,1,29,49,49,19,4,1,0,0,2,6,28,35,0,0,0,56,88,107,133,114,68,32,0,0,0,0,0,0,4,9,95,75,10,0,0,0,62,56,62,62,62,62,55,54,58,65,66,64,4.74,5.3,5.95,4.7,2.79,1.88,-7.72,-7.7,-2.39,5.12,5.74,4.69,0.281199991703033,0.305200010538101,0.566799998283386,0.435999989509583,0.233199998736382,0.126800000667572,0.293200001120567,0.126800000667572,0.566799998283386,13.125,-5.375,58,1.13446307182312,11.8043031692505,805.510009765625,49.7700004577637,-0.319999992847443,22.6499996185303,53.0299987792969,14448,11790,-16,66,3,12.1800003051758,22.1900005340576,5384.08984375,141.169998168945,132.440002441406,-70.25,5,0.143700003623962,0.790199995040894,0,0.00559999980032444,0.0248000007122755,0.0351000018417835,0,0,0,0,0.000600000028498471,1.10000002384186,14,7.09999990463257,4.69999980926514,6.40000009536743,32,44,81.9000015258789
"9211",54.031,-115.721,1148,3.3,15.3,-8.3,23.6,619,433,21.5,35.3,143,256,112,59,18.14,1024,1222,5352,35,496,-40.1,32.2,517,12.7,158,129,59,-1.1,-2.1,3,10.1,16.2,18.7,21.1,20.3,15.9,7.7,1.4,-2.4,-12,-14.6,-9,-2.6,3.2,7.4,9.5,8.5,3.7,-2,-9.2,-12.8,-6.6,-8.3,-3,3.8,9.7,13.1,15.3,14.4,9.8,2.9,-3.9,-7.6,25,22,24,34,66,107,133,75,52,25,34,22,3.9,7.2,12.5,18.3,22.1,22,21.2,17.9,12.9,7.3,4.2,2.9,221,241,127,16,0,0,0,0,1,22,149,247,0,0,0,32,153,243,320,291,151,31,0,0,763,732,653,426,258,148,93,116,247,470,657,790,0,1,2,1,0,5,10,8,3,1,3,1,1,0,1,7,24,29,31,31,24,9,1,0,20,21,22,9,2,0,1,1,3,6,24,20,0,0,0,54,91,101,108,88,53,22,0,0,0,0,0,20,25,0,0,13,1,0,0,0,56,49,54,57,59,65,64,64,61,66,58,57,2.5,2.2,2.01,0.62,-0.23,3.05,4.43,-1.03,-1.39,0.56,3.21,2.2,0.170100003480911,0.43079999089241,0.614400029182434,0.507200002670288,0.230399996042252,0.179000005125999,0.330599993467331,0.170100003480911,0.614400029182434,54.125,54.125,121,1.14605581760406,9.55979347229004,664.789978027344,23.0300006866455,-0.100000001490116,28.6000003814697,52.2200012207031,11770.5,7747.5,-90,63,3,4.42999982833862,14.2399997711182,4989.60009765625,121.449996948242,121.449996948242,-164,0,0.833999991416931,0.160699993371964,0,0,0,0.00499999988824129,0,0,0,0,0.000300000014249235,1,22,3.5,3.79999995231628,5.69999980926514,35,45,53.4000015258789
"9212",54.031,-115.721,1148,3.3,15.3,-8.3,23.6,619,433,21.5,35.3,143,256,112,59,18.14,1024,1222,5352,35,496,-40.1,32.2,517,12.7,158,129,59,-1.1,-2.1,3,10.1,16.2,18.7,21.1,20.3,15.9,7.7,1.4,-2.4,-12,-14.6,-9,-2.6,3.2,7.4,9.5,8.5,3.7,-2,-9.2,-12.8,-6.6,-8.3,-3,3.8,9.7,13.1,15.3,14.4,9.8,2.9,-3.9,-7.6,25,22,24,34,66,107,133,75,52,25,34,22,3.9,7.2,12.5,18.3,22.1,22,21.2,17.9,12.9,7.3,4.2,2.9,221,241,127,16,0,0,0,0,1,22,149,247,0,0,0,32,153,243,320,291,151,31,0,0,763,732,653,426,258,148,93,116,247,470,657,790,0,1,2,1,0,5,10,8,3,1,3,1,1,0,1,7,24,29,31,31,24,9,1,0,20,21,22,9,2,0,1,1,3,6,24,20,0,0,0,54,91,101,108,88,53,22,0,0,0,0,0,20,25,0,0,13,1,0,0,0,56,49,54,57,59,65,64,64,61,66,58,57,2.5,2.2,2.01,0.62,-0.23,3.05,4.43,-1.03,-1.39,0.56,3.21,2.2,0.170100003480911,0.43079999089241,0.614400029182434,0.507200002670288,0.230399996042252,0.179000005125999,0.330599993467331,0.170100003480911,0.614400029182434,54.125,54.125,121,1.14605581760406,9.55979347229004,664.789978027344,23.0300006866455,-0.100000001490116,28.6000003814697,52.2200012207031,11770.5,7747.5,-90,63,3,4.42999982833862,14.2399997711182,4989.60009765625,121.449996948242,121.449996948242,-164,0,0.833999991416931,0.160699993371964,0,0,0,0.00499999988824129,0,0,0,0,0.000300000014249235,1,22,3.5,3.79999995231628,5.69999980926514,35,45,53.4000015258789
"9213",52.939,-114.288,952,3.2,15.9,-9.2,25.1,548,383,24.1,41.5,145,256,111,123,7.43,1126,1306,5404,39,561,-41.4,33.9,559,13.1,155,117,57,-2.1,-2.9,1.7,9.6,17.1,19.8,22.3,21.8,17,9.2,1.3,-2.8,-13.4,-15.5,-10,-2.7,3,7.3,9.5,8.3,3.7,-2.5,-9.7,-13.6,-7.8,-9.2,-4.2,3.4,10.1,13.6,15.9,15.1,10.3,3.3,-4.2,-8.2,21,20,25,28,64,95,114,63,47,25,29,17,4.2,7.6,12.8,18.4,22.2,22.5,21.7,18.8,13.5,7.9,4.5,3.1,251,259,159,19,0,0,0,0,1,19,156,263,0,0,0,30,165,258,339,314,165,35,0,0,800,758,690,438,239,137,78,100,232,457,666,809,0,0,1,0,1,7,13,11,3,0,2,0,0,0,1,7,24,29,31,31,24,8,1,0,18,20,24,9,2,0,0,1,2,5,22,16,0,0,0,54,97,109,117,98,58,26,0,0,0,0,0,26,33,14,3,35,11,1,0,0,54,49,54,58,56,61,61,59,58,60,56,55,2.1,2,2.35,0.29,-1.02,1.2,1.74,-3.29,-2.52,0.12,2.77,1.7,0.25,0.292800009250641,0.536800026893616,0.510399997234344,0.275200009346008,0.211199998855591,0.284000009298325,0.211199998855591,0.536800026893616,7.875,-5.875,26,1.14244222640991,12.0412836074829,744.75,39.8899993896484,-0.310000002384186,28.2999992370605,42.2000007629395,14038.5,8940,-49,74,3,5.80000019073486,17.2199993133545,5392.91015625,132.649993896484,132.649993896484,-124.5,3,0.947700023651123,0.0454000011086464,0.00689999992027879,0,0,0,0,0,0,0,0,1.10000002384186,12,2.70000004768372,4.5,5.80000019073486,30,48,48.0999984741211
"9214",52.843,-119.256,961,4.1,15.6,-7,22.6,585,236,24.1,66.1,153,260,107,287,7.03,867,1297,5074,38,549,-35.8,35,584,13.5,164,214,62,-2.3,-2,3.8,10.1,17.5,20.1,23.2,23,17.1,8.4,0.8,-3.2,-9.5,-11.9,-6.1,-2.3,2,6.1,8.1,7.6,4,-0.4,-5.6,-10.3,-5.9,-7,-1.1,3.9,9.8,13.1,15.6,15.3,10.6,4,-2.4,-6.8,57,47,51,37,30,64,53,35,54,61,56,40,4.3,7,12.2,18.6,23.3,23.3,22.9,20.2,14.1,7.9,4.5,3.2,202,211,85,16,0,0,0,0,1,14,112,226,0,0,0,32,156,243,330,320,174,43,0,0,741,696,594,423,255,148,86,95,223,435,612,765,0,0,1,0,0,5,11,12,4,0,2,1,1,0,2,8,21,29,31,30,25,14,3,1,43,44,38,9,1,0,0,0,2,8,33,35,0,0,0,55,101,114,126,106,58,24,0,0,0,0,0,18,71,50,73,71,4,0,0,0,70,59,62,58,52,57,55,54,59,70,74,70,5.7,4.7,4.37,0.96,-4.75,-2.43,-5.55,-7.31,-1.83,3.91,5.25,4,0.256599992513657,0.383199989795685,0.508000016212463,0.38280001282692,0.318199992179871,0.255199998617172,0.350500002503395,0.255199998617172,0.508000016212463,80.375,38.375,248,1.2098091840744,8.43684959411621,723.150024414062,52.6800003051758,-0.0900000035762787,26.5,61.9300003051758,13755,8737.5,-76,68,3,6.92000007629395,67.8199996948242,5323.60009765625,131.429992675781,5.59999990463257,-110.5,16,0.986100018024445,0.00100000004749745,0,0,0,0.0129000004380941,0,0,0,0,0,0.899999976158142,16,5.30000019073486,4,5.90000009536743,40,38,45.4000015258789
"9215",49.092,-119.538,288,11,23.2,-0.5,23.7,326,121,64.4,191.7,102,298,196,587,-46.88,226,2782,3018,473,1619,-21.5,42,827,14,267,26,68,2.2,4.3,11.3,17.3,23.2,25.8,30.4,30.5,24.1,15.5,7.1,1.8,-2.4,-2.9,1.5,4.7,9.4,12.9,16.1,15.9,11,5.2,1.2,-2.7,-0.1,0.7,6.4,11,16.3,19.4,23.2,23.2,17.6,10.3,4.1,-0.5,29,25,33,26,36,38,16,11,20,29,32,31,5.1,6.7,13.2,19.2,22.5,23.1,23.5,21.3,16,8.9,5.1,3.9,70,52,11,1,0,0,0,0,0,1,18,73,10,10,74,180,351,431,563,563,378,174,40,8,563,480,362,216,81,27,3,4,56,239,417,570,0,0,0,4,28,71,162,163,44,2,0,0,9,7,19,26,31,30,31,31,30,27,18,8,7,6,1,0,0,0,0,0,0,0,3,9,0,17,44,80,123,136,157,136,81,39,14,0,0,0,11,54,87,98,141,125,61,10,0,0,82,73,67,60,59,62,59,59,61,67,80,82,2.31,1.58,0.08,-4.1,-6.15,-7.17,-13.06,-13.76,-8.05,-2.67,1.55,2.57,0.184000000357628,0.498400002717972,0.551999986171722,0.478399991989136,0.279199987649918,0.178100004792213,0.378799989819527,0.178100004792213,0.551999986171722,27,-20,89,1.16559410095215,11.3576650619507,975.549987792969,78.5800018310547,-0.699999988079071,24.4500007629395,28.7399997711182,36225,27972,4,134,5,14.0200004577637,98.7799987792969,6366.85009765625,165.259994506836,12.4099998474121,105.75,10,0.142499998211861,0.697200000286102,0,0.0636000037193298,0.0249000005424023,0.0675999969244003,0,0.00419999985024333,0,0,0,1.20000004768372,12,3.5,3.29999995231628,7,37,41,42.5999984741211
"9216",52.939,-114.288,952,3.2,15.9,-9.2,25.1,548,383,24.1,41.5,145,256,111,123,7.43,1126,1306,5404,39,561,-41.4,33.9,559,13.1,155,117,57,-2.1,-2.9,1.7,9.6,17.1,19.8,22.3,21.8,17,9.2,1.3,-2.8,-13.4,-15.5,-10,-2.7,3,7.3,9.5,8.3,3.7,-2.5,-9.7,-13.6,-7.8,-9.2,-4.2,3.4,10.1,13.6,15.9,15.1,10.3,3.3,-4.2,-8.2,21,20,25,28,64,95,114,63,47,25,29,17,4.2,7.6,12.8,18.4,22.2,22.5,21.7,18.8,13.5,7.9,4.5,3.1,251,259,159,19,0,0,0,0,1,19,156,263,0,0,0,30,165,258,339,314,165,35,0,0,800,758,690,438,239,137,78,100,232,457,666,809,0,0,1,0,1,7,13,11,3,0,2,0,0,0,1,7,24,29,31,31,24,8,1,0,18,20,24,9,2,0,0,1,2,5,22,16,0,0,0,54,97,109,117,98,58,26,0,0,0,0,0,26,33,14,3,35,11,1,0,0,54,49,54,58,56,61,61,59,58,60,56,55,2.1,2,2.35,0.29,-1.02,1.2,1.74,-3.29,-2.52,0.12,2.77,1.7,0.25,0.292800009250641,0.536800026893616,0.510399997234344,0.275200009346008,0.211199998855591,0.284000009298325,0.211199998855591,0.536800026893616,7.875,-5.875,26,1.14244222640991,12.0412836074829,744.75,39.8899993896484,-0.310000002384186,28.2999992370605,42.2000007629395,14038.5,8940,-49,74,3,5.80000019073486,17.2199993133545,5392.91015625,132.649993896484,132.649993896484,-124.5,3,0.947700023651123,0.0454000011086464,0.00689999992027879,0,0,0,0,0,0,0,0,1.10000002384186,12,2.70000004768372,4.5,5.80000019073486,30,48,48.0999984741211
"9217",52.635,-114.624,972,3.1,15.8,-9.5,25.3,551,383,23.8,41.3,147,256,109,132,6.84,1153,1298,5450,38,554,-42.4,34.3,569,13.3,153,120,56,-2.4,-2.9,1.9,9.7,17.1,19.7,22.4,22.1,17.3,9.6,1.2,-3,-13.9,-16.1,-10.2,-2.9,2.7,7,9.3,8.2,3.6,-2.7,-9.8,-14.3,-8.2,-9.5,-4.1,3.4,9.9,13.3,15.8,15.2,10.5,3.4,-4.3,-8.7,21,20,26,28,66,98,110,61,48,26,28,19,4.3,7.9,13,18.6,22.3,22.6,21.8,19.1,13.9,8.1,4.5,3.2,260,265,156,19,0,0,0,0,1,18,158,275,0,0,0,30,159,249,336,317,171,36,0,0,812,766,687,438,252,144,81,98,226,454,669,824,0,0,1,0,1,6,13,12,4,0,2,0,0,0,1,6,23,29,31,31,24,7,1,0,19,20,25,9,2,0,0,1,2,5,21,18,0,0,0,55,98,109,119,101,60,27,0,0,0,0,0,27,32,11,9,40,12,1,0,0,53,47,53,57,55,61,60,58,57,58,56,53,2.1,2,2.45,0.26,-0.85,1.48,1.17,-3.79,-2.65,0.08,2.68,1.9,0.283600002527237,0.39860001206398,0.554400026798248,0.519999980926514,0.243599995970726,0.168500006198883,0.341100007295609,0.168500006198883,0.554400026798248,10.5,6.5,33,1.13547563552856,10.5470104217529,749.200012207031,38.2700004577637,-0.300000011920929,27.1000003814697,44.5999984741211,14028,8895,-44,72,3,6.3899998664856,15.1300001144409,5357.39013671875,132.630004882812,132.630004882812,-121.5,9,0.0143999997526407,0.958199977874756,0,0.00380000006407499,0.0147000001743436,0.00810000021010637,0,0,0,0,0.0007999999797903,1.20000004768372,9,4,4.40000009536743,6.09999990463257,29,48,48.4000015258789
"9218",52.635,-114.624,972,3.1,15.8,-9.5,25.3,551,383,23.8,41.3,147,256,109,132,6.84,1153,1298,5450,38,554,-42.4,34.3,569,13.3,153,120,56,-2.4,-2.9,1.9,9.7,17.1,19.7,22.4,22.1,17.3,9.6,1.2,-3,-13.9,-16.1,-10.2,-2.9,2.7,7,9.3,8.2,3.6,-2.7,-9.8,-14.3,-8.2,-9.5,-4.1,3.4,9.9,13.3,15.8,15.2,10.5,3.4,-4.3,-8.7,21,20,26,28,66,98,110,61,48,26,28,19,4.3,7.9,13,18.6,22.3,22.6,21.8,19.1,13.9,8.1,4.5,3.2,260,265,156,19,0,0,0,0,1,18,158,275,0,0,0,30,159,249,336,317,171,36,0,0,812,766,687,438,252,144,81,98,226,454,669,824,0,0,1,0,1,6,13,12,4,0,2,0,0,0,1,6,23,29,31,31,24,7,1,0,19,20,25,9,2,0,0,1,2,5,21,18,0,0,0,55,98,109,119,101,60,27,0,0,0,0,0,27,32,11,9,40,12,1,0,0,53,47,53,57,55,61,60,58,57,58,56,53,2.1,2,2.45,0.26,-0.85,1.48,1.17,-3.79,-2.65,0.08,2.68,1.9,0.283600002527237,0.39860001206398,0.554400026798248,0.519999980926514,0.243599995970726,0.168500006198883,0.341100007295609,0.168500006198883,0.554400026798248,10.5,6.5,33,1.13547563552856,10.5470104217529,749.200012207031,38.2700004577637,-0.300000011920929,27.1000003814697,44.5999984741211,14028,8895,-44,72,3,6.3899998664856,15.1300001144409,5357.39013671875,132.630004882812,132.630004882812,-121.5,9,0.0143999997526407,0.958199977874756,0,0.00380000006407499,0.0147000001743436,0.00810000021010637,0,0,0,0,0.0007999999797903,1.20000004768372,9,4,4.40000009536743,6.09999990463257,29,48,48.4000015258789
"9219",52.635,-114.624,972,3.1,15.8,-9.5,25.3,551,383,23.8,41.3,147,256,109,132,6.84,1153,1298,5450,38,554,-42.4,34.3,569,13.3,153,120,56,-2.4,-2.9,1.9,9.7,17.1,19.7,22.4,22.1,17.3,9.6,1.2,-3,-13.9,-16.1,-10.2,-2.9,2.7,7,9.3,8.2,3.6,-2.7,-9.8,-14.3,-8.2,-9.5,-4.1,3.4,9.9,13.3,15.8,15.2,10.5,3.4,-4.3,-8.7,21,20,26,28,66,98,110,61,48,26,28,19,4.3,7.9,13,18.6,22.3,22.6,21.8,19.1,13.9,8.1,4.5,3.2,260,265,156,19,0,0,0,0,1,18,158,275,0,0,0,30,159,249,336,317,171,36,0,0,812,766,687,438,252,144,81,98,226,454,669,824,0,0,1,0,1,6,13,12,4,0,2,0,0,0,1,6,23,29,31,31,24,7,1,0,19,20,25,9,2,0,0,1,2,5,21,18,0,0,0,55,98,109,119,101,60,27,0,0,0,0,0,27,32,11,9,40,12,1,0,0,53,47,53,57,55,61,60,58,57,58,56,53,2.1,2,2.45,0.26,-0.85,1.48,1.17,-3.79,-2.65,0.08,2.68,1.9,0.283600002527237,0.39860001206398,0.554400026798248,0.519999980926514,0.243599995970726,0.168500006198883,0.341100007295609,0.168500006198883,0.554400026798248,10.5,6.5,33,1.13547563552856,10.5470104217529,749.200012207031,38.2700004577637,-0.300000011920929,27.1000003814697,44.5999984741211,14028,8895,-44,72,3,6.3899998664856,15.1300001144409,5357.39013671875,132.630004882812,132.630004882812,-121.5,9,0.0143999997526407,0.958199977874756,0,0.00380000006407499,0.0147000001743436,0.00810000021010637,0,0,0,0,0.0007999999797903,1.20000004768372,9,4,4.40000009536743,6.09999990463257,29,48,48.4000015258789
"9220",52.939,-114.288,952,3.2,15.9,-9.2,25.1,548,383,24.1,41.5,145,256,111,123,7.43,1126,1306,5404,39,561,-41.4,33.9,559,13.1,155,117,57,-2.1,-2.9,1.7,9.6,17.1,19.8,22.3,21.8,17,9.2,1.3,-2.8,-13.4,-15.5,-10,-2.7,3,7.3,9.5,8.3,3.7,-2.5,-9.7,-13.6,-7.8,-9.2,-4.2,3.4,10.1,13.6,15.9,15.1,10.3,3.3,-4.2,-8.2,21,20,25,28,64,95,114,63,47,25,29,17,4.2,7.6,12.8,18.4,22.2,22.5,21.7,18.8,13.5,7.9,4.5,3.1,251,259,159,19,0,0,0,0,1,19,156,263,0,0,0,30,165,258,339,314,165,35,0,0,800,758,690,438,239,137,78,100,232,457,666,809,0,0,1,0,1,7,13,11,3,0,2,0,0,0,1,7,24,29,31,31,24,8,1,0,18,20,24,9,2,0,0,1,2,5,22,16,0,0,0,54,97,109,117,98,58,26,0,0,0,0,0,26,33,14,3,35,11,1,0,0,54,49,54,58,56,61,61,59,58,60,56,55,2.1,2,2.35,0.29,-1.02,1.2,1.74,-3.29,-2.52,0.12,2.77,1.7,0.25,0.292800009250641,0.536800026893616,0.510399997234344,0.275200009346008,0.211199998855591,0.284000009298325,0.211199998855591,0.536800026893616,7.875,-5.875,26,1.14244222640991,12.0412836074829,744.75,39.8899993896484,-0.310000002384186,28.2999992370605,42.2000007629395,14038.5,8940,-49,74,3,5.80000019073486,17.2199993133545,5392.91015625,132.649993896484,132.649993896484,-124.5,3,0.947700023651123,0.0454000011086464,0.00689999992027879,0,0,0,0,0,0,0,0,1.10000002384186,12,2.70000004768372,4.5,5.80000019073486,30,48,48.0999984741211
"9221",53.987,-113.319,656,2.7,17,-11.7,28.7,481,322,26.4,52.8,138,257,119,194,-0.36,1438,1456,5622,59,683,-43.9,34.9,569,12.6,160,115,58,-5.6,-5.9,-0.2,9.4,18.5,21.1,23.4,22.7,17.7,9.2,-1.3,-5.8,-16.4,-17.5,-11.3,-2.5,3.9,8.4,10.6,9.1,4.1,-1.9,-10.3,-15.6,-11,-11.7,-5.8,3.5,11.2,14.8,17,15.9,10.9,3.6,-5.8,-10.7,23,20,20,28,44,92,103,50,33,25,26,17,3.6,7.1,12.2,18,21.7,22.3,21.4,18.4,13.1,7.3,3.7,2.6,343,330,202,18,0,0,0,0,0,17,193,334,0,0,0,34,197,293,373,339,183,38,0,0,898,828,740,435,215,109,54,82,214,448,714,886,0,0,0,0,4,12,23,16,4,0,0,0,0,0,0,7,26,30,31,31,25,9,1,0,22,20,20,8,1,0,0,0,1,4,22,17,0,0,0,52,102,113,120,99,58,25,0,0,0,0,0,24,58,21,17,49,25,0,0,0,54,51,55,59,55,61,62,59,58,62,63,58,2.3,2,2,0.42,-3.51,0.48,0.34,-4.81,-4.05,0.16,2.6,1.7,0.145699992775917,0.283199995756149,0.361400008201599,0.357800006866455,0.229200005531311,0.205599993467331,0.25620000064373,0.145699992775917,0.361400008201599,4,0.5,13,1.1425154209137,12.2054452896118,707.739990234375,44.4099998474121,-0.340000003576279,31.25,39.25,15739.5,9990,-96,99,4,4.03000020980835,31.7199993133545,5412.14013671875,129.699996948242,129.699996948242,-70.75,3,0.604700028896332,0.375800013542175,0,0.00120000005699694,0,0.0094999996945262,0,0,0,0,0.00879999995231628,1.10000002384186,8,3.59999990463257,4,6.30000019073486,41,34,46.9000015258789
"9222",53.987,-113.319,656,2.7,17,-11.7,28.7,481,322,26.4,52.8,138,257,119,194,-0.36,1438,1456,5622,59,683,-43.9,34.9,569,12.6,160,115,58,-5.6,-5.9,-0.2,9.4,18.5,21.1,23.4,22.7,17.7,9.2,-1.3,-5.8,-16.4,-17.5,-11.3,-2.5,3.9,8.4,10.6,9.1,4.1,-1.9,-10.3,-15.6,-11,-11.7,-5.8,3.5,11.2,14.8,17,15.9,10.9,3.6,-5.8,-10.7,23,20,20,28,44,92,103,50,33,25,26,17,3.6,7.1,12.2,18,21.7,22.3,21.4,18.4,13.1,7.3,3.7,2.6,343,330,202,18,0,0,0,0,0,17,193,334,0,0,0,34,197,293,373,339,183,38,0,0,898,828,740,435,215,109,54,82,214,448,714,886,0,0,0,0,4,12,23,16,4,0,0,0,0,0,0,7,26,30,31,31,25,9,1,0,22,20,20,8,1,0,0,0,1,4,22,17,0,0,0,52,102,113,120,99,58,25,0,0,0,0,0,24,58,21,17,49,25,0,0,0,54,51,55,59,55,61,62,59,58,62,63,58,2.3,2,2,0.42,-3.51,0.48,0.34,-4.81,-4.05,0.16,2.6,1.7,0.145699992775917,0.283199995756149,0.361400008201599,0.357800006866455,0.229200005531311,0.205599993467331,0.25620000064373,0.145699992775917,0.361400008201599,4,0.5,13,1.1425154209137,12.2054452896118,707.739990234375,44.4099998474121,-0.340000003576279,31.25,39.25,15739.5,9990,-96,99,4,4.03000020980835,31.7199993133545,5412.14013671875,129.699996948242,129.699996948242,-70.75,3,0.604700028896332,0.375800013542175,0,0.00120000005699694,0,0.0094999996945262,0,0,0,0,0.00879999995231628,1.10000002384186,8,3.59999990463257,4,6.30000019073486,41,34,46.9000015258789
"9223",53.987,-113.319,656,2.7,17,-11.7,28.7,481,322,26.4,52.8,138,257,119,194,-0.36,1438,1456,5622,59,683,-43.9,34.9,569,12.6,160,115,58,-5.6,-5.9,-0.2,9.4,18.5,21.1,23.4,22.7,17.7,9.2,-1.3,-5.8,-16.4,-17.5,-11.3,-2.5,3.9,8.4,10.6,9.1,4.1,-1.9,-10.3,-15.6,-11,-11.7,-5.8,3.5,11.2,14.8,17,15.9,10.9,3.6,-5.8,-10.7,23,20,20,28,44,92,103,50,33,25,26,17,3.6,7.1,12.2,18,21.7,22.3,21.4,18.4,13.1,7.3,3.7,2.6,343,330,202,18,0,0,0,0,0,17,193,334,0,0,0,34,197,293,373,339,183,38,0,0,898,828,740,435,215,109,54,82,214,448,714,886,0,0,0,0,4,12,23,16,4,0,0,0,0,0,0,7,26,30,31,31,25,9,1,0,22,20,20,8,1,0,0,0,1,4,22,17,0,0,0,52,102,113,120,99,58,25,0,0,0,0,0,24,58,21,17,49,25,0,0,0,54,51,55,59,55,61,62,59,58,62,63,58,2.3,2,2,0.42,-3.51,0.48,0.34,-4.81,-4.05,0.16,2.6,1.7,0.145699992775917,0.283199995756149,0.361400008201599,0.357800006866455,0.229200005531311,0.205599993467331,0.25620000064373,0.145699992775917,0.361400008201599,4,0.5,13,1.1425154209137,12.2054452896118,707.739990234375,44.4099998474121,-0.340000003576279,31.25,39.25,15739.5,9990,-96,99,4,4.03000020980835,31.7199993133545,5412.14013671875,129.699996948242,129.699996948242,-70.75,3,0.604700028896332,0.375800013542175,0,0.00120000005699694,0,0.0094999996945262,0,0,0,0,0.00879999995231628,1.10000002384186,8,3.59999990463257,4,6.30000019073486,41,34,46.9000015258789
"9224",53.396,-113.738,702,3.2,17,-10.8,27.8,523,369,25.2,46.1,138,257,119,165,1.91,1279,1471,5425,60,687,-42.2,34.7,585,12.9,160,108,57,-4.1,-4.9,0.4,10.3,18.7,21.2,23.7,22.8,18.2,10,-0.2,-4.5,-14.8,-16.7,-10.7,-2.3,3.9,8.2,10.4,9,4.1,-1.9,-9.9,-14.3,-9.4,-10.8,-5.1,4,11.3,14.7,17,15.9,11.1,4,-5,-9.4,20,20,22,28,58,91,118,58,44,23,25,16,3.9,7.3,12.4,18.4,21.9,22.5,21.6,18.6,13.6,7.6,4.1,2.9,294,305,183,15,0,0,0,0,0,14,175,292,0,0,0,38,200,290,373,339,188,43,0,0,849,802,718,420,212,112,54,82,205,435,690,846,0,0,0,0,4,12,23,16,4,0,1,0,0,0,0,8,26,30,31,31,25,9,1,0,19,20,21,7,1,0,0,0,2,3,20,15,0,0,0,55,104,114,123,101,61,27,0,0,0,0,0,27,46,23,5,43,17,4,0,0,55,51,55,57,54,60,60,59,56,60,60,59,2,2,2.2,0.05,-2.28,0.21,1.47,-4.17,-3.31,-0.36,2.5,1.6,0.19480000436306,0.441599994897842,0.580799996852875,0.448399990797043,0.219200000166893,0.229200005531311,0.335400000214577,0.19480000436306,0.580799996852875,1.625,0.875,6,1.14317297935486,12.0205335617065,720.210021972656,43.3600006103516,-0.340000003576279,30.3999996185303,40.5800018310547,16096.5,13068,-83,100,5,5,33.2599983215332,5332.7998046875,129.449996948242,129.449996948242,-73,25,0.973900020122528,0.0159000009298325,0,0,0.00939999986439943,0.0007999999797903,0,0,0,0,0,1.10000002384186,10,3.59999990463257,4.80000019073486,6.40000009536743,52,25,45.9000015258789
"9225",53.396,-113.738,702,3.2,17,-10.8,27.8,523,369,25.2,46.1,138,257,119,165,1.91,1279,1471,5425,60,687,-42.2,34.7,585,12.9,160,108,57,-4.1,-4.9,0.4,10.3,18.7,21.2,23.7,22.8,18.2,10,-0.2,-4.5,-14.8,-16.7,-10.7,-2.3,3.9,8.2,10.4,9,4.1,-1.9,-9.9,-14.3,-9.4,-10.8,-5.1,4,11.3,14.7,17,15.9,11.1,4,-5,-9.4,20,20,22,28,58,91,118,58,44,23,25,16,3.9,7.3,12.4,18.4,21.9,22.5,21.6,18.6,13.6,7.6,4.1,2.9,294,305,183,15,0,0,0,0,0,14,175,292,0,0,0,38,200,290,373,339,188,43,0,0,849,802,718,420,212,112,54,82,205,435,690,846,0,0,0,0,4,12,23,16,4,0,1,0,0,0,0,8,26,30,31,31,25,9,1,0,19,20,21,7,1,0,0,0,2,3,20,15,0,0,0,55,104,114,123,101,61,27,0,0,0,0,0,27,46,23,5,43,17,4,0,0,55,51,55,57,54,60,60,59,56,60,60,59,2,2,2.2,0.05,-2.28,0.21,1.47,-4.17,-3.31,-0.36,2.5,1.6,0.19480000436306,0.441599994897842,0.580799996852875,0.448399990797043,0.219200000166893,0.229200005531311,0.335400000214577,0.19480000436306,0.580799996852875,1.625,0.875,6,1.14317297935486,12.0205335617065,720.210021972656,43.3600006103516,-0.340000003576279,30.3999996185303,40.5800018310547,16096.5,13068,-83,100,5,5,33.2599983215332,5332.7998046875,129.449996948242,129.449996948242,-73,25,0.973900020122528,0.0159000009298325,0,0,0.00939999986439943,0.0007999999797903,0,0,0,0,0,1.10000002384186,10,3.59999990463257,4.80000019073486,6.40000009536743,52,25,45.9000015258789
"9226",53.396,-113.738,702,3.2,17,-10.8,27.8,523,369,25.2,46.1,138,257,119,165,1.91,1279,1471,5425,60,687,-42.2,34.7,585,12.9,160,108,57,-4.1,-4.9,0.4,10.3,18.7,21.2,23.7,22.8,18.2,10,-0.2,-4.5,-14.8,-16.7,-10.7,-2.3,3.9,8.2,10.4,9,4.1,-1.9,-9.9,-14.3,-9.4,-10.8,-5.1,4,11.3,14.7,17,15.9,11.1,4,-5,-9.4,20,20,22,28,58,91,118,58,44,23,25,16,3.9,7.3,12.4,18.4,21.9,22.5,21.6,18.6,13.6,7.6,4.1,2.9,294,305,183,15,0,0,0,0,0,14,175,292,0,0,0,38,200,290,373,339,188,43,0,0,849,802,718,420,212,112,54,82,205,435,690,846,0,0,0,0,4,12,23,16,4,0,1,0,0,0,0,8,26,30,31,31,25,9,1,0,19,20,21,7,1,0,0,0,2,3,20,15,0,0,0,55,104,114,123,101,61,27,0,0,0,0,0,27,46,23,5,43,17,4,0,0,55,51,55,57,54,60,60,59,56,60,60,59,2,2,2.2,0.05,-2.28,0.21,1.47,-4.17,-3.31,-0.36,2.5,1.6,0.19480000436306,0.441599994897842,0.580799996852875,0.448399990797043,0.219200000166893,0.229200005531311,0.335400000214577,0.19480000436306,0.580799996852875,1.625,0.875,6,1.14317297935486,12.0205335617065,720.210021972656,43.3600006103516,-0.340000003576279,30.3999996185303,40.5800018310547,16096.5,13068,-83,100,5,5,33.2599983215332,5332.7998046875,129.449996948242,129.449996948242,-73,25,0.973900020122528,0.0159000009298325,0,0,0.00939999986439943,0.0007999999797903,0,0,0,0,0,1.10000002384186,10,3.59999990463257,4.80000019073486,6.40000009536743,52,25,45.9000015258789
"9227",53.032,-115.522,964,3.3,15.9,-9,24.9,614,431,21.7,36.9,142,258,116,80,14.56,1096,1319,5344,40,567,-41.4,33.7,553,13.1,158,127,57,-2.3,-2.4,2.4,10.1,17.1,19.5,22.1,21.6,16.8,9.5,1.3,-2.9,-13.4,-15.6,-9.8,-2.6,3.4,7.5,9.7,8.8,4,-2.1,-9.2,-13.6,-7.8,-9,-3.7,3.8,10.2,13.5,15.9,15.2,10.4,3.7,-3.9,-8.2,22,22,28,33,68,117,119,68,59,26,31,21,4.2,7.7,12.9,18.6,22.3,22.3,21.6,18.7,13.5,8,4.5,3.1,251,255,145,16,0,0,0,0,1,16,149,263,0,0,0,33,168,255,339,317,168,39,0,0,800,752,675,426,237,139,78,98,229,445,657,809,0,0,1,0,2,7,13,12,3,0,2,0,0,0,1,7,25,29,31,31,25,9,1,0,19,22,26,9,2,0,0,1,3,4,22,19,0,0,0,56,96,106,115,96,57,27,0,0,0,0,0,23,28,0,0,28,0,1,0,0,54,47,53,57,57,63,62,61,60,60,58,56,2.2,2.2,2.56,0.58,-0.55,3.66,2.45,-2.5,-1.14,0.08,2.93,2.1,0.251199990510941,0.297199994325638,0.486400008201599,0.439200013875961,0.257999986410141,0.321999996900558,0.309599995613098,0.251199990510941,0.486400008201599,3.125,1.125,13,1.14853394031525,11.5725040435791,742.02001953125,33.7599983215332,-0.25,27.7999992370605,47.5,13461,8550,-65,64,3,6.17999982833862,15.0100002288818,5343.33984375,132.149993896484,132.149993896484,-135,10,0.950999975204468,0.0458000004291534,0,0,0.00240000011399388,0.0007999999797903,0,0,0,0,0,1.10000002384186,11,1.29999995231628,3,5.80000019073486,40,43,28.3999996185303
"9228",53.494,-114.176,740,3.2,16.8,-10.1,26.9,533,356,24.8,47.2,135,258,123,148,5.84,1227,1435,5411,56,661,-41.7,34.5,561,12.7,163,125,59,-3.7,-4.4,0.7,9.5,18.1,20.5,23,22.4,17.5,9,-0.4,-4.3,-14.2,-15.8,-10.2,-2,4.1,8.3,10.5,9.2,4.3,-1.6,-9.4,-13.9,-8.9,-10.1,-4.8,3.8,11.1,14.4,16.8,15.8,10.9,3.7,-4.9,-9.1,21,21,26,32,50,91,116,59,40,25,32,20,3.9,7.1,12.3,17.8,21.9,22.3,21.4,18.4,13.3,7.4,4,2.9,276,286,175,16,0,0,0,0,0,16,173,285,0,0,0,35,194,281,367,336,183,39,0,0,834,783,709,426,217,119,58,84,214,445,687,836,0,0,1,0,3,10,21,15,4,0,1,0,0,0,1,8,26,30,31,31,25,10,1,0,19,21,25,8,1,0,0,0,1,4,25,19,0,0,0,52,100,110,118,98,58,25,0,0,0,0,0,20,50,19,2,39,18,0,0,0,56,53,56,61,57,62,62,60,59,64,63,59,2.1,2.1,2.56,0.73,-2.68,0.73,1.87,-3.72,-3.25,0.19,3.19,2,0.270399987697601,0.374399989843369,0.507200002670288,0.447200000286102,0.0939999967813492,0.320199996232986,0.347299993038177,0.0939999967813492,0.507200002670288,4.625,3.625,18,1.14293324947357,11.1773710250854,731.330017089844,41.9000015258789,-0.319999992847443,29.75,41.9199981689453,15424.5,9727.5,-74,90,4,5.28999996185303,34.189998626709,5399.47998046875,131.380004882812,131.380004882812,-88.25,9,0.691999971866608,0.280400007963181,0,0,0.000899999984540045,0.000899999984540045,0,0.0136000001803041,0.0121999997645617,0,0,1.10000002384186,8,4.19999980926514,5,6.19999980926514,33,46,52.2000007629395
"9229",53.494,-114.176,740,3.2,16.8,-10.1,26.9,533,356,24.8,47.2,135,258,123,148,5.84,1227,1435,5411,56,661,-41.7,34.5,561,12.7,163,125,59,-3.7,-4.4,0.7,9.5,18.1,20.5,23,22.4,17.5,9,-0.4,-4.3,-14.2,-15.8,-10.2,-2,4.1,8.3,10.5,9.2,4.3,-1.6,-9.4,-13.9,-8.9,-10.1,-4.8,3.8,11.1,14.4,16.8,15.8,10.9,3.7,-4.9,-9.1,21,21,26,32,50,91,116,59,40,25,32,20,3.9,7.1,12.3,17.8,21.9,22.3,21.4,18.4,13.3,7.4,4,2.9,276,286,175,16,0,0,0,0,0,16,173,285,0,0,0,35,194,281,367,336,183,39,0,0,834,783,709,426,217,119,58,84,214,445,687,836,0,0,1,0,3,10,21,15,4,0,1,0,0,0,1,8,26,30,31,31,25,10,1,0,19,21,25,8,1,0,0,0,1,4,25,19,0,0,0,52,100,110,118,98,58,25,0,0,0,0,0,20,50,19,2,39,18,0,0,0,56,53,56,61,57,62,62,60,59,64,63,59,2.1,2.1,2.56,0.73,-2.68,0.73,1.87,-3.72,-3.25,0.19,3.19,2,0.270399987697601,0.374399989843369,0.507200002670288,0.447200000286102,0.0939999967813492,0.320199996232986,0.347299993038177,0.0939999967813492,0.507200002670288,4.625,3.625,18,1.14293324947357,11.1773710250854,731.330017089844,41.9000015258789,-0.319999992847443,29.75,41.9199981689453,15424.5,9727.5,-74,90,4,5.28999996185303,34.189998626709,5399.47998046875,131.380004882812,131.380004882812,-88.25,9,0.691999971866608,0.280400007963181,0,0,0.000899999984540045,0.000899999984540045,0,0.0136000001803041,0.0121999997645617,0,0,1.10000002384186,8,4.19999980926514,5,6.19999980926514,33,46,52.2000007629395
"9230",53.494,-114.176,740,3.2,16.8,-10.1,26.9,533,356,24.8,47.2,135,258,123,148,5.84,1227,1435,5411,56,661,-41.7,34.5,561,12.7,163,125,59,-3.7,-4.4,0.7,9.5,18.1,20.5,23,22.4,17.5,9,-0.4,-4.3,-14.2,-15.8,-10.2,-2,4.1,8.3,10.5,9.2,4.3,-1.6,-9.4,-13.9,-8.9,-10.1,-4.8,3.8,11.1,14.4,16.8,15.8,10.9,3.7,-4.9,-9.1,21,21,26,32,50,91,116,59,40,25,32,20,3.9,7.1,12.3,17.8,21.9,22.3,21.4,18.4,13.3,7.4,4,2.9,276,286,175,16,0,0,0,0,0,16,173,285,0,0,0,35,194,281,367,336,183,39,0,0,834,783,709,426,217,119,58,84,214,445,687,836,0,0,1,0,3,10,21,15,4,0,1,0,0,0,1,8,26,30,31,31,25,10,1,0,19,21,25,8,1,0,0,0,1,4,25,19,0,0,0,52,100,110,118,98,58,25,0,0,0,0,0,20,50,19,2,39,18,0,0,0,56,53,56,61,57,62,62,60,59,64,63,59,2.1,2.1,2.56,0.73,-2.68,0.73,1.87,-3.72,-3.25,0.19,3.19,2,0.270399987697601,0.374399989843369,0.507200002670288,0.447200000286102,0.0939999967813492,0.320199996232986,0.347299993038177,0.0939999967813492,0.507200002670288,4.625,3.625,18,1.14293324947357,11.1773710250854,731.330017089844,41.9000015258789,-0.319999992847443,29.75,41.9199981689453,15424.5,9727.5,-74,90,4,5.28999996185303,34.189998626709,5399.47998046875,131.380004882812,131.380004882812,-88.25,9,0.691999971866608,0.280400007963181,0,0,0.000899999984540045,0.000899999984540045,0,0.0136000001803041,0.0121999997645617,0,0,1.10000002384186,8,4.19999980926514,5,6.19999980926514,33,46,52.2000007629395
"9231",53.494,-114.176,740,3.2,16.8,-10.1,26.9,533,356,24.8,47.2,135,258,123,148,5.84,1227,1435,5411,56,661,-41.7,34.5,561,12.7,163,125,59,-3.7,-4.4,0.7,9.5,18.1,20.5,23,22.4,17.5,9,-0.4,-4.3,-14.2,-15.8,-10.2,-2,4.1,8.3,10.5,9.2,4.3,-1.6,-9.4,-13.9,-8.9,-10.1,-4.8,3.8,11.1,14.4,16.8,15.8,10.9,3.7,-4.9,-9.1,21,21,26,32,50,91,116,59,40,25,32,20,3.9,7.1,12.3,17.8,21.9,22.3,21.4,18.4,13.3,7.4,4,2.9,276,286,175,16,0,0,0,0,0,16,173,285,0,0,0,35,194,281,367,336,183,39,0,0,834,783,709,426,217,119,58,84,214,445,687,836,0,0,1,0,3,10,21,15,4,0,1,0,0,0,1,8,26,30,31,31,25,10,1,0,19,21,25,8,1,0,0,0,1,4,25,19,0,0,0,52,100,110,118,98,58,25,0,0,0,0,0,20,50,19,2,39,18,0,0,0,56,53,56,61,57,62,62,60,59,64,63,59,2.1,2.1,2.56,0.73,-2.68,0.73,1.87,-3.72,-3.25,0.19,3.19,2,0.270399987697601,0.374399989843369,0.507200002670288,0.447200000286102,0.0939999967813492,0.320199996232986,0.347299993038177,0.0939999967813492,0.507200002670288,4.625,3.625,18,1.14293324947357,11.1773710250854,731.330017089844,41.9000015258789,-0.319999992847443,29.75,41.9199981689453,15424.5,9727.5,-74,90,4,5.28999996185303,34.189998626709,5399.47998046875,131.380004882812,131.380004882812,-88.25,9,0.691999971866608,0.280400007963181,0,0,0.000899999984540045,0.000899999984540045,0,0.0136000001803041,0.0121999997645617,0,0,1.10000002384186,8,4.19999980926514,5,6.19999980926514,33,46,52.2000007629395
"9232",55.114,-121.019,822,2.8,14.6,-8.4,23,521,274,24.6,53.3,155,252,97,205,7.98,1092,1117,5533,29,417,-39.7,32.8,528,12.5,153,166,61,-3.2,-3.4,1.9,9.1,16.7,19,21.2,20.7,16,7.7,-0.9,-4.1,-11.6,-13.4,-8.8,-2.5,1.6,5.2,7.9,6.6,2.9,-0.9,-8.1,-12.6,-7.4,-8.4,-3.5,3.3,9.2,12.1,14.6,13.6,9.4,3.4,-4.5,-8.3,34,22,32,29,29,84,80,46,35,55,46,29,3.4,6.3,11.8,17.8,22.3,23,21.4,18.2,12.9,6.8,3.6,2.5,241,243,140,20,1,0,0,0,1,18,163,265,0,0,0,25,139,214,296,268,140,36,0,0,787,735,668,441,273,178,111,138,259,454,675,812,1,1,2,1,0,3,7,5,2,2,3,1,1,0,1,7,19,28,31,30,22,12,2,0,29,21,30,9,1,1,1,1,2,10,35,27,0,0,0,50,95,107,112,92,52,20,0,0,0,0,0,21,66,23,32,46,17,0,0,0,64,58,58,60,53,57,59,57,59,70,70,64,3.4,2.2,2.94,0.59,-4.01,0.28,-1.09,-4.43,-2.92,3.59,4.54,2.9,0.0760999992489815,0.375,0.409200012683868,0.312999993562698,0.241999998688698,0.151800006628036,0.277499996125698,0.0760999992489815,0.409200012683868,44.75,27,107,1.17454445362091,9.0160083770752,663.789978027344,41,-0.0799999982118607,27.1499996185303,56.9599990844727,13786.5,8760,-77,78,3,4.80999994277954,31.25,5024.669921875,122.360000610352,122.360000610352,-124.75,25,0.765500009059906,0.0379000008106232,0,0,0.00260000000707805,0.148900002241135,0,0,0,0,0.045099999755621,1,18,4.09999990463257,4.59999990463257,6,33,43,42.2999992370605
"9233",55.114,-121.019,822,2.8,14.6,-8.4,23,521,274,24.6,53.3,155,252,97,205,7.98,1092,1117,5533,29,417,-39.7,32.8,528,12.5,153,166,61,-3.2,-3.4,1.9,9.1,16.7,19,21.2,20.7,16,7.7,-0.9,-4.1,-11.6,-13.4,-8.8,-2.5,1.6,5.2,7.9,6.6,2.9,-0.9,-8.1,-12.6,-7.4,-8.4,-3.5,3.3,9.2,12.1,14.6,13.6,9.4,3.4,-4.5,-8.3,34,22,32,29,29,84,80,46,35,55,46,29,3.4,6.3,11.8,17.8,22.3,23,21.4,18.2,12.9,6.8,3.6,2.5,241,243,140,20,1,0,0,0,1,18,163,265,0,0,0,25,139,214,296,268,140,36,0,0,787,735,668,441,273,178,111,138,259,454,675,812,1,1,2,1,0,3,7,5,2,2,3,1,1,0,1,7,19,28,31,30,22,12,2,0,29,21,30,9,1,1,1,1,2,10,35,27,0,0,0,50,95,107,112,92,52,20,0,0,0,0,0,21,66,23,32,46,17,0,0,0,64,58,58,60,53,57,59,57,59,70,70,64,3.4,2.2,2.94,0.59,-4.01,0.28,-1.09,-4.43,-2.92,3.59,4.54,2.9,0.0760999992489815,0.375,0.409200012683868,0.312999993562698,0.241999998688698,0.151800006628036,0.277499996125698,0.0760999992489815,0.409200012683868,44.75,27,107,1.17454445362091,9.0160083770752,663.789978027344,41,-0.0799999982118607,27.1499996185303,56.9599990844727,13786.5,8760,-77,78,3,4.80999994277954,31.25,5024.669921875,122.360000610352,122.360000610352,-124.75,25,0.765500009059906,0.0379000008106232,0,0,0.00260000000707805,0.148900002241135,0,0,0,0,0.045099999755621,1,18,4.09999990463257,4.59999990463257,6,33,43,42.2999992370605
"9234",55.114,-121.019,822,2.8,14.6,-8.4,23,521,274,24.6,53.3,155,252,97,205,7.98,1092,1117,5533,29,417,-39.7,32.8,528,12.5,153,166,61,-3.2,-3.4,1.9,9.1,16.7,19,21.2,20.7,16,7.7,-0.9,-4.1,-11.6,-13.4,-8.8,-2.5,1.6,5.2,7.9,6.6,2.9,-0.9,-8.1,-12.6,-7.4,-8.4,-3.5,3.3,9.2,12.1,14.6,13.6,9.4,3.4,-4.5,-8.3,34,22,32,29,29,84,80,46,35,55,46,29,3.4,6.3,11.8,17.8,22.3,23,21.4,18.2,12.9,6.8,3.6,2.5,241,243,140,20,1,0,0,0,1,18,163,265,0,0,0,25,139,214,296,268,140,36,0,0,787,735,668,441,273,178,111,138,259,454,675,812,1,1,2,1,0,3,7,5,2,2,3,1,1,0,1,7,19,28,31,30,22,12,2,0,29,21,30,9,1,1,1,1,2,10,35,27,0,0,0,50,95,107,112,92,52,20,0,0,0,0,0,21,66,23,32,46,17,0,0,0,64,58,58,60,53,57,59,57,59,70,70,64,3.4,2.2,2.94,0.59,-4.01,0.28,-1.09,-4.43,-2.92,3.59,4.54,2.9,0.0760999992489815,0.375,0.409200012683868,0.312999993562698,0.241999998688698,0.151800006628036,0.277499996125698,0.0760999992489815,0.409200012683868,44.75,27,107,1.17454445362091,9.0160083770752,663.789978027344,41,-0.0799999982118607,27.1499996185303,56.9599990844727,13786.5,8760,-77,78,3,4.80999994277954,31.25,5024.669921875,122.360000610352,122.360000610352,-124.75,25,0.765500009059906,0.0379000008106232,0,0,0.00260000000707805,0.148900002241135,0,0,0,0,0.045099999755621,1,18,4.09999990463257,4.59999990463257,6,33,43,42.2999992370605
"9235",55.114,-121.019,822,2.8,14.6,-8.4,23,521,274,24.6,53.3,155,252,97,205,7.98,1092,1117,5533,29,417,-39.7,32.8,528,12.5,153,166,61,-3.2,-3.4,1.9,9.1,16.7,19,21.2,20.7,16,7.7,-0.9,-4.1,-11.6,-13.4,-8.8,-2.5,1.6,5.2,7.9,6.6,2.9,-0.9,-8.1,-12.6,-7.4,-8.4,-3.5,3.3,9.2,12.1,14.6,13.6,9.4,3.4,-4.5,-8.3,34,22,32,29,29,84,80,46,35,55,46,29,3.4,6.3,11.8,17.8,22.3,23,21.4,18.2,12.9,6.8,3.6,2.5,241,243,140,20,1,0,0,0,1,18,163,265,0,0,0,25,139,214,296,268,140,36,0,0,787,735,668,441,273,178,111,138,259,454,675,812,1,1,2,1,0,3,7,5,2,2,3,1,1,0,1,7,19,28,31,30,22,12,2,0,29,21,30,9,1,1,1,1,2,10,35,27,0,0,0,50,95,107,112,92,52,20,0,0,0,0,0,21,66,23,32,46,17,0,0,0,64,58,58,60,53,57,59,57,59,70,70,64,3.4,2.2,2.94,0.59,-4.01,0.28,-1.09,-4.43,-2.92,3.59,4.54,2.9,0.0760999992489815,0.375,0.409200012683868,0.312999993562698,0.241999998688698,0.151800006628036,0.277499996125698,0.0760999992489815,0.409200012683868,44.75,27,107,1.17454445362091,9.0160083770752,663.789978027344,41,-0.0799999982118607,27.1499996185303,56.9599990844727,13786.5,8760,-77,78,3,4.80999994277954,31.25,5024.669921875,122.360000610352,122.360000610352,-124.75,25,0.765500009059906,0.0379000008106232,0,0,0.00260000000707805,0.148900002241135,0,0,0,0,0.045099999755621,1,18,4.09999990463257,4.59999990463257,6,33,43,42.2999992370605
"9236",53.208,-117.551,1392,2.1,14,-9,23,697,438,17.4,32,158,253,95,54,28.93,1155,994,5775,20,351,-41.2,31.7,511,13.4,140,209,58,-1.6,-2.8,1.9,8,14.7,17.2,20.4,19.7,14.8,7.9,0.1,-3.7,-12.7,-15.2,-9.8,-4.7,1.2,5.2,7.6,7.2,2.8,-3.4,-10.2,-13.4,-7.1,-9,-4,1.6,7.9,11.2,14,13.4,8.8,2.2,-5,-8.6,34,34,41,36,66,121,113,71,67,41,48,25,4.2,7.6,12.7,18.9,23.3,22.5,22.3,19.1,13.7,8.4,4.7,3.2,233,255,153,35,1,0,0,0,1,28,175,273,0,0,0,13,104,187,279,262,123,26,0,0,778,752,684,492,313,205,127,144,277,492,690,821,0,1,2,0,0,2,5,5,2,0,2,1,0,0,1,3,18,28,31,30,22,6,1,0,28,33,39,21,5,2,1,1,5,12,38,23,0,0,0,50,88,98,110,89,52,24,0,0,0,0,0,14,22,0,0,18,0,0,0,0,55,49,54,55,57,62,61,61,61,60,58,59,3.4,3.4,3.91,1.7,0.87,4.74,2.21,-1.55,0.83,2.13,4.8,2.5,0.17569999396801,0.225999996066093,0.452800005674362,0.393400013446808,0.312400013208389,0.266200006008148,0.289300009608269,0.17569999396801,0.452800005674362,24.375,-21.125,70,1.14259493350983,14.3266687393188,667.349975585938,35.0699996948242,-0.209999993443489,24.8500003814697,50.9799995422363,11329.5,7387.5,-65,54,3,6.53999996185303,32.1599998474121,4825.1201171875,120.559997558594,120.559997558594,-157.25,0,0.739000022411346,0.260899990797043,0,0,0,0,0,0,0,0,9.99999974737875e-05,1,19,2,3.29999995231628,5.90000009536743,31,51,31.6000003814697
"9237",53.208,-117.551,1392,2.1,14,-9,23,697,438,17.4,32,158,253,95,54,28.93,1155,994,5775,20,351,-41.2,31.7,511,13.4,140,209,58,-1.6,-2.8,1.9,8,14.7,17.2,20.4,19.7,14.8,7.9,0.1,-3.7,-12.7,-15.2,-9.8,-4.7,1.2,5.2,7.6,7.2,2.8,-3.4,-10.2,-13.4,-7.1,-9,-4,1.6,7.9,11.2,14,13.4,8.8,2.2,-5,-8.6,34,34,41,36,66,121,113,71,67,41,48,25,4.2,7.6,12.7,18.9,23.3,22.5,22.3,19.1,13.7,8.4,4.7,3.2,233,255,153,35,1,0,0,0,1,28,175,273,0,0,0,13,104,187,279,262,123,26,0,0,778,752,684,492,313,205,127,144,277,492,690,821,0,1,2,0,0,2,5,5,2,0,2,1,0,0,1,3,18,28,31,30,22,6,1,0,28,33,39,21,5,2,1,1,5,12,38,23,0,0,0,50,88,98,110,89,52,24,0,0,0,0,0,14,22,0,0,18,0,0,0,0,55,49,54,55,57,62,61,61,61,60,58,59,3.4,3.4,3.91,1.7,0.87,4.74,2.21,-1.55,0.83,2.13,4.8,2.5,0.17569999396801,0.225999996066093,0.452800005674362,0.393400013446808,0.312400013208389,0.266200006008148,0.289300009608269,0.17569999396801,0.452800005674362,24.375,-21.125,70,1.14259493350983,14.3266687393188,667.349975585938,35.0699996948242,-0.209999993443489,24.8500003814697,50.9799995422363,11329.5,7387.5,-65,54,3,6.53999996185303,32.1599998474121,4825.1201171875,120.559997558594,120.559997558594,-157.25,0,0.739000022411346,0.260899990797043,0,0,0,0,0,0,0,0,9.99999974737875e-05,1,19,2,3.29999995231628,5.90000009536743,31,51,31.6000003814697
"9238",53.208,-117.551,1392,2.1,14,-9,23,697,438,17.4,32,158,253,95,54,28.93,1155,994,5775,20,351,-41.2,31.7,511,13.4,140,209,58,-1.6,-2.8,1.9,8,14.7,17.2,20.4,19.7,14.8,7.9,0.1,-3.7,-12.7,-15.2,-9.8,-4.7,1.2,5.2,7.6,7.2,2.8,-3.4,-10.2,-13.4,-7.1,-9,-4,1.6,7.9,11.2,14,13.4,8.8,2.2,-5,-8.6,34,34,41,36,66,121,113,71,67,41,48,25,4.2,7.6,12.7,18.9,23.3,22.5,22.3,19.1,13.7,8.4,4.7,3.2,233,255,153,35,1,0,0,0,1,28,175,273,0,0,0,13,104,187,279,262,123,26,0,0,778,752,684,492,313,205,127,144,277,492,690,821,0,1,2,0,0,2,5,5,2,0,2,1,0,0,1,3,18,28,31,30,22,6,1,0,28,33,39,21,5,2,1,1,5,12,38,23,0,0,0,50,88,98,110,89,52,24,0,0,0,0,0,14,22,0,0,18,0,0,0,0,55,49,54,55,57,62,61,61,61,60,58,59,3.4,3.4,3.91,1.7,0.87,4.74,2.21,-1.55,0.83,2.13,4.8,2.5,0.17569999396801,0.225999996066093,0.452800005674362,0.393400013446808,0.312400013208389,0.266200006008148,0.289300009608269,0.17569999396801,0.452800005674362,24.375,-21.125,70,1.14259493350983,14.3266687393188,667.349975585938,35.0699996948242,-0.209999993443489,24.8500003814697,50.9799995422363,11329.5,7387.5,-65,54,3,6.53999996185303,32.1599998474121,4825.1201171875,120.559997558594,120.559997558594,-157.25,0,0.739000022411346,0.260899990797043,0,0,0,0,0,0,0,0,9.99999974737875e-05,1,19,2,3.29999995231628,5.90000009536743,31,51,31.6000003814697
"9239",53.542,-117.01,1063,3,15.1,-8.4,23.5,596,409,21.8,36.9,154,252,98,97,12.75,1058,1175,5441,29,464,-41.1,33,550,13.2,149,133,56,-4,-1.2,3.5,10.1,16.4,19,22,21.2,16.4,8.4,3,-2.6,-12.9,-15.1,-9.3,-3.2,2,6.2,8.2,7.5,2.9,-2.4,-9.3,-13.3,-8.4,-8.2,-2.9,3.4,9.2,12.6,15.1,14.3,9.6,3,-3.2,-8,25,23,31,31,62,114,111,63,59,28,30,19,4,7.7,13,18.8,22.6,22.7,22,18.9,13.6,7.7,4.6,3,265,238,125,19,1,0,0,0,1,21,131,258,0,0,0,28,139,228,314,288,145,32,0,0,818,730,650,438,273,158,98,118,253,467,636,802,0,1,2,0,0,4,9,8,3,0,2,1,0,0,1,6,21,29,31,30,22,8,1,0,22,22,28,10,2,1,1,1,3,6,20,17,0,0,0,55,95,106,118,96,56,24,0,0,0,0,0,24,33,0,7,33,0,0,0,0,62,45,52,55,55,60,58,58,57,62,53,56,2.5,2.3,2.67,0.4,-0.67,3.31,1.2,-3.13,-1.02,0.67,2.64,1.9,0.254000008106232,0.331200003623962,0.424800008535385,0.361999988555908,0.329199999570847,0.179000005125999,0.330200001597404,0.179000005125999,0.424800008535385,15,6.5,52,1.14981150627136,11.0200815200806,734.809997558594,32.1699981689453,-0.219999998807907,25.8999996185303,52.7000007629395,13807.5,8700,-55,68,3,7.09000015258789,16.3600006103516,5276.330078125,131.080001831055,131.080001831055,-114.5,12,0.680499970912933,0.232600003480911,0,0,0.0586000010371208,0.0175999999046326,0,0,0,0,0.0107000004500151,1,15,1.20000004768372,2.70000004768372,5.90000009536743,37,45,23.8999996185303
"9240",55.675,-121.645,587,3.4,15.3,-8.8,24.1,515,272,26,56.2,144,253,108,232,3.26,1064,1262,5325,37,507,-39.8,33.6,553,12.4,163,162,61,-4,-3.5,2.5,10.8,18,20.3,22.3,21.7,16.9,8.5,-0.8,-4.8,-11.7,-13.4,-7.6,-1.4,2.7,5.7,8.3,6.9,3.1,-0.2,-7.3,-12.8,-7.8,-8.4,-2.5,4.7,10.3,13,15.3,14.3,10,4.2,-4,-8.8,33,30,31,28,38,85,71,44,34,43,45,33,3.2,6.1,11.4,17.8,22.2,23.1,21.5,18.4,13,6.7,3.3,2.3,251,243,115,12,0,0,0,0,1,13,151,278,0,0,0,41,171,239,320,288,157,45,0,0,800,735,637,400,235,150,93,118,241,429,660,827,0,1,2,1,2,5,10,8,3,2,2,1,1,0,1,10,23,28,31,30,23,14,2,0,29,29,27,5,1,0,0,1,2,5,33,31,0,0,0,54,99,112,117,96,54,21,0,0,0,0,0,26,61,27,46,52,20,0,0,0,67,58,61,59,53,56,58,55,57,70,73,66,3.3,3,2.69,-0.18,-3.96,-0.22,-2.52,-5.1,-3.6,2.15,4.39,3.3,0.270999997854233,0.355599999427795,0.566399991512299,0.453599989414215,0.214000001549721,0.186499997973442,0.313299998641014,0.186499997973442,0.566399991512299,12.375,-9.375,39,1.14418387413025,14.5123424530029,683.059997558594,48.5900001525879,-0.280000001192093,28.5499992370605,45.0900001525879,15456,12519,-85,92,4,4.15999984741211,32.0200004577637,5227.490234375,126.01000213623,126.01000213623,-95.25,34,0.908399999141693,0.00240000011399388,0,0,0.000699999975040555,0.00289999996311963,0,0.0851000025868416,0.000500000023748726,0,0,1,17,3.29999995231628,4.30000019073486,6.19999980926514,24,48,45.2999992370605
"9241",55.675,-121.645,587,3.4,15.3,-8.8,24.1,515,272,26,56.2,144,253,108,232,3.26,1064,1262,5325,37,507,-39.8,33.6,553,12.4,163,162,61,-4,-3.5,2.5,10.8,18,20.3,22.3,21.7,16.9,8.5,-0.8,-4.8,-11.7,-13.4,-7.6,-1.4,2.7,5.7,8.3,6.9,3.1,-0.2,-7.3,-12.8,-7.8,-8.4,-2.5,4.7,10.3,13,15.3,14.3,10,4.2,-4,-8.8,33,30,31,28,38,85,71,44,34,43,45,33,3.2,6.1,11.4,17.8,22.2,23.1,21.5,18.4,13,6.7,3.3,2.3,251,243,115,12,0,0,0,0,1,13,151,278,0,0,0,41,171,239,320,288,157,45,0,0,800,735,637,400,235,150,93,118,241,429,660,827,0,1,2,1,2,5,10,8,3,2,2,1,1,0,1,10,23,28,31,30,23,14,2,0,29,29,27,5,1,0,0,1,2,5,33,31,0,0,0,54,99,112,117,96,54,21,0,0,0,0,0,26,61,27,46,52,20,0,0,0,67,58,61,59,53,56,58,55,57,70,73,66,3.3,3,2.69,-0.18,-3.96,-0.22,-2.52,-5.1,-3.6,2.15,4.39,3.3,0.270999997854233,0.355599999427795,0.566399991512299,0.453599989414215,0.214000001549721,0.186499997973442,0.313299998641014,0.186499997973442,0.566399991512299,12.375,-9.375,39,1.14418387413025,14.5123424530029,683.059997558594,48.5900001525879,-0.280000001192093,28.5499992370605,45.0900001525879,15456,12519,-85,92,4,4.15999984741211,32.0200004577637,5227.490234375,126.01000213623,126.01000213623,-95.25,34,0.908399999141693,0.00240000011399388,0,0,0.000699999975040555,0.00289999996311963,0,0.0851000025868416,0.000500000023748726,0,0,1,17,3.29999995231628,4.30000019073486,6.19999980926514,24,48,45.2999992370605
"9242",55.675,-121.645,587,3.4,15.3,-8.8,24.1,515,272,26,56.2,144,253,108,232,3.26,1064,1262,5325,37,507,-39.8,33.6,553,12.4,163,162,61,-4,-3.5,2.5,10.8,18,20.3,22.3,21.7,16.9,8.5,-0.8,-4.8,-11.7,-13.4,-7.6,-1.4,2.7,5.7,8.3,6.9,3.1,-0.2,-7.3,-12.8,-7.8,-8.4,-2.5,4.7,10.3,13,15.3,14.3,10,4.2,-4,-8.8,33,30,31,28,38,85,71,44,34,43,45,33,3.2,6.1,11.4,17.8,22.2,23.1,21.5,18.4,13,6.7,3.3,2.3,251,243,115,12,0,0,0,0,1,13,151,278,0,0,0,41,171,239,320,288,157,45,0,0,800,735,637,400,235,150,93,118,241,429,660,827,0,1,2,1,2,5,10,8,3,2,2,1,1,0,1,10,23,28,31,30,23,14,2,0,29,29,27,5,1,0,0,1,2,5,33,31,0,0,0,54,99,112,117,96,54,21,0,0,0,0,0,26,61,27,46,52,20,0,0,0,67,58,61,59,53,56,58,55,57,70,73,66,3.3,3,2.69,-0.18,-3.96,-0.22,-2.52,-5.1,-3.6,2.15,4.39,3.3,0.270999997854233,0.355599999427795,0.566399991512299,0.453599989414215,0.214000001549721,0.186499997973442,0.313299998641014,0.186499997973442,0.566399991512299,12.375,-9.375,39,1.14418387413025,14.5123424530029,683.059997558594,48.5900001525879,-0.280000001192093,28.5499992370605,45.0900001525879,15456,12519,-85,92,4,4.15999984741211,32.0200004577637,5227.490234375,126.01000213623,126.01000213623,-95.25,34,0.908399999141693,0.00240000011399388,0,0,0.000699999975040555,0.00289999996311963,0,0.0851000025868416,0.000500000023748726,0,0,1,17,3.29999995231628,4.30000019073486,6.19999980926514,24,48,45.2999992370605
"9243",55.675,-121.645,587,3.4,15.3,-8.8,24.1,515,272,26,56.2,144,253,108,232,3.26,1064,1262,5325,37,507,-39.8,33.6,553,12.4,163,162,61,-4,-3.5,2.5,10.8,18,20.3,22.3,21.7,16.9,8.5,-0.8,-4.8,-11.7,-13.4,-7.6,-1.4,2.7,5.7,8.3,6.9,3.1,-0.2,-7.3,-12.8,-7.8,-8.4,-2.5,4.7,10.3,13,15.3,14.3,10,4.2,-4,-8.8,33,30,31,28,38,85,71,44,34,43,45,33,3.2,6.1,11.4,17.8,22.2,23.1,21.5,18.4,13,6.7,3.3,2.3,251,243,115,12,0,0,0,0,1,13,151,278,0,0,0,41,171,239,320,288,157,45,0,0,800,735,637,400,235,150,93,118,241,429,660,827,0,1,2,1,2,5,10,8,3,2,2,1,1,0,1,10,23,28,31,30,23,14,2,0,29,29,27,5,1,0,0,1,2,5,33,31,0,0,0,54,99,112,117,96,54,21,0,0,0,0,0,26,61,27,46,52,20,0,0,0,67,58,61,59,53,56,58,55,57,70,73,66,3.3,3,2.69,-0.18,-3.96,-0.22,-2.52,-5.1,-3.6,2.15,4.39,3.3,0.270999997854233,0.355599999427795,0.566399991512299,0.453599989414215,0.214000001549721,0.186499997973442,0.313299998641014,0.186499997973442,0.566399991512299,12.375,-9.375,39,1.14418387413025,14.5123424530029,683.059997558594,48.5900001525879,-0.280000001192093,28.5499992370605,45.0900001525879,15456,12519,-85,92,4,4.15999984741211,32.0200004577637,5227.490234375,126.01000213623,126.01000213623,-95.25,34,0.908399999141693,0.00240000011399388,0,0,0.000699999975040555,0.00289999996311963,0,0.0851000025868416,0.000500000023748726,0,0,1,17,3.29999995231628,4.30000019073486,6.19999980926514,24,48,45.2999992370605
"9244",54.963,-112.01,560,1.8,17,-13.2,30.2,436,300,27.1,56.7,143,254,110,196,-2.04,1635,1379,5929,53,635,-45.3,34.4,545,12.2,154,102,58,-7.7,-6.9,-0.5,8.6,17.9,20.7,23.3,22.2,16.7,7.7,-2.7,-7.5,-18.6,-18.8,-12.1,-3.5,3.2,8.2,10.6,8.9,3.7,-2.1,-11.3,-17,-13.2,-12.9,-6.3,2.5,10.5,14.4,17,15.6,10.2,2.8,-7,-12.2,21,15,16,28,33,96,91,48,32,25,17,14,3.2,6.7,12.1,17.8,21.3,22,21.1,18,12.5,6.6,3.3,2.3,411,363,215,26,0,0,0,0,1,23,216,380,0,0,0,26,177,281,373,330,162,30,0,0,966,861,755,465,231,119,54,89,235,473,749,932,0,0,0,0,3,10,23,14,3,0,0,0,0,0,0,5,24,30,31,31,24,9,1,0,21,15,16,12,1,0,0,0,2,6,15,14,0,0,0,49,98,109,118,96,54,21,0,0,0,0,0,21,65,13,27,48,22,0,0,0,53,50,53,58,55,62,62,60,59,66,64,59,2.1,1.5,1.6,0.79,-4.28,1.22,-0.67,-4.55,-3.54,0.69,1.7,1.4,0.281800001859665,0.300799995660782,0.391999989748001,0.308999985456467,0.238399997353554,0.238800004124641,0.291299998760223,0.238399997353554,0.391999989748001,5,1,19,1.14305186271667,11.5497703552246,695.309997558594,44.1699981689453,-0.340000003576279,32.8499984741211,36.9700012207031,15004.5,9637.5,-109,95,4,2.54999995231628,30.6000003814697,5482.39990234375,129.520004272461,129.520004272461,-80.75,0,0.887899994850159,0.107500001788139,0,0,0,0.00460000010207295,0,0,0,0,0,1.10000002384186,11,2.09999990463257,3.59999990463257,6,58,29,38
"9245",54.963,-112.01,560,1.8,17,-13.2,30.2,436,300,27.1,56.7,143,254,110,196,-2.04,1635,1379,5929,53,635,-45.3,34.4,545,12.2,154,102,58,-7.7,-6.9,-0.5,8.6,17.9,20.7,23.3,22.2,16.7,7.7,-2.7,-7.5,-18.6,-18.8,-12.1,-3.5,3.2,8.2,10.6,8.9,3.7,-2.1,-11.3,-17,-13.2,-12.9,-6.3,2.5,10.5,14.4,17,15.6,10.2,2.8,-7,-12.2,21,15,16,28,33,96,91,48,32,25,17,14,3.2,6.7,12.1,17.8,21.3,22,21.1,18,12.5,6.6,3.3,2.3,411,363,215,26,0,0,0,0,1,23,216,380,0,0,0,26,177,281,373,330,162,30,0,0,966,861,755,465,231,119,54,89,235,473,749,932,0,0,0,0,3,10,23,14,3,0,0,0,0,0,0,5,24,30,31,31,24,9,1,0,21,15,16,12,1,0,0,0,2,6,15,14,0,0,0,49,98,109,118,96,54,21,0,0,0,0,0,21,65,13,27,48,22,0,0,0,53,50,53,58,55,62,62,60,59,66,64,59,2.1,1.5,1.6,0.79,-4.28,1.22,-0.67,-4.55,-3.54,0.69,1.7,1.4,0.281800001859665,0.300799995660782,0.391999989748001,0.308999985456467,0.238399997353554,0.238800004124641,0.291299998760223,0.238399997353554,0.391999989748001,5,1,19,1.14305186271667,11.5497703552246,695.309997558594,44.1699981689453,-0.340000003576279,32.8499984741211,36.9700012207031,15004.5,9637.5,-109,95,4,2.54999995231628,30.6000003814697,5482.39990234375,129.520004272461,129.520004272461,-80.75,0,0.887899994850159,0.107500001788139,0,0,0,0.00460000010207295,0,0,0,0,0,1.10000002384186,11,2.09999990463257,3.59999990463257,6,58,29,38
"9246",54.963,-112.01,560,1.8,17,-13.2,30.2,436,300,27.1,56.7,143,254,110,196,-2.04,1635,1379,5929,53,635,-45.3,34.4,545,12.2,154,102,58,-7.7,-6.9,-0.5,8.6,17.9,20.7,23.3,22.2,16.7,7.7,-2.7,-7.5,-18.6,-18.8,-12.1,-3.5,3.2,8.2,10.6,8.9,3.7,-2.1,-11.3,-17,-13.2,-12.9,-6.3,2.5,10.5,14.4,17,15.6,10.2,2.8,-7,-12.2,21,15,16,28,33,96,91,48,32,25,17,14,3.2,6.7,12.1,17.8,21.3,22,21.1,18,12.5,6.6,3.3,2.3,411,363,215,26,0,0,0,0,1,23,216,380,0,0,0,26,177,281,373,330,162,30,0,0,966,861,755,465,231,119,54,89,235,473,749,932,0,0,0,0,3,10,23,14,3,0,0,0,0,0,0,5,24,30,31,31,24,9,1,0,21,15,16,12,1,0,0,0,2,6,15,14,0,0,0,49,98,109,118,96,54,21,0,0,0,0,0,21,65,13,27,48,22,0,0,0,53,50,53,58,55,62,62,60,59,66,64,59,2.1,1.5,1.6,0.79,-4.28,1.22,-0.67,-4.55,-3.54,0.69,1.7,1.4,0.281800001859665,0.300799995660782,0.391999989748001,0.308999985456467,0.238399997353554,0.238800004124641,0.291299998760223,0.238399997353554,0.391999989748001,5,1,19,1.14305186271667,11.5497703552246,695.309997558594,44.1699981689453,-0.340000003576279,32.8499984741211,36.9700012207031,15004.5,9637.5,-109,95,4,2.54999995231628,30.6000003814697,5482.39990234375,129.520004272461,129.520004272461,-80.75,0,0.887899994850159,0.107500001788139,0,0,0,0.00460000010207295,0,0,0,0,0,1.10000002384186,11,2.09999990463257,3.59999990463257,6,58,29,38
"9247",54.963,-112.01,560,1.8,17,-13.2,30.2,436,300,27.1,56.7,143,254,110,196,-2.04,1635,1379,5929,53,635,-45.3,34.4,545,12.2,154,102,58,-7.7,-6.9,-0.5,8.6,17.9,20.7,23.3,22.2,16.7,7.7,-2.7,-7.5,-18.6,-18.8,-12.1,-3.5,3.2,8.2,10.6,8.9,3.7,-2.1,-11.3,-17,-13.2,-12.9,-6.3,2.5,10.5,14.4,17,15.6,10.2,2.8,-7,-12.2,21,15,16,28,33,96,91,48,32,25,17,14,3.2,6.7,12.1,17.8,21.3,22,21.1,18,12.5,6.6,3.3,2.3,411,363,215,26,0,0,0,0,1,23,216,380,0,0,0,26,177,281,373,330,162,30,0,0,966,861,755,465,231,119,54,89,235,473,749,932,0,0,0,0,3,10,23,14,3,0,0,0,0,0,0,5,24,30,31,31,24,9,1,0,21,15,16,12,1,0,0,0,2,6,15,14,0,0,0,49,98,109,118,96,54,21,0,0,0,0,0,21,65,13,27,48,22,0,0,0,53,50,53,58,55,62,62,60,59,66,64,59,2.1,1.5,1.6,0.79,-4.28,1.22,-0.67,-4.55,-3.54,0.69,1.7,1.4,0.281800001859665,0.300799995660782,0.391999989748001,0.308999985456467,0.238399997353554,0.238800004124641,0.291299998760223,0.238399997353554,0.391999989748001,5,1,19,1.14305186271667,11.5497703552246,695.309997558594,44.1699981689453,-0.340000003576279,32.8499984741211,36.9700012207031,15004.5,9637.5,-109,95,4,2.54999995231628,30.6000003814697,5482.39990234375,129.520004272461,129.520004272461,-80.75,0,0.887899994850159,0.107500001788139,0,0,0,0.00460000010207295,0,0,0,0,0,1.10000002384186,11,2.09999990463257,3.59999990463257,6,58,29,38
"9248",47.876,-114.032,911,7.8,19.8,-2.2,22,605,241,29.4,82.2,125,278,153,369,-8.84,373,1943,3870,177,1008,-26.8,39.4,761,14.7,214,92,63,1.9,2.1,8.3,12.6,18.5,22.4,28,27.9,21.4,12.6,5.5,1.1,-5,-6.6,-2.1,1,5.3,8.9,11.5,11.2,7.1,1.6,-2.1,-5,-1.6,-2.2,3.1,6.8,11.9,15.6,19.8,19.5,14.2,7.1,1.7,-2,46,46,52,58,65,86,25,22,43,60,51,51,6.1,7.9,13.7,18.9,22.8,23.6,24.3,21.9,16.1,9.8,6.1,4.9,97,98,29,6,0,0,0,0,0,4,38,101,5,0,26,79,216,317,459,449,277,94,17,4,609,562,464,337,197,91,17,22,128,339,489,617,0,0,0,0,4,18,73,69,14,0,0,0,5,2,9,17,28,30,31,31,28,20,9,4,17,28,9,3,1,0,0,0,1,1,11,22,0,0,40,67,107,126,156,134,78,38,15,0,0,0,0,9,42,40,131,112,35,0,0,0,73,66,64,62,59,59,53,52,57,64,72,75,4.1,4.16,3.12,1.68,-1.33,-1.28,-12.07,-12.35,-5.24,1.86,3.82,4.7,0.280000001192093,0.351799994707108,0.43079999089241,0.326599985361099,0.277399986982346,0.212400004267693,0.303299993276596,0.212400004267693,0.43079999089241,55.25,-31.5,175,1.19111716747284,12.2656755447388,897.640014648438,56.4500007629395,-0.389999985694885,22.0499992370605,56.5999984741211,25083,18774,0,99,5,14.1199998855591,47.9500007629395,5887.759765625,154.860000610352,115.629997253418,29.75,8,0.618799984455109,0.266299992799759,0,0,0.0359999984502792,0.0187999997287989,0,0.0601000003516674,0,0,0,1.10000002384186,14,4.80000019073486,4.80000019073486,6.59999990463257,32,39,105.699996948242
"9249",48.47,-114.08,954,7,18.9,-3.4,22.3,677,234,25.1,80.8,132,270,138,384,-0.7,459,1777,4137,133,897,-29.1,39.6,757,14.7,197,151,61,1.2,1.3,7.2,12.1,18.4,22.1,27.8,27.9,20.7,11.6,4.7,0.4,-6.3,-8.2,-3.3,0.1,4.4,7.9,10,9.6,5.6,0.4,-2.7,-6.1,-2.5,-3.4,2,6.1,11.4,15,18.9,18.8,13.1,6,1,-2.8,63,65,50,52,52,90,25,23,44,79,70,64,5.9,8.1,13.6,18.9,22.9,23.9,24.5,22.2,16.1,9.4,6,4.7,116,124,39,7,0,0,0,0,0,7,47,119,2,0,17,66,202,299,431,428,244,72,13,2,637,595,498,358,210,105,25,29,156,373,510,642,0,0,0,0,3,13,53,54,9,0,0,0,3,1,6,15,27,29,31,31,27,16,8,3,28,48,14,4,1,0,0,0,1,3,18,34,0,0,38,65,107,126,158,137,77,35,14,0,0,0,0,13,55,36,133,114,33,0,0,0,70,62,63,61,57,57,49,48,54,63,73,73,5.95,6.26,3.32,1.38,-2.79,-0.95,-12.39,-12.82,-5,4.32,5.92,6.12,0.261000007390976,0.501600027084351,0.501600027084351,0.353399991989136,0.140000000596046,0.262800008058548,0.308100000023842,0.140000000596046,0.501600027084351,21.25,-21.25,47,1.14975321292877,15.6145820617676,887.619995117188,58.9900016784668,-0.259999990463257,23.5,63.0099983215332,19956,17335.5,-16,84,5,12.7600002288818,135.279998779297,5999.10986328125,156.020004272461,11.3900003433228,-9.5,5,0.800700008869171,0.0672999992966652,0,0,0.000300000014249235,0.0254999995231628,0,0.106200002133846,0,0,0,1.10000002384186,10,5.40000009536743,4.90000009536743,6.40000009536743,27,56,63.7000007629395
"9250",52.843,-119.256,961,4.1,15.6,-7,22.6,585,236,24.1,66.1,153,260,107,287,7.03,867,1297,5074,38,549,-35.8,35,584,13.5,164,214,62,-2.3,-2,3.8,10.1,17.5,20.1,23.2,23,17.1,8.4,0.8,-3.2,-9.5,-11.9,-6.1,-2.3,2,6.1,8.1,7.6,4,-0.4,-5.6,-10.3,-5.9,-7,-1.1,3.9,9.8,13.1,15.6,15.3,10.6,4,-2.4,-6.8,57,47,51,37,30,64,53,35,54,61,56,40,4.3,7,12.2,18.6,23.3,23.3,22.9,20.2,14.1,7.9,4.5,3.2,202,211,85,16,0,0,0,0,1,14,112,226,0,0,0,32,156,243,330,320,174,43,0,0,741,696,594,423,255,148,86,95,223,435,612,765,0,0,1,0,0,5,11,12,4,0,2,1,1,0,2,8,21,29,31,30,25,14,3,1,43,44,38,9,1,0,0,0,2,8,33,35,0,0,0,55,101,114,126,106,58,24,0,0,0,0,0,18,71,50,73,71,4,0,0,0,70,59,62,58,52,57,55,54,59,70,74,70,5.7,4.7,4.37,0.96,-4.75,-2.43,-5.55,-7.31,-1.83,3.91,5.25,4,0.256599992513657,0.383199989795685,0.508000016212463,0.38280001282692,0.318199992179871,0.255199998617172,0.350500002503395,0.255199998617172,0.508000016212463,80.375,38.375,248,1.2098091840744,8.43684959411621,723.150024414062,52.6800003051758,-0.0900000035762787,26.5,61.9300003051758,13755,8737.5,-76,68,3,6.92000007629395,67.8199996948242,5323.60009765625,131.429992675781,5.59999990463257,-110.5,16,0.986100018024445,0.00100000004749745,0,0,0,0.0129000004380941,0,0,0,0,0,0.899999976158142,16,5.30000019073486,4,5.90000009536743,40,38,45.4000015258789
"9251",52.843,-119.256,961,4.1,15.6,-7,22.6,585,236,24.1,66.1,153,260,107,287,7.03,867,1297,5074,38,549,-35.8,35,584,13.5,164,214,62,-2.3,-2,3.8,10.1,17.5,20.1,23.2,23,17.1,8.4,0.8,-3.2,-9.5,-11.9,-6.1,-2.3,2,6.1,8.1,7.6,4,-0.4,-5.6,-10.3,-5.9,-7,-1.1,3.9,9.8,13.1,15.6,15.3,10.6,4,-2.4,-6.8,57,47,51,37,30,64,53,35,54,61,56,40,4.3,7,12.2,18.6,23.3,23.3,22.9,20.2,14.1,7.9,4.5,3.2,202,211,85,16,0,0,0,0,1,14,112,226,0,0,0,32,156,243,330,320,174,43,0,0,741,696,594,423,255,148,86,95,223,435,612,765,0,0,1,0,0,5,11,12,4,0,2,1,1,0,2,8,21,29,31,30,25,14,3,1,43,44,38,9,1,0,0,0,2,8,33,35,0,0,0,55,101,114,126,106,58,24,0,0,0,0,0,18,71,50,73,71,4,0,0,0,70,59,62,58,52,57,55,54,59,70,74,70,5.7,4.7,4.37,0.96,-4.75,-2.43,-5.55,-7.31,-1.83,3.91,5.25,4,0.256599992513657,0.383199989795685,0.508000016212463,0.38280001282692,0.318199992179871,0.255199998617172,0.350500002503395,0.255199998617172,0.508000016212463,80.375,38.375,248,1.2098091840744,8.43684959411621,723.150024414062,52.6800003051758,-0.0900000035762787,26.5,61.9300003051758,13755,8737.5,-76,68,3,6.92000007629395,67.8199996948242,5323.60009765625,131.429992675781,5.59999990463257,-110.5,16,0.986100018024445,0.00100000004749745,0,0,0,0.0129000004380941,0,0,0,0,0,0.899999976158142,16,5.30000019073486,4,5.90000009536743,40,38,45.4000015258789
"9252",52.843,-119.256,961,4.1,15.6,-7,22.6,585,236,24.1,66.1,153,260,107,287,7.03,867,1297,5074,38,549,-35.8,35,584,13.5,164,214,62,-2.3,-2,3.8,10.1,17.5,20.1,23.2,23,17.1,8.4,0.8,-3.2,-9.5,-11.9,-6.1,-2.3,2,6.1,8.1,7.6,4,-0.4,-5.6,-10.3,-5.9,-7,-1.1,3.9,9.8,13.1,15.6,15.3,10.6,4,-2.4,-6.8,57,47,51,37,30,64,53,35,54,61,56,40,4.3,7,12.2,18.6,23.3,23.3,22.9,20.2,14.1,7.9,4.5,3.2,202,211,85,16,0,0,0,0,1,14,112,226,0,0,0,32,156,243,330,320,174,43,0,0,741,696,594,423,255,148,86,95,223,435,612,765,0,0,1,0,0,5,11,12,4,0,2,1,1,0,2,8,21,29,31,30,25,14,3,1,43,44,38,9,1,0,0,0,2,8,33,35,0,0,0,55,101,114,126,106,58,24,0,0,0,0,0,18,71,50,73,71,4,0,0,0,70,59,62,58,52,57,55,54,59,70,74,70,5.7,4.7,4.37,0.96,-4.75,-2.43,-5.55,-7.31,-1.83,3.91,5.25,4,0.256599992513657,0.383199989795685,0.508000016212463,0.38280001282692,0.318199992179871,0.255199998617172,0.350500002503395,0.255199998617172,0.508000016212463,80.375,38.375,248,1.2098091840744,8.43684959411621,723.150024414062,52.6800003051758,-0.0900000035762787,26.5,61.9300003051758,13755,8737.5,-76,68,3,6.92000007629395,67.8199996948242,5323.60009765625,131.429992675781,5.59999990463257,-110.5,16,0.986100018024445,0.00100000004749745,0,0,0,0.0129000004380941,0,0,0,0,0,0.899999976158142,16,5.30000019073486,4,5.90000009536743,40,38,45.4000015258789
"9253",52.843,-119.256,961,4.1,15.6,-7,22.6,585,236,24.1,66.1,153,260,107,287,7.03,867,1297,5074,38,549,-35.8,35,584,13.5,164,214,62,-2.3,-2,3.8,10.1,17.5,20.1,23.2,23,17.1,8.4,0.8,-3.2,-9.5,-11.9,-6.1,-2.3,2,6.1,8.1,7.6,4,-0.4,-5.6,-10.3,-5.9,-7,-1.1,3.9,9.8,13.1,15.6,15.3,10.6,4,-2.4,-6.8,57,47,51,37,30,64,53,35,54,61,56,40,4.3,7,12.2,18.6,23.3,23.3,22.9,20.2,14.1,7.9,4.5,3.2,202,211,85,16,0,0,0,0,1,14,112,226,0,0,0,32,156,243,330,320,174,43,0,0,741,696,594,423,255,148,86,95,223,435,612,765,0,0,1,0,0,5,11,12,4,0,2,1,1,0,2,8,21,29,31,30,25,14,3,1,43,44,38,9,1,0,0,0,2,8,33,35,0,0,0,55,101,114,126,106,58,24,0,0,0,0,0,18,71,50,73,71,4,0,0,0,70,59,62,58,52,57,55,54,59,70,74,70,5.7,4.7,4.37,0.96,-4.75,-2.43,-5.55,-7.31,-1.83,3.91,5.25,4,0.256599992513657,0.383199989795685,0.508000016212463,0.38280001282692,0.318199992179871,0.255199998617172,0.350500002503395,0.255199998617172,0.508000016212463,80.375,38.375,248,1.2098091840744,8.43684959411621,723.150024414062,52.6800003051758,-0.0900000035762787,26.5,61.9300003051758,13755,8737.5,-76,68,3,6.92000007629395,67.8199996948242,5323.60009765625,131.429992675781,5.59999990463257,-110.5,16,0.986100018024445,0.00100000004749745,0,0,0,0.0129000004380941,0,0,0,0,0,0.899999976158142,16,5.30000019073486,4,5.90000009536743,40,38,45.4000015258789
"9254",51.86,-119.299,704,5.9,17.1,-4.7,21.8,1001,430,15.9,39.8,135,272,136,128,46.82,584,1551,4468,72,725,-29.4,36.2,629,13.3,200,251,67,-1.3,-0.7,5.5,11.3,18.2,20.7,24.4,24.3,17.6,8.9,2.1,-2,-6.3,-8.7,-2.9,-0.1,4,7.9,9.9,9.4,5.8,1.5,-2.3,-6.5,-3.8,-4.7,1.3,5.6,11.1,14.3,17.1,16.9,11.7,5.2,-0.1,-4.2,83,75,84,55,64,110,100,60,96,99,85,90,4.5,6.6,11.7,18.2,23.1,22.9,23,20.4,14.1,7.7,4.5,3.5,147,154,47,9,0,0,0,0,0,9,64,154,0,0,9,55,194,278,376,370,205,59,6,0,677,632,520,373,217,121,52,60,191,398,543,685,0,0,1,0,3,10,24,25,6,0,2,1,3,1,7,14,26,29,31,31,27,19,9,3,48,63,32,6,1,0,0,0,3,7,30,61,0,0,29,58,103,114,131,111,59,24,0,0,0,0,0,3,39,4,31,51,0,0,0,0,79,67,69,62,56,61,57,56,63,75,83,81,8.18,7.46,7.18,2.18,-1.33,2.41,-1.12,-5.17,2.65,7.56,7.89,8.93,0.323399990797043,0.266999989748001,0.434399992227554,0.38400000333786,0.277599990367889,0.274800002574921,0.300499990582466,0.266999989748001,0.434399992227554,185.125,-112.125,614,1.27463054656982,9.80014991760254,783.099975585938,46.4099998474121,0.0299999993294477,25.0499992370605,77.9199981689453,18708,13122,-43,87,5,8.64999961853027,74.129997253418,5607.06005859375,140.25,7.09000015258789,-47.25,12,0.983299970626831,0.0015999999595806,0,0,0.0103000001981854,9.99999974737875e-05,0,0.00469999993219972,0,0,0,0.899999976158142,17,6.90000009536743,4.40000009536743,5.90000009536743,42,40,63.5999984741211
"9255",51.86,-119.299,704,5.9,17.1,-4.7,21.8,1001,430,15.9,39.8,135,272,136,128,46.82,584,1551,4468,72,725,-29.4,36.2,629,13.3,200,251,67,-1.3,-0.7,5.5,11.3,18.2,20.7,24.4,24.3,17.6,8.9,2.1,-2,-6.3,-8.7,-2.9,-0.1,4,7.9,9.9,9.4,5.8,1.5,-2.3,-6.5,-3.8,-4.7,1.3,5.6,11.1,14.3,17.1,16.9,11.7,5.2,-0.1,-4.2,83,75,84,55,64,110,100,60,96,99,85,90,4.5,6.6,11.7,18.2,23.1,22.9,23,20.4,14.1,7.7,4.5,3.5,147,154,47,9,0,0,0,0,0,9,64,154,0,0,9,55,194,278,376,370,205,59,6,0,677,632,520,373,217,121,52,60,191,398,543,685,0,0,1,0,3,10,24,25,6,0,2,1,3,1,7,14,26,29,31,31,27,19,9,3,48,63,32,6,1,0,0,0,3,7,30,61,0,0,29,58,103,114,131,111,59,24,0,0,0,0,0,3,39,4,31,51,0,0,0,0,79,67,69,62,56,61,57,56,63,75,83,81,8.18,7.46,7.18,2.18,-1.33,2.41,-1.12,-5.17,2.65,7.56,7.89,8.93,0.323399990797043,0.266999989748001,0.434399992227554,0.38400000333786,0.277599990367889,0.274800002574921,0.300499990582466,0.266999989748001,0.434399992227554,185.125,-112.125,614,1.27463054656982,9.80014991760254,783.099975585938,46.4099998474121,0.0299999993294477,25.0499992370605,77.9199981689453,18708,13122,-43,87,5,8.64999961853027,74.129997253418,5607.06005859375,140.25,7.09000015258789,-47.25,12,0.983299970626831,0.0015999999595806,0,0,0.0103000001981854,9.99999974737875e-05,0,0.00469999993219972,0,0,0,0.899999976158142,17,6.90000009536743,4.40000009536743,5.90000009536743,42,40,63.5999984741211
"9256",51.86,-119.299,704,5.9,17.1,-4.7,21.8,1001,430,15.9,39.8,135,272,136,128,46.82,584,1551,4468,72,725,-29.4,36.2,629,13.3,200,251,67,-1.3,-0.7,5.5,11.3,18.2,20.7,24.4,24.3,17.6,8.9,2.1,-2,-6.3,-8.7,-2.9,-0.1,4,7.9,9.9,9.4,5.8,1.5,-2.3,-6.5,-3.8,-4.7,1.3,5.6,11.1,14.3,17.1,16.9,11.7,5.2,-0.1,-4.2,83,75,84,55,64,110,100,60,96,99,85,90,4.5,6.6,11.7,18.2,23.1,22.9,23,20.4,14.1,7.7,4.5,3.5,147,154,47,9,0,0,0,0,0,9,64,154,0,0,9,55,194,278,376,370,205,59,6,0,677,632,520,373,217,121,52,60,191,398,543,685,0,0,1,0,3,10,24,25,6,0,2,1,3,1,7,14,26,29,31,31,27,19,9,3,48,63,32,6,1,0,0,0,3,7,30,61,0,0,29,58,103,114,131,111,59,24,0,0,0,0,0,3,39,4,31,51,0,0,0,0,79,67,69,62,56,61,57,56,63,75,83,81,8.18,7.46,7.18,2.18,-1.33,2.41,-1.12,-5.17,2.65,7.56,7.89,8.93,0.323399990797043,0.266999989748001,0.434399992227554,0.38400000333786,0.277599990367889,0.274800002574921,0.300499990582466,0.266999989748001,0.434399992227554,185.125,-112.125,614,1.27463054656982,9.80014991760254,783.099975585938,46.4099998474121,0.0299999993294477,25.0499992370605,77.9199981689453,18708,13122,-43,87,5,8.64999961853027,74.129997253418,5607.06005859375,140.25,7.09000015258789,-47.25,12,0.983299970626831,0.0015999999595806,0,0,0.0103000001981854,9.99999974737875e-05,0,0.00469999993219972,0,0,0,0.899999976158142,17,6.90000009536743,4.40000009536743,5.90000009536743,42,40,63.5999984741211
"9257",51.86,-119.299,704,5.9,17.1,-4.7,21.8,1001,430,15.9,39.8,135,272,136,128,46.82,584,1551,4468,72,725,-29.4,36.2,629,13.3,200,251,67,-1.3,-0.7,5.5,11.3,18.2,20.7,24.4,24.3,17.6,8.9,2.1,-2,-6.3,-8.7,-2.9,-0.1,4,7.9,9.9,9.4,5.8,1.5,-2.3,-6.5,-3.8,-4.7,1.3,5.6,11.1,14.3,17.1,16.9,11.7,5.2,-0.1,-4.2,83,75,84,55,64,110,100,60,96,99,85,90,4.5,6.6,11.7,18.2,23.1,22.9,23,20.4,14.1,7.7,4.5,3.5,147,154,47,9,0,0,0,0,0,9,64,154,0,0,9,55,194,278,376,370,205,59,6,0,677,632,520,373,217,121,52,60,191,398,543,685,0,0,1,0,3,10,24,25,6,0,2,1,3,1,7,14,26,29,31,31,27,19,9,3,48,63,32,6,1,0,0,0,3,7,30,61,0,0,29,58,103,114,131,111,59,24,0,0,0,0,0,3,39,4,31,51,0,0,0,0,79,67,69,62,56,61,57,56,63,75,83,81,8.18,7.46,7.18,2.18,-1.33,2.41,-1.12,-5.17,2.65,7.56,7.89,8.93,0.323399990797043,0.266999989748001,0.434399992227554,0.38400000333786,0.277599990367889,0.274800002574921,0.300499990582466,0.266999989748001,0.434399992227554,185.125,-112.125,614,1.27463054656982,9.80014991760254,783.099975585938,46.4099998474121,0.0299999993294477,25.0499992370605,77.9199981689453,18708,13122,-43,87,5,8.64999961853027,74.129997253418,5607.06005859375,140.25,7.09000015258789,-47.25,12,0.983299970626831,0.0015999999595806,0,0,0.0103000001981854,9.99999974737875e-05,0,0.00469999993219972,0,0,0,0.899999976158142,17,6.90000009536743,4.40000009536743,5.90000009536743,42,40,63.5999984741211
"9258",53.616,-114.074,753,3.2,16.8,-10.1,26.9,530,353,24.9,47.6,135,258,123,150,5.65,1225,1434,5411,56,661,-41.7,34.3,560,12.7,163,125,60,-3.7,-4.4,0.7,9.4,18,20.5,23,22.3,17.5,9,-0.4,-4.3,-14.1,-15.7,-10.1,-2.1,4.1,8.3,10.5,9.2,4.3,-1.6,-9.4,-13.9,-8.9,-10.1,-4.7,3.7,11.1,14.4,16.8,15.8,10.9,3.7,-4.9,-9.1,22,21,25,32,49,92,115,58,39,25,32,20,3.8,7.1,12.2,17.8,21.9,22.3,21.5,18.5,13.3,7.4,3.9,2.9,276,286,172,17,0,0,0,0,0,16,173,285,0,0,0,34,194,281,367,336,183,39,0,0,834,783,706,429,217,119,58,84,214,445,687,836,0,0,1,0,3,10,21,15,4,0,1,0,0,0,1,8,26,30,31,31,25,10,1,0,20,21,24,9,1,0,0,0,1,4,25,19,0,0,0,52,99,110,118,98,58,25,0,0,0,0,0,20,50,18,3,40,19,0,0,0,57,53,57,61,57,62,62,60,59,64,63,59,2.2,2.1,2.45,0.77,-2.72,0.82,1.75,-3.75,-3.36,0.19,3.19,2,0.266402548825027,0.482648859338827,0.583008432844844,0.443823748637235,0.163264177432389,0.104731404268453,0.355113148731131,0.104731404268453,0.583008432844844,7.875,-1.125,22,1.1457484960556,11.7365264892578,716.150024414062,40.8499984741211,-0.310000002384186,30,42.4000015258789,15382.5,9705,-81,93,4,5.09999990463257,33.25,5315.56005859375,129.169998168945,129.169998168945,-87,8,0.830200016498566,0.107100002467632,0,0,0.00300000002607703,0.0221999995410442,0,0.034000001847744,0,0,0.00350000010803342,1.10000002384186,11,3.79999995231628,4.5,6.09999990463257,38,41,55.9000015258789
"9259",52.635,-114.624,972,3.1,15.8,-9.5,25.3,551,383,23.8,41.3,147,256,109,132,6.84,1153,1298,5450,38,554,-42.4,34.3,569,13.3,153,120,56,-2.4,-2.9,1.9,9.7,17.1,19.7,22.4,22.1,17.3,9.6,1.2,-3,-13.9,-16.1,-10.2,-2.9,2.7,7,9.3,8.2,3.6,-2.7,-9.8,-14.3,-8.2,-9.5,-4.1,3.4,9.9,13.3,15.8,15.2,10.5,3.4,-4.3,-8.7,21,20,26,28,66,98,110,61,48,26,28,19,4.3,7.9,13,18.6,22.3,22.6,21.8,19.1,13.9,8.1,4.5,3.2,260,265,156,19,0,0,0,0,1,18,158,275,0,0,0,30,159,249,336,317,171,36,0,0,812,766,687,438,252,144,81,98,226,454,669,824,0,0,1,0,1,6,13,12,4,0,2,0,0,0,1,6,23,29,31,31,24,7,1,0,19,20,25,9,2,0,0,1,2,5,21,18,0,0,0,55,98,109,119,101,60,27,0,0,0,0,0,27,32,11,9,40,12,1,0,0,53,47,53,57,55,61,60,58,57,58,56,53,2.1,2,2.45,0.26,-0.85,1.48,1.17,-3.79,-2.65,0.08,2.68,1.9,0.283600002527237,0.39860001206398,0.554400026798248,0.519999980926514,0.243599995970726,0.168500006198883,0.341100007295609,0.168500006198883,0.554400026798248,10.5,6.5,33,1.13547563552856,10.5470104217529,749.200012207031,38.2700004577637,-0.300000011920929,27.1000003814697,44.5999984741211,14028,8895,-44,72,3,6.3899998664856,15.1300001144409,5357.39013671875,132.630004882812,132.630004882812,-121.5,9,0.0143999997526407,0.958199977874756,0,0.00380000006407499,0.0147000001743436,0.00810000021010637,0,0,0,0,0.0007999999797903,1.20000004768372,9,4,4.40000009536743,6.09999990463257,29,48,48.4000015258789
"9260",52.635,-114.624,972,3.1,15.8,-9.5,25.3,551,383,23.8,41.3,147,256,109,132,6.84,1153,1298,5450,38,554,-42.4,34.3,569,13.3,153,120,56,-2.4,-2.9,1.9,9.7,17.1,19.7,22.4,22.1,17.3,9.6,1.2,-3,-13.9,-16.1,-10.2,-2.9,2.7,7,9.3,8.2,3.6,-2.7,-9.8,-14.3,-8.2,-9.5,-4.1,3.4,9.9,13.3,15.8,15.2,10.5,3.4,-4.3,-8.7,21,20,26,28,66,98,110,61,48,26,28,19,4.3,7.9,13,18.6,22.3,22.6,21.8,19.1,13.9,8.1,4.5,3.2,260,265,156,19,0,0,0,0,1,18,158,275,0,0,0,30,159,249,336,317,171,36,0,0,812,766,687,438,252,144,81,98,226,454,669,824,0,0,1,0,1,6,13,12,4,0,2,0,0,0,1,6,23,29,31,31,24,7,1,0,19,20,25,9,2,0,0,1,2,5,21,18,0,0,0,55,98,109,119,101,60,27,0,0,0,0,0,27,32,11,9,40,12,1,0,0,53,47,53,57,55,61,60,58,57,58,56,53,2.1,2,2.45,0.26,-0.85,1.48,1.17,-3.79,-2.65,0.08,2.68,1.9,0.283600002527237,0.39860001206398,0.554400026798248,0.519999980926514,0.243599995970726,0.168500006198883,0.341100007295609,0.168500006198883,0.554400026798248,10.5,6.5,33,1.13547563552856,10.5470104217529,749.200012207031,38.2700004577637,-0.300000011920929,27.1000003814697,44.5999984741211,14028,8895,-44,72,3,6.3899998664856,15.1300001144409,5357.39013671875,132.630004882812,132.630004882812,-121.5,9,0.0143999997526407,0.958199977874756,0,0.00380000006407499,0.0147000001743436,0.00810000021010637,0,0,0,0,0.0007999999797903,1.20000004768372,9,4,4.40000009536743,6.09999990463257,29,48,48.4000015258789
"9261",52.635,-114.624,972,3.1,15.8,-9.5,25.3,551,383,23.8,41.3,147,256,109,132,6.84,1153,1298,5450,38,554,-42.4,34.3,569,13.3,153,120,56,-2.4,-2.9,1.9,9.7,17.1,19.7,22.4,22.1,17.3,9.6,1.2,-3,-13.9,-16.1,-10.2,-2.9,2.7,7,9.3,8.2,3.6,-2.7,-9.8,-14.3,-8.2,-9.5,-4.1,3.4,9.9,13.3,15.8,15.2,10.5,3.4,-4.3,-8.7,21,20,26,28,66,98,110,61,48,26,28,19,4.3,7.9,13,18.6,22.3,22.6,21.8,19.1,13.9,8.1,4.5,3.2,260,265,156,19,0,0,0,0,1,18,158,275,0,0,0,30,159,249,336,317,171,36,0,0,812,766,687,438,252,144,81,98,226,454,669,824,0,0,1,0,1,6,13,12,4,0,2,0,0,0,1,6,23,29,31,31,24,7,1,0,19,20,25,9,2,0,0,1,2,5,21,18,0,0,0,55,98,109,119,101,60,27,0,0,0,0,0,27,32,11,9,40,12,1,0,0,53,47,53,57,55,61,60,58,57,58,56,53,2.1,2,2.45,0.26,-0.85,1.48,1.17,-3.79,-2.65,0.08,2.68,1.9,0.283600002527237,0.39860001206398,0.554400026798248,0.519999980926514,0.243599995970726,0.168500006198883,0.341100007295609,0.168500006198883,0.554400026798248,10.5,6.5,33,1.13547563552856,10.5470104217529,749.200012207031,38.2700004577637,-0.300000011920929,27.1000003814697,44.5999984741211,14028,8895,-44,72,3,6.3899998664856,15.1300001144409,5357.39013671875,132.630004882812,132.630004882812,-121.5,9,0.0143999997526407,0.958199977874756,0,0.00380000006407499,0.0147000001743436,0.00810000021010637,0,0,0,0,0.0007999999797903,1.20000004768372,9,4,4.40000009536743,6.09999990463257,29,48,48.4000015258789
"9262",52.635,-114.624,972,3.1,15.8,-9.5,25.3,551,383,23.8,41.3,147,256,109,132,6.84,1153,1298,5450,38,554,-42.4,34.3,569,13.3,153,120,56,-2.4,-2.9,1.9,9.7,17.1,19.7,22.4,22.1,17.3,9.6,1.2,-3,-13.9,-16.1,-10.2,-2.9,2.7,7,9.3,8.2,3.6,-2.7,-9.8,-14.3,-8.2,-9.5,-4.1,3.4,9.9,13.3,15.8,15.2,10.5,3.4,-4.3,-8.7,21,20,26,28,66,98,110,61,48,26,28,19,4.3,7.9,13,18.6,22.3,22.6,21.8,19.1,13.9,8.1,4.5,3.2,260,265,156,19,0,0,0,0,1,18,158,275,0,0,0,30,159,249,336,317,171,36,0,0,812,766,687,438,252,144,81,98,226,454,669,824,0,0,1,0,1,6,13,12,4,0,2,0,0,0,1,6,23,29,31,31,24,7,1,0,19,20,25,9,2,0,0,1,2,5,21,18,0,0,0,55,98,109,119,101,60,27,0,0,0,0,0,27,32,11,9,40,12,1,0,0,53,47,53,57,55,61,60,58,57,58,56,53,2.1,2,2.45,0.26,-0.85,1.48,1.17,-3.79,-2.65,0.08,2.68,1.9,0.283600002527237,0.39860001206398,0.554400026798248,0.519999980926514,0.243599995970726,0.168500006198883,0.341100007295609,0.168500006198883,0.554400026798248,10.5,6.5,33,1.13547563552856,10.5470104217529,749.200012207031,38.2700004577637,-0.300000011920929,27.1000003814697,44.5999984741211,14028,8895,-44,72,3,6.3899998664856,15.1300001144409,5357.39013671875,132.630004882812,132.630004882812,-121.5,9,0.0143999997526407,0.958199977874756,0,0.00380000006407499,0.0147000001743436,0.00810000021010637,0,0,0,0,0.0007999999797903,1.20000004768372,9,4,4.40000009536743,6.09999990463257,29,48,48.4000015258789
"9263",53.408,-113.758,705,3.2,17,-10.7,27.7,526,371,25.1,45.8,138,257,119,161,2.2,1276,1471,5422,60,687,-42.2,34.7,584,12.9,160,108,57,-4,-4.8,0.5,10.3,18.7,21.2,23.7,22.8,18.2,10,-0.1,-4.4,-14.8,-16.6,-10.7,-2.3,3.9,8.2,10.4,9,4.1,-1.9,-9.9,-14.3,-9.4,-10.7,-5.1,4,11.3,14.7,17,15.9,11.1,4,-5,-9.4,20,20,22,28,58,91,119,58,45,24,25,16,3.9,7.3,12.4,18.4,21.9,22.5,21.6,18.6,13.6,7.6,4.1,2.9,294,302,183,15,0,0,0,0,0,14,175,292,0,0,0,38,200,290,373,339,188,43,0,0,849,800,718,420,212,112,54,82,205,435,690,846,0,0,0,0,4,12,23,16,4,0,1,0,0,0,0,8,26,30,31,31,25,9,1,0,19,20,21,7,1,0,0,0,2,3,20,15,0,0,0,55,103,114,123,101,61,27,0,0,0,0,0,27,45,23,4,43,16,3,0,0,55,51,55,57,54,60,60,59,56,60,60,58,2,2,2.2,0.05,-2.29,0.21,1.56,-4.17,-3.21,-0.26,2.5,1.6,0.133699998259544,0.403200000524521,0.510399997234344,0.416399985551834,0.269800007343292,0.26240000128746,0.336500003933907,0.133699998259544,0.510399997234344,2.875,2.875,6,1.14595007896423,12.4307527542114,719.210021972656,43.1300010681152,-0.340000003576279,30.4500007629395,40.560001373291,16054.5,13041,-83,100,5,5.01000022888184,33.2299995422363,5326.919921875,129.350006103516,129.350006103516,-71.75,27,0.905099987983704,0.0538000017404556,0,0.00300000002607703,0.0141000002622604,0.0217000003904104,0,0.000199999994947575,0,0,0.00209999992512167,1.10000002384186,10,3.29999995231628,4.59999990463257,6.40000009536743,44,30,47.5999984741211
"9264",53.408,-113.758,705,3.2,17,-10.7,27.7,526,371,25.1,45.8,138,257,119,161,2.2,1276,1471,5422,60,687,-42.2,34.7,584,12.9,160,108,57,-4,-4.8,0.5,10.3,18.7,21.2,23.7,22.8,18.2,10,-0.1,-4.4,-14.8,-16.6,-10.7,-2.3,3.9,8.2,10.4,9,4.1,-1.9,-9.9,-14.3,-9.4,-10.7,-5.1,4,11.3,14.7,17,15.9,11.1,4,-5,-9.4,20,20,22,28,58,91,119,58,45,24,25,16,3.9,7.3,12.4,18.4,21.9,22.5,21.6,18.6,13.6,7.6,4.1,2.9,294,302,183,15,0,0,0,0,0,14,175,292,0,0,0,38,200,290,373,339,188,43,0,0,849,800,718,420,212,112,54,82,205,435,690,846,0,0,0,0,4,12,23,16,4,0,1,0,0,0,0,8,26,30,31,31,25,9,1,0,19,20,21,7,1,0,0,0,2,3,20,15,0,0,0,55,103,114,123,101,61,27,0,0,0,0,0,27,45,23,4,43,16,3,0,0,55,51,55,57,54,60,60,59,56,60,60,58,2,2,2.2,0.05,-2.29,0.21,1.56,-4.17,-3.21,-0.26,2.5,1.6,0.133699998259544,0.403200000524521,0.510399997234344,0.416399985551834,0.269800007343292,0.26240000128746,0.336500003933907,0.133699998259544,0.510399997234344,2.875,2.875,6,1.14595007896423,12.4307527542114,719.210021972656,43.1300010681152,-0.340000003576279,30.4500007629395,40.560001373291,16054.5,13041,-83,100,5,5.01000022888184,33.2299995422363,5326.919921875,129.350006103516,129.350006103516,-71.75,27,0.905099987983704,0.0538000017404556,0,0.00300000002607703,0.0141000002622604,0.0217000003904104,0,0.000199999994947575,0,0,0.00209999992512167,1.10000002384186,10,3.29999995231628,4.59999990463257,6.40000009536743,44,30,47.5999984741211
"9265",53.616,-114.074,753,3.2,16.8,-10.1,26.9,530,353,24.9,47.6,135,258,123,150,5.65,1225,1434,5411,56,661,-41.7,34.3,560,12.7,163,125,60,-3.7,-4.4,0.7,9.4,18,20.5,23,22.3,17.5,9,-0.4,-4.3,-14.1,-15.7,-10.1,-2.1,4.1,8.3,10.5,9.2,4.3,-1.6,-9.4,-13.9,-8.9,-10.1,-4.7,3.7,11.1,14.4,16.8,15.8,10.9,3.7,-4.9,-9.1,22,21,25,32,49,92,115,58,39,25,32,20,3.8,7.1,12.2,17.8,21.9,22.3,21.5,18.5,13.3,7.4,3.9,2.9,276,286,172,17,0,0,0,0,0,16,173,285,0,0,0,34,194,281,367,336,183,39,0,0,834,783,706,429,217,119,58,84,214,445,687,836,0,0,1,0,3,10,21,15,4,0,1,0,0,0,1,8,26,30,31,31,25,10,1,0,20,21,24,9,1,0,0,0,1,4,25,19,0,0,0,52,99,110,118,98,58,25,0,0,0,0,0,20,50,18,3,40,19,0,0,0,57,53,57,61,57,62,62,60,59,64,63,59,2.2,2.1,2.45,0.77,-2.72,0.82,1.75,-3.75,-3.36,0.19,3.19,2,0.266402548825027,0.482648859338827,0.583008432844844,0.443823748637235,0.163264177432389,0.104731404268453,0.355113148731131,0.104731404268453,0.583008432844844,7.875,-1.125,22,1.1457484960556,11.7365264892578,716.150024414062,40.8499984741211,-0.310000002384186,30,42.4000015258789,15382.5,9705,-81,93,4,5.09999990463257,33.25,5315.56005859375,129.169998168945,129.169998168945,-87,8,0.830200016498566,0.107100002467632,0,0,0.00300000002607703,0.0221999995410442,0,0.034000001847744,0,0,0.00350000010803342,1.10000002384186,11,3.79999995231628,4.5,6.09999990463257,38,41,55.9000015258789
"9266",53.616,-114.074,753,3.2,16.8,-10.1,26.9,530,353,24.9,47.6,135,258,123,150,5.65,1225,1434,5411,56,661,-41.7,34.3,560,12.7,163,125,60,-3.7,-4.4,0.7,9.4,18,20.5,23,22.3,17.5,9,-0.4,-4.3,-14.1,-15.7,-10.1,-2.1,4.1,8.3,10.5,9.2,4.3,-1.6,-9.4,-13.9,-8.9,-10.1,-4.7,3.7,11.1,14.4,16.8,15.8,10.9,3.7,-4.9,-9.1,22,21,25,32,49,92,115,58,39,25,32,20,3.8,7.1,12.2,17.8,21.9,22.3,21.5,18.5,13.3,7.4,3.9,2.9,276,286,172,17,0,0,0,0,0,16,173,285,0,0,0,34,194,281,367,336,183,39,0,0,834,783,706,429,217,119,58,84,214,445,687,836,0,0,1,0,3,10,21,15,4,0,1,0,0,0,1,8,26,30,31,31,25,10,1,0,20,21,24,9,1,0,0,0,1,4,25,19,0,0,0,52,99,110,118,98,58,25,0,0,0,0,0,20,50,18,3,40,19,0,0,0,57,53,57,61,57,62,62,60,59,64,63,59,2.2,2.1,2.45,0.77,-2.72,0.82,1.75,-3.75,-3.36,0.19,3.19,2,0.266402548825027,0.482648859338827,0.583008432844844,0.443823748637235,0.163264177432389,0.104731404268453,0.355113148731131,0.104731404268453,0.583008432844844,7.875,-1.125,22,1.1457484960556,11.7365264892578,716.150024414062,40.8499984741211,-0.310000002384186,30,42.4000015258789,15382.5,9705,-81,93,4,5.09999990463257,33.25,5315.56005859375,129.169998168945,129.169998168945,-87,8,0.830200016498566,0.107100002467632,0,0,0.00300000002607703,0.0221999995410442,0,0.034000001847744,0,0,0.00350000010803342,1.10000002384186,11,3.79999995231628,4.5,6.09999990463257,38,41,55.9000015258789
"9267",53.987,-113.319,656,2.7,17,-11.7,28.7,481,322,26.4,52.8,138,257,119,194,-0.36,1438,1456,5622,59,683,-43.9,34.9,569,12.6,160,115,58,-5.6,-5.9,-0.2,9.4,18.5,21.1,23.4,22.7,17.7,9.2,-1.3,-5.8,-16.4,-17.5,-11.3,-2.5,3.9,8.4,10.6,9.1,4.1,-1.9,-10.3,-15.6,-11,-11.7,-5.8,3.5,11.2,14.8,17,15.9,10.9,3.6,-5.8,-10.7,23,20,20,28,44,92,103,50,33,25,26,17,3.6,7.1,12.2,18,21.7,22.3,21.4,18.4,13.1,7.3,3.7,2.6,343,330,202,18,0,0,0,0,0,17,193,334,0,0,0,34,197,293,373,339,183,38,0,0,898,828,740,435,215,109,54,82,214,448,714,886,0,0,0,0,4,12,23,16,4,0,0,0,0,0,0,7,26,30,31,31,25,9,1,0,22,20,20,8,1,0,0,0,1,4,22,17,0,0,0,52,102,113,120,99,58,25,0,0,0,0,0,24,58,21,17,49,25,0,0,0,54,51,55,59,55,61,62,59,58,62,63,58,2.3,2,2,0.42,-3.51,0.48,0.34,-4.81,-4.05,0.16,2.6,1.7,0.145699992775917,0.283199995756149,0.361400008201599,0.357800006866455,0.229200005531311,0.205599993467331,0.25620000064373,0.145699992775917,0.361400008201599,4,0.5,13,1.1425154209137,12.2054452896118,707.739990234375,44.4099998474121,-0.340000003576279,31.25,39.25,15739.5,9990,-96,99,4,4.03000020980835,31.7199993133545,5412.14013671875,129.699996948242,129.699996948242,-70.75,3,0.604700028896332,0.375800013542175,0,0.00120000005699694,0,0.0094999996945262,0,0,0,0,0.00879999995231628,1.10000002384186,8,3.59999990463257,4,6.30000019073486,41,34,46.9000015258789
"9268",53.987,-113.319,656,2.7,17,-11.7,28.7,481,322,26.4,52.8,138,257,119,194,-0.36,1438,1456,5622,59,683,-43.9,34.9,569,12.6,160,115,58,-5.6,-5.9,-0.2,9.4,18.5,21.1,23.4,22.7,17.7,9.2,-1.3,-5.8,-16.4,-17.5,-11.3,-2.5,3.9,8.4,10.6,9.1,4.1,-1.9,-10.3,-15.6,-11,-11.7,-5.8,3.5,11.2,14.8,17,15.9,10.9,3.6,-5.8,-10.7,23,20,20,28,44,92,103,50,33,25,26,17,3.6,7.1,12.2,18,21.7,22.3,21.4,18.4,13.1,7.3,3.7,2.6,343,330,202,18,0,0,0,0,0,17,193,334,0,0,0,34,197,293,373,339,183,38,0,0,898,828,740,435,215,109,54,82,214,448,714,886,0,0,0,0,4,12,23,16,4,0,0,0,0,0,0,7,26,30,31,31,25,9,1,0,22,20,20,8,1,0,0,0,1,4,22,17,0,0,0,52,102,113,120,99,58,25,0,0,0,0,0,24,58,21,17,49,25,0,0,0,54,51,55,59,55,61,62,59,58,62,63,58,2.3,2,2,0.42,-3.51,0.48,0.34,-4.81,-4.05,0.16,2.6,1.7,0.145699992775917,0.283199995756149,0.361400008201599,0.357800006866455,0.229200005531311,0.205599993467331,0.25620000064373,0.145699992775917,0.361400008201599,4,0.5,13,1.1425154209137,12.2054452896118,707.739990234375,44.4099998474121,-0.340000003576279,31.25,39.25,15739.5,9990,-96,99,4,4.03000020980835,31.7199993133545,5412.14013671875,129.699996948242,129.699996948242,-70.75,3,0.604700028896332,0.375800013542175,0,0.00120000005699694,0,0.0094999996945262,0,0,0,0,0.00879999995231628,1.10000002384186,8,3.59999990463257,4,6.30000019073486,41,34,46.9000015258789
"9269",53.987,-113.319,656,2.7,17,-11.7,28.7,481,322,26.4,52.8,138,257,119,194,-0.36,1438,1456,5622,59,683,-43.9,34.9,569,12.6,160,115,58,-5.6,-5.9,-0.2,9.4,18.5,21.1,23.4,22.7,17.7,9.2,-1.3,-5.8,-16.4,-17.5,-11.3,-2.5,3.9,8.4,10.6,9.1,4.1,-1.9,-10.3,-15.6,-11,-11.7,-5.8,3.5,11.2,14.8,17,15.9,10.9,3.6,-5.8,-10.7,23,20,20,28,44,92,103,50,33,25,26,17,3.6,7.1,12.2,18,21.7,22.3,21.4,18.4,13.1,7.3,3.7,2.6,343,330,202,18,0,0,0,0,0,17,193,334,0,0,0,34,197,293,373,339,183,38,0,0,898,828,740,435,215,109,54,82,214,448,714,886,0,0,0,0,4,12,23,16,4,0,0,0,0,0,0,7,26,30,31,31,25,9,1,0,22,20,20,8,1,0,0,0,1,4,22,17,0,0,0,52,102,113,120,99,58,25,0,0,0,0,0,24,58,21,17,49,25,0,0,0,54,51,55,59,55,61,62,59,58,62,63,58,2.3,2,2,0.42,-3.51,0.48,0.34,-4.81,-4.05,0.16,2.6,1.7,0.145699992775917,0.283199995756149,0.361400008201599,0.357800006866455,0.229200005531311,0.205599993467331,0.25620000064373,0.145699992775917,0.361400008201599,4,0.5,13,1.1425154209137,12.2054452896118,707.739990234375,44.4099998474121,-0.340000003576279,31.25,39.25,15739.5,9990,-96,99,4,4.03000020980835,31.7199993133545,5412.14013671875,129.699996948242,129.699996948242,-70.75,3,0.604700028896332,0.375800013542175,0,0.00120000005699694,0,0.0094999996945262,0,0,0,0,0.00879999995231628,1.10000002384186,8,3.59999990463257,4,6.30000019073486,41,34,46.9000015258789
"9270",52.652,-114.724,1002,3,15.6,-9.2,24.8,559,389,23.3,40.1,148,256,108,121,8.41,1134,1264,5452,34,532,-42.4,34.1,564,13.3,152,123,56,-2.1,-2.6,2.1,9.6,16.8,19.4,22.2,21.9,17.1,9.4,1.4,-2.8,-13.8,-15.9,-10.2,-3,2.6,6.9,9.1,8.1,3.6,-2.8,-9.8,-14.2,-8,-9.2,-4,3.3,9.7,13.1,15.6,15,10.4,3.3,-4.2,-8.5,21,21,27,28,68,101,110,62,48,26,28,19,4.3,7.9,13.1,18.6,22.4,22.6,21.9,19.1,13.8,8.1,4.6,3.3,255,259,153,20,0,0,0,0,1,19,156,270,0,0,0,28,153,243,330,307,168,35,0,0,806,758,684,441,258,148,86,102,229,457,666,818,0,0,1,0,0,5,11,11,3,0,2,0,0,0,1,6,23,29,31,31,24,7,1,0,18,21,26,9,2,0,0,1,2,5,21,18,0,0,0,55,97,108,118,100,59,27,0,0,0,0,0,27,29,7,8,38,11,1,0,0,52,46,52,57,56,61,60,58,58,58,56,53,2.1,2.1,2.53,0.3,-0.4,1.94,1.25,-3.58,-2.54,0.16,2.66,1.9,0.123000003397465,0.394800007343292,0.501600027084351,0.426800012588501,0.239600002765656,0.166500002145767,0.317200005054474,0.123000003397465,0.501600027084351,23,-22,66,1.14345049858093,14.5421838760376,743.280029296875,37.0800018310547,-0.300000011920929,26.8500003814697,45.189998626709,13755,8737.5,-44,70,3,6.32999992370605,15,5317.35009765625,131.630004882812,131.630004882812,-125.25,7,0.963599979877472,0.0254999995231628,0,0,0.00410000002011657,0.00669999979436398,0,0,0,0,9.99999974737875e-05,1.10000002384186,14,2.40000009536743,4.19999980926514,5.80000019073486,28,51,39.2999992370605
"9271",55.114,-121.019,822,2.8,14.6,-8.4,23,521,274,24.6,53.3,155,252,97,205,7.98,1092,1117,5533,29,417,-39.7,32.8,528,12.5,153,166,61,-3.2,-3.4,1.9,9.1,16.7,19,21.2,20.7,16,7.7,-0.9,-4.1,-11.6,-13.4,-8.8,-2.5,1.6,5.2,7.9,6.6,2.9,-0.9,-8.1,-12.6,-7.4,-8.4,-3.5,3.3,9.2,12.1,14.6,13.6,9.4,3.4,-4.5,-8.3,34,22,32,29,29,84,80,46,35,55,46,29,3.4,6.3,11.8,17.8,22.3,23,21.4,18.2,12.9,6.8,3.6,2.5,241,243,140,20,1,0,0,0,1,18,163,265,0,0,0,25,139,214,296,268,140,36,0,0,787,735,668,441,273,178,111,138,259,454,675,812,1,1,2,1,0,3,7,5,2,2,3,1,1,0,1,7,19,28,31,30,22,12,2,0,29,21,30,9,1,1,1,1,2,10,35,27,0,0,0,50,95,107,112,92,52,20,0,0,0,0,0,21,66,23,32,46,17,0,0,0,64,58,58,60,53,57,59,57,59,70,70,64,3.4,2.2,2.94,0.59,-4.01,0.28,-1.09,-4.43,-2.92,3.59,4.54,2.9,0.0760999992489815,0.375,0.409200012683868,0.312999993562698,0.241999998688698,0.151800006628036,0.277499996125698,0.0760999992489815,0.409200012683868,44.75,27,107,1.17454445362091,9.0160083770752,663.789978027344,41,-0.0799999982118607,27.1499996185303,56.9599990844727,13786.5,8760,-77,78,3,4.80999994277954,31.25,5024.669921875,122.360000610352,122.360000610352,-124.75,25,0.765500009059906,0.0379000008106232,0,0,0.00260000000707805,0.148900002241135,0,0,0,0,0.045099999755621,1,18,4.09999990463257,4.59999990463257,6,33,43,42.2999992370605
"9272",55.114,-121.019,822,2.8,14.6,-8.4,23,521,274,24.6,53.3,155,252,97,205,7.98,1092,1117,5533,29,417,-39.7,32.8,528,12.5,153,166,61,-3.2,-3.4,1.9,9.1,16.7,19,21.2,20.7,16,7.7,-0.9,-4.1,-11.6,-13.4,-8.8,-2.5,1.6,5.2,7.9,6.6,2.9,-0.9,-8.1,-12.6,-7.4,-8.4,-3.5,3.3,9.2,12.1,14.6,13.6,9.4,3.4,-4.5,-8.3,34,22,32,29,29,84,80,46,35,55,46,29,3.4,6.3,11.8,17.8,22.3,23,21.4,18.2,12.9,6.8,3.6,2.5,241,243,140,20,1,0,0,0,1,18,163,265,0,0,0,25,139,214,296,268,140,36,0,0,787,735,668,441,273,178,111,138,259,454,675,812,1,1,2,1,0,3,7,5,2,2,3,1,1,0,1,7,19,28,31,30,22,12,2,0,29,21,30,9,1,1,1,1,2,10,35,27,0,0,0,50,95,107,112,92,52,20,0,0,0,0,0,21,66,23,32,46,17,0,0,0,64,58,58,60,53,57,59,57,59,70,70,64,3.4,2.2,2.94,0.59,-4.01,0.28,-1.09,-4.43,-2.92,3.59,4.54,2.9,0.0760999992489815,0.375,0.409200012683868,0.312999993562698,0.241999998688698,0.151800006628036,0.277499996125698,0.0760999992489815,0.409200012683868,44.75,27,107,1.17454445362091,9.0160083770752,663.789978027344,41,-0.0799999982118607,27.1499996185303,56.9599990844727,13786.5,8760,-77,78,3,4.80999994277954,31.25,5024.669921875,122.360000610352,122.360000610352,-124.75,25,0.765500009059906,0.0379000008106232,0,0,0.00260000000707805,0.148900002241135,0,0,0,0,0.045099999755621,1,18,4.09999990463257,4.59999990463257,6,33,43,42.2999992370605
"9273",55.114,-121.019,822,2.8,14.6,-8.4,23,521,274,24.6,53.3,155,252,97,205,7.98,1092,1117,5533,29,417,-39.7,32.8,528,12.5,153,166,61,-3.2,-3.4,1.9,9.1,16.7,19,21.2,20.7,16,7.7,-0.9,-4.1,-11.6,-13.4,-8.8,-2.5,1.6,5.2,7.9,6.6,2.9,-0.9,-8.1,-12.6,-7.4,-8.4,-3.5,3.3,9.2,12.1,14.6,13.6,9.4,3.4,-4.5,-8.3,34,22,32,29,29,84,80,46,35,55,46,29,3.4,6.3,11.8,17.8,22.3,23,21.4,18.2,12.9,6.8,3.6,2.5,241,243,140,20,1,0,0,0,1,18,163,265,0,0,0,25,139,214,296,268,140,36,0,0,787,735,668,441,273,178,111,138,259,454,675,812,1,1,2,1,0,3,7,5,2,2,3,1,1,0,1,7,19,28,31,30,22,12,2,0,29,21,30,9,1,1,1,1,2,10,35,27,0,0,0,50,95,107,112,92,52,20,0,0,0,0,0,21,66,23,32,46,17,0,0,0,64,58,58,60,53,57,59,57,59,70,70,64,3.4,2.2,2.94,0.59,-4.01,0.28,-1.09,-4.43,-2.92,3.59,4.54,2.9,0.0760999992489815,0.375,0.409200012683868,0.312999993562698,0.241999998688698,0.151800006628036,0.277499996125698,0.0760999992489815,0.409200012683868,44.75,27,107,1.17454445362091,9.0160083770752,663.789978027344,41,-0.0799999982118607,27.1499996185303,56.9599990844727,13786.5,8760,-77,78,3,4.80999994277954,31.25,5024.669921875,122.360000610352,122.360000610352,-124.75,25,0.765500009059906,0.0379000008106232,0,0,0.00260000000707805,0.148900002241135,0,0,0,0,0.045099999755621,1,18,4.09999990463257,4.59999990463257,6,33,43,42.2999992370605
"9274",55.114,-121.019,822,2.8,14.6,-8.4,23,521,274,24.6,53.3,155,252,97,205,7.98,1092,1117,5533,29,417,-39.7,32.8,528,12.5,153,166,61,-3.2,-3.4,1.9,9.1,16.7,19,21.2,20.7,16,7.7,-0.9,-4.1,-11.6,-13.4,-8.8,-2.5,1.6,5.2,7.9,6.6,2.9,-0.9,-8.1,-12.6,-7.4,-8.4,-3.5,3.3,9.2,12.1,14.6,13.6,9.4,3.4,-4.5,-8.3,34,22,32,29,29,84,80,46,35,55,46,29,3.4,6.3,11.8,17.8,22.3,23,21.4,18.2,12.9,6.8,3.6,2.5,241,243,140,20,1,0,0,0,1,18,163,265,0,0,0,25,139,214,296,268,140,36,0,0,787,735,668,441,273,178,111,138,259,454,675,812,1,1,2,1,0,3,7,5,2,2,3,1,1,0,1,7,19,28,31,30,22,12,2,0,29,21,30,9,1,1,1,1,2,10,35,27,0,0,0,50,95,107,112,92,52,20,0,0,0,0,0,21,66,23,32,46,17,0,0,0,64,58,58,60,53,57,59,57,59,70,70,64,3.4,2.2,2.94,0.59,-4.01,0.28,-1.09,-4.43,-2.92,3.59,4.54,2.9,0.0760999992489815,0.375,0.409200012683868,0.312999993562698,0.241999998688698,0.151800006628036,0.277499996125698,0.0760999992489815,0.409200012683868,44.75,27,107,1.17454445362091,9.0160083770752,663.789978027344,41,-0.0799999982118607,27.1499996185303,56.9599990844727,13786.5,8760,-77,78,3,4.80999994277954,31.25,5024.669921875,122.360000610352,122.360000610352,-124.75,25,0.765500009059906,0.0379000008106232,0,0,0.00260000000707805,0.148900002241135,0,0,0,0,0.045099999755621,1,18,4.09999990463257,4.59999990463257,6,33,43,42.2999992370605
"9275",53.208,-117.551,1392,2.1,14,-9,23,697,438,17.4,32,158,253,95,54,28.93,1155,994,5775,20,351,-41.2,31.7,511,13.4,140,209,58,-1.6,-2.8,1.9,8,14.7,17.2,20.4,19.7,14.8,7.9,0.1,-3.7,-12.7,-15.2,-9.8,-4.7,1.2,5.2,7.6,7.2,2.8,-3.4,-10.2,-13.4,-7.1,-9,-4,1.6,7.9,11.2,14,13.4,8.8,2.2,-5,-8.6,34,34,41,36,66,121,113,71,67,41,48,25,4.2,7.6,12.7,18.9,23.3,22.5,22.3,19.1,13.7,8.4,4.7,3.2,233,255,153,35,1,0,0,0,1,28,175,273,0,0,0,13,104,187,279,262,123,26,0,0,778,752,684,492,313,205,127,144,277,492,690,821,0,1,2,0,0,2,5,5,2,0,2,1,0,0,1,3,18,28,31,30,22,6,1,0,28,33,39,21,5,2,1,1,5,12,38,23,0,0,0,50,88,98,110,89,52,24,0,0,0,0,0,14,22,0,0,18,0,0,0,0,55,49,54,55,57,62,61,61,61,60,58,59,3.4,3.4,3.91,1.7,0.87,4.74,2.21,-1.55,0.83,2.13,4.8,2.5,0.17569999396801,0.225999996066093,0.452800005674362,0.393400013446808,0.312400013208389,0.266200006008148,0.289300009608269,0.17569999396801,0.452800005674362,24.375,-21.125,70,1.14259493350983,14.3266687393188,667.349975585938,35.0699996948242,-0.209999993443489,24.8500003814697,50.9799995422363,11329.5,7387.5,-65,54,3,6.53999996185303,32.1599998474121,4825.1201171875,120.559997558594,120.559997558594,-157.25,0,0.739000022411346,0.260899990797043,0,0,0,0,0,0,0,0,9.99999974737875e-05,1,19,2,3.29999995231628,5.90000009536743,31,51,31.6000003814697
"9276",53.208,-117.551,1392,2.1,14,-9,23,697,438,17.4,32,158,253,95,54,28.93,1155,994,5775,20,351,-41.2,31.7,511,13.4,140,209,58,-1.6,-2.8,1.9,8,14.7,17.2,20.4,19.7,14.8,7.9,0.1,-3.7,-12.7,-15.2,-9.8,-4.7,1.2,5.2,7.6,7.2,2.8,-3.4,-10.2,-13.4,-7.1,-9,-4,1.6,7.9,11.2,14,13.4,8.8,2.2,-5,-8.6,34,34,41,36,66,121,113,71,67,41,48,25,4.2,7.6,12.7,18.9,23.3,22.5,22.3,19.1,13.7,8.4,4.7,3.2,233,255,153,35,1,0,0,0,1,28,175,273,0,0,0,13,104,187,279,262,123,26,0,0,778,752,684,492,313,205,127,144,277,492,690,821,0,1,2,0,0,2,5,5,2,0,2,1,0,0,1,3,18,28,31,30,22,6,1,0,28,33,39,21,5,2,1,1,5,12,38,23,0,0,0,50,88,98,110,89,52,24,0,0,0,0,0,14,22,0,0,18,0,0,0,0,55,49,54,55,57,62,61,61,61,60,58,59,3.4,3.4,3.91,1.7,0.87,4.74,2.21,-1.55,0.83,2.13,4.8,2.5,0.17569999396801,0.225999996066093,0.452800005674362,0.393400013446808,0.312400013208389,0.266200006008148,0.289300009608269,0.17569999396801,0.452800005674362,24.375,-21.125,70,1.14259493350983,14.3266687393188,667.349975585938,35.0699996948242,-0.209999993443489,24.8500003814697,50.9799995422363,11329.5,7387.5,-65,54,3,6.53999996185303,32.1599998474121,4825.1201171875,120.559997558594,120.559997558594,-157.25,0,0.739000022411346,0.260899990797043,0,0,0,0,0,0,0,0,9.99999974737875e-05,1,19,2,3.29999995231628,5.90000009536743,31,51,31.6000003814697
"9277",53.208,-117.551,1392,2.1,14,-9,23,697,438,17.4,32,158,253,95,54,28.93,1155,994,5775,20,351,-41.2,31.7,511,13.4,140,209,58,-1.6,-2.8,1.9,8,14.7,17.2,20.4,19.7,14.8,7.9,0.1,-3.7,-12.7,-15.2,-9.8,-4.7,1.2,5.2,7.6,7.2,2.8,-3.4,-10.2,-13.4,-7.1,-9,-4,1.6,7.9,11.2,14,13.4,8.8,2.2,-5,-8.6,34,34,41,36,66,121,113,71,67,41,48,25,4.2,7.6,12.7,18.9,23.3,22.5,22.3,19.1,13.7,8.4,4.7,3.2,233,255,153,35,1,0,0,0,1,28,175,273,0,0,0,13,104,187,279,262,123,26,0,0,778,752,684,492,313,205,127,144,277,492,690,821,0,1,2,0,0,2,5,5,2,0,2,1,0,0,1,3,18,28,31,30,22,6,1,0,28,33,39,21,5,2,1,1,5,12,38,23,0,0,0,50,88,98,110,89,52,24,0,0,0,0,0,14,22,0,0,18,0,0,0,0,55,49,54,55,57,62,61,61,61,60,58,59,3.4,3.4,3.91,1.7,0.87,4.74,2.21,-1.55,0.83,2.13,4.8,2.5,0.17569999396801,0.225999996066093,0.452800005674362,0.393400013446808,0.312400013208389,0.266200006008148,0.289300009608269,0.17569999396801,0.452800005674362,24.375,-21.125,70,1.14259493350983,14.3266687393188,667.349975585938,35.0699996948242,-0.209999993443489,24.8500003814697,50.9799995422363,11329.5,7387.5,-65,54,3,6.53999996185303,32.1599998474121,4825.1201171875,120.559997558594,120.559997558594,-157.25,0,0.739000022411346,0.260899990797043,0,0,0,0,0,0,0,0,9.99999974737875e-05,1,19,2,3.29999995231628,5.90000009536743,31,51,31.6000003814697
"9278",53.208,-117.551,1392,2.1,14,-9,23,697,438,17.4,32,158,253,95,54,28.93,1155,994,5775,20,351,-41.2,31.7,511,13.4,140,209,58,-1.6,-2.8,1.9,8,14.7,17.2,20.4,19.7,14.8,7.9,0.1,-3.7,-12.7,-15.2,-9.8,-4.7,1.2,5.2,7.6,7.2,2.8,-3.4,-10.2,-13.4,-7.1,-9,-4,1.6,7.9,11.2,14,13.4,8.8,2.2,-5,-8.6,34,34,41,36,66,121,113,71,67,41,48,25,4.2,7.6,12.7,18.9,23.3,22.5,22.3,19.1,13.7,8.4,4.7,3.2,233,255,153,35,1,0,0,0,1,28,175,273,0,0,0,13,104,187,279,262,123,26,0,0,778,752,684,492,313,205,127,144,277,492,690,821,0,1,2,0,0,2,5,5,2,0,2,1,0,0,1,3,18,28,31,30,22,6,1,0,28,33,39,21,5,2,1,1,5,12,38,23,0,0,0,50,88,98,110,89,52,24,0,0,0,0,0,14,22,0,0,18,0,0,0,0,55,49,54,55,57,62,61,61,61,60,58,59,3.4,3.4,3.91,1.7,0.87,4.74,2.21,-1.55,0.83,2.13,4.8,2.5,0.17569999396801,0.225999996066093,0.452800005674362,0.393400013446808,0.312400013208389,0.266200006008148,0.289300009608269,0.17569999396801,0.452800005674362,24.375,-21.125,70,1.14259493350983,14.3266687393188,667.349975585938,35.0699996948242,-0.209999993443489,24.8500003814697,50.9799995422363,11329.5,7387.5,-65,54,3,6.53999996185303,32.1599998474121,4825.1201171875,120.559997558594,120.559997558594,-157.25,0,0.739000022411346,0.260899990797043,0,0,0,0,0,0,0,0,9.99999974737875e-05,1,19,2,3.29999995231628,5.90000009536743,31,51,31.6000003814697
"9279",55.675,-121.645,587,3.4,15.3,-8.8,24.1,515,272,26,56.2,144,253,108,232,3.26,1064,1262,5325,37,507,-39.8,33.6,553,12.4,163,162,61,-4,-3.5,2.5,10.8,18,20.3,22.3,21.7,16.9,8.5,-0.8,-4.8,-11.7,-13.4,-7.6,-1.4,2.7,5.7,8.3,6.9,3.1,-0.2,-7.3,-12.8,-7.8,-8.4,-2.5,4.7,10.3,13,15.3,14.3,10,4.2,-4,-8.8,33,30,31,28,38,85,71,44,34,43,45,33,3.2,6.1,11.4,17.8,22.2,23.1,21.5,18.4,13,6.7,3.3,2.3,251,243,115,12,0,0,0,0,1,13,151,278,0,0,0,41,171,239,320,288,157,45,0,0,800,735,637,400,235,150,93,118,241,429,660,827,0,1,2,1,2,5,10,8,3,2,2,1,1,0,1,10,23,28,31,30,23,14,2,0,29,29,27,5,1,0,0,1,2,5,33,31,0,0,0,54,99,112,117,96,54,21,0,0,0,0,0,26,61,27,46,52,20,0,0,0,67,58,61,59,53,56,58,55,57,70,73,66,3.3,3,2.69,-0.18,-3.96,-0.22,-2.52,-5.1,-3.6,2.15,4.39,3.3,0.270999997854233,0.355599999427795,0.566399991512299,0.453599989414215,0.214000001549721,0.186499997973442,0.313299998641014,0.186499997973442,0.566399991512299,12.375,-9.375,39,1.14418387413025,14.5123424530029,683.059997558594,48.5900001525879,-0.280000001192093,28.5499992370605,45.0900001525879,15456,12519,-85,92,4,4.15999984741211,32.0200004577637,5227.490234375,126.01000213623,126.01000213623,-95.25,34,0.908399999141693,0.00240000011399388,0,0,0.000699999975040555,0.00289999996311963,0,0.0851000025868416,0.000500000023748726,0,0,1,17,3.29999995231628,4.30000019073486,6.19999980926514,24,48,45.2999992370605
"9280",55.675,-121.645,587,3.4,15.3,-8.8,24.1,515,272,26,56.2,144,253,108,232,3.26,1064,1262,5325,37,507,-39.8,33.6,553,12.4,163,162,61,-4,-3.5,2.5,10.8,18,20.3,22.3,21.7,16.9,8.5,-0.8,-4.8,-11.7,-13.4,-7.6,-1.4,2.7,5.7,8.3,6.9,3.1,-0.2,-7.3,-12.8,-7.8,-8.4,-2.5,4.7,10.3,13,15.3,14.3,10,4.2,-4,-8.8,33,30,31,28,38,85,71,44,34,43,45,33,3.2,6.1,11.4,17.8,22.2,23.1,21.5,18.4,13,6.7,3.3,2.3,251,243,115,12,0,0,0,0,1,13,151,278,0,0,0,41,171,239,320,288,157,45,0,0,800,735,637,400,235,150,93,118,241,429,660,827,0,1,2,1,2,5,10,8,3,2,2,1,1,0,1,10,23,28,31,30,23,14,2,0,29,29,27,5,1,0,0,1,2,5,33,31,0,0,0,54,99,112,117,96,54,21,0,0,0,0,0,26,61,27,46,52,20,0,0,0,67,58,61,59,53,56,58,55,57,70,73,66,3.3,3,2.69,-0.18,-3.96,-0.22,-2.52,-5.1,-3.6,2.15,4.39,3.3,0.270999997854233,0.355599999427795,0.566399991512299,0.453599989414215,0.214000001549721,0.186499997973442,0.313299998641014,0.186499997973442,0.566399991512299,12.375,-9.375,39,1.14418387413025,14.5123424530029,683.059997558594,48.5900001525879,-0.280000001192093,28.5499992370605,45.0900001525879,15456,12519,-85,92,4,4.15999984741211,32.0200004577637,5227.490234375,126.01000213623,126.01000213623,-95.25,34,0.908399999141693,0.00240000011399388,0,0,0.000699999975040555,0.00289999996311963,0,0.0851000025868416,0.000500000023748726,0,0,1,17,3.29999995231628,4.30000019073486,6.19999980926514,24,48,45.2999992370605
"9281",55.675,-121.645,587,3.4,15.3,-8.8,24.1,515,272,26,56.2,144,253,108,232,3.26,1064,1262,5325,37,507,-39.8,33.6,553,12.4,163,162,61,-4,-3.5,2.5,10.8,18,20.3,22.3,21.7,16.9,8.5,-0.8,-4.8,-11.7,-13.4,-7.6,-1.4,2.7,5.7,8.3,6.9,3.1,-0.2,-7.3,-12.8,-7.8,-8.4,-2.5,4.7,10.3,13,15.3,14.3,10,4.2,-4,-8.8,33,30,31,28,38,85,71,44,34,43,45,33,3.2,6.1,11.4,17.8,22.2,23.1,21.5,18.4,13,6.7,3.3,2.3,251,243,115,12,0,0,0,0,1,13,151,278,0,0,0,41,171,239,320,288,157,45,0,0,800,735,637,400,235,150,93,118,241,429,660,827,0,1,2,1,2,5,10,8,3,2,2,1,1,0,1,10,23,28,31,30,23,14,2,0,29,29,27,5,1,0,0,1,2,5,33,31,0,0,0,54,99,112,117,96,54,21,0,0,0,0,0,26,61,27,46,52,20,0,0,0,67,58,61,59,53,56,58,55,57,70,73,66,3.3,3,2.69,-0.18,-3.96,-0.22,-2.52,-5.1,-3.6,2.15,4.39,3.3,0.270999997854233,0.355599999427795,0.566399991512299,0.453599989414215,0.214000001549721,0.186499997973442,0.313299998641014,0.186499997973442,0.566399991512299,12.375,-9.375,39,1.14418387413025,14.5123424530029,683.059997558594,48.5900001525879,-0.280000001192093,28.5499992370605,45.0900001525879,15456,12519,-85,92,4,4.15999984741211,32.0200004577637,5227.490234375,126.01000213623,126.01000213623,-95.25,34,0.908399999141693,0.00240000011399388,0,0,0.000699999975040555,0.00289999996311963,0,0.0851000025868416,0.000500000023748726,0,0,1,17,3.29999995231628,4.30000019073486,6.19999980926514,24,48,45.2999992370605
"9282",55.675,-121.645,587,3.4,15.3,-8.8,24.1,515,272,26,56.2,144,253,108,232,3.26,1064,1262,5325,37,507,-39.8,33.6,553,12.4,163,162,61,-4,-3.5,2.5,10.8,18,20.3,22.3,21.7,16.9,8.5,-0.8,-4.8,-11.7,-13.4,-7.6,-1.4,2.7,5.7,8.3,6.9,3.1,-0.2,-7.3,-12.8,-7.8,-8.4,-2.5,4.7,10.3,13,15.3,14.3,10,4.2,-4,-8.8,33,30,31,28,38,85,71,44,34,43,45,33,3.2,6.1,11.4,17.8,22.2,23.1,21.5,18.4,13,6.7,3.3,2.3,251,243,115,12,0,0,0,0,1,13,151,278,0,0,0,41,171,239,320,288,157,45,0,0,800,735,637,400,235,150,93,118,241,429,660,827,0,1,2,1,2,5,10,8,3,2,2,1,1,0,1,10,23,28,31,30,23,14,2,0,29,29,27,5,1,0,0,1,2,5,33,31,0,0,0,54,99,112,117,96,54,21,0,0,0,0,0,26,61,27,46,52,20,0,0,0,67,58,61,59,53,56,58,55,57,70,73,66,3.3,3,2.69,-0.18,-3.96,-0.22,-2.52,-5.1,-3.6,2.15,4.39,3.3,0.270999997854233,0.355599999427795,0.566399991512299,0.453599989414215,0.214000001549721,0.186499997973442,0.313299998641014,0.186499997973442,0.566399991512299,12.375,-9.375,39,1.14418387413025,14.5123424530029,683.059997558594,48.5900001525879,-0.280000001192093,28.5499992370605,45.0900001525879,15456,12519,-85,92,4,4.15999984741211,32.0200004577637,5227.490234375,126.01000213623,126.01000213623,-95.25,34,0.908399999141693,0.00240000011399388,0,0,0.000699999975040555,0.00289999996311963,0,0.0851000025868416,0.000500000023748726,0,0,1,17,3.29999995231628,4.30000019073486,6.19999980926514,24,48,45.2999992370605
"9283",54.963,-112.01,560,1.8,17,-13.2,30.2,436,300,27.1,56.7,143,254,110,196,-2.04,1635,1379,5929,53,635,-45.3,34.4,545,12.2,154,102,58,-7.7,-6.9,-0.5,8.6,17.9,20.7,23.3,22.2,16.7,7.7,-2.7,-7.5,-18.6,-18.8,-12.1,-3.5,3.2,8.2,10.6,8.9,3.7,-2.1,-11.3,-17,-13.2,-12.9,-6.3,2.5,10.5,14.4,17,15.6,10.2,2.8,-7,-12.2,21,15,16,28,33,96,91,48,32,25,17,14,3.2,6.7,12.1,17.8,21.3,22,21.1,18,12.5,6.6,3.3,2.3,411,363,215,26,0,0,0,0,1,23,216,380,0,0,0,26,177,281,373,330,162,30,0,0,966,861,755,465,231,119,54,89,235,473,749,932,0,0,0,0,3,10,23,14,3,0,0,0,0,0,0,5,24,30,31,31,24,9,1,0,21,15,16,12,1,0,0,0,2,6,15,14,0,0,0,49,98,109,118,96,54,21,0,0,0,0,0,21,65,13,27,48,22,0,0,0,53,50,53,58,55,62,62,60,59,66,64,59,2.1,1.5,1.6,0.79,-4.28,1.22,-0.67,-4.55,-3.54,0.69,1.7,1.4,0.281800001859665,0.300799995660782,0.391999989748001,0.308999985456467,0.238399997353554,0.238800004124641,0.291299998760223,0.238399997353554,0.391999989748001,5,1,19,1.14305186271667,11.5497703552246,695.309997558594,44.1699981689453,-0.340000003576279,32.8499984741211,36.9700012207031,15004.5,9637.5,-109,95,4,2.54999995231628,30.6000003814697,5482.39990234375,129.520004272461,129.520004272461,-80.75,0,0.887899994850159,0.107500001788139,0,0,0,0.00460000010207295,0,0,0,0,0,1.10000002384186,11,2.09999990463257,3.59999990463257,6,58,29,38
"9284",54.963,-112.01,560,1.8,17,-13.2,30.2,436,300,27.1,56.7,143,254,110,196,-2.04,1635,1379,5929,53,635,-45.3,34.4,545,12.2,154,102,58,-7.7,-6.9,-0.5,8.6,17.9,20.7,23.3,22.2,16.7,7.7,-2.7,-7.5,-18.6,-18.8,-12.1,-3.5,3.2,8.2,10.6,8.9,3.7,-2.1,-11.3,-17,-13.2,-12.9,-6.3,2.5,10.5,14.4,17,15.6,10.2,2.8,-7,-12.2,21,15,16,28,33,96,91,48,32,25,17,14,3.2,6.7,12.1,17.8,21.3,22,21.1,18,12.5,6.6,3.3,2.3,411,363,215,26,0,0,0,0,1,23,216,380,0,0,0,26,177,281,373,330,162,30,0,0,966,861,755,465,231,119,54,89,235,473,749,932,0,0,0,0,3,10,23,14,3,0,0,0,0,0,0,5,24,30,31,31,24,9,1,0,21,15,16,12,1,0,0,0,2,6,15,14,0,0,0,49,98,109,118,96,54,21,0,0,0,0,0,21,65,13,27,48,22,0,0,0,53,50,53,58,55,62,62,60,59,66,64,59,2.1,1.5,1.6,0.79,-4.28,1.22,-0.67,-4.55,-3.54,0.69,1.7,1.4,0.281800001859665,0.300799995660782,0.391999989748001,0.308999985456467,0.238399997353554,0.238800004124641,0.291299998760223,0.238399997353554,0.391999989748001,5,1,19,1.14305186271667,11.5497703552246,695.309997558594,44.1699981689453,-0.340000003576279,32.8499984741211,36.9700012207031,15004.5,9637.5,-109,95,4,2.54999995231628,30.6000003814697,5482.39990234375,129.520004272461,129.520004272461,-80.75,0,0.887899994850159,0.107500001788139,0,0,0,0.00460000010207295,0,0,0,0,0,1.10000002384186,11,2.09999990463257,3.59999990463257,6,58,29,38
"9285",54.963,-112.01,560,1.8,17,-13.2,30.2,436,300,27.1,56.7,143,254,110,196,-2.04,1635,1379,5929,53,635,-45.3,34.4,545,12.2,154,102,58,-7.7,-6.9,-0.5,8.6,17.9,20.7,23.3,22.2,16.7,7.7,-2.7,-7.5,-18.6,-18.8,-12.1,-3.5,3.2,8.2,10.6,8.9,3.7,-2.1,-11.3,-17,-13.2,-12.9,-6.3,2.5,10.5,14.4,17,15.6,10.2,2.8,-7,-12.2,21,15,16,28,33,96,91,48,32,25,17,14,3.2,6.7,12.1,17.8,21.3,22,21.1,18,12.5,6.6,3.3,2.3,411,363,215,26,0,0,0,0,1,23,216,380,0,0,0,26,177,281,373,330,162,30,0,0,966,861,755,465,231,119,54,89,235,473,749,932,0,0,0,0,3,10,23,14,3,0,0,0,0,0,0,5,24,30,31,31,24,9,1,0,21,15,16,12,1,0,0,0,2,6,15,14,0,0,0,49,98,109,118,96,54,21,0,0,0,0,0,21,65,13,27,48,22,0,0,0,53,50,53,58,55,62,62,60,59,66,64,59,2.1,1.5,1.6,0.79,-4.28,1.22,-0.67,-4.55,-3.54,0.69,1.7,1.4,0.281800001859665,0.300799995660782,0.391999989748001,0.308999985456467,0.238399997353554,0.238800004124641,0.291299998760223,0.238399997353554,0.391999989748001,5,1,19,1.14305186271667,11.5497703552246,695.309997558594,44.1699981689453,-0.340000003576279,32.8499984741211,36.9700012207031,15004.5,9637.5,-109,95,4,2.54999995231628,30.6000003814697,5482.39990234375,129.520004272461,129.520004272461,-80.75,0,0.887899994850159,0.107500001788139,0,0,0,0.00460000010207295,0,0,0,0,0,1.10000002384186,11,2.09999990463257,3.59999990463257,6,58,29,38
"9286",54.963,-112.01,560,1.8,17,-13.2,30.2,436,300,27.1,56.7,143,254,110,196,-2.04,1635,1379,5929,53,635,-45.3,34.4,545,12.2,154,102,58,-7.7,-6.9,-0.5,8.6,17.9,20.7,23.3,22.2,16.7,7.7,-2.7,-7.5,-18.6,-18.8,-12.1,-3.5,3.2,8.2,10.6,8.9,3.7,-2.1,-11.3,-17,-13.2,-12.9,-6.3,2.5,10.5,14.4,17,15.6,10.2,2.8,-7,-12.2,21,15,16,28,33,96,91,48,32,25,17,14,3.2,6.7,12.1,17.8,21.3,22,21.1,18,12.5,6.6,3.3,2.3,411,363,215,26,0,0,0,0,1,23,216,380,0,0,0,26,177,281,373,330,162,30,0,0,966,861,755,465,231,119,54,89,235,473,749,932,0,0,0,0,3,10,23,14,3,0,0,0,0,0,0,5,24,30,31,31,24,9,1,0,21,15,16,12,1,0,0,0,2,6,15,14,0,0,0,49,98,109,118,96,54,21,0,0,0,0,0,21,65,13,27,48,22,0,0,0,53,50,53,58,55,62,62,60,59,66,64,59,2.1,1.5,1.6,0.79,-4.28,1.22,-0.67,-4.55,-3.54,0.69,1.7,1.4,0.281800001859665,0.300799995660782,0.391999989748001,0.308999985456467,0.238399997353554,0.238800004124641,0.291299998760223,0.238399997353554,0.391999989748001,5,1,19,1.14305186271667,11.5497703552246,695.309997558594,44.1699981689453,-0.340000003576279,32.8499984741211,36.9700012207031,15004.5,9637.5,-109,95,4,2.54999995231628,30.6000003814697,5482.39990234375,129.520004272461,129.520004272461,-80.75,0,0.887899994850159,0.107500001788139,0,0,0,0.00460000010207295,0,0,0,0,0,1.10000002384186,11,2.09999990463257,3.59999990463257,6,58,29,38
"9287",49.951,-119.556,657,8.7,20.2,-1.3,21.5,450,170,41.6,118.8,110,290,180,423,-18.12,310,2147,3583,224,1150,-23.4,38.7,697,13.8,245,60,70,1.2,1.9,7.9,13.6,20.1,22.6,26.8,26.9,20.6,12.1,5.4,0.8,-3.2,-4.5,-0.3,2.7,7.5,10.6,13.6,13.5,9.1,3.7,0,-3.3,-1,-1.3,3.8,8.2,13.8,16.6,20.2,20.2,14.9,7.9,2.7,-1.2,43,37,37,26,44,50,26,14,36,46,46,45,5.2,6.2,12.1,18.1,23.2,22.6,23.4,21,15.2,8.7,5.3,4,85,82,24,3,0,0,0,0,0,3,28,85,5,0,31,107,276,347,471,471,298,112,23,5,591,536,442,295,144,69,14,16,110,314,459,592,0,0,0,0,10,27,83,85,18,0,1,0,7,4,14,22,30,30,31,31,29,25,15,7,13,18,4,1,0,0,0,0,0,1,7,16,0,0,35,66,108,120,138,119,68,31,12,0,0,0,0,40,64,70,112,105,32,0,0,0,82,75,72,65,61,64,61,61,65,72,81,83,3.83,3.19,1.74,-2.04,-3.81,-4.28,-9.57,-10.91,-4.55,0.84,3.34,4.08,0.236399993300438,0.283600002527237,0.415199995040894,0.357199996709824,0.315200001001358,0.315200001001358,0.315200001001358,0.236399993300438,0.415199995040894,119.125,-109.875,372,1.0985414981842,14.3531608581543,862.929992675781,72,-0.600000023841858,23.3999996185303,34.7599983215332,24691.5,18658.5,-17,100,5,11.4499998092651,46.5800018310547,5833.97998046875,150.130004882812,143.940002441406,12,6,0.936500012874603,0.047800000756979,0,0,0.00370000000111759,0.0120000001043081,0,0,0,0,0,1.10000002384186,14,3.79999995231628,3.5,6.59999990463257,37,43,52.5
"9288",47.876,-114.032,911,7.8,19.8,-2.2,22,605,241,29.4,82.2,125,278,153,369,-8.84,373,1943,3870,177,1008,-26.8,39.4,761,14.7,214,92,63,1.9,2.1,8.3,12.6,18.5,22.4,28,27.9,21.4,12.6,5.5,1.1,-5,-6.6,-2.1,1,5.3,8.9,11.5,11.2,7.1,1.6,-2.1,-5,-1.6,-2.2,3.1,6.8,11.9,15.6,19.8,19.5,14.2,7.1,1.7,-2,46,46,52,58,65,86,25,22,43,60,51,51,6.1,7.9,13.7,18.9,22.8,23.6,24.3,21.9,16.1,9.8,6.1,4.9,97,98,29,6,0,0,0,0,0,4,38,101,5,0,26,79,216,317,459,449,277,94,17,4,609,562,464,337,197,91,17,22,128,339,489,617,0,0,0,0,4,18,73,69,14,0,0,0,5,2,9,17,28,30,31,31,28,20,9,4,17,28,9,3,1,0,0,0,1,1,11,22,0,0,40,67,107,126,156,134,78,38,15,0,0,0,0,9,42,40,131,112,35,0,0,0,73,66,64,62,59,59,53,52,57,64,72,75,4.1,4.16,3.12,1.68,-1.33,-1.28,-12.07,-12.35,-5.24,1.86,3.82,4.7,0.280000001192093,0.351799994707108,0.43079999089241,0.326599985361099,0.277399986982346,0.212400004267693,0.303299993276596,0.212400004267693,0.43079999089241,55.25,-31.5,175,1.19111716747284,12.2656755447388,897.640014648438,56.4500007629395,-0.389999985694885,22.0499992370605,56.5999984741211,25083,18774,0,99,5,14.1199998855591,47.9500007629395,5887.759765625,154.860000610352,115.629997253418,29.75,8,0.618799984455109,0.266299992799759,0,0,0.0359999984502792,0.0187999997287989,0,0.0601000003516674,0,0,0,1.10000002384186,14,4.80000019073486,4.80000019073486,6.59999990463257,32,39,105.699996948242
"9289",47.876,-114.032,911,7.8,19.8,-2.2,22,605,241,29.4,82.2,125,278,153,369,-8.84,373,1943,3870,177,1008,-26.8,39.4,761,14.7,214,92,63,1.9,2.1,8.3,12.6,18.5,22.4,28,27.9,21.4,12.6,5.5,1.1,-5,-6.6,-2.1,1,5.3,8.9,11.5,11.2,7.1,1.6,-2.1,-5,-1.6,-2.2,3.1,6.8,11.9,15.6,19.8,19.5,14.2,7.1,1.7,-2,46,46,52,58,65,86,25,22,43,60,51,51,6.1,7.9,13.7,18.9,22.8,23.6,24.3,21.9,16.1,9.8,6.1,4.9,97,98,29,6,0,0,0,0,0,4,38,101,5,0,26,79,216,317,459,449,277,94,17,4,609,562,464,337,197,91,17,22,128,339,489,617,0,0,0,0,4,18,73,69,14,0,0,0,5,2,9,17,28,30,31,31,28,20,9,4,17,28,9,3,1,0,0,0,1,1,11,22,0,0,40,67,107,126,156,134,78,38,15,0,0,0,0,9,42,40,131,112,35,0,0,0,73,66,64,62,59,59,53,52,57,64,72,75,4.1,4.16,3.12,1.68,-1.33,-1.28,-12.07,-12.35,-5.24,1.86,3.82,4.7,0.280000001192093,0.351799994707108,0.43079999089241,0.326599985361099,0.277399986982346,0.212400004267693,0.303299993276596,0.212400004267693,0.43079999089241,55.25,-31.5,175,1.19111716747284,12.2656755447388,897.640014648438,56.4500007629395,-0.389999985694885,22.0499992370605,56.5999984741211,25083,18774,0,99,5,14.1199998855591,47.9500007629395,5887.759765625,154.860000610352,115.629997253418,29.75,8,0.618799984455109,0.266299992799759,0,0,0.0359999984502792,0.0187999997287989,0,0.0601000003516674,0,0,0,1.10000002384186,14,4.80000019073486,4.80000019073486,6.59999990463257,32,39,105.699996948242
"9290",48.47,-114.08,954,7,18.9,-3.4,22.3,677,234,25.1,80.8,132,270,138,384,-0.7,459,1777,4137,133,897,-29.1,39.6,757,14.7,197,151,61,1.2,1.3,7.2,12.1,18.4,22.1,27.8,27.9,20.7,11.6,4.7,0.4,-6.3,-8.2,-3.3,0.1,4.4,7.9,10,9.6,5.6,0.4,-2.7,-6.1,-2.5,-3.4,2,6.1,11.4,15,18.9,18.8,13.1,6,1,-2.8,63,65,50,52,52,90,25,23,44,79,70,64,5.9,8.1,13.6,18.9,22.9,23.9,24.5,22.2,16.1,9.4,6,4.7,116,124,39,7,0,0,0,0,0,7,47,119,2,0,17,66,202,299,431,428,244,72,13,2,637,595,498,358,210,105,25,29,156,373,510,642,0,0,0,0,3,13,53,54,9,0,0,0,3,1,6,15,27,29,31,31,27,16,8,3,28,48,14,4,1,0,0,0,1,3,18,34,0,0,38,65,107,126,158,137,77,35,14,0,0,0,0,13,55,36,133,114,33,0,0,0,70,62,63,61,57,57,49,48,54,63,73,73,5.95,6.26,3.32,1.38,-2.79,-0.95,-12.39,-12.82,-5,4.32,5.92,6.12,0.261000007390976,0.501600027084351,0.501600027084351,0.353399991989136,0.140000000596046,0.262800008058548,0.308100000023842,0.140000000596046,0.501600027084351,21.25,-21.25,47,1.14975321292877,15.6145820617676,887.619995117188,58.9900016784668,-0.259999990463257,23.5,63.0099983215332,19956,17335.5,-16,84,5,12.7600002288818,135.279998779297,5999.10986328125,156.020004272461,11.3900003433228,-9.5,5,0.800700008869171,0.0672999992966652,0,0,0.000300000014249235,0.0254999995231628,0,0.106200002133846,0,0,0,1.10000002384186,10,5.40000009536743,4.90000009536743,6.40000009536743,27,56,63.7000007629395
"9291",48.47,-114.08,954,7,18.9,-3.4,22.3,677,234,25.1,80.8,132,270,138,384,-0.7,459,1777,4137,133,897,-29.1,39.6,757,14.7,197,151,61,1.2,1.3,7.2,12.1,18.4,22.1,27.8,27.9,20.7,11.6,4.7,0.4,-6.3,-8.2,-3.3,0.1,4.4,7.9,10,9.6,5.6,0.4,-2.7,-6.1,-2.5,-3.4,2,6.1,11.4,15,18.9,18.8,13.1,6,1,-2.8,63,65,50,52,52,90,25,23,44,79,70,64,5.9,8.1,13.6,18.9,22.9,23.9,24.5,22.2,16.1,9.4,6,4.7,116,124,39,7,0,0,0,0,0,7,47,119,2,0,17,66,202,299,431,428,244,72,13,2,637,595,498,358,210,105,25,29,156,373,510,642,0,0,0,0,3,13,53,54,9,0,0,0,3,1,6,15,27,29,31,31,27,16,8,3,28,48,14,4,1,0,0,0,1,3,18,34,0,0,38,65,107,126,158,137,77,35,14,0,0,0,0,13,55,36,133,114,33,0,0,0,70,62,63,61,57,57,49,48,54,63,73,73,5.95,6.26,3.32,1.38,-2.79,-0.95,-12.39,-12.82,-5,4.32,5.92,6.12,0.261000007390976,0.501600027084351,0.501600027084351,0.353399991989136,0.140000000596046,0.262800008058548,0.308100000023842,0.140000000596046,0.501600027084351,21.25,-21.25,47,1.14975321292877,15.6145820617676,887.619995117188,58.9900016784668,-0.259999990463257,23.5,63.0099983215332,19956,17335.5,-16,84,5,12.7600002288818,135.279998779297,5999.10986328125,156.020004272461,11.3900003433228,-9.5,5,0.800700008869171,0.0672999992966652,0,0,0.000300000014249235,0.0254999995231628,0,0.106200002133846,0,0,0,1.10000002384186,10,5.40000009536743,4.90000009536743,6.40000009536743,27,56,63.7000007629395
"9292",48.47,-114.08,954,7,18.9,-3.4,22.3,677,234,25.1,80.8,132,270,138,384,-0.7,459,1777,4137,133,897,-29.1,39.6,757,14.7,197,151,61,1.2,1.3,7.2,12.1,18.4,22.1,27.8,27.9,20.7,11.6,4.7,0.4,-6.3,-8.2,-3.3,0.1,4.4,7.9,10,9.6,5.6,0.4,-2.7,-6.1,-2.5,-3.4,2,6.1,11.4,15,18.9,18.8,13.1,6,1,-2.8,63,65,50,52,52,90,25,23,44,79,70,64,5.9,8.1,13.6,18.9,22.9,23.9,24.5,22.2,16.1,9.4,6,4.7,116,124,39,7,0,0,0,0,0,7,47,119,2,0,17,66,202,299,431,428,244,72,13,2,637,595,498,358,210,105,25,29,156,373,510,642,0,0,0,0,3,13,53,54,9,0,0,0,3,1,6,15,27,29,31,31,27,16,8,3,28,48,14,4,1,0,0,0,1,3,18,34,0,0,38,65,107,126,158,137,77,35,14,0,0,0,0,13,55,36,133,114,33,0,0,0,70,62,63,61,57,57,49,48,54,63,73,73,5.95,6.26,3.32,1.38,-2.79,-0.95,-12.39,-12.82,-5,4.32,5.92,6.12,0.261000007390976,0.501600027084351,0.501600027084351,0.353399991989136,0.140000000596046,0.262800008058548,0.308100000023842,0.140000000596046,0.501600027084351,21.25,-21.25,47,1.14975321292877,15.6145820617676,887.619995117188,58.9900016784668,-0.259999990463257,23.5,63.0099983215332,19956,17335.5,-16,84,5,12.7600002288818,135.279998779297,5999.10986328125,156.020004272461,11.3900003433228,-9.5,5,0.800700008869171,0.0672999992966652,0,0,0.000300000014249235,0.0254999995231628,0,0.106200002133846,0,0,0,1.10000002384186,10,5.40000009536743,4.90000009536743,6.40000009536743,27,56,63.7000007629395
"9293",48.47,-114.08,954,7,18.9,-3.4,22.3,677,234,25.1,80.8,132,270,138,384,-0.7,459,1777,4137,133,897,-29.1,39.6,757,14.7,197,151,61,1.2,1.3,7.2,12.1,18.4,22.1,27.8,27.9,20.7,11.6,4.7,0.4,-6.3,-8.2,-3.3,0.1,4.4,7.9,10,9.6,5.6,0.4,-2.7,-6.1,-2.5,-3.4,2,6.1,11.4,15,18.9,18.8,13.1,6,1,-2.8,63,65,50,52,52,90,25,23,44,79,70,64,5.9,8.1,13.6,18.9,22.9,23.9,24.5,22.2,16.1,9.4,6,4.7,116,124,39,7,0,0,0,0,0,7,47,119,2,0,17,66,202,299,431,428,244,72,13,2,637,595,498,358,210,105,25,29,156,373,510,642,0,0,0,0,3,13,53,54,9,0,0,0,3,1,6,15,27,29,31,31,27,16,8,3,28,48,14,4,1,0,0,0,1,3,18,34,0,0,38,65,107,126,158,137,77,35,14,0,0,0,0,13,55,36,133,114,33,0,0,0,70,62,63,61,57,57,49,48,54,63,73,73,5.95,6.26,3.32,1.38,-2.79,-0.95,-12.39,-12.82,-5,4.32,5.92,6.12,0.261000007390976,0.501600027084351,0.501600027084351,0.353399991989136,0.140000000596046,0.262800008058548,0.308100000023842,0.140000000596046,0.501600027084351,21.25,-21.25,47,1.14975321292877,15.6145820617676,887.619995117188,58.9900016784668,-0.259999990463257,23.5,63.0099983215332,19956,17335.5,-16,84,5,12.7600002288818,135.279998779297,5999.10986328125,156.020004272461,11.3900003433228,-9.5,5,0.800700008869171,0.0672999992966652,0,0,0.000300000014249235,0.0254999995231628,0,0.106200002133846,0,0,0,1.10000002384186,10,5.40000009536743,4.90000009536743,6.40000009536743,27,56,63.7000007629395
"9294",47.876,-114.032,911,7.8,19.8,-2.2,22,605,241,29.4,82.2,125,278,153,369,-8.84,373,1943,3870,177,1008,-26.8,39.4,761,14.7,214,92,63,1.9,2.1,8.3,12.6,18.5,22.4,28,27.9,21.4,12.6,5.5,1.1,-5,-6.6,-2.1,1,5.3,8.9,11.5,11.2,7.1,1.6,-2.1,-5,-1.6,-2.2,3.1,6.8,11.9,15.6,19.8,19.5,14.2,7.1,1.7,-2,46,46,52,58,65,86,25,22,43,60,51,51,6.1,7.9,13.7,18.9,22.8,23.6,24.3,21.9,16.1,9.8,6.1,4.9,97,98,29,6,0,0,0,0,0,4,38,101,5,0,26,79,216,317,459,449,277,94,17,4,609,562,464,337,197,91,17,22,128,339,489,617,0,0,0,0,4,18,73,69,14,0,0,0,5,2,9,17,28,30,31,31,28,20,9,4,17,28,9,3,1,0,0,0,1,1,11,22,0,0,40,67,107,126,156,134,78,38,15,0,0,0,0,9,42,40,131,112,35,0,0,0,73,66,64,62,59,59,53,52,57,64,72,75,4.1,4.16,3.12,1.68,-1.33,-1.28,-12.07,-12.35,-5.24,1.86,3.82,4.7,0.280000001192093,0.351799994707108,0.43079999089241,0.326599985361099,0.277399986982346,0.212400004267693,0.303299993276596,0.212400004267693,0.43079999089241,55.25,-31.5,175,1.19111716747284,12.2656755447388,897.640014648438,56.4500007629395,-0.389999985694885,22.0499992370605,56.5999984741211,25083,18774,0,99,5,14.1199998855591,47.9500007629395,5887.759765625,154.860000610352,115.629997253418,29.75,8,0.618799984455109,0.266299992799759,0,0,0.0359999984502792,0.0187999997287989,0,0.0601000003516674,0,0,0,1.10000002384186,14,4.80000019073486,4.80000019073486,6.59999990463257,32,39,105.699996948242
"9295",47.876,-114.032,911,7.8,19.8,-2.2,22,605,241,29.4,82.2,125,278,153,369,-8.84,373,1943,3870,177,1008,-26.8,39.4,761,14.7,214,92,63,1.9,2.1,8.3,12.6,18.5,22.4,28,27.9,21.4,12.6,5.5,1.1,-5,-6.6,-2.1,1,5.3,8.9,11.5,11.2,7.1,1.6,-2.1,-5,-1.6,-2.2,3.1,6.8,11.9,15.6,19.8,19.5,14.2,7.1,1.7,-2,46,46,52,58,65,86,25,22,43,60,51,51,6.1,7.9,13.7,18.9,22.8,23.6,24.3,21.9,16.1,9.8,6.1,4.9,97,98,29,6,0,0,0,0,0,4,38,101,5,0,26,79,216,317,459,449,277,94,17,4,609,562,464,337,197,91,17,22,128,339,489,617,0,0,0,0,4,18,73,69,14,0,0,0,5,2,9,17,28,30,31,31,28,20,9,4,17,28,9,3,1,0,0,0,1,1,11,22,0,0,40,67,107,126,156,134,78,38,15,0,0,0,0,9,42,40,131,112,35,0,0,0,73,66,64,62,59,59,53,52,57,64,72,75,4.1,4.16,3.12,1.68,-1.33,-1.28,-12.07,-12.35,-5.24,1.86,3.82,4.7,0.280000001192093,0.351799994707108,0.43079999089241,0.326599985361099,0.277399986982346,0.212400004267693,0.303299993276596,0.212400004267693,0.43079999089241,55.25,-31.5,175,1.19111716747284,12.2656755447388,897.640014648438,56.4500007629395,-0.389999985694885,22.0499992370605,56.5999984741211,25083,18774,0,99,5,14.1199998855591,47.9500007629395,5887.759765625,154.860000610352,115.629997253418,29.75,8,0.618799984455109,0.266299992799759,0,0,0.0359999984502792,0.0187999997287989,0,0.0601000003516674,0,0,0,1.10000002384186,14,4.80000019073486,4.80000019073486,6.59999990463257,32,39,105.699996948242
"9296",55.114,-121.019,822,2.8,14.6,-8.4,23,521,274,24.6,53.3,155,252,97,205,7.98,1092,1117,5533,29,417,-39.7,32.8,528,12.5,153,166,61,-3.2,-3.4,1.9,9.1,16.7,19,21.2,20.7,16,7.7,-0.9,-4.1,-11.6,-13.4,-8.8,-2.5,1.6,5.2,7.9,6.6,2.9,-0.9,-8.1,-12.6,-7.4,-8.4,-3.5,3.3,9.2,12.1,14.6,13.6,9.4,3.4,-4.5,-8.3,34,22,32,29,29,84,80,46,35,55,46,29,3.4,6.3,11.8,17.8,22.3,23,21.4,18.2,12.9,6.8,3.6,2.5,241,243,140,20,1,0,0,0,1,18,163,265,0,0,0,25,139,214,296,268,140,36,0,0,787,735,668,441,273,178,111,138,259,454,675,812,1,1,2,1,0,3,7,5,2,2,3,1,1,0,1,7,19,28,31,30,22,12,2,0,29,21,30,9,1,1,1,1,2,10,35,27,0,0,0,50,95,107,112,92,52,20,0,0,0,0,0,21,66,23,32,46,17,0,0,0,64,58,58,60,53,57,59,57,59,70,70,64,3.4,2.2,2.94,0.59,-4.01,0.28,-1.09,-4.43,-2.92,3.59,4.54,2.9,0.0760999992489815,0.375,0.409200012683868,0.312999993562698,0.241999998688698,0.151800006628036,0.277499996125698,0.0760999992489815,0.409200012683868,44.75,27,107,1.17454445362091,9.0160083770752,663.789978027344,41,-0.0799999982118607,27.1499996185303,56.9599990844727,13786.5,8760,-77,78,3,4.80999994277954,31.25,5024.669921875,122.360000610352,122.360000610352,-124.75,25,0.765500009059906,0.0379000008106232,0,0,0.00260000000707805,0.148900002241135,0,0,0,0,0.045099999755621,1,18,4.09999990463257,4.59999990463257,6,33,43,42.2999992370605
"9297",55.675,-121.645,587,3.4,15.3,-8.8,24.1,515,272,26,56.2,144,253,108,232,3.26,1064,1262,5325,37,507,-39.8,33.6,553,12.4,163,162,61,-4,-3.5,2.5,10.8,18,20.3,22.3,21.7,16.9,8.5,-0.8,-4.8,-11.7,-13.4,-7.6,-1.4,2.7,5.7,8.3,6.9,3.1,-0.2,-7.3,-12.8,-7.8,-8.4,-2.5,4.7,10.3,13,15.3,14.3,10,4.2,-4,-8.8,33,30,31,28,38,85,71,44,34,43,45,33,3.2,6.1,11.4,17.8,22.2,23.1,21.5,18.4,13,6.7,3.3,2.3,251,243,115,12,0,0,0,0,1,13,151,278,0,0,0,41,171,239,320,288,157,45,0,0,800,735,637,400,235,150,93,118,241,429,660,827,0,1,2,1,2,5,10,8,3,2,2,1,1,0,1,10,23,28,31,30,23,14,2,0,29,29,27,5,1,0,0,1,2,5,33,31,0,0,0,54,99,112,117,96,54,21,0,0,0,0,0,26,61,27,46,52,20,0,0,0,67,58,61,59,53,56,58,55,57,70,73,66,3.3,3,2.69,-0.18,-3.96,-0.22,-2.52,-5.1,-3.6,2.15,4.39,3.3,0.270999997854233,0.355599999427795,0.566399991512299,0.453599989414215,0.214000001549721,0.186499997973442,0.313299998641014,0.186499997973442,0.566399991512299,12.375,-9.375,39,1.14418387413025,14.5123424530029,683.059997558594,48.5900001525879,-0.280000001192093,28.5499992370605,45.0900001525879,15456,12519,-85,92,4,4.15999984741211,32.0200004577637,5227.490234375,126.01000213623,126.01000213623,-95.25,34,0.908399999141693,0.00240000011399388,0,0,0.000699999975040555,0.00289999996311963,0,0.0851000025868416,0.000500000023748726,0,0,1,17,3.29999995231628,4.30000019073486,6.19999980926514,24,48,45.2999992370605
"9298",54.963,-112.01,560,1.8,17,-13.2,30.2,436,300,27.1,56.7,143,254,110,196,-2.04,1635,1379,5929,53,635,-45.3,34.4,545,12.2,154,102,58,-7.7,-6.9,-0.5,8.6,17.9,20.7,23.3,22.2,16.7,7.7,-2.7,-7.5,-18.6,-18.8,-12.1,-3.5,3.2,8.2,10.6,8.9,3.7,-2.1,-11.3,-17,-13.2,-12.9,-6.3,2.5,10.5,14.4,17,15.6,10.2,2.8,-7,-12.2,21,15,16,28,33,96,91,48,32,25,17,14,3.2,6.7,12.1,17.8,21.3,22,21.1,18,12.5,6.6,3.3,2.3,411,363,215,26,0,0,0,0,1,23,216,380,0,0,0,26,177,281,373,330,162,30,0,0,966,861,755,465,231,119,54,89,235,473,749,932,0,0,0,0,3,10,23,14,3,0,0,0,0,0,0,5,24,30,31,31,24,9,1,0,21,15,16,12,1,0,0,0,2,6,15,14,0,0,0,49,98,109,118,96,54,21,0,0,0,0,0,21,65,13,27,48,22,0,0,0,53,50,53,58,55,62,62,60,59,66,64,59,2.1,1.5,1.6,0.79,-4.28,1.22,-0.67,-4.55,-3.54,0.69,1.7,1.4,0.281800001859665,0.300799995660782,0.391999989748001,0.308999985456467,0.238399997353554,0.238800004124641,0.291299998760223,0.238399997353554,0.391999989748001,5,1,19,1.14305186271667,11.5497703552246,695.309997558594,44.1699981689453,-0.340000003576279,32.8499984741211,36.9700012207031,15004.5,9637.5,-109,95,4,2.54999995231628,30.6000003814697,5482.39990234375,129.520004272461,129.520004272461,-80.75,0,0.887899994850159,0.107500001788139,0,0,0,0.00460000010207295,0,0,0,0,0,1.10000002384186,11,2.09999990463257,3.59999990463257,6,58,29,38
"9299",54.963,-112.01,560,1.8,17,-13.2,30.2,436,300,27.1,56.7,143,254,110,196,-2.04,1635,1379,5929,53,635,-45.3,34.4,545,12.2,154,102,58,-7.7,-6.9,-0.5,8.6,17.9,20.7,23.3,22.2,16.7,7.7,-2.7,-7.5,-18.6,-18.8,-12.1,-3.5,3.2,8.2,10.6,8.9,3.7,-2.1,-11.3,-17,-13.2,-12.9,-6.3,2.5,10.5,14.4,17,15.6,10.2,2.8,-7,-12.2,21,15,16,28,33,96,91,48,32,25,17,14,3.2,6.7,12.1,17.8,21.3,22,21.1,18,12.5,6.6,3.3,2.3,411,363,215,26,0,0,0,0,1,23,216,380,0,0,0,26,177,281,373,330,162,30,0,0,966,861,755,465,231,119,54,89,235,473,749,932,0,0,0,0,3,10,23,14,3,0,0,0,0,0,0,5,24,30,31,31,24,9,1,0,21,15,16,12,1,0,0,0,2,6,15,14,0,0,0,49,98,109,118,96,54,21,0,0,0,0,0,21,65,13,27,48,22,0,0,0,53,50,53,58,55,62,62,60,59,66,64,59,2.1,1.5,1.6,0.79,-4.28,1.22,-0.67,-4.55,-3.54,0.69,1.7,1.4,0.281800001859665,0.300799995660782,0.391999989748001,0.308999985456467,0.238399997353554,0.238800004124641,0.291299998760223,0.238399997353554,0.391999989748001,5,1,19,1.14305186271667,11.5497703552246,695.309997558594,44.1699981689453,-0.340000003576279,32.8499984741211,36.9700012207031,15004.5,9637.5,-109,95,4,2.54999995231628,30.6000003814697,5482.39990234375,129.520004272461,129.520004272461,-80.75,0,0.887899994850159,0.107500001788139,0,0,0,0.00460000010207295,0,0,0,0,0,1.10000002384186,11,2.09999990463257,3.59999990463257,6,58,29,38
"9300",52.843,-119.256,961,4.1,15.6,-7,22.6,585,236,24.1,66.1,153,260,107,287,7.03,867,1297,5074,38,549,-35.8,35,584,13.5,164,214,62,-2.3,-2,3.8,10.1,17.5,20.1,23.2,23,17.1,8.4,0.8,-3.2,-9.5,-11.9,-6.1,-2.3,2,6.1,8.1,7.6,4,-0.4,-5.6,-10.3,-5.9,-7,-1.1,3.9,9.8,13.1,15.6,15.3,10.6,4,-2.4,-6.8,57,47,51,37,30,64,53,35,54,61,56,40,4.3,7,12.2,18.6,23.3,23.3,22.9,20.2,14.1,7.9,4.5,3.2,202,211,85,16,0,0,0,0,1,14,112,226,0,0,0,32,156,243,330,320,174,43,0,0,741,696,594,423,255,148,86,95,223,435,612,765,0,0,1,0,0,5,11,12,4,0,2,1,1,0,2,8,21,29,31,30,25,14,3,1,43,44,38,9,1,0,0,0,2,8,33,35,0,0,0,55,101,114,126,106,58,24,0,0,0,0,0,18,71,50,73,71,4,0,0,0,70,59,62,58,52,57,55,54,59,70,74,70,5.7,4.7,4.37,0.96,-4.75,-2.43,-5.55,-7.31,-1.83,3.91,5.25,4,0.256599992513657,0.383199989795685,0.508000016212463,0.38280001282692,0.318199992179871,0.255199998617172,0.350500002503395,0.255199998617172,0.508000016212463,80.375,38.375,248,1.2098091840744,8.43684959411621,723.150024414062,52.6800003051758,-0.0900000035762787,26.5,61.9300003051758,13755,8737.5,-76,68,3,6.92000007629395,67.8199996948242,5323.60009765625,131.429992675781,5.59999990463257,-110.5,16,0.986100018024445,0.00100000004749745,0,0,0,0.0129000004380941,0,0,0,0,0,0.899999976158142,16,5.30000019073486,4,5.90000009536743,40,38,45.4000015258789
"9301",52.843,-119.256,961,4.1,15.6,-7,22.6,585,236,24.1,66.1,153,260,107,287,7.03,867,1297,5074,38,549,-35.8,35,584,13.5,164,214,62,-2.3,-2,3.8,10.1,17.5,20.1,23.2,23,17.1,8.4,0.8,-3.2,-9.5,-11.9,-6.1,-2.3,2,6.1,8.1,7.6,4,-0.4,-5.6,-10.3,-5.9,-7,-1.1,3.9,9.8,13.1,15.6,15.3,10.6,4,-2.4,-6.8,57,47,51,37,30,64,53,35,54,61,56,40,4.3,7,12.2,18.6,23.3,23.3,22.9,20.2,14.1,7.9,4.5,3.2,202,211,85,16,0,0,0,0,1,14,112,226,0,0,0,32,156,243,330,320,174,43,0,0,741,696,594,423,255,148,86,95,223,435,612,765,0,0,1,0,0,5,11,12,4,0,2,1,1,0,2,8,21,29,31,30,25,14,3,1,43,44,38,9,1,0,0,0,2,8,33,35,0,0,0,55,101,114,126,106,58,24,0,0,0,0,0,18,71,50,73,71,4,0,0,0,70,59,62,58,52,57,55,54,59,70,74,70,5.7,4.7,4.37,0.96,-4.75,-2.43,-5.55,-7.31,-1.83,3.91,5.25,4,0.256599992513657,0.383199989795685,0.508000016212463,0.38280001282692,0.318199992179871,0.255199998617172,0.350500002503395,0.255199998617172,0.508000016212463,80.375,38.375,248,1.2098091840744,8.43684959411621,723.150024414062,52.6800003051758,-0.0900000035762787,26.5,61.9300003051758,13755,8737.5,-76,68,3,6.92000007629395,67.8199996948242,5323.60009765625,131.429992675781,5.59999990463257,-110.5,16,0.986100018024445,0.00100000004749745,0,0,0,0.0129000004380941,0,0,0,0,0,0.899999976158142,16,5.30000019073486,4,5.90000009536743,40,38,45.4000015258789
"9302",51.86,-119.299,704,5.9,17.1,-4.7,21.8,1001,430,15.9,39.8,135,272,136,128,46.82,584,1551,4468,72,725,-29.4,36.2,629,13.3,200,251,67,-1.3,-0.7,5.5,11.3,18.2,20.7,24.4,24.3,17.6,8.9,2.1,-2,-6.3,-8.7,-2.9,-0.1,4,7.9,9.9,9.4,5.8,1.5,-2.3,-6.5,-3.8,-4.7,1.3,5.6,11.1,14.3,17.1,16.9,11.7,5.2,-0.1,-4.2,83,75,84,55,64,110,100,60,96,99,85,90,4.5,6.6,11.7,18.2,23.1,22.9,23,20.4,14.1,7.7,4.5,3.5,147,154,47,9,0,0,0,0,0,9,64,154,0,0,9,55,194,278,376,370,205,59,6,0,677,632,520,373,217,121,52,60,191,398,543,685,0,0,1,0,3,10,24,25,6,0,2,1,3,1,7,14,26,29,31,31,27,19,9,3,48,63,32,6,1,0,0,0,3,7,30,61,0,0,29,58,103,114,131,111,59,24,0,0,0,0,0,3,39,4,31,51,0,0,0,0,79,67,69,62,56,61,57,56,63,75,83,81,8.18,7.46,7.18,2.18,-1.33,2.41,-1.12,-5.17,2.65,7.56,7.89,8.93,0.323399990797043,0.266999989748001,0.434399992227554,0.38400000333786,0.277599990367889,0.274800002574921,0.300499990582466,0.266999989748001,0.434399992227554,185.125,-112.125,614,1.27463054656982,9.80014991760254,783.099975585938,46.4099998474121,0.0299999993294477,25.0499992370605,77.9199981689453,18708,13122,-43,87,5,8.64999961853027,74.129997253418,5607.06005859375,140.25,7.09000015258789,-47.25,12,0.983299970626831,0.0015999999595806,0,0,0.0103000001981854,9.99999974737875e-05,0,0.00469999993219972,0,0,0,0.899999976158142,17,6.90000009536743,4.40000009536743,5.90000009536743,42,40,63.5999984741211
"9303",51.86,-119.299,704,5.9,17.1,-4.7,21.8,1001,430,15.9,39.8,135,272,136,128,46.82,584,1551,4468,72,725,-29.4,36.2,629,13.3,200,251,67,-1.3,-0.7,5.5,11.3,18.2,20.7,24.4,24.3,17.6,8.9,2.1,-2,-6.3,-8.7,-2.9,-0.1,4,7.9,9.9,9.4,5.8,1.5,-2.3,-6.5,-3.8,-4.7,1.3,5.6,11.1,14.3,17.1,16.9,11.7,5.2,-0.1,-4.2,83,75,84,55,64,110,100,60,96,99,85,90,4.5,6.6,11.7,18.2,23.1,22.9,23,20.4,14.1,7.7,4.5,3.5,147,154,47,9,0,0,0,0,0,9,64,154,0,0,9,55,194,278,376,370,205,59,6,0,677,632,520,373,217,121,52,60,191,398,543,685,0,0,1,0,3,10,24,25,6,0,2,1,3,1,7,14,26,29,31,31,27,19,9,3,48,63,32,6,1,0,0,0,3,7,30,61,0,0,29,58,103,114,131,111,59,24,0,0,0,0,0,3,39,4,31,51,0,0,0,0,79,67,69,62,56,61,57,56,63,75,83,81,8.18,7.46,7.18,2.18,-1.33,2.41,-1.12,-5.17,2.65,7.56,7.89,8.93,0.323399990797043,0.266999989748001,0.434399992227554,0.38400000333786,0.277599990367889,0.274800002574921,0.300499990582466,0.266999989748001,0.434399992227554,185.125,-112.125,614,1.27463054656982,9.80014991760254,783.099975585938,46.4099998474121,0.0299999993294477,25.0499992370605,77.9199981689453,18708,13122,-43,87,5,8.64999961853027,74.129997253418,5607.06005859375,140.25,7.09000015258789,-47.25,12,0.983299970626831,0.0015999999595806,0,0,0.0103000001981854,9.99999974737875e-05,0,0.00469999993219972,0,0,0,0.899999976158142,17,6.90000009536743,4.40000009536743,5.90000009536743,42,40,63.5999984741211
"9304",51.86,-119.299,704,5.9,17.1,-4.7,21.8,1001,430,15.9,39.8,135,272,136,128,46.82,584,1551,4468,72,725,-29.4,36.2,629,13.3,200,251,67,-1.3,-0.7,5.5,11.3,18.2,20.7,24.4,24.3,17.6,8.9,2.1,-2,-6.3,-8.7,-2.9,-0.1,4,7.9,9.9,9.4,5.8,1.5,-2.3,-6.5,-3.8,-4.7,1.3,5.6,11.1,14.3,17.1,16.9,11.7,5.2,-0.1,-4.2,83,75,84,55,64,110,100,60,96,99,85,90,4.5,6.6,11.7,18.2,23.1,22.9,23,20.4,14.1,7.7,4.5,3.5,147,154,47,9,0,0,0,0,0,9,64,154,0,0,9,55,194,278,376,370,205,59,6,0,677,632,520,373,217,121,52,60,191,398,543,685,0,0,1,0,3,10,24,25,6,0,2,1,3,1,7,14,26,29,31,31,27,19,9,3,48,63,32,6,1,0,0,0,3,7,30,61,0,0,29,58,103,114,131,111,59,24,0,0,0,0,0,3,39,4,31,51,0,0,0,0,79,67,69,62,56,61,57,56,63,75,83,81,8.18,7.46,7.18,2.18,-1.33,2.41,-1.12,-5.17,2.65,7.56,7.89,8.93,0.323399990797043,0.266999989748001,0.434399992227554,0.38400000333786,0.277599990367889,0.274800002574921,0.300499990582466,0.266999989748001,0.434399992227554,185.125,-112.125,614,1.27463054656982,9.80014991760254,783.099975585938,46.4099998474121,0.0299999993294477,25.0499992370605,77.9199981689453,18708,13122,-43,87,5,8.64999961853027,74.129997253418,5607.06005859375,140.25,7.09000015258789,-47.25,12,0.983299970626831,0.0015999999595806,0,0,0.0103000001981854,9.99999974737875e-05,0,0.00469999993219972,0,0,0,0.899999976158142,17,6.90000009536743,4.40000009536743,5.90000009536743,42,40,63.5999984741211
"9305",51.86,-119.299,704,5.9,17.1,-4.7,21.8,1001,430,15.9,39.8,135,272,136,128,46.82,584,1551,4468,72,725,-29.4,36.2,629,13.3,200,251,67,-1.3,-0.7,5.5,11.3,18.2,20.7,24.4,24.3,17.6,8.9,2.1,-2,-6.3,-8.7,-2.9,-0.1,4,7.9,9.9,9.4,5.8,1.5,-2.3,-6.5,-3.8,-4.7,1.3,5.6,11.1,14.3,17.1,16.9,11.7,5.2,-0.1,-4.2,83,75,84,55,64,110,100,60,96,99,85,90,4.5,6.6,11.7,18.2,23.1,22.9,23,20.4,14.1,7.7,4.5,3.5,147,154,47,9,0,0,0,0,0,9,64,154,0,0,9,55,194,278,376,370,205,59,6,0,677,632,520,373,217,121,52,60,191,398,543,685,0,0,1,0,3,10,24,25,6,0,2,1,3,1,7,14,26,29,31,31,27,19,9,3,48,63,32,6,1,0,0,0,3,7,30,61,0,0,29,58,103,114,131,111,59,24,0,0,0,0,0,3,39,4,31,51,0,0,0,0,79,67,69,62,56,61,57,56,63,75,83,81,8.18,7.46,7.18,2.18,-1.33,2.41,-1.12,-5.17,2.65,7.56,7.89,8.93,0.323399990797043,0.266999989748001,0.434399992227554,0.38400000333786,0.277599990367889,0.274800002574921,0.300499990582466,0.266999989748001,0.434399992227554,185.125,-112.125,614,1.27463054656982,9.80014991760254,783.099975585938,46.4099998474121,0.0299999993294477,25.0499992370605,77.9199981689453,18708,13122,-43,87,5,8.64999961853027,74.129997253418,5607.06005859375,140.25,7.09000015258789,-47.25,12,0.983299970626831,0.0015999999595806,0,0,0.0103000001981854,9.99999974737875e-05,0,0.00469999993219972,0,0,0,0.899999976158142,17,6.90000009536743,4.40000009536743,5.90000009536743,42,40,63.5999984741211
"9306",53.208,-117.551,1392,2.1,14,-9,23,697,438,17.4,32,158,253,95,54,28.93,1155,994,5775,20,351,-41.2,31.7,511,13.4,140,209,58,-1.6,-2.8,1.9,8,14.7,17.2,20.4,19.7,14.8,7.9,0.1,-3.7,-12.7,-15.2,-9.8,-4.7,1.2,5.2,7.6,7.2,2.8,-3.4,-10.2,-13.4,-7.1,-9,-4,1.6,7.9,11.2,14,13.4,8.8,2.2,-5,-8.6,34,34,41,36,66,121,113,71,67,41,48,25,4.2,7.6,12.7,18.9,23.3,22.5,22.3,19.1,13.7,8.4,4.7,3.2,233,255,153,35,1,0,0,0,1,28,175,273,0,0,0,13,104,187,279,262,123,26,0,0,778,752,684,492,313,205,127,144,277,492,690,821,0,1,2,0,0,2,5,5,2,0,2,1,0,0,1,3,18,28,31,30,22,6,1,0,28,33,39,21,5,2,1,1,5,12,38,23,0,0,0,50,88,98,110,89,52,24,0,0,0,0,0,14,22,0,0,18,0,0,0,0,55,49,54,55,57,62,61,61,61,60,58,59,3.4,3.4,3.91,1.7,0.87,4.74,2.21,-1.55,0.83,2.13,4.8,2.5,0.17569999396801,0.225999996066093,0.452800005674362,0.393400013446808,0.312400013208389,0.266200006008148,0.289300009608269,0.17569999396801,0.452800005674362,24.375,-21.125,70,1.14259493350983,14.3266687393188,667.349975585938,35.0699996948242,-0.209999993443489,24.8500003814697,50.9799995422363,11329.5,7387.5,-65,54,3,6.53999996185303,32.1599998474121,4825.1201171875,120.559997558594,120.559997558594,-157.25,0,0.739000022411346,0.260899990797043,0,0,0,0,0,0,0,0,9.99999974737875e-05,1,19,2,3.29999995231628,5.90000009536743,31,51,31.6000003814697
"9307",53.208,-117.551,1392,2.1,14,-9,23,697,438,17.4,32,158,253,95,54,28.93,1155,994,5775,20,351,-41.2,31.7,511,13.4,140,209,58,-1.6,-2.8,1.9,8,14.7,17.2,20.4,19.7,14.8,7.9,0.1,-3.7,-12.7,-15.2,-9.8,-4.7,1.2,5.2,7.6,7.2,2.8,-3.4,-10.2,-13.4,-7.1,-9,-4,1.6,7.9,11.2,14,13.4,8.8,2.2,-5,-8.6,34,34,41,36,66,121,113,71,67,41,48,25,4.2,7.6,12.7,18.9,23.3,22.5,22.3,19.1,13.7,8.4,4.7,3.2,233,255,153,35,1,0,0,0,1,28,175,273,0,0,0,13,104,187,279,262,123,26,0,0,778,752,684,492,313,205,127,144,277,492,690,821,0,1,2,0,0,2,5,5,2,0,2,1,0,0,1,3,18,28,31,30,22,6,1,0,28,33,39,21,5,2,1,1,5,12,38,23,0,0,0,50,88,98,110,89,52,24,0,0,0,0,0,14,22,0,0,18,0,0,0,0,55,49,54,55,57,62,61,61,61,60,58,59,3.4,3.4,3.91,1.7,0.87,4.74,2.21,-1.55,0.83,2.13,4.8,2.5,0.17569999396801,0.225999996066093,0.452800005674362,0.393400013446808,0.312400013208389,0.266200006008148,0.289300009608269,0.17569999396801,0.452800005674362,24.375,-21.125,70,1.14259493350983,14.3266687393188,667.349975585938,35.0699996948242,-0.209999993443489,24.8500003814697,50.9799995422363,11329.5,7387.5,-65,54,3,6.53999996185303,32.1599998474121,4825.1201171875,120.559997558594,120.559997558594,-157.25,0,0.739000022411346,0.260899990797043,0,0,0,0,0,0,0,0,9.99999974737875e-05,1,19,2,3.29999995231628,5.90000009536743,31,51,31.6000003814697
"9308",53.208,-117.551,1392,2.1,14,-9,23,697,438,17.4,32,158,253,95,54,28.93,1155,994,5775,20,351,-41.2,31.7,511,13.4,140,209,58,-1.6,-2.8,1.9,8,14.7,17.2,20.4,19.7,14.8,7.9,0.1,-3.7,-12.7,-15.2,-9.8,-4.7,1.2,5.2,7.6,7.2,2.8,-3.4,-10.2,-13.4,-7.1,-9,-4,1.6,7.9,11.2,14,13.4,8.8,2.2,-5,-8.6,34,34,41,36,66,121,113,71,67,41,48,25,4.2,7.6,12.7,18.9,23.3,22.5,22.3,19.1,13.7,8.4,4.7,3.2,233,255,153,35,1,0,0,0,1,28,175,273,0,0,0,13,104,187,279,262,123,26,0,0,778,752,684,492,313,205,127,144,277,492,690,821,0,1,2,0,0,2,5,5,2,0,2,1,0,0,1,3,18,28,31,30,22,6,1,0,28,33,39,21,5,2,1,1,5,12,38,23,0,0,0,50,88,98,110,89,52,24,0,0,0,0,0,14,22,0,0,18,0,0,0,0,55,49,54,55,57,62,61,61,61,60,58,59,3.4,3.4,3.91,1.7,0.87,4.74,2.21,-1.55,0.83,2.13,4.8,2.5,0.17569999396801,0.225999996066093,0.452800005674362,0.393400013446808,0.312400013208389,0.266200006008148,0.289300009608269,0.17569999396801,0.452800005674362,24.375,-21.125,70,1.14259493350983,14.3266687393188,667.349975585938,35.0699996948242,-0.209999993443489,24.8500003814697,50.9799995422363,11329.5,7387.5,-65,54,3,6.53999996185303,32.1599998474121,4825.1201171875,120.559997558594,120.559997558594,-157.25,0,0.739000022411346,0.260899990797043,0,0,0,0,0,0,0,0,9.99999974737875e-05,1,19,2,3.29999995231628,5.90000009536743,31,51,31.6000003814697
"9309",53.208,-117.551,1392,2.1,14,-9,23,697,438,17.4,32,158,253,95,54,28.93,1155,994,5775,20,351,-41.2,31.7,511,13.4,140,209,58,-1.6,-2.8,1.9,8,14.7,17.2,20.4,19.7,14.8,7.9,0.1,-3.7,-12.7,-15.2,-9.8,-4.7,1.2,5.2,7.6,7.2,2.8,-3.4,-10.2,-13.4,-7.1,-9,-4,1.6,7.9,11.2,14,13.4,8.8,2.2,-5,-8.6,34,34,41,36,66,121,113,71,67,41,48,25,4.2,7.6,12.7,18.9,23.3,22.5,22.3,19.1,13.7,8.4,4.7,3.2,233,255,153,35,1,0,0,0,1,28,175,273,0,0,0,13,104,187,279,262,123,26,0,0,778,752,684,492,313,205,127,144,277,492,690,821,0,1,2,0,0,2,5,5,2,0,2,1,0,0,1,3,18,28,31,30,22,6,1,0,28,33,39,21,5,2,1,1,5,12,38,23,0,0,0,50,88,98,110,89,52,24,0,0,0,0,0,14,22,0,0,18,0,0,0,0,55,49,54,55,57,62,61,61,61,60,58,59,3.4,3.4,3.91,1.7,0.87,4.74,2.21,-1.55,0.83,2.13,4.8,2.5,0.17569999396801,0.225999996066093,0.452800005674362,0.393400013446808,0.312400013208389,0.266200006008148,0.289300009608269,0.17569999396801,0.452800005674362,24.375,-21.125,70,1.14259493350983,14.3266687393188,667.349975585938,35.0699996948242,-0.209999993443489,24.8500003814697,50.9799995422363,11329.5,7387.5,-65,54,3,6.53999996185303,32.1599998474121,4825.1201171875,120.559997558594,120.559997558594,-157.25,0,0.739000022411346,0.260899990797043,0,0,0,0,0,0,0,0,9.99999974737875e-05,1,19,2,3.29999995231628,5.90000009536743,31,51,31.6000003814697
"9310",42.45,-76.468,274,8.9,22,-4.4,26.4,1109,555,17,39.6,130,284,154,83,46.15,440,2443,3618,333,1375,-28.7,37.3,811,13.7,188,98,64,0.1,1.4,5.7,12.6,20.8,24.6,28.2,26.5,23.2,16.1,8.8,3.6,-9,-8.6,-4.8,0.9,8.2,12.4,15.8,14.5,11,5.8,-0.8,-3.9,-4.4,-3.6,0.5,6.8,14.5,18.5,22,20.5,17.1,11,4,-0.1,58,71,60,99,105,103,115,125,107,123,68,75,7,9.5,14.3,18.3,19.7,21.1,20.2,17.8,14.3,10,6.8,5.6,163,128,58,6,0,0,0,0,0,1,18,66,6,6,20,85,297,404,526,480,363,192,45,17,695,601,545,337,125,37,6,14,64,217,420,558,0,0,0,2,17,54,126,92,37,4,0,0,2,0,0,2,31,30,31,31,30,30,0,0,30,45,8,3,0,0,0,0,0,0,1,10,0,0,41,73,120,135,150,126,90,51,25,0,0,0,0,0,15,32,35,1,0,0,0,0,63,60,62,62,61,64,64,65,63,67,67,71,5.73,6.89,4.89,6.06,2.3,0.28,-0.78,1.45,1.43,6.53,4.64,6.74,0.191100001335144,0.478799998760223,0.564400017261505,0.589600026607513,0.231199994683266,0.244800001382828,0.361800000071526,0.191100001335144,0.589600026607513,12.25,-4.25,41,1.15490663051605,11.4531564712524,930.799987792969,30.5799999237061,-0.0199999995529652,25.3500003814697,88.7799987792969,29106,21672,-3,140,5,17.7600002288818,26.9599990844727,5465.0498046875,148.75,148.75,62.25,37,0.361000001430511,0.265799999237061,0,0.00490000005811453,0.367900013923645,0,0,0.00039999998989515,0,0,0,1.20000004768372,6,6.69999980926514,4.19999980926514,6.09999990463257,24,53,62.2999992370605
"9311",42.463,-76.426,317,8.7,21.8,-4.6,26.4,1136,574,16.5,38,130,283,153,64,50.09,466,2394,3692,315,1339,-29,37.1,800,13.7,187,108,64,-0.1,1,5.3,12.3,20.5,24.3,27.9,26.3,23,15.8,8.5,3.3,-9.2,-8.8,-5,0.8,8.1,12.2,15.7,14.3,10.8,5.7,-1,-4.2,-4.6,-3.9,0.1,6.6,14.3,18.2,21.8,20.3,16.9,10.8,3.8,-0.5,58,71,61,99,107,110,118,126,113,125,71,77,7.2,9.4,14.3,18.3,19.4,21.1,19.8,17.6,14.1,10.1,6.9,5.8,168,135,64,6,0,0,0,0,0,1,20,73,6,6,18,81,291,395,520,474,357,187,42,15,701,609,557,343,131,41,6,15,68,224,426,570,0,0,0,2,16,49,121,87,35,4,0,0,2,0,0,2,31,30,31,31,30,30,0,0,32,48,11,3,0,0,0,0,0,0,2,13,0,0,40,72,118,133,148,125,89,50,25,0,0,0,0,0,11,23,30,0,0,0,0,0,63,61,62,62,62,64,64,65,63,68,67,71,5.75,6.94,5.08,6.2,2.65,1.13,-0.26,1.62,2.09,6.85,5.04,7,0.225999996066093,0.476000010967255,0.562399983406067,0.562399983406067,0.219200000166893,0.225600004196167,0.351000003516674,0.219200000166893,0.562399983406067,28.375,-14.875,131,1.16073083877563,9.45162391662598,919.650024414062,29.2700004577637,0,25.3999996185303,90.0100021362305,28647,21399,-5,139,5,17.4400005340576,26.6100006103516,5410.10986328125,147.070007324219,147.070007324219,57,41,0.941399991512299,0.0395999997854233,0,0.0007999999797903,0.0131999999284744,0.00499999988824129,0,0,0,0,0,1.20000004768372,8,7.09999990463257,4.59999990463257,5.90000009536743,17,55,101.800003051758
"9312",53.519,-113.521,677,3.1,17.2,-11.1,28.3,470,319,27.9,53.9,135,258,124,205,-2.26,1332,1499,5466,67,714,-42.6,35.2,575,12.7,163,106,59,-4.8,-5.4,0,9.7,18.6,21.2,23.6,23,18,9.7,-0.7,-5.1,-15.3,-16.7,-10.8,-2.1,4.3,8.7,10.9,9.4,4.4,-1.7,-9.8,-14.6,-10.1,-11.1,-5.4,3.8,11.5,14.9,17.2,16.2,11.2,4,-5.2,-9.8,21,19,20,29,47,85,102,51,34,22,24,16,3.8,7.1,12.3,17.9,21.7,22.3,21.4,18.6,13.4,7.4,3.9,2.7,316,313,191,16,0,0,0,0,0,14,180,300,0,0,0,37,205,296,379,348,191,43,0,0,871,811,727,426,207,107,50,75,203,435,696,858,0,0,0,0,4,13,25,18,5,0,1,0,0,0,0,8,26,30,31,31,25,10,1,0,20,19,20,8,1,0,0,0,1,3,19,15,0,0,0,53,102,113,120,101,60,26,0,0,0,0,0,24,55,28,18,50,26,4,0,0,56,53,56,60,56,62,62,59,58,61,62,60,2.1,1.9,2,0.38,-3.21,-0.23,0.14,-4.9,-4.1,-0.34,2.4,1.6,0.0599000006914139,0.30799999833107,0.311199992895126,0.292600005865097,0.198699995875359,0.128099992871284,0.245650000870228,0.0599000006914139,0.311199992895126,15.875,15.875,44,1.13947916030884,10.6234102249146,697.190002441406,43.1500015258789,-0.340000003576279,30.7999992370605,40,16348.5,13266,-90,108,5,4.76999998092651,15.1599998474121,5180.669921875,125.540000915527,125.540000915527,-63,46,0.207800000905991,0.067500002682209,0,0,0.699699997901917,0.025000000372529,0,0,0,0,0,1.20000004768372,8.02000000000065,4,4.19999980926514,6.59999990463257,43.9799999999994,31.9799999999994,54.2720007324242
"9313",53.519,-113.521,677,3.1,17.2,-11.1,28.3,470,319,27.9,53.9,135,258,124,205,-2.26,1332,1499,5466,67,714,-42.6,35.2,575,12.7,163,106,59,-4.8,-5.4,0,9.7,18.6,21.2,23.6,23,18,9.7,-0.7,-5.1,-15.3,-16.7,-10.8,-2.1,4.3,8.7,10.9,9.4,4.4,-1.7,-9.8,-14.6,-10.1,-11.1,-5.4,3.8,11.5,14.9,17.2,16.2,11.2,4,-5.2,-9.8,21,19,20,29,47,85,102,51,34,22,24,16,3.8,7.1,12.3,17.9,21.7,22.3,21.4,18.6,13.4,7.4,3.9,2.7,316,313,191,16,0,0,0,0,0,14,180,300,0,0,0,37,205,296,379,348,191,43,0,0,871,811,727,426,207,107,50,75,203,435,696,858,0,0,0,0,4,13,25,18,5,0,1,0,0,0,0,8,26,30,31,31,25,10,1,0,20,19,20,8,1,0,0,0,1,3,19,15,0,0,0,53,102,113,120,101,60,26,0,0,0,0,0,24,55,28,18,50,26,4,0,0,56,53,56,60,56,62,62,59,58,61,62,60,2.1,1.9,2,0.38,-3.21,-0.23,0.14,-4.9,-4.1,-0.34,2.4,1.6,0.0599000006914139,0.30799999833107,0.311199992895126,0.292600005865097,0.198699995875359,0.128099992871284,0.245650000870228,0.0599000006914139,0.311199992895126,15.875,15.875,44,1.13947916030884,10.6234102249146,697.190002441406,43.1500015258789,-0.340000003576279,30.7999992370605,40,16348.5,13266,-90,108,5,4.76999998092651,15.1599998474121,5180.669921875,125.540000915527,125.540000915527,-63,46,0.207800000905991,0.067500002682209,0,0,0.699699997901917,0.025000000372529,0,0,0,0,0,1.20000004768372,8.02000000000065,4,4.19999980926514,6.59999990463257,43.9799999999994,31.9799999999994,54.2720007324242
"9314",52.939,-114.288,952,3.2,15.9,-9.2,25.1,548,383,24.1,41.5,145,256,111,123,7.43,1126,1306,5404,39,561,-41.4,33.9,559,13.1,155,117,57,-2.1,-2.9,1.7,9.6,17.1,19.8,22.3,21.8,17,9.2,1.3,-2.8,-13.4,-15.5,-10,-2.7,3,7.3,9.5,8.3,3.7,-2.5,-9.7,-13.6,-7.8,-9.2,-4.2,3.4,10.1,13.6,15.9,15.1,10.3,3.3,-4.2,-8.2,21,20,25,28,64,95,114,63,47,25,29,17,4.2,7.6,12.8,18.4,22.2,22.5,21.7,18.8,13.5,7.9,4.5,3.1,251,259,159,19,0,0,0,0,1,19,156,263,0,0,0,30,165,258,339,314,165,35,0,0,800,758,690,438,239,137,78,100,232,457,666,809,0,0,1,0,1,7,13,11,3,0,2,0,0,0,1,7,24,29,31,31,24,8,1,0,18,20,24,9,2,0,0,1,2,5,22,16,0,0,0,54,97,109,117,98,58,26,0,0,0,0,0,26,33,14,3,35,11,1,0,0,54,49,54,58,56,61,61,59,58,60,56,55,2.1,2,2.35,0.29,-1.02,1.2,1.74,-3.29,-2.52,0.12,2.77,1.7,0.25,0.292800009250641,0.536800026893616,0.510399997234344,0.275200009346008,0.211199998855591,0.284000009298325,0.211199998855591,0.536800026893616,7.875,-5.875,26,1.14244222640991,12.0412836074829,744.75,39.8899993896484,-0.310000002384186,28.2999992370605,42.2000007629395,14038.5,8940,-49,74,3,5.80000019073486,17.2199993133545,5392.91015625,132.649993896484,132.649993896484,-124.5,3,0.947700023651123,0.0454000011086464,0.00689999992027879,0,0,0,0,0,0,0,0,1.10000002384186,12,2.70000004768372,4.5,5.80000019073486,30,48,48.0999984741211
"9315",52.939,-114.288,952,3.2,15.9,-9.2,25.1,548,383,24.1,41.5,145,256,111,123,7.43,1126,1306,5404,39,561,-41.4,33.9,559,13.1,155,117,57,-2.1,-2.9,1.7,9.6,17.1,19.8,22.3,21.8,17,9.2,1.3,-2.8,-13.4,-15.5,-10,-2.7,3,7.3,9.5,8.3,3.7,-2.5,-9.7,-13.6,-7.8,-9.2,-4.2,3.4,10.1,13.6,15.9,15.1,10.3,3.3,-4.2,-8.2,21,20,25,28,64,95,114,63,47,25,29,17,4.2,7.6,12.8,18.4,22.2,22.5,21.7,18.8,13.5,7.9,4.5,3.1,251,259,159,19,0,0,0,0,1,19,156,263,0,0,0,30,165,258,339,314,165,35,0,0,800,758,690,438,239,137,78,100,232,457,666,809,0,0,1,0,1,7,13,11,3,0,2,0,0,0,1,7,24,29,31,31,24,8,1,0,18,20,24,9,2,0,0,1,2,5,22,16,0,0,0,54,97,109,117,98,58,26,0,0,0,0,0,26,33,14,3,35,11,1,0,0,54,49,54,58,56,61,61,59,58,60,56,55,2.1,2,2.35,0.29,-1.02,1.2,1.74,-3.29,-2.52,0.12,2.77,1.7,0.25,0.292800009250641,0.536800026893616,0.510399997234344,0.275200009346008,0.211199998855591,0.284000009298325,0.211199998855591,0.536800026893616,7.875,-5.875,26,1.14244222640991,12.0412836074829,744.75,39.8899993896484,-0.310000002384186,28.2999992370605,42.2000007629395,14038.5,8940,-49,74,3,5.80000019073486,17.2199993133545,5392.91015625,132.649993896484,132.649993896484,-124.5,3,0.947700023651123,0.0454000011086464,0.00689999992027879,0,0,0,0,0,0,0,0,1.10000002384186,12,2.70000004768372,4.5,5.80000019073486,30,48,48.0999984741211
"9316",53.071,-114.087,845,3.2,16.4,-9.8,26.2,520,356,25.4,46.1,141,256,116,161,3.9,1174,1378,5403,48,616,-41.6,34.4,568,13,158,117,57,-2.8,-3.7,1.1,9.7,17.7,20.3,22.8,22.3,17.3,9.4,0.7,-3.4,-13.8,-15.8,-10.2,-2.5,3.5,7.8,10,8.7,3.9,-2.2,-9.7,-13.8,-8.3,-9.8,-4.6,3.6,10.6,14.1,16.4,15.5,10.6,3.6,-4.5,-8.6,22,20,25,28,57,91,107,59,42,23,29,17,4,7.5,12.6,18.3,22.1,22.4,21.6,18.8,13.5,7.7,4.2,3,262,271,169,18,0,0,0,0,1,17,163,273,0,0,0,33,180,273,354,327,174,38,0,0,815,774,703,432,228,126,66,91,223,448,675,821,0,0,1,0,2,9,17,13,4,0,2,0,0,0,1,7,25,29,31,31,24,9,1,0,20,20,24,8,1,0,0,0,2,4,22,16,0,0,0,54,99,111,119,100,59,26,0,0,0,0,0,26,42,20,12,41,17,3,0,0,55,50,55,58,56,62,61,59,58,60,58,57,2.2,2,2.43,0.26,-1.92,0.65,0.87,-3.88,-3.08,-0.14,2.82,1.7,NA,NA,NA,NA,NA,NA,NA,NA,NA,7,-7,20,1.148850440979,12.6767358779907,740.690002441406,41.560001373291,-0.330000013113022,29.1000003814697,41.5099983215332,14878.5,9412.5,-61,84,3,5.59999990463257,35.0699996948242,5395.8701171875,132.190002441406,132.190002441406,-103.5,8,0.00179999996908009,0,0,0,0,0,0,0.998199999332428,0,0,0,1.10000002384186,10,2.79999995231628,4.19999980926514,6.19999980926514,37,40.0599999999986,53.3119992828366
"9317",52.174,-114.643,997,3.1,15.8,-9.6,25.4,560,394,23.4,40.1,151,254,104,141,5.57,1148,1307,5433,37,560,-43.2,34.8,588,13.5,150,118,54,-2.2,-2.9,2.1,10.1,17.4,20.1,22.6,22.5,17.7,10.2,1.4,-2.9,-14,-16.4,-10.1,-3,2.4,6.8,8.9,7.9,3.3,-2.9,-9.9,-14.8,-8.1,-9.6,-4,3.5,9.9,13.5,15.8,15.2,10.5,3.6,-4.2,-8.8,20,19,28,27,72,114,94,62,52,27,24,21,4.4,8.1,13.2,18.9,22.5,22.9,22.1,19.4,14.2,8.4,4.8,3.4,258,267,153,18,0,0,0,0,1,17,156,278,0,0,0,31,159,255,336,317,171,38,0,0,809,769,684,435,252,139,81,98,226,448,666,827,0,0,0,0,1,7,13,12,4,0,1,0,0,0,1,6,22,29,31,31,23,7,1,0,18,19,27,8,2,0,0,1,2,4,18,20,0,0,0,57,101,113,122,104,62,29,0,0,0,0,0,30,29,0,28,42,10,2,0,0,52,46,53,56,54,59,59,56,55,56,55,51,2,1.9,2.62,0,-0.52,2.71,-0.74,-4.14,-2.59,-0.05,2.27,2.1,0.28099998831749,0.481200009584427,0.613200008869171,0.70440000295639,0.214800000190735,0.178100004792213,0.381099998950958,0.178100004792213,0.70440000295639,3.25,2.5,8,1.14465689659119,12.3055391311646,740.549987792969,39.2400016784668,-0.310000002384186,26.6499996185303,45.8600006103516,14164.5,8970,-53,74,3,6.67999982833862,17.6599998474121,5260.35009765625,130.770004272461,130.770004272461,-117.25,1,0.0861999988555908,0.598900020122528,0,0.256500005722046,0,0.0581000000238419,0,0,0,0,0.000300000014249235,1.10000002384186,8,5.59999990463257,4.40000009536743,6.40000009536743,30,46,54.2999992370605
"9318",52.635,-114.624,972,3.1,15.8,-9.5,25.3,551,383,23.8,41.3,147,256,109,132,6.84,1153,1298,5450,38,554,-42.4,34.3,569,13.3,153,120,56,-2.4,-2.9,1.9,9.7,17.1,19.7,22.4,22.1,17.3,9.6,1.2,-3,-13.9,-16.1,-10.2,-2.9,2.7,7,9.3,8.2,3.6,-2.7,-9.8,-14.3,-8.2,-9.5,-4.1,3.4,9.9,13.3,15.8,15.2,10.5,3.4,-4.3,-8.7,21,20,26,28,66,98,110,61,48,26,28,19,4.3,7.9,13,18.6,22.3,22.6,21.8,19.1,13.9,8.1,4.5,3.2,260,265,156,19,0,0,0,0,1,18,158,275,0,0,0,30,159,249,336,317,171,36,0,0,812,766,687,438,252,144,81,98,226,454,669,824,0,0,1,0,1,6,13,12,4,0,2,0,0,0,1,6,23,29,31,31,24,7,1,0,19,20,25,9,2,0,0,1,2,5,21,18,0,0,0,55,98,109,119,101,60,27,0,0,0,0,0,27,32,11,9,40,12,1,0,0,53,47,53,57,55,61,60,58,57,58,56,53,2.1,2,2.45,0.26,-0.85,1.48,1.17,-3.79,-2.65,0.08,2.68,1.9,0.283600002527237,0.39860001206398,0.554400026798248,0.519999980926514,0.243599995970726,0.168500006198883,0.341100007295609,0.168500006198883,0.554400026798248,10.5,6.5,33,1.13547563552856,10.5470104217529,749.200012207031,38.2700004577637,-0.300000011920929,27.1000003814697,44.5999984741211,14028,8895,-44,72,3,6.3899998664856,15.1300001144409,5357.39013671875,132.630004882812,132.630004882812,-121.5,9,0.0143999997526407,0.958199977874756,0,0.00380000006407499,0.0147000001743436,0.00810000021010637,0,0,0,0,0.0007999999797903,1.20000004768372,9,4,4.40000009536743,6.09999990463257,29,48,48.4000015258789
"9319",52.635,-114.624,972,3.1,15.8,-9.5,25.3,551,383,23.8,41.3,147,256,109,132,6.84,1153,1298,5450,38,554,-42.4,34.3,569,13.3,153,120,56,-2.4,-2.9,1.9,9.7,17.1,19.7,22.4,22.1,17.3,9.6,1.2,-3,-13.9,-16.1,-10.2,-2.9,2.7,7,9.3,8.2,3.6,-2.7,-9.8,-14.3,-8.2,-9.5,-4.1,3.4,9.9,13.3,15.8,15.2,10.5,3.4,-4.3,-8.7,21,20,26,28,66,98,110,61,48,26,28,19,4.3,7.9,13,18.6,22.3,22.6,21.8,19.1,13.9,8.1,4.5,3.2,260,265,156,19,0,0,0,0,1,18,158,275,0,0,0,30,159,249,336,317,171,36,0,0,812,766,687,438,252,144,81,98,226,454,669,824,0,0,1,0,1,6,13,12,4,0,2,0,0,0,1,6,23,29,31,31,24,7,1,0,19,20,25,9,2,0,0,1,2,5,21,18,0,0,0,55,98,109,119,101,60,27,0,0,0,0,0,27,32,11,9,40,12,1,0,0,53,47,53,57,55,61,60,58,57,58,56,53,2.1,2,2.45,0.26,-0.85,1.48,1.17,-3.79,-2.65,0.08,2.68,1.9,0.283600002527237,0.39860001206398,0.554400026798248,0.519999980926514,0.243599995970726,0.168500006198883,0.341100007295609,0.168500006198883,0.554400026798248,10.5,6.5,33,1.13547563552856,10.5470104217529,749.200012207031,38.2700004577637,-0.300000011920929,27.1000003814697,44.5999984741211,14028,8895,-44,72,3,6.3899998664856,15.1300001144409,5357.39013671875,132.630004882812,132.630004882812,-121.5,9,0.0143999997526407,0.958199977874756,0,0.00380000006407499,0.0147000001743436,0.00810000021010637,0,0,0,0,0.0007999999797903,1.20000004768372,9,4,4.40000009536743,6.09999990463257,29,48,48.4000015258789
"9320",53.506,-113.613,672,3.1,17.1,-11,28.1,479,328,27.3,52.1,135,258,122,198,-1.34,1330,1486,5475,64,703,-42.6,35,575,12.7,162,108,58,-4.8,-5.3,0,9.7,18.6,21.2,23.6,22.9,17.9,9.7,-0.7,-5.1,-15.3,-16.7,-10.8,-2.2,4.2,8.6,10.7,9.3,4.3,-1.7,-9.8,-14.6,-10.1,-11,-5.4,3.7,11.4,14.9,17.1,16.1,11.1,4,-5.2,-9.8,21,19,20,27,47,87,105,53,36,22,26,16,3.8,7.2,12.3,18.1,21.8,22.4,21.5,18.6,13.3,7.5,3.9,2.8,316,311,191,17,0,0,0,0,0,14,180,300,0,0,0,35,202,296,376,345,188,43,0,0,871,808,727,429,210,107,52,77,205,435,696,858,0,0,0,0,4,13,24,18,4,0,1,0,0,0,0,8,26,30,31,31,25,10,1,0,20,19,20,7,1,0,0,0,1,3,21,15,0,0,0,53,102,113,121,101,59,26,0,0,0,0,0,26,55,26,16,48,23,4,0,0,56,52,56,59,56,61,61,59,58,61,62,60,2.1,1.9,2,0.19,-3.23,-0.06,0.38,-4.63,-3.85,-0.34,2.6,1.6,0.121799997985363,0.296400010585785,0.396800011396408,0.312400013208389,0.230000004172325,0.16889999806881,0.263200007379055,0.121799997985363,0.396800011396408,1.75,0.25,6,1.14300203323364,12.6318273544312,704.859985351562,43.310001373291,-0.340000003576279,30.5499992370605,40.2599983215332,16317,13239,-87,105,5,4.90000009536743,15.3800001144409,5229.580078125,126.669998168945,126.669998168945,-67.25,37,0.387499988079071,0.0888999998569489,0,0,0.505699992179871,0.0178999993950129,0,0,0,0,0,1.20000004768372,10,3.90000009536743,4.59999990463257,6.5,29,41,58
"9321",53.506,-113.613,672,3.1,17.1,-11,28.1,479,328,27.3,52.1,135,258,122,198,-1.34,1330,1486,5475,64,703,-42.6,35,575,12.7,162,108,58,-4.8,-5.3,0,9.7,18.6,21.2,23.6,22.9,17.9,9.7,-0.7,-5.1,-15.3,-16.7,-10.8,-2.2,4.2,8.6,10.7,9.3,4.3,-1.7,-9.8,-14.6,-10.1,-11,-5.4,3.7,11.4,14.9,17.1,16.1,11.1,4,-5.2,-9.8,21,19,20,27,47,87,105,53,36,22,26,16,3.8,7.2,12.3,18.1,21.8,22.4,21.5,18.6,13.3,7.5,3.9,2.8,316,311,191,17,0,0,0,0,0,14,180,300,0,0,0,35,202,296,376,345,188,43,0,0,871,808,727,429,210,107,52,77,205,435,696,858,0,0,0,0,4,13,24,18,4,0,1,0,0,0,0,8,26,30,31,31,25,10,1,0,20,19,20,7,1,0,0,0,1,3,21,15,0,0,0,53,102,113,121,101,59,26,0,0,0,0,0,26,55,26,16,48,23,4,0,0,56,52,56,59,56,61,61,59,58,61,62,60,2.1,1.9,2,0.19,-3.23,-0.06,0.38,-4.63,-3.85,-0.34,2.6,1.6,0.121799997985363,0.296400010585785,0.396800011396408,0.312400013208389,0.230000004172325,0.16889999806881,0.263200007379055,0.121799997985363,0.396800011396408,1.75,0.25,6,1.14300203323364,12.6318273544312,704.859985351562,43.310001373291,-0.340000003576279,30.5499992370605,40.2599983215332,16317,13239,-87,105,5,4.90000009536743,15.3800001144409,5229.580078125,126.669998168945,126.669998168945,-67.25,37,0.387499988079071,0.0888999998569489,0,0,0.505699992179871,0.0178999993950129,0,0,0,0,0,1.20000004768372,10,3.90000009536743,4.59999990463257,6.5,29,41,58
"9322",56.253,-117.288,341,2.3,17.4,-13.6,31,408,251,30.1,69.3,140,247,107,325,-16.76,1640,1555,5766,77,764,-45.4,37,619,12.6,150,117,51,-8.2,-6.4,0.6,11,21.1,23.4,25.8,24.9,19.6,9.6,-1.8,-6.8,-19,-19.4,-13.3,-3.1,3.8,8.1,9,7.6,2.5,-3.3,-13,-17.3,-13.6,-12.9,-6.4,4,12.5,15.8,17.4,16.2,11.1,3.1,-7.4,-12.1,23,20,18,20,31,72,69,42,37,29,25,22,2.8,6.4,12.4,18.3,21.9,22.8,22.1,18.9,13.5,6.6,3.1,2,423,363,218,15,0,0,0,0,0,20,223,377,0,0,0,40,237,323,385,348,188,33,0,0,978,861,758,420,181,86,46,75,205,463,761,929,0,0,0,0,7,19,28,18,4,0,0,0,0,0,0,6,25,30,31,30,21,6,0,0,23,20,18,5,0,0,0,0,1,6,23,22,0,0,0,55,112,125,135,108,61,23,0,0,0,0,0,35,81,53,66,66,24,0,0,0,53,46,46,53,49,55,51,50,49,56,54,55,2.3,2,1.8,-0.86,-6.36,-3.12,-5.32,-7.55,-4.94,0.59,2.5,2.2,0.0685999989509583,0.472799986600876,0.59799998998642,0.519200026988983,0.105999998748302,0.129999995231628,0.301399990916252,0.0685999989509583,0.59799998998642,40.875,-18.125,110,1.178267121315,9.94467830657959,779.559997558594,60.8699989318848,-0.5,36.2999992370605,27.9200000762939,16222.5,10372.5,-137,81,5,2,32.0400009155273,6305.60009765625,148.399993896484,148.399993896484,-46.5,36,0.659500002861023,0.146799996495247,0,0.00120000005699694,0.148900002241135,0.0383000001311302,0,0,0,0,0.00529999984428287,1.10000002384186,15,3.40000009536743,4.59999990463257,6.40000009536743,29,39,57.5
"9323",56.248,-117.279,423,2.1,17,-13.4,30.4,413,256,29.3,66.4,142,247,105,303,-13.63,1647,1481,5843,63,708,-45.4,36.1,601,12.4,149,120,53,-8.2,-6.6,0.1,10.3,20.3,22.8,25.1,24.1,19,9.2,-2.2,-6.8,-18.7,-19.1,-13.3,-3.3,3.5,7.9,8.9,7.5,2.5,-3.3,-13,-17.1,-13.4,-12.9,-6.6,3.5,11.9,15.4,17,15.8,10.8,2.9,-7.6,-12,23,20,18,20,31,74,70,43,38,29,25,22,2.8,6.4,12.2,18.1,21.7,22.8,21.8,18.6,13.3,6.5,3,2,417,363,223,18,0,0,0,0,0,22,229,374,0,0,0,34,216,311,373,336,180,31,0,0,972,861,764,435,197,95,54,84,217,470,767,926,0,0,0,0,5,16,23,15,4,0,0,0,0,0,0,5,25,29,31,30,21,6,0,0,23,20,18,6,0,0,0,0,1,6,23,22,0,0,0,53,108,122,131,105,60,22,0,0,0,0,0,33,77,48,61,62,22,0,0,0,55,48,47,54,50,55,53,51,50,57,56,56,2.3,2,1.8,-0.59,-5.92,-2.56,-4.7,-6.86,-4.51,0.71,2.5,2.2,0.103399999439716,0.435999989509583,0.603200018405914,0.51800000667572,0.129700005054474,0.129099994897842,0.282849997282028,0.103399999439716,0.603200018405914,43.375,8.625,157,1.18486857414246,8.62840557098389,750.049987792969,58.3800010681152,-0.469999998807907,35.4500007629395,29.1499996185303,15319.5,9862.5,-136,77,4,1.94000005722046,30.6499996185303,6074.60009765625,143.199996948242,143.199996948242,-68.75,37,0.76529997587204,0.17960000038147,0,0,0.0206000003963709,0.0274000000208616,0,0,0,0,0.0071000000461936,1.10000002384186,16,2.90000009536743,4.5,6.30000019073486,29,38,51.4000015258789
"9324",56.095,-117.572,331,2.5,17.6,-12.6,30.2,388,239,32.2,73.6,136,254,118,299,-12.76,1582,1554,5704,78,764,-45.4,35.9,579,12.3,158,113,56,-7.5,-6.7,-0.1,10.1,19.9,22.4,24.7,23.8,18.6,9.3,-2.5,-7,-17.6,-18.2,-12.3,-2.6,4.3,8.9,10.4,8.9,3.8,-2.2,-12.3,-16.9,-12.6,-12.4,-6.2,3.8,12.1,15.6,17.6,16.4,11.2,3.6,-7.4,-11.9,23,18,19,19,30,70,65,40,34,25,24,21,2.9,6.3,11.9,17.8,21.8,22.4,21.6,18.5,13,6.6,3.1,2,393,349,212,16,0,0,0,0,0,17,223,371,0,0,0,37,225,317,391,354,191,38,0,0,947,847,752,426,192,91,43,71,203,448,761,923,0,0,0,0,5,18,31,20,5,0,0,0,0,0,0,7,26,30,31,31,24,9,0,0,23,18,19,5,0,0,0,0,1,4,22,21,0,0,0,52,105,117,125,101,57,22,0,0,0,0,0,33,75,47,60,61,23,0,0,0,56,51,51,57,53,59,58,56,54,61,59,57,2.3,1.8,1.9,-0.64,-5.49,-2.28,-4.3,-6.44,-4.32,0.22,2.4,2.1,NA,NA,NA,NA,NA,NA,NA,NA,NA,43.75,-41.25,124,1.14567518234253,10.7605590820312,750.530029296875,58.8300018310547,-0.479999989271164,35.4000015258789,29.6800003051758,16548,10462.5,-132,91,5,2.48000001907349,32.0299987792969,5974.81005859375,141,141,-46,9,0.308800011873245,0.23479999601841,0,0.012699999846518,0.0144999995827675,0.0156999994069338,0,0.409299999475479,0,0,0.00419999985024333,1.10000002384186,13,2.90000009536743,4.90000009536743,6.40000009536743,27,40,39.0999984741211
"9325",53.987,-113.319,656,2.7,17,-11.7,28.7,481,322,26.4,52.8,138,257,119,194,-0.36,1438,1456,5622,59,683,-43.9,34.9,569,12.6,160,115,58,-5.6,-5.9,-0.2,9.4,18.5,21.1,23.4,22.7,17.7,9.2,-1.3,-5.8,-16.4,-17.5,-11.3,-2.5,3.9,8.4,10.6,9.1,4.1,-1.9,-10.3,-15.6,-11,-11.7,-5.8,3.5,11.2,14.8,17,15.9,10.9,3.6,-5.8,-10.7,23,20,20,28,44,92,103,50,33,25,26,17,3.6,7.1,12.2,18,21.7,22.3,21.4,18.4,13.1,7.3,3.7,2.6,343,330,202,18,0,0,0,0,0,17,193,334,0,0,0,34,197,293,373,339,183,38,0,0,898,828,740,435,215,109,54,82,214,448,714,886,0,0,0,0,4,12,23,16,4,0,0,0,0,0,0,7,26,30,31,31,25,9,1,0,22,20,20,8,1,0,0,0,1,4,22,17,0,0,0,52,102,113,120,99,58,25,0,0,0,0,0,24,58,21,17,49,25,0,0,0,54,51,55,59,55,61,62,59,58,62,63,58,2.3,2,2,0.42,-3.51,0.48,0.34,-4.81,-4.05,0.16,2.6,1.7,0.145699992775917,0.283199995756149,0.361400008201599,0.357800006866455,0.229200005531311,0.205599993467331,0.25620000064373,0.145699992775917,0.361400008201599,4,0.5,13,1.1425154209137,12.2054452896118,707.739990234375,44.4099998474121,-0.340000003576279,31.25,39.25,15739.5,9990,-96,99,4,4.03000020980835,31.7199993133545,5412.14013671875,129.699996948242,129.699996948242,-70.75,3,0.604700028896332,0.375800013542175,0,0.00120000005699694,0,0.0094999996945262,0,0,0,0,0.00879999995231628,1.10000002384186,8,3.59999990463257,4,6.30000019073486,41,34,46.9000015258789
"9326",53.494,-114.176,740,3.2,16.8,-10.1,26.9,533,356,24.8,47.2,135,258,123,148,5.84,1227,1435,5411,56,661,-41.7,34.5,561,12.7,163,125,59,-3.7,-4.4,0.7,9.5,18.1,20.5,23,22.4,17.5,9,-0.4,-4.3,-14.2,-15.8,-10.2,-2,4.1,8.3,10.5,9.2,4.3,-1.6,-9.4,-13.9,-8.9,-10.1,-4.8,3.8,11.1,14.4,16.8,15.8,10.9,3.7,-4.9,-9.1,21,21,26,32,50,91,116,59,40,25,32,20,3.9,7.1,12.3,17.8,21.9,22.3,21.4,18.4,13.3,7.4,4,2.9,276,286,175,16,0,0,0,0,0,16,173,285,0,0,0,35,194,281,367,336,183,39,0,0,834,783,709,426,217,119,58,84,214,445,687,836,0,0,1,0,3,10,21,15,4,0,1,0,0,0,1,8,26,30,31,31,25,10,1,0,19,21,25,8,1,0,0,0,1,4,25,19,0,0,0,52,100,110,118,98,58,25,0,0,0,0,0,20,50,19,2,39,18,0,0,0,56,53,56,61,57,62,62,60,59,64,63,59,2.1,2.1,2.56,0.73,-2.68,0.73,1.87,-3.72,-3.25,0.19,3.19,2,0.270399987697601,0.374399989843369,0.507200002670288,0.447200000286102,0.0939999967813492,0.320199996232986,0.347299993038177,0.0939999967813492,0.507200002670288,4.625,3.625,18,1.14293324947357,11.1773710250854,731.330017089844,41.9000015258789,-0.319999992847443,29.75,41.9199981689453,15424.5,9727.5,-74,90,4,5.28999996185303,34.189998626709,5399.47998046875,131.380004882812,131.380004882812,-88.25,9,0.691999971866608,0.280400007963181,0,0,0.000899999984540045,0.000899999984540045,0,0.0136000001803041,0.0121999997645617,0,0,1.10000002384186,8,4.19999980926514,5,6.19999980926514,33,46,52.2000007629395
"9327",52.635,-114.624,972,3.1,15.8,-9.5,25.3,551,383,23.8,41.3,147,256,109,132,6.84,1153,1298,5450,38,554,-42.4,34.3,569,13.3,153,120,56,-2.4,-2.9,1.9,9.7,17.1,19.7,22.4,22.1,17.3,9.6,1.2,-3,-13.9,-16.1,-10.2,-2.9,2.7,7,9.3,8.2,3.6,-2.7,-9.8,-14.3,-8.2,-9.5,-4.1,3.4,9.9,13.3,15.8,15.2,10.5,3.4,-4.3,-8.7,21,20,26,28,66,98,110,61,48,26,28,19,4.3,7.9,13,18.6,22.3,22.6,21.8,19.1,13.9,8.1,4.5,3.2,260,265,156,19,0,0,0,0,1,18,158,275,0,0,0,30,159,249,336,317,171,36,0,0,812,766,687,438,252,144,81,98,226,454,669,824,0,0,1,0,1,6,13,12,4,0,2,0,0,0,1,6,23,29,31,31,24,7,1,0,19,20,25,9,2,0,0,1,2,5,21,18,0,0,0,55,98,109,119,101,60,27,0,0,0,0,0,27,32,11,9,40,12,1,0,0,53,47,53,57,55,61,60,58,57,58,56,53,2.1,2,2.45,0.26,-0.85,1.48,1.17,-3.79,-2.65,0.08,2.68,1.9,0.283600002527237,0.39860001206398,0.554400026798248,0.519999980926514,0.243599995970726,0.168500006198883,0.341100007295609,0.168500006198883,0.554400026798248,10.5,6.5,33,1.13547563552856,10.5470104217529,749.200012207031,38.2700004577637,-0.300000011920929,27.1000003814697,44.5999984741211,14028,8895,-44,72,3,6.3899998664856,15.1300001144409,5357.39013671875,132.630004882812,132.630004882812,-121.5,9,0.0143999997526407,0.958199977874756,0,0.00380000006407499,0.0147000001743436,0.00810000021010637,0,0,0,0,0.0007999999797903,1.20000004768372,9,4,4.40000009536743,6.09999990463257,29,48,48.4000015258789
"9328",53.623,-113.958,736,3.1,16.9,-10.4,27.3,518,347,25.3,48.7,135,258,123,161,3.8,1266,1443,5442,57,668,-42.1,34.5,563,12.7,162,122,59,-4,-4.7,0.5,9.5,18.2,20.7,23.2,22.5,17.6,9.2,-0.5,-4.6,-14.6,-16.1,-10.4,-2.1,4.1,8.3,10.5,9.2,4.3,-1.7,-9.6,-14.2,-9.3,-10.4,-5,3.7,11.1,14.5,16.9,15.8,11,3.7,-5,-9.4,22,21,24,31,49,91,112,56,39,24,30,19,3.8,7.2,12.3,17.9,21.9,22.3,21.5,18.4,13.3,7.4,3.9,2.8,291,294,180,17,0,0,0,0,0,16,175,292,0,0,0,34,194,284,370,336,186,39,0,0,846,791,715,429,217,117,56,84,207,445,690,846,0,0,0,0,3,11,22,15,4,0,1,0,0,0,1,8,26,30,31,31,25,10,1,0,20,21,23,9,1,0,0,0,1,4,24,18,0,0,0,52,100,111,119,98,58,25,0,0,0,0,0,21,51,20,7,42,19,1,0,0,56,52,56,60,56,62,62,60,58,63,63,59,2.2,2.1,2.39,0.64,-2.84,0.59,1.3,-4.09,-3.41,0.03,3,1.9,0.0653393421216015,0.404719333362374,0.490192654288344,0.402713318975001,0.201944994374018,0.111543807538441,0.30232915667451,0.0653393421216015,0.490192654288344,5.375,2.125,16,1.14715218544006,12.6794872283936,712.659973144531,41.7400016784668,-0.319999992847443,30.2999992370605,41.7900009155273,15708,10642.5,-84,97,5,5.01000022888184,33.0699996948242,5293.4501953125,128.410003662109,128.410003662109,-78.5,21,0.747399985790253,0.0200999993830919,0,0,0.00300000002607703,0.00150000001303852,0,0.216399997472763,0,0,0.0115999998524785,1.10000002384186,10,4.5,4.5,6.19999980926514,40,36,52.2999992370605
"9329",53.616,-114.074,753,3.2,16.8,-10.1,26.9,530,353,24.9,47.6,135,258,123,150,5.65,1225,1434,5411,56,661,-41.7,34.3,560,12.7,163,125,60,-3.7,-4.4,0.7,9.4,18,20.5,23,22.3,17.5,9,-0.4,-4.3,-14.1,-15.7,-10.1,-2.1,4.1,8.3,10.5,9.2,4.3,-1.6,-9.4,-13.9,-8.9,-10.1,-4.7,3.7,11.1,14.4,16.8,15.8,10.9,3.7,-4.9,-9.1,22,21,25,32,49,92,115,58,39,25,32,20,3.8,7.1,12.2,17.8,21.9,22.3,21.5,18.5,13.3,7.4,3.9,2.9,276,286,172,17,0,0,0,0,0,16,173,285,0,0,0,34,194,281,367,336,183,39,0,0,834,783,706,429,217,119,58,84,214,445,687,836,0,0,1,0,3,10,21,15,4,0,1,0,0,0,1,8,26,30,31,31,25,10,1,0,20,21,24,9,1,0,0,0,1,4,25,19,0,0,0,52,99,110,118,98,58,25,0,0,0,0,0,20,50,18,3,40,19,0,0,0,57,53,57,61,57,62,62,60,59,64,63,59,2.2,2.1,2.45,0.77,-2.72,0.82,1.75,-3.75,-3.36,0.19,3.19,2,0.266402548825027,0.482648859338827,0.583008432844844,0.443823748637235,0.163264177432389,0.104731404268453,0.355113148731131,0.104731404268453,0.583008432844844,7.875,-1.125,22,1.1457484960556,11.7365264892578,716.150024414062,40.8499984741211,-0.310000002384186,30,42.4000015258789,15382.5,9705,-81,93,4,5.09999990463257,33.25,5315.56005859375,129.169998168945,129.169998168945,-87,8,0.830200016498566,0.107100002467632,0,0,0.00300000002607703,0.0221999995410442,0,0.034000001847744,0,0,0.00350000010803342,1.10000002384186,11,3.79999995231628,4.5,6.09999990463257,38,41,55.9000015258789
"9330",53.494,-114.176,740,3.2,16.8,-10.1,26.9,533,356,24.8,47.2,135,258,123,148,5.84,1227,1435,5411,56,661,-41.7,34.5,561,12.7,163,125,59,-3.7,-4.4,0.7,9.5,18.1,20.5,23,22.4,17.5,9,-0.4,-4.3,-14.2,-15.8,-10.2,-2,4.1,8.3,10.5,9.2,4.3,-1.6,-9.4,-13.9,-8.9,-10.1,-4.8,3.8,11.1,14.4,16.8,15.8,10.9,3.7,-4.9,-9.1,21,21,26,32,50,91,116,59,40,25,32,20,3.9,7.1,12.3,17.8,21.9,22.3,21.4,18.4,13.3,7.4,4,2.9,276,286,175,16,0,0,0,0,0,16,173,285,0,0,0,35,194,281,367,336,183,39,0,0,834,783,709,426,217,119,58,84,214,445,687,836,0,0,1,0,3,10,21,15,4,0,1,0,0,0,1,8,26,30,31,31,25,10,1,0,19,21,25,8,1,0,0,0,1,4,25,19,0,0,0,52,100,110,118,98,58,25,0,0,0,0,0,20,50,19,2,39,18,0,0,0,56,53,56,61,57,62,62,60,59,64,63,59,2.1,2.1,2.56,0.73,-2.68,0.73,1.87,-3.72,-3.25,0.19,3.19,2,0.270399987697601,0.374399989843369,0.507200002670288,0.447200000286102,0.0939999967813492,0.320199996232986,0.347299993038177,0.0939999967813492,0.507200002670288,4.625,3.625,18,1.14293324947357,11.1773710250854,731.330017089844,41.9000015258789,-0.319999992847443,29.75,41.9199981689453,15424.5,9727.5,-74,90,4,5.28999996185303,34.189998626709,5399.47998046875,131.380004882812,131.380004882812,-88.25,9,0.691999971866608,0.280400007963181,0,0,0.000899999984540045,0.000899999984540045,0,0.0136000001803041,0.0121999997645617,0,0,1.10000002384186,8,4.19999980926514,5,6.19999980926514,33,46,52.2000007629395
"9331",53.071,-114.078,852,3.2,16.4,-9.8,26.2,520,356,25.4,46.1,141,256,116,161,3.87,1174,1378,5403,48,616,-41.6,34.4,568,13,158,117,57,-2.8,-3.7,1.1,9.7,17.7,20.3,22.8,22.3,17.3,9.4,0.7,-3.4,-13.8,-15.8,-10.2,-2.5,3.5,7.8,10,8.7,3.9,-2.2,-9.7,-13.8,-8.3,-9.8,-4.6,3.6,10.6,14.1,16.4,15.5,10.6,3.6,-4.5,-8.6,22,20,25,28,57,91,107,59,42,23,29,17,4,7.5,12.6,18.3,22.1,22.4,21.6,18.8,13.5,7.7,4.2,3,262,271,169,18,0,0,0,0,1,17,163,273,0,0,0,33,180,273,354,327,174,38,0,0,815,774,703,432,228,126,66,91,223,448,675,821,0,0,1,0,2,9,17,13,4,0,2,0,0,0,1,7,25,29,31,31,24,9,1,0,20,20,24,8,1,0,0,0,2,4,22,16,0,0,0,54,99,111,119,100,59,26,0,0,0,0,0,26,42,20,12,41,17,3,0,0,55,50,55,58,56,62,61,59,58,60,58,57,2.2,2,2.43,0.26,-1.93,0.65,0.87,-3.89,-3.09,-0.15,2.82,1.7,0.330990915471442,0.254278756729207,0.515504441018009,0.479074280906818,0.20636010477364,0.398955286499946,0.364973100985694,0.20636010477364,0.515504441018009,8.625,-3.625,24,1.1526700258255,10.6701688766479,740.409973144531,41.5400009155273,-0.330000013113022,29.2000007629395,41.4300003051758,14868,9412.5,-62,84,3,5.57000017166138,35.0699996948242,5397.52001953125,132.190002441406,132.190002441406,-103,8,0.558799982070923,0.000300000014249235,0,0,0.0119000002741814,0.0111999996006489,0,0.417800009250641,0,0,0,1.19800004720681,9.99719999999992,2.60455990571991,4.00427999725356,6.2980001831054,37,41.0056000000002,51.7365607498181
"9332",54.963,-112.01,560,1.8,17,-13.2,30.2,436,300,27.1,56.7,143,254,110,196,-2.04,1635,1379,5929,53,635,-45.3,34.4,545,12.2,154,102,58,-7.7,-6.9,-0.5,8.6,17.9,20.7,23.3,22.2,16.7,7.7,-2.7,-7.5,-18.6,-18.8,-12.1,-3.5,3.2,8.2,10.6,8.9,3.7,-2.1,-11.3,-17,-13.2,-12.9,-6.3,2.5,10.5,14.4,17,15.6,10.2,2.8,-7,-12.2,21,15,16,28,33,96,91,48,32,25,17,14,3.2,6.7,12.1,17.8,21.3,22,21.1,18,12.5,6.6,3.3,2.3,411,363,215,26,0,0,0,0,1,23,216,380,0,0,0,26,177,281,373,330,162,30,0,0,966,861,755,465,231,119,54,89,235,473,749,932,0,0,0,0,3,10,23,14,3,0,0,0,0,0,0,5,24,30,31,31,24,9,1,0,21,15,16,12,1,0,0,0,2,6,15,14,0,0,0,49,98,109,118,96,54,21,0,0,0,0,0,21,65,13,27,48,22,0,0,0,53,50,53,58,55,62,62,60,59,66,64,59,2.1,1.5,1.6,0.79,-4.28,1.22,-0.67,-4.55,-3.54,0.69,1.7,1.4,0.281800001859665,0.300799995660782,0.391999989748001,0.308999985456467,0.238399997353554,0.238800004124641,0.291299998760223,0.238399997353554,0.391999989748001,5,1,19,1.14305186271667,11.5497703552246,695.309997558594,44.1699981689453,-0.340000003576279,32.8499984741211,36.9700012207031,15004.5,9637.5,-109,95,4,2.54999995231628,30.6000003814697,5482.39990234375,129.520004272461,129.520004272461,-80.75,0,0.887899994850159,0.107500001788139,0,0,0,0.00460000010207295,0,0,0,0,0,1.10000002384186,11,2.09999990463257,3.59999990463257,6,58,29,38
"9333",54.963,-112.01,560,1.8,17,-13.2,30.2,436,300,27.1,56.7,143,254,110,196,-2.04,1635,1379,5929,53,635,-45.3,34.4,545,12.2,154,102,58,-7.7,-6.9,-0.5,8.6,17.9,20.7,23.3,22.2,16.7,7.7,-2.7,-7.5,-18.6,-18.8,-12.1,-3.5,3.2,8.2,10.6,8.9,3.7,-2.1,-11.3,-17,-13.2,-12.9,-6.3,2.5,10.5,14.4,17,15.6,10.2,2.8,-7,-12.2,21,15,16,28,33,96,91,48,32,25,17,14,3.2,6.7,12.1,17.8,21.3,22,21.1,18,12.5,6.6,3.3,2.3,411,363,215,26,0,0,0,0,1,23,216,380,0,0,0,26,177,281,373,330,162,30,0,0,966,861,755,465,231,119,54,89,235,473,749,932,0,0,0,0,3,10,23,14,3,0,0,0,0,0,0,5,24,30,31,31,24,9,1,0,21,15,16,12,1,0,0,0,2,6,15,14,0,0,0,49,98,109,118,96,54,21,0,0,0,0,0,21,65,13,27,48,22,0,0,0,53,50,53,58,55,62,62,60,59,66,64,59,2.1,1.5,1.6,0.79,-4.28,1.22,-0.67,-4.55,-3.54,0.69,1.7,1.4,0.281800001859665,0.300799995660782,0.391999989748001,0.308999985456467,0.238399997353554,0.238800004124641,0.291299998760223,0.238399997353554,0.391999989748001,5,1,19,1.14305186271667,11.5497703552246,695.309997558594,44.1699981689453,-0.340000003576279,32.8499984741211,36.9700012207031,15004.5,9637.5,-109,95,4,2.54999995231628,30.6000003814697,5482.39990234375,129.520004272461,129.520004272461,-80.75,0,0.887899994850159,0.107500001788139,0,0,0,0.00460000010207295,0,0,0,0,0,1.10000002384186,11,2.09999990463257,3.59999990463257,6,58,29,38
"9334",54.963,-112.01,560,1.8,17,-13.2,30.2,436,300,27.1,56.7,143,254,110,196,-2.04,1635,1379,5929,53,635,-45.3,34.4,545,12.2,154,102,58,-7.7,-6.9,-0.5,8.6,17.9,20.7,23.3,22.2,16.7,7.7,-2.7,-7.5,-18.6,-18.8,-12.1,-3.5,3.2,8.2,10.6,8.9,3.7,-2.1,-11.3,-17,-13.2,-12.9,-6.3,2.5,10.5,14.4,17,15.6,10.2,2.8,-7,-12.2,21,15,16,28,33,96,91,48,32,25,17,14,3.2,6.7,12.1,17.8,21.3,22,21.1,18,12.5,6.6,3.3,2.3,411,363,215,26,0,0,0,0,1,23,216,380,0,0,0,26,177,281,373,330,162,30,0,0,966,861,755,465,231,119,54,89,235,473,749,932,0,0,0,0,3,10,23,14,3,0,0,0,0,0,0,5,24,30,31,31,24,9,1,0,21,15,16,12,1,0,0,0,2,6,15,14,0,0,0,49,98,109,118,96,54,21,0,0,0,0,0,21,65,13,27,48,22,0,0,0,53,50,53,58,55,62,62,60,59,66,64,59,2.1,1.5,1.6,0.79,-4.28,1.22,-0.67,-4.55,-3.54,0.69,1.7,1.4,0.281800001859665,0.300799995660782,0.391999989748001,0.308999985456467,0.238399997353554,0.238800004124641,0.291299998760223,0.238399997353554,0.391999989748001,5,1,19,1.14305186271667,11.5497703552246,695.309997558594,44.1699981689453,-0.340000003576279,32.8499984741211,36.9700012207031,15004.5,9637.5,-109,95,4,2.54999995231628,30.6000003814697,5482.39990234375,129.520004272461,129.520004272461,-80.75,0,0.887899994850159,0.107500001788139,0,0,0,0.00460000010207295,0,0,0,0,0,1.10000002384186,11,2.09999990463257,3.59999990463257,6,58,29,38
"9335",54.963,-112.01,560,1.8,17,-13.2,30.2,436,300,27.1,56.7,143,254,110,196,-2.04,1635,1379,5929,53,635,-45.3,34.4,545,12.2,154,102,58,-7.7,-6.9,-0.5,8.6,17.9,20.7,23.3,22.2,16.7,7.7,-2.7,-7.5,-18.6,-18.8,-12.1,-3.5,3.2,8.2,10.6,8.9,3.7,-2.1,-11.3,-17,-13.2,-12.9,-6.3,2.5,10.5,14.4,17,15.6,10.2,2.8,-7,-12.2,21,15,16,28,33,96,91,48,32,25,17,14,3.2,6.7,12.1,17.8,21.3,22,21.1,18,12.5,6.6,3.3,2.3,411,363,215,26,0,0,0,0,1,23,216,380,0,0,0,26,177,281,373,330,162,30,0,0,966,861,755,465,231,119,54,89,235,473,749,932,0,0,0,0,3,10,23,14,3,0,0,0,0,0,0,5,24,30,31,31,24,9,1,0,21,15,16,12,1,0,0,0,2,6,15,14,0,0,0,49,98,109,118,96,54,21,0,0,0,0,0,21,65,13,27,48,22,0,0,0,53,50,53,58,55,62,62,60,59,66,64,59,2.1,1.5,1.6,0.79,-4.28,1.22,-0.67,-4.55,-3.54,0.69,1.7,1.4,0.281800001859665,0.300799995660782,0.391999989748001,0.308999985456467,0.238399997353554,0.238800004124641,0.291299998760223,0.238399997353554,0.391999989748001,5,1,19,1.14305186271667,11.5497703552246,695.309997558594,44.1699981689453,-0.340000003576279,32.8499984741211,36.9700012207031,15004.5,9637.5,-109,95,4,2.54999995231628,30.6000003814697,5482.39990234375,129.520004272461,129.520004272461,-80.75,0,0.887899994850159,0.107500001788139,0,0,0,0.00460000010207295,0,0,0,0,0,1.10000002384186,11,2.09999990463257,3.59999990463257,6,58,29,38
"9336",53.052,-114.74,948,3.4,16,-9.1,25.1,581,406,23.1,39.4,143,257,114,97,10.37,1101,1329,5342,41,574,-40.9,33.8,561,13.1,158,120,58,-2.1,-2.8,1.9,9.9,17.1,19.9,22.4,21.8,17.1,9.6,1.3,-2.9,-13.1,-15.3,-9.8,-2.5,3.2,7.4,9.7,8.5,3.9,-2.1,-9.3,-13.3,-7.6,-9.1,-4,3.7,10.2,13.6,16,15.2,10.5,3.8,-4,-8.1,21,21,26,31,66,105,115,66,54,27,30,19,4.1,7.6,12.7,18.4,22.1,22.5,21.6,18.7,13.5,8,4.4,3.1,246,257,153,17,0,0,0,0,1,16,151,260,0,0,0,33,168,258,342,317,171,40,0,0,794,755,684,429,237,137,76,98,226,442,660,806,0,0,1,0,2,7,14,12,4,0,2,0,0,0,1,7,24,29,31,31,24,9,1,0,18,21,25,9,2,0,0,1,2,4,22,18,0,0,0,55,97,109,117,98,58,27,0,0,0,0,0,24,31,4,2,32,4,0,0,0,55,49,54,58,57,61,62,60,59,60,58,57,2.1,2.1,2.41,0.46,-0.78,2.15,1.82,-2.93,-1.84,0.15,2.84,1.9,0.196400001645088,0.541599988937378,0.723599970340729,0.592000007629395,0.231199994683266,0.217999994754791,0.386399991810322,0.196400001645088,0.723599970340729,24.75,24.75,35,1.1436687707901,11.1410465240479,742.700012207031,37.4599990844727,-0.28999999165535,28,44.1699981689453,13933.5,8850,-53,72,3,5.86999988555908,14.4200000762939,5377.68994140625,132.440002441406,132.440002441406,-128,9,0.748399972915649,0.250600010156631,0,0,0.000500000023748726,0.000199999994947575,0,0,0,0,0.000300000014249235,1.10000002384186,12,5.59999990463257,5,5.69999980926514,26,46,58.5
"9337",52.229,-113.453,844,3,16.4,-10.6,27,488,342,26.6,48,144,256,112,202,-1.62,1267,1392,5486,49,629,-43,35.5,592,13.3,154,106,56,-3.5,-4.6,0.6,9.5,17.6,20.5,23.3,23.1,18.4,10.3,0.7,-3.8,-14.9,-16.6,-10.8,-2.9,3.1,7.7,9.6,8.5,3.7,-2.9,-10.2,-14.8,-9.2,-10.6,-5.1,3.3,10.4,14.1,16.4,15.8,11,3.7,-4.8,-9.3,17,18,22,28,60,93,87,60,42,20,24,17,4.3,7.8,12.9,18.7,22.1,22.6,21.9,19.3,14.2,8.2,4.5,3.2,288,299,183,20,0,0,0,0,0,16,170,289,0,0,0,31,174,273,354,336,186,39,0,0,843,797,718,441,233,126,66,84,207,445,684,843,0,0,0,0,2,9,17,15,4,0,1,0,0,0,0,6,24,29,31,31,24,7,1,0,16,18,21,9,1,0,0,0,2,3,19,16,0,0,0,55,101,113,124,106,64,29,0,0,0,0,0,27,41,20,37,46,22,9,0,0,53,50,55,57,55,61,59,56,55,55,56,54,1.7,1.8,2.2,0.37,-1.64,0.68,-1.68,-4.52,-3.85,-0.74,2.36,1.7,0.204300001263618,0.382400006055832,0.676400005817413,0.606000006198883,0.0178999993950129,0.16609999537468,0.293350003659725,0.0178999993950129,0.676400005817413,23.625,2.125,68,1.14006149768829,10.5226268768311,746.719970703125,49.6300010681152,-0.419999986886978,30.3999996185303,36.4500007629395,15697.5,9915,-85,93,5,5.6100001335144,17.7399997711182,5441.5400390625,133.509994506836,133.509994506836,-77,10,0.101499997079372,0.426699995994568,0,0.433200001716614,0.0189999993890524,0.0196000002324581,0,0,0,0,0,1.20000004768372,11,5.59999990463257,4.80000019073486,6.59999990463257,44,35,53.4000015258789
"9338",52.635,-114.624,972,3.1,15.8,-9.5,25.3,551,383,23.8,41.3,147,256,109,132,6.84,1153,1298,5450,38,554,-42.4,34.3,569,13.3,153,120,56,-2.4,-2.9,1.9,9.7,17.1,19.7,22.4,22.1,17.3,9.6,1.2,-3,-13.9,-16.1,-10.2,-2.9,2.7,7,9.3,8.2,3.6,-2.7,-9.8,-14.3,-8.2,-9.5,-4.1,3.4,9.9,13.3,15.8,15.2,10.5,3.4,-4.3,-8.7,21,20,26,28,66,98,110,61,48,26,28,19,4.3,7.9,13,18.6,22.3,22.6,21.8,19.1,13.9,8.1,4.5,3.2,260,265,156,19,0,0,0,0,1,18,158,275,0,0,0,30,159,249,336,317,171,36,0,0,812,766,687,438,252,144,81,98,226,454,669,824,0,0,1,0,1,6,13,12,4,0,2,0,0,0,1,6,23,29,31,31,24,7,1,0,19,20,25,9,2,0,0,1,2,5,21,18,0,0,0,55,98,109,119,101,60,27,0,0,0,0,0,27,32,11,9,40,12,1,0,0,53,47,53,57,55,61,60,58,57,58,56,53,2.1,2,2.45,0.26,-0.85,1.48,1.17,-3.79,-2.65,0.08,2.68,1.9,0.283600002527237,0.39860001206398,0.554400026798248,0.519999980926514,0.243599995970726,0.168500006198883,0.341100007295609,0.168500006198883,0.554400026798248,10.5,6.5,33,1.13547563552856,10.5470104217529,749.200012207031,38.2700004577637,-0.300000011920929,27.1000003814697,44.5999984741211,14028,8895,-44,72,3,6.3899998664856,15.1300001144409,5357.39013671875,132.630004882812,132.630004882812,-121.5,9,0.0143999997526407,0.958199977874756,0,0.00380000006407499,0.0147000001743436,0.00810000021010637,0,0,0,0,0.0007999999797903,1.20000004768372,9,4,4.40000009536743,6.09999990463257,29,48,48.4000015258789
"9339",54.963,-112.01,560,1.8,17,-13.2,30.2,436,300,27.1,56.7,143,254,110,196,-2.04,1635,1379,5929,53,635,-45.3,34.4,545,12.2,154,102,58,-7.7,-6.9,-0.5,8.6,17.9,20.7,23.3,22.2,16.7,7.7,-2.7,-7.5,-18.6,-18.8,-12.1,-3.5,3.2,8.2,10.6,8.9,3.7,-2.1,-11.3,-17,-13.2,-12.9,-6.3,2.5,10.5,14.4,17,15.6,10.2,2.8,-7,-12.2,21,15,16,28,33,96,91,48,32,25,17,14,3.2,6.7,12.1,17.8,21.3,22,21.1,18,12.5,6.6,3.3,2.3,411,363,215,26,0,0,0,0,1,23,216,380,0,0,0,26,177,281,373,330,162,30,0,0,966,861,755,465,231,119,54,89,235,473,749,932,0,0,0,0,3,10,23,14,3,0,0,0,0,0,0,5,24,30,31,31,24,9,1,0,21,15,16,12,1,0,0,0,2,6,15,14,0,0,0,49,98,109,118,96,54,21,0,0,0,0,0,21,65,13,27,48,22,0,0,0,53,50,53,58,55,62,62,60,59,66,64,59,2.1,1.5,1.6,0.79,-4.28,1.22,-0.67,-4.55,-3.54,0.69,1.7,1.4,0.281800001859665,0.300799995660782,0.391999989748001,0.308999985456467,0.238399997353554,0.238800004124641,0.291299998760223,0.238399997353554,0.391999989748001,5,1,19,1.14305186271667,11.5497703552246,695.309997558594,44.1699981689453,-0.340000003576279,32.8499984741211,36.9700012207031,15004.5,9637.5,-109,95,4,2.54999995231628,30.6000003814697,5482.39990234375,129.520004272461,129.520004272461,-80.75,0,0.887899994850159,0.107500001788139,0,0,0,0.00460000010207295,0,0,0,0,0,1.10000002384186,11,2.09999990463257,3.59999990463257,6,58,29,38
"9340",44.424,-121.849,1479,6.1,15.9,-1.1,17,2069,315,7.8,50.5,150,275,125,260,150.32,334,1299,4346,35,527,-25.3,36.3,710,15.8,195,514,64,3.7,3.3,5.9,8.7,13.7,17.5,23.3,23.8,18.8,11.8,5.2,2.3,-3.8,-4.7,-3.3,-1.5,1.8,4.4,7.4,7.9,5.5,1.6,-2.1,-4.5,0,-0.7,1.3,3.6,7.8,10.9,15.4,15.9,12.2,6.7,1.6,-1.1,277,279,260,193,109,75,18,20,93,177,252,316,7.8,8.6,14,19.3,24,24.4,25.3,23.1,17.8,10.9,7.6,6.4,68,72,47,18,1,0,0,0,0,5,39,83,4,0,7,28,101,178,323,339,219,85,13,0,560,520,520,432,317,214,91,82,179,351,492,589,0,0,0,0,0,2,10,16,7,0,0,0,6,4,6,10,20,27,31,31,27,20,9,5,64,116,99,55,9,1,0,0,2,5,55,107,16,0,38,58,90,109,140,124,77,40,18,0,0,0,0,0,0,34,122,104,0,0,0,0,72,69,67,65,61,59,53,53,59,66,73,73,26.81,27.13,24.59,16.91,5.79,-0.32,-9.96,-10.1,0.81,13.76,23.92,30.98,0.20720000565052,0.236399993300438,0.305200010538101,0.312999993562698,0.291000008583069,0.20720000565052,0.263700000941753,0.20720000565052,0.312999993562698,25.375,-15.375,81,1.14896845817566,11.3260974884033,783.429992675781,49.439998626709,0.579999983310699,17.1000003814697,225.259994506836,12757.5,10575,7,57,2,16.7099990844727,132.470001220703,4787.6298828125,119.019996643066,15.3500003814697,-19,8,0.563399970531464,0.412800014019012,0,0,0.0116999996826053,0.0120999999344349,0,0,0,0,0,1,12,8.19999980926514,5.30000019073486,5.59999990463257,57,35,147.699996948242
"9341",52.339,-115.742,1696,1.4,13.2,-9.3,22.5,696,444,16.4,29.7,160,249,90,29,30.73,1238,875,6013,16,278,-43.2,31.7,494,13.4,134,220,58,-2.4,-2.4,1.6,5.1,12.9,16,19.7,19.4,14.3,8.6,-1.4,-4.1,-14.2,-15.3,-10.1,-4.9,0.5,4.4,6.8,6.3,2.2,-3.4,-10.1,-14.5,-8.3,-8.8,-4.2,0.1,6.7,10.2,13.2,12.8,8.2,2.6,-5.8,-9.3,32,28,40,44,85,122,103,68,66,43,38,27,4.5,8,13,17.8,23,22.4,22.3,19.4,13.8,8.9,4.7,3.4,262,251,159,55,2,0,0,0,1,24,193,289,0,0,0,6,76,158,256,243,108,29,0,0,815,746,690,537,351,235,146,163,295,479,714,843,0,1,2,0,0,1,3,4,2,0,2,1,0,0,1,3,16,27,30,30,21,6,1,0,29,27,38,34,12,3,1,1,6,11,32,26,0,0,0,41,81,94,109,91,52,26,0,0,0,0,0,0,0,0,6,23,0,0,0,0,52,48,54,63,60,63,60,60,61,58,64,56,3.2,2.8,3.86,3.26,3.86,5.21,1.25,-2.15,0.93,2.02,3.8,2.7,0.774800002574921,0.218600004911423,0.381599992513657,0.326200008392334,0.559599995613098,0.358399987220764,0.36999998986721,0.218600004911423,0.774800002574921,93.625,10.875,333,1.14631807804108,8.43816089630127,625.849975585938,20.2399997711182,-0.0500000007450581,26,54.4799995422363,7452,4242,-89,31,2,5.80000019073486,14.7799997329712,4593.02001953125,114.830001831055,114.830001831055,-217,0,0.836000025272369,0.153400003910065,0,0,0,0.00120000005699694,0,0,0,0,0.00939999986439943,1,20,3.29999995231628,3.70000004768372,5.69999980926514,33,45,48.4000015258789
"9342",50.883,-114.758,1561,2.4,13.9,-8.3,22.2,636,397,19.5,35,170,246,76,107,17.41,1060,978,5669,18,343,-41.1,34,560,14.3,131,184,54,-0.9,-2,2.5,7.9,13.8,17.1,21.2,21.5,16.6,9.7,2.4,-2.3,-12.8,-14.6,-9.7,-4.9,-0.1,4,6.7,5.8,1.8,-3.5,-9.2,-13.2,-6.9,-8.3,-3.6,1.5,6.9,10.6,13.9,13.7,9.2,3.1,-3.4,-7.8,18,27,42,56,95,122,58,63,59,40,35,21,5.1,8.5,13.6,19.4,23.2,23.1,23,20.7,15.2,9.6,5.6,4.1,228,241,143,36,2,0,0,0,1,20,136,253,0,0,0,13,80,170,276,271,134,33,0,0,772,732,672,495,344,223,129,135,265,463,642,796,0,0,1,0,0,2,5,6,2,0,2,1,0,0,1,3,14,26,30,30,19,6,1,0,15,26,39,33,13,2,1,1,4,8,24,19,0,0,0,52,88,103,120,105,62,30,0,0,0,0,0,0,0,0,62,42,3,0,0,0,52,49,53,55,55,59,56,53,54,55,55,55,1.8,2.7,3.92,3.72,4.39,4.49,-4.37,-4.36,-1.51,1.34,3.19,2.1,0.254599988460541,0.282799988985062,0.412000000476837,0.324400007724762,0.292800009250641,0.270399987697601,0.287799999117851,0.254599988460541,0.412000000476837,39,-15.25,143,1.16595995426178,10.100170135498,693.820007324219,38.2700004577637,-0.180000007152557,25.6000003814697,52.8699989318848,11613,7612.5,-66,53,3,7.80000019073486,18.1000003814697,4886.240234375,124.5,118.309997558594,-154,9,0.826200008392334,0.131699994206429,0,0,0,0.0390999987721443,0,0,0,0,0.00300000002607703,1.10000002384186,18,3.70000004768372,4.09999990463257,6.19999980926514,34,41,61.2000007629395
"9343",53.494,-114.176,740,3.2,16.8,-10.1,26.9,533,356,24.8,47.2,135,258,123,148,5.84,1227,1435,5411,56,661,-41.7,34.5,561,12.7,163,125,59,-3.7,-4.4,0.7,9.5,18.1,20.5,23,22.4,17.5,9,-0.4,-4.3,-14.2,-15.8,-10.2,-2,4.1,8.3,10.5,9.2,4.3,-1.6,-9.4,-13.9,-8.9,-10.1,-4.8,3.8,11.1,14.4,16.8,15.8,10.9,3.7,-4.9,-9.1,21,21,26,32,50,91,116,59,40,25,32,20,3.9,7.1,12.3,17.8,21.9,22.3,21.4,18.4,13.3,7.4,4,2.9,276,286,175,16,0,0,0,0,0,16,173,285,0,0,0,35,194,281,367,336,183,39,0,0,834,783,709,426,217,119,58,84,214,445,687,836,0,0,1,0,3,10,21,15,4,0,1,0,0,0,1,8,26,30,31,31,25,10,1,0,19,21,25,8,1,0,0,0,1,4,25,19,0,0,0,52,100,110,118,98,58,25,0,0,0,0,0,20,50,19,2,39,18,0,0,0,56,53,56,61,57,62,62,60,59,64,63,59,2.1,2.1,2.56,0.73,-2.68,0.73,1.87,-3.72,-3.25,0.19,3.19,2,0.270399987697601,0.374399989843369,0.507200002670288,0.447200000286102,0.0939999967813492,0.320199996232986,0.347299993038177,0.0939999967813492,0.507200002670288,4.625,3.625,18,1.14293324947357,11.1773710250854,731.330017089844,41.9000015258789,-0.319999992847443,29.75,41.9199981689453,15424.5,9727.5,-74,90,4,5.28999996185303,34.189998626709,5399.47998046875,131.380004882812,131.380004882812,-88.25,9,0.691999971866608,0.280400007963181,0,0,0.000899999984540045,0.000899999984540045,0,0.0136000001803041,0.0121999997645617,0,0,1.10000002384186,8,4.19999980926514,5,6.19999980926514,33,46,52.2000007629395
"9344",52.939,-114.327,934,3.2,15.9,-9.3,25.2,552,385,23.9,41.3,145,256,111,120,7.91,1125,1307,5400,39,562,-41.4,33.9,559,13.1,155,118,57,-2.1,-3,1.7,9.6,17.1,19.8,22.3,21.8,17,9.2,1.3,-2.8,-13.4,-15.6,-10,-2.7,3,7.3,9.5,8.3,3.7,-2.4,-9.6,-13.6,-7.8,-9.3,-4.2,3.4,10.1,13.6,15.9,15.1,10.3,3.4,-4.1,-8.2,21,20,25,29,65,96,114,63,47,25,29,18,4.2,7.6,12.8,18.4,22.2,22.5,21.7,18.8,13.6,7.9,4.5,3.1,251,261,159,19,0,0,0,0,1,18,154,263,0,0,0,30,165,258,339,314,165,36,0,0,800,760,690,438,239,137,78,100,232,454,663,809,0,0,1,0,1,7,13,11,3,0,2,0,0,0,1,7,24,29,31,31,24,8,1,0,18,20,24,9,2,0,0,1,2,4,21,17,0,0,0,54,97,109,117,98,58,26,0,0,0,0,0,25,32,13,3,35,11,1,0,0,54,49,54,58,56,61,61,59,58,60,57,55,2.1,2,2.35,0.39,-0.91,1.31,1.75,-3.27,-2.5,0.12,2.76,1.8,0.134200006723404,0.303999990224838,0.542400002479553,0.472000002861023,0.278800010681152,0.181400001049042,0.291400000452995,0.134200006723404,0.542400002479553,19.75,-18.25,57,1.15457892417908,11.4199686050415,750.97998046875,40.3800010681152,-0.319999992847443,28.2999992370605,42,14206.5,9037.5,-47,75,3,5.88000011444092,17.3099994659424,5437.2099609375,133.630004882812,133.630004882812,-120.5,3,0.967700004577637,0.0296000000089407,0.00270000007003546,0,0,0,0,0,0,0,0,1.10000002384186,13,2.70000004768372,4.90000009536743,5.90000009536743,34,46,47.7000007629395
"9345",54.963,-112.01,560,1.8,17,-13.2,30.2,436,300,27.1,56.7,143,254,110,196,-2.04,1635,1379,5929,53,635,-45.3,34.4,545,12.2,154,102,58,-7.7,-6.9,-0.5,8.6,17.9,20.7,23.3,22.2,16.7,7.7,-2.7,-7.5,-18.6,-18.8,-12.1,-3.5,3.2,8.2,10.6,8.9,3.7,-2.1,-11.3,-17,-13.2,-12.9,-6.3,2.5,10.5,14.4,17,15.6,10.2,2.8,-7,-12.2,21,15,16,28,33,96,91,48,32,25,17,14,3.2,6.7,12.1,17.8,21.3,22,21.1,18,12.5,6.6,3.3,2.3,411,363,215,26,0,0,0,0,1,23,216,380,0,0,0,26,177,281,373,330,162,30,0,0,966,861,755,465,231,119,54,89,235,473,749,932,0,0,0,0,3,10,23,14,3,0,0,0,0,0,0,5,24,30,31,31,24,9,1,0,21,15,16,12,1,0,0,0,2,6,15,14,0,0,0,49,98,109,118,96,54,21,0,0,0,0,0,21,65,13,27,48,22,0,0,0,53,50,53,58,55,62,62,60,59,66,64,59,2.1,1.5,1.6,0.79,-4.28,1.22,-0.67,-4.55,-3.54,0.69,1.7,1.4,0.281800001859665,0.300799995660782,0.391999989748001,0.308999985456467,0.238399997353554,0.238800004124641,0.291299998760223,0.238399997353554,0.391999989748001,5,1,19,1.14305186271667,11.5497703552246,695.309997558594,44.1699981689453,-0.340000003576279,32.8499984741211,36.9700012207031,15004.5,9637.5,-109,95,4,2.54999995231628,30.6000003814697,5482.39990234375,129.520004272461,129.520004272461,-80.75,0,0.887899994850159,0.107500001788139,0,0,0,0.00460000010207295,0,0,0,0,0,1.10000002384186,11,2.09999990463257,3.59999990463257,6,58,29,38
"9346",54.963,-112.01,560,1.8,17,-13.2,30.2,436,300,27.1,56.7,143,254,110,196,-2.04,1635,1379,5929,53,635,-45.3,34.4,545,12.2,154,102,58,-7.7,-6.9,-0.5,8.6,17.9,20.7,23.3,22.2,16.7,7.7,-2.7,-7.5,-18.6,-18.8,-12.1,-3.5,3.2,8.2,10.6,8.9,3.7,-2.1,-11.3,-17,-13.2,-12.9,-6.3,2.5,10.5,14.4,17,15.6,10.2,2.8,-7,-12.2,21,15,16,28,33,96,91,48,32,25,17,14,3.2,6.7,12.1,17.8,21.3,22,21.1,18,12.5,6.6,3.3,2.3,411,363,215,26,0,0,0,0,1,23,216,380,0,0,0,26,177,281,373,330,162,30,0,0,966,861,755,465,231,119,54,89,235,473,749,932,0,0,0,0,3,10,23,14,3,0,0,0,0,0,0,5,24,30,31,31,24,9,1,0,21,15,16,12,1,0,0,0,2,6,15,14,0,0,0,49,98,109,118,96,54,21,0,0,0,0,0,21,65,13,27,48,22,0,0,0,53,50,53,58,55,62,62,60,59,66,64,59,2.1,1.5,1.6,0.79,-4.28,1.22,-0.67,-4.55,-3.54,0.69,1.7,1.4,0.281800001859665,0.300799995660782,0.391999989748001,0.308999985456467,0.238399997353554,0.238800004124641,0.291299998760223,0.238399997353554,0.391999989748001,5,1,19,1.14305186271667,11.5497703552246,695.309997558594,44.1699981689453,-0.340000003576279,32.8499984741211,36.9700012207031,15004.5,9637.5,-109,95,4,2.54999995231628,30.6000003814697,5482.39990234375,129.520004272461,129.520004272461,-80.75,0,0.887899994850159,0.107500001788139,0,0,0,0.00460000010207295,0,0,0,0,0,1.10000002384186,11,2.09999990463257,3.59999990463257,6,58,29,38
"9347",54.963,-112.01,560,1.8,17,-13.2,30.2,436,300,27.1,56.7,143,254,110,196,-2.04,1635,1379,5929,53,635,-45.3,34.4,545,12.2,154,102,58,-7.7,-6.9,-0.5,8.6,17.9,20.7,23.3,22.2,16.7,7.7,-2.7,-7.5,-18.6,-18.8,-12.1,-3.5,3.2,8.2,10.6,8.9,3.7,-2.1,-11.3,-17,-13.2,-12.9,-6.3,2.5,10.5,14.4,17,15.6,10.2,2.8,-7,-12.2,21,15,16,28,33,96,91,48,32,25,17,14,3.2,6.7,12.1,17.8,21.3,22,21.1,18,12.5,6.6,3.3,2.3,411,363,215,26,0,0,0,0,1,23,216,380,0,0,0,26,177,281,373,330,162,30,0,0,966,861,755,465,231,119,54,89,235,473,749,932,0,0,0,0,3,10,23,14,3,0,0,0,0,0,0,5,24,30,31,31,24,9,1,0,21,15,16,12,1,0,0,0,2,6,15,14,0,0,0,49,98,109,118,96,54,21,0,0,0,0,0,21,65,13,27,48,22,0,0,0,53,50,53,58,55,62,62,60,59,66,64,59,2.1,1.5,1.6,0.79,-4.28,1.22,-0.67,-4.55,-3.54,0.69,1.7,1.4,0.281800001859665,0.300799995660782,0.391999989748001,0.308999985456467,0.238399997353554,0.238800004124641,0.291299998760223,0.238399997353554,0.391999989748001,5,1,19,1.14305186271667,11.5497703552246,695.309997558594,44.1699981689453,-0.340000003576279,32.8499984741211,36.9700012207031,15004.5,9637.5,-109,95,4,2.54999995231628,30.6000003814697,5482.39990234375,129.520004272461,129.520004272461,-80.75,0,0.887899994850159,0.107500001788139,0,0,0,0.00460000010207295,0,0,0,0,0,1.10000002384186,11,2.09999990463257,3.59999990463257,6,58,29,38
"9348",53.987,-113.319,656,2.7,17,-11.7,28.7,481,322,26.4,52.8,138,257,119,194,-0.36,1438,1456,5622,59,683,-43.9,34.9,569,12.6,160,115,58,-5.6,-5.9,-0.2,9.4,18.5,21.1,23.4,22.7,17.7,9.2,-1.3,-5.8,-16.4,-17.5,-11.3,-2.5,3.9,8.4,10.6,9.1,4.1,-1.9,-10.3,-15.6,-11,-11.7,-5.8,3.5,11.2,14.8,17,15.9,10.9,3.6,-5.8,-10.7,23,20,20,28,44,92,103,50,33,25,26,17,3.6,7.1,12.2,18,21.7,22.3,21.4,18.4,13.1,7.3,3.7,2.6,343,330,202,18,0,0,0,0,0,17,193,334,0,0,0,34,197,293,373,339,183,38,0,0,898,828,740,435,215,109,54,82,214,448,714,886,0,0,0,0,4,12,23,16,4,0,0,0,0,0,0,7,26,30,31,31,25,9,1,0,22,20,20,8,1,0,0,0,1,4,22,17,0,0,0,52,102,113,120,99,58,25,0,0,0,0,0,24,58,21,17,49,25,0,0,0,54,51,55,59,55,61,62,59,58,62,63,58,2.3,2,2,0.42,-3.51,0.48,0.34,-4.81,-4.05,0.16,2.6,1.7,0.145699992775917,0.283199995756149,0.361400008201599,0.357800006866455,0.229200005531311,0.205599993467331,0.25620000064373,0.145699992775917,0.361400008201599,4,0.5,13,1.1425154209137,12.2054452896118,707.739990234375,44.4099998474121,-0.340000003576279,31.25,39.25,15739.5,9990,-96,99,4,4.03000020980835,31.7199993133545,5412.14013671875,129.699996948242,129.699996948242,-70.75,3,0.604700028896332,0.375800013542175,0,0.00120000005699694,0,0.0094999996945262,0,0,0,0,0.00879999995231628,1.10000002384186,8,3.59999990463257,4,6.30000019073486,41,34,46.9000015258789
"9349",53.616,-114.074,753,3.2,16.8,-10.1,26.9,530,353,24.9,47.6,135,258,123,150,5.65,1225,1434,5411,56,661,-41.7,34.3,560,12.7,163,125,60,-3.7,-4.4,0.7,9.4,18,20.5,23,22.3,17.5,9,-0.4,-4.3,-14.1,-15.7,-10.1,-2.1,4.1,8.3,10.5,9.2,4.3,-1.6,-9.4,-13.9,-8.9,-10.1,-4.7,3.7,11.1,14.4,16.8,15.8,10.9,3.7,-4.9,-9.1,22,21,25,32,49,92,115,58,39,25,32,20,3.8,7.1,12.2,17.8,21.9,22.3,21.5,18.5,13.3,7.4,3.9,2.9,276,286,172,17,0,0,0,0,0,16,173,285,0,0,0,34,194,281,367,336,183,39,0,0,834,783,706,429,217,119,58,84,214,445,687,836,0,0,1,0,3,10,21,15,4,0,1,0,0,0,1,8,26,30,31,31,25,10,1,0,20,21,24,9,1,0,0,0,1,4,25,19,0,0,0,52,99,110,118,98,58,25,0,0,0,0,0,20,50,18,3,40,19,0,0,0,57,53,57,61,57,62,62,60,59,64,63,59,2.2,2.1,2.45,0.77,-2.72,0.82,1.75,-3.75,-3.36,0.19,3.19,2,0.266402548825027,0.482648859338827,0.583008432844844,0.443823748637235,0.163264177432389,0.104731404268453,0.355113148731131,0.104731404268453,0.583008432844844,7.875,-1.125,22,1.1457484960556,11.7365264892578,716.150024414062,40.8499984741211,-0.310000002384186,30,42.4000015258789,15382.5,9705,-81,93,4,5.09999990463257,33.25,5315.56005859375,129.169998168945,129.169998168945,-87,8,0.830200016498566,0.107100002467632,0,0,0.00300000002607703,0.0221999995410442,0,0.034000001847744,0,0,0.00350000010803342,1.10000002384186,11,3.79999995231628,4.5,6.09999990463257,38,41,55.9000015258789
"9350",54.588,-114.159,601,2.4,16.9,-11.8,28.7,489,328,25.4,51.5,141,255,114,180,1.61,1487,1423,5708,56,659,-44.9,34.4,558,12.5,158,117,58,-6,-5.6,0.2,9.7,18.6,20.9,23.2,22.3,17.2,8.5,-2,-6.4,-17.1,-17.9,-11.4,-2.6,3.6,8.3,10.5,9.1,3.9,-1.9,-10.6,-16.3,-11.6,-11.8,-5.6,3.5,11.1,14.6,16.9,15.7,10.5,3.3,-6.3,-11.4,24,18,19,27,39,98,103,54,34,29,24,20,3.4,6.9,12.2,18,21.7,22.3,21.3,18.1,12.9,7,3.6,2.4,362,333,196,18,0,0,0,0,1,19,203,355,0,0,0,33,194,287,370,333,171,35,0,0,917,830,733,435,217,114,56,86,226,457,729,908,0,0,0,0,3,11,22,15,4,0,1,0,0,0,0,7,25,30,31,31,24,9,1,0,23,18,19,8,1,0,0,0,1,5,21,20,0,0,0,52,102,111,118,96,56,23,0,0,0,0,0,25,63,13,15,42,22,0,0,0,53,49,54,58,54,61,62,60,58,64,64,58,2.4,1.8,1.9,0.23,-4.09,1.26,0.54,-4.02,-3.63,0.82,2.4,2,0.277799993753433,0.387199997901917,0.709200024604797,0.580799996852875,0.194499999284744,0.144099995493889,0.332499995827675,0.144099995493889,0.709200024604797,15,-13.5,38,1.15121757984161,13.3086977005005,684.489990234375,40.1800003051758,-0.280000001192093,33.25,40.2599983215332,15025.5,9622.5,-120,96,4,3.25999999046326,30.9899997711182,5279.2001953125,125.919998168945,125.919998168945,-77.75,6,0.656499981880188,0.0421999990940094,0,0.0929000005125999,0,0,0,0.208399996161461,0,0,0,1.10000002384186,11,3.5,4.19999980926514,6.09999990463257,59,28,46.0999984741211
"9351",54.588,-114.159,601,2.4,16.9,-11.8,28.7,489,328,25.4,51.5,141,255,114,180,1.61,1487,1423,5708,56,659,-44.9,34.4,558,12.5,158,117,58,-6,-5.6,0.2,9.7,18.6,20.9,23.2,22.3,17.2,8.5,-2,-6.4,-17.1,-17.9,-11.4,-2.6,3.6,8.3,10.5,9.1,3.9,-1.9,-10.6,-16.3,-11.6,-11.8,-5.6,3.5,11.1,14.6,16.9,15.7,10.5,3.3,-6.3,-11.4,24,18,19,27,39,98,103,54,34,29,24,20,3.4,6.9,12.2,18,21.7,22.3,21.3,18.1,12.9,7,3.6,2.4,362,333,196,18,0,0,0,0,1,19,203,355,0,0,0,33,194,287,370,333,171,35,0,0,917,830,733,435,217,114,56,86,226,457,729,908,0,0,0,0,3,11,22,15,4,0,1,0,0,0,0,7,25,30,31,31,24,9,1,0,23,18,19,8,1,0,0,0,1,5,21,20,0,0,0,52,102,111,118,96,56,23,0,0,0,0,0,25,63,13,15,42,22,0,0,0,53,49,54,58,54,61,62,60,58,64,64,58,2.4,1.8,1.9,0.23,-4.09,1.26,0.54,-4.02,-3.63,0.82,2.4,2,0.277799993753433,0.387199997901917,0.709200024604797,0.580799996852875,0.194499999284744,0.144099995493889,0.332499995827675,0.144099995493889,0.709200024604797,15,-13.5,38,1.15121757984161,13.3086977005005,684.489990234375,40.1800003051758,-0.280000001192093,33.25,40.2599983215332,15025.5,9622.5,-120,96,4,3.25999999046326,30.9899997711182,5279.2001953125,125.919998168945,125.919998168945,-77.75,6,0.656499981880188,0.0421999990940094,0,0.0929000005125999,0,0,0,0.208399996161461,0,0,0,1.10000002384186,11,3.5,4.19999980926514,6.09999990463257,59,28,46.0999984741211
"9352",49.794,-119.345,1183,5.2,16.4,-4.7,21.1,677,256,22.5,64.1,136,272,137,242,18.61,630,1387,4687,47,608,-31,35.4,602,13.7,188,210,67,-1.1,-0.4,4.7,9.5,16,18.4,22.6,23,17.3,9.4,2.1,-2,-7.1,-8.3,-4.3,-1.1,3.6,6.7,9.9,9.8,5.9,0.9,-3.5,-7.3,-4.1,-4.4,0.2,4.2,9.8,12.5,16.2,16.4,11.6,5.2,-0.7,-4.7,60,60,66,45,73,84,34,17,48,66,65,59,5.3,7.2,12.5,18.3,22.9,22.8,22.6,20.1,14.5,8.5,5.2,4.2,155,147,62,14,0,0,0,0,0,9,75,167,0,0,3,36,156,225,348,354,203,59,4,0,686,623,554,415,255,160,71,71,194,398,561,700,0,0,0,0,0,4,16,20,5,0,1,0,2,1,5,11,25,29,31,31,27,18,6,2,37,49,37,10,2,1,0,0,1,4,27,43,0,0,31,55,94,105,122,106,61,28,0,0,0,0,0,10,21,21,88,89,13,0,0,0,75,67,66,64,61,63,62,60,64,71,78,78,5.89,5.91,5.57,1.86,0.6,0.75,-6.65,-8.73,-2.3,3.94,5.89,5.86,0.246999993920326,0.32820001244545,0.368000000715256,0.317999988794327,0.150800004601479,0.171900004148483,0.282499991357327,0.150800004601479,0.368000000715256,163.625,17.375,494,1.05718898773193,8.97356414794922,753.580017089844,65.4499969482422,-0.5,22.7000007629395,39.4900016784668,14542.5,9142.5,-37,76,4,9.8100004196167,38.7400016784668,5190.47021484375,133.399993896484,133.399993896484,-66.5,13,0.97409999370575,0.025900000706315,0,0,0,0,0,0,0,0,0,1,14,5.19999980926514,3.70000004768372,6,39,47,57.5999984741211
"9353",52.939,-114.288,952,3.2,15.9,-9.2,25.1,548,383,24.1,41.5,145,256,111,123,7.43,1126,1306,5404,39,561,-41.4,33.9,559,13.1,155,117,57,-2.1,-2.9,1.7,9.6,17.1,19.8,22.3,21.8,17,9.2,1.3,-2.8,-13.4,-15.5,-10,-2.7,3,7.3,9.5,8.3,3.7,-2.5,-9.7,-13.6,-7.8,-9.2,-4.2,3.4,10.1,13.6,15.9,15.1,10.3,3.3,-4.2,-8.2,21,20,25,28,64,95,114,63,47,25,29,17,4.2,7.6,12.8,18.4,22.2,22.5,21.7,18.8,13.5,7.9,4.5,3.1,251,259,159,19,0,0,0,0,1,19,156,263,0,0,0,30,165,258,339,314,165,35,0,0,800,758,690,438,239,137,78,100,232,457,666,809,0,0,1,0,1,7,13,11,3,0,2,0,0,0,1,7,24,29,31,31,24,8,1,0,18,20,24,9,2,0,0,1,2,5,22,16,0,0,0,54,97,109,117,98,58,26,0,0,0,0,0,26,33,14,3,35,11,1,0,0,54,49,54,58,56,61,61,59,58,60,56,55,2.1,2,2.35,0.29,-1.02,1.2,1.74,-3.29,-2.52,0.12,2.77,1.7,0.25,0.292800009250641,0.536800026893616,0.510399997234344,0.275200009346008,0.211199998855591,0.284000009298325,0.211199998855591,0.536800026893616,7.875,-5.875,26,1.14244222640991,12.0412836074829,744.75,39.8899993896484,-0.310000002384186,28.2999992370605,42.2000007629395,14038.5,8940,-49,74,3,5.80000019073486,17.2199993133545,5392.91015625,132.649993896484,132.649993896484,-124.5,3,0.947700023651123,0.0454000011086464,0.00689999992027879,0,0,0,0,0,0,0,0,1.10000002384186,12,2.70000004768372,4.5,5.80000019073486,30,48,48.0999984741211
"9354",52.939,-114.288,952,3.2,15.9,-9.2,25.1,548,383,24.1,41.5,145,256,111,123,7.43,1126,1306,5404,39,561,-41.4,33.9,559,13.1,155,117,57,-2.1,-2.9,1.7,9.6,17.1,19.8,22.3,21.8,17,9.2,1.3,-2.8,-13.4,-15.5,-10,-2.7,3,7.3,9.5,8.3,3.7,-2.5,-9.7,-13.6,-7.8,-9.2,-4.2,3.4,10.1,13.6,15.9,15.1,10.3,3.3,-4.2,-8.2,21,20,25,28,64,95,114,63,47,25,29,17,4.2,7.6,12.8,18.4,22.2,22.5,21.7,18.8,13.5,7.9,4.5,3.1,251,259,159,19,0,0,0,0,1,19,156,263,0,0,0,30,165,258,339,314,165,35,0,0,800,758,690,438,239,137,78,100,232,457,666,809,0,0,1,0,1,7,13,11,3,0,2,0,0,0,1,7,24,29,31,31,24,8,1,0,18,20,24,9,2,0,0,1,2,5,22,16,0,0,0,54,97,109,117,98,58,26,0,0,0,0,0,26,33,14,3,35,11,1,0,0,54,49,54,58,56,61,61,59,58,60,56,55,2.1,2,2.35,0.29,-1.02,1.2,1.74,-3.29,-2.52,0.12,2.77,1.7,0.25,0.292800009250641,0.536800026893616,0.510399997234344,0.275200009346008,0.211199998855591,0.284000009298325,0.211199998855591,0.536800026893616,7.875,-5.875,26,1.14244222640991,12.0412836074829,744.75,39.8899993896484,-0.310000002384186,28.2999992370605,42.2000007629395,14038.5,8940,-49,74,3,5.80000019073486,17.2199993133545,5392.91015625,132.649993896484,132.649993896484,-124.5,3,0.947700023651123,0.0454000011086464,0.00689999992027879,0,0,0,0,0,0,0,0,1.10000002384186,12,2.70000004768372,4.5,5.80000019073486,30,48,48.0999984741211
"9355",53.071,-114.085,845,3.2,16.4,-9.8,26.2,520,356,25.4,46.1,141,256,116,161,3.9,1174,1378,5403,48,616,-41.6,34.4,568,13,158,117,57,-2.8,-3.7,1.1,9.7,17.7,20.3,22.8,22.3,17.3,9.4,0.7,-3.4,-13.8,-15.8,-10.2,-2.5,3.5,7.8,10,8.7,3.9,-2.2,-9.7,-13.8,-8.3,-9.8,-4.6,3.6,10.6,14.1,16.4,15.5,10.6,3.6,-4.5,-8.6,22,20,25,28,57,91,107,59,42,23,29,17,4,7.5,12.6,18.3,22.1,22.4,21.6,18.8,13.5,7.7,4.2,3,262,271,169,18,0,0,0,0,1,17,163,273,0,0,0,33,180,273,354,327,174,38,0,0,815,774,703,432,228,126,66,91,223,448,675,821,0,0,1,0,2,9,17,13,4,0,2,0,0,0,1,7,25,29,31,31,24,9,1,0,20,20,24,8,1,0,0,0,2,4,22,16,0,0,0,54,99,111,119,100,59,26,0,0,0,0,0,26,42,20,12,41,17,3,0,0,55,50,55,58,56,62,61,59,58,60,58,57,2.2,2,2.43,0.26,-1.92,0.65,0.87,-3.88,-3.08,-0.14,2.82,1.7,NA,NA,NA,NA,NA,NA,NA,NA,NA,7,-7,20,1.148850440979,12.6767358779907,740.690002441406,41.560001373291,-0.330000013113022,29.1000003814697,41.5099983215332,14878.5,9412.5,-61,84,3,5.59999990463257,35.0699996948242,5395.8701171875,132.190002441406,132.190002441406,-103.5,8,0.00179999996908009,0,0,0,0,0,0,0.998199999332428,0,0,0,1.10000002384186,10,2.79999995231628,4.19999980926514,6.19999980926514,37,40.3,53.3599994659424
"9356",53.071,-114.086,845,3.2,16.4,-9.8,26.2,520,356,25.4,46.1,141,256,116,161,3.9,1174,1378,5403,48,616,-41.6,34.4,568,13,158,117,57,-2.8,-3.7,1.1,9.7,17.7,20.3,22.8,22.3,17.3,9.4,0.7,-3.4,-13.8,-15.8,-10.2,-2.5,3.5,7.8,10,8.7,3.9,-2.2,-9.7,-13.8,-8.3,-9.8,-4.6,3.6,10.6,14.1,16.4,15.5,10.6,3.6,-4.5,-8.6,22,20,25,28,57,91,107,59,42,23,29,17,4,7.5,12.6,18.3,22.1,22.4,21.6,18.8,13.5,7.7,4.2,3,262,271,169,18,0,0,0,0,1,17,163,273,0,0,0,33,180,273,354,327,174,38,0,0,815,774,703,432,228,126,66,91,223,448,675,821,0,0,1,0,2,9,17,13,4,0,2,0,0,0,1,7,25,29,31,31,24,9,1,0,20,20,24,8,1,0,0,0,2,4,22,16,0,0,0,54,99,111,119,100,59,26,0,0,0,0,0,26,42,20,12,41,17,3,0,0,55,50,55,58,56,62,61,59,58,60,58,57,2.2,2,2.43,0.26,-1.92,0.65,0.87,-3.88,-3.08,-0.14,2.82,1.7,NA,NA,NA,NA,NA,NA,NA,NA,NA,7,-7,20,1.148850440979,12.6767358779907,740.690002441406,41.560001373291,-0.330000013113022,29.1000003814697,41.5099983215332,14878.5,9412.5,-61,84,3,5.59999990463257,35.0699996948242,5395.8701171875,132.190002441406,132.190002441406,-103.5,8,0.00179999996908009,0,0,0,0,0,0,0.998199999332428,0,0,0,1.10000002384186,10,2.79999995231628,4.19999980926514,6.19999980926514,37,40.1799999999993,53.3359993743895
"9357",52.635,-114.624,972,3.1,15.8,-9.5,25.3,551,383,23.8,41.3,147,256,109,132,6.84,1153,1298,5450,38,554,-42.4,34.3,569,13.3,153,120,56,-2.4,-2.9,1.9,9.7,17.1,19.7,22.4,22.1,17.3,9.6,1.2,-3,-13.9,-16.1,-10.2,-2.9,2.7,7,9.3,8.2,3.6,-2.7,-9.8,-14.3,-8.2,-9.5,-4.1,3.4,9.9,13.3,15.8,15.2,10.5,3.4,-4.3,-8.7,21,20,26,28,66,98,110,61,48,26,28,19,4.3,7.9,13,18.6,22.3,22.6,21.8,19.1,13.9,8.1,4.5,3.2,260,265,156,19,0,0,0,0,1,18,158,275,0,0,0,30,159,249,336,317,171,36,0,0,812,766,687,438,252,144,81,98,226,454,669,824,0,0,1,0,1,6,13,12,4,0,2,0,0,0,1,6,23,29,31,31,24,7,1,0,19,20,25,9,2,0,0,1,2,5,21,18,0,0,0,55,98,109,119,101,60,27,0,0,0,0,0,27,32,11,9,40,12,1,0,0,53,47,53,57,55,61,60,58,57,58,56,53,2.1,2,2.45,0.26,-0.85,1.48,1.17,-3.79,-2.65,0.08,2.68,1.9,0.283600002527237,0.39860001206398,0.554400026798248,0.519999980926514,0.243599995970726,0.168500006198883,0.341100007295609,0.168500006198883,0.554400026798248,10.5,6.5,33,1.13547563552856,10.5470104217529,749.200012207031,38.2700004577637,-0.300000011920929,27.1000003814697,44.5999984741211,14028,8895,-44,72,3,6.3899998664856,15.1300001144409,5357.39013671875,132.630004882812,132.630004882812,-121.5,9,0.0143999997526407,0.958199977874756,0,0.00380000006407499,0.0147000001743436,0.00810000021010637,0,0,0,0,0.0007999999797903,1.20000004768372,9,4,4.40000009536743,6.09999990463257,29,48,48.4000015258789
"9358",52.635,-114.624,972,3.1,15.8,-9.5,25.3,551,383,23.8,41.3,147,256,109,132,6.84,1153,1298,5450,38,554,-42.4,34.3,569,13.3,153,120,56,-2.4,-2.9,1.9,9.7,17.1,19.7,22.4,22.1,17.3,9.6,1.2,-3,-13.9,-16.1,-10.2,-2.9,2.7,7,9.3,8.2,3.6,-2.7,-9.8,-14.3,-8.2,-9.5,-4.1,3.4,9.9,13.3,15.8,15.2,10.5,3.4,-4.3,-8.7,21,20,26,28,66,98,110,61,48,26,28,19,4.3,7.9,13,18.6,22.3,22.6,21.8,19.1,13.9,8.1,4.5,3.2,260,265,156,19,0,0,0,0,1,18,158,275,0,0,0,30,159,249,336,317,171,36,0,0,812,766,687,438,252,144,81,98,226,454,669,824,0,0,1,0,1,6,13,12,4,0,2,0,0,0,1,6,23,29,31,31,24,7,1,0,19,20,25,9,2,0,0,1,2,5,21,18,0,0,0,55,98,109,119,101,60,27,0,0,0,0,0,27,32,11,9,40,12,1,0,0,53,47,53,57,55,61,60,58,57,58,56,53,2.1,2,2.45,0.26,-0.85,1.48,1.17,-3.79,-2.65,0.08,2.68,1.9,0.283600002527237,0.39860001206398,0.554400026798248,0.519999980926514,0.243599995970726,0.168500006198883,0.341100007295609,0.168500006198883,0.554400026798248,10.5,6.5,33,1.13547563552856,10.5470104217529,749.200012207031,38.2700004577637,-0.300000011920929,27.1000003814697,44.5999984741211,14028,8895,-44,72,3,6.3899998664856,15.1300001144409,5357.39013671875,132.630004882812,132.630004882812,-121.5,9,0.0143999997526407,0.958199977874756,0,0.00380000006407499,0.0147000001743436,0.00810000021010637,0,0,0,0,0.0007999999797903,1.20000004768372,9,4,4.40000009536743,6.09999990463257,29,48,48.4000015258789
"9359",53.208,-117.551,1392,2.1,14,-9,23,697,438,17.4,32,158,253,95,54,28.93,1155,994,5775,20,351,-41.2,31.7,511,13.4,140,209,58,-1.6,-2.8,1.9,8,14.7,17.2,20.4,19.7,14.8,7.9,0.1,-3.7,-12.7,-15.2,-9.8,-4.7,1.2,5.2,7.6,7.2,2.8,-3.4,-10.2,-13.4,-7.1,-9,-4,1.6,7.9,11.2,14,13.4,8.8,2.2,-5,-8.6,34,34,41,36,66,121,113,71,67,41,48,25,4.2,7.6,12.7,18.9,23.3,22.5,22.3,19.1,13.7,8.4,4.7,3.2,233,255,153,35,1,0,0,0,1,28,175,273,0,0,0,13,104,187,279,262,123,26,0,0,778,752,684,492,313,205,127,144,277,492,690,821,0,1,2,0,0,2,5,5,2,0,2,1,0,0,1,3,18,28,31,30,22,6,1,0,28,33,39,21,5,2,1,1,5,12,38,23,0,0,0,50,88,98,110,89,52,24,0,0,0,0,0,14,22,0,0,18,0,0,0,0,55,49,54,55,57,62,61,61,61,60,58,59,3.4,3.4,3.91,1.7,0.87,4.74,2.21,-1.55,0.83,2.13,4.8,2.5,0.17569999396801,0.225999996066093,0.452800005674362,0.393400013446808,0.312400013208389,0.266200006008148,0.289300009608269,0.17569999396801,0.452800005674362,24.375,-21.125,70,1.14259493350983,14.3266687393188,667.349975585938,35.0699996948242,-0.209999993443489,24.8500003814697,50.9799995422363,11329.5,7387.5,-65,54,3,6.53999996185303,32.1599998474121,4825.1201171875,120.559997558594,120.559997558594,-157.25,0,0.739000022411346,0.260899990797043,0,0,0,0,0,0,0,0,9.99999974737875e-05,1,19,2,3.29999995231628,5.90000009536743,31,51,31.6000003814697
"9360",53.208,-117.551,1392,2.1,14,-9,23,697,438,17.4,32,158,253,95,54,28.93,1155,994,5775,20,351,-41.2,31.7,511,13.4,140,209,58,-1.6,-2.8,1.9,8,14.7,17.2,20.4,19.7,14.8,7.9,0.1,-3.7,-12.7,-15.2,-9.8,-4.7,1.2,5.2,7.6,7.2,2.8,-3.4,-10.2,-13.4,-7.1,-9,-4,1.6,7.9,11.2,14,13.4,8.8,2.2,-5,-8.6,34,34,41,36,66,121,113,71,67,41,48,25,4.2,7.6,12.7,18.9,23.3,22.5,22.3,19.1,13.7,8.4,4.7,3.2,233,255,153,35,1,0,0,0,1,28,175,273,0,0,0,13,104,187,279,262,123,26,0,0,778,752,684,492,313,205,127,144,277,492,690,821,0,1,2,0,0,2,5,5,2,0,2,1,0,0,1,3,18,28,31,30,22,6,1,0,28,33,39,21,5,2,1,1,5,12,38,23,0,0,0,50,88,98,110,89,52,24,0,0,0,0,0,14,22,0,0,18,0,0,0,0,55,49,54,55,57,62,61,61,61,60,58,59,3.4,3.4,3.91,1.7,0.87,4.74,2.21,-1.55,0.83,2.13,4.8,2.5,0.17569999396801,0.225999996066093,0.452800005674362,0.393400013446808,0.312400013208389,0.266200006008148,0.289300009608269,0.17569999396801,0.452800005674362,24.375,-21.125,70,1.14259493350983,14.3266687393188,667.349975585938,35.0699996948242,-0.209999993443489,24.8500003814697,50.9799995422363,11329.5,7387.5,-65,54,3,6.53999996185303,32.1599998474121,4825.1201171875,120.559997558594,120.559997558594,-157.25,0,0.739000022411346,0.260899990797043,0,0,0,0,0,0,0,0,9.99999974737875e-05,1,19,2,3.29999995231628,5.90000009536743,31,51,31.6000003814697
"9361",55.675,-121.645,587,3.4,15.3,-8.8,24.1,515,272,26,56.2,144,253,108,232,3.26,1064,1262,5325,37,507,-39.8,33.6,553,12.4,163,162,61,-4,-3.5,2.5,10.8,18,20.3,22.3,21.7,16.9,8.5,-0.8,-4.8,-11.7,-13.4,-7.6,-1.4,2.7,5.7,8.3,6.9,3.1,-0.2,-7.3,-12.8,-7.8,-8.4,-2.5,4.7,10.3,13,15.3,14.3,10,4.2,-4,-8.8,33,30,31,28,38,85,71,44,34,43,45,33,3.2,6.1,11.4,17.8,22.2,23.1,21.5,18.4,13,6.7,3.3,2.3,251,243,115,12,0,0,0,0,1,13,151,278,0,0,0,41,171,239,320,288,157,45,0,0,800,735,637,400,235,150,93,118,241,429,660,827,0,1,2,1,2,5,10,8,3,2,2,1,1,0,1,10,23,28,31,30,23,14,2,0,29,29,27,5,1,0,0,1,2,5,33,31,0,0,0,54,99,112,117,96,54,21,0,0,0,0,0,26,61,27,46,52,20,0,0,0,67,58,61,59,53,56,58,55,57,70,73,66,3.3,3,2.69,-0.18,-3.96,-0.22,-2.52,-5.1,-3.6,2.15,4.39,3.3,0.270999997854233,0.355599999427795,0.566399991512299,0.453599989414215,0.214000001549721,0.186499997973442,0.313299998641014,0.186499997973442,0.566399991512299,12.375,-9.375,39,1.14418387413025,14.5123424530029,683.059997558594,48.5900001525879,-0.280000001192093,28.5499992370605,45.0900001525879,15456,12519,-85,92,4,4.15999984741211,32.0200004577637,5227.490234375,126.01000213623,126.01000213623,-95.25,34,0.908399999141693,0.00240000011399388,0,0,0.000699999975040555,0.00289999996311963,0,0.0851000025868416,0.000500000023748726,0,0,1,17,3.29999995231628,4.30000019073486,6.19999980926514,24,48,45.2999992370605
"9362",55.675,-121.645,587,3.4,15.3,-8.8,24.1,515,272,26,56.2,144,253,108,232,3.26,1064,1262,5325,37,507,-39.8,33.6,553,12.4,163,162,61,-4,-3.5,2.5,10.8,18,20.3,22.3,21.7,16.9,8.5,-0.8,-4.8,-11.7,-13.4,-7.6,-1.4,2.7,5.7,8.3,6.9,3.1,-0.2,-7.3,-12.8,-7.8,-8.4,-2.5,4.7,10.3,13,15.3,14.3,10,4.2,-4,-8.8,33,30,31,28,38,85,71,44,34,43,45,33,3.2,6.1,11.4,17.8,22.2,23.1,21.5,18.4,13,6.7,3.3,2.3,251,243,115,12,0,0,0,0,1,13,151,278,0,0,0,41,171,239,320,288,157,45,0,0,800,735,637,400,235,150,93,118,241,429,660,827,0,1,2,1,2,5,10,8,3,2,2,1,1,0,1,10,23,28,31,30,23,14,2,0,29,29,27,5,1,0,0,1,2,5,33,31,0,0,0,54,99,112,117,96,54,21,0,0,0,0,0,26,61,27,46,52,20,0,0,0,67,58,61,59,53,56,58,55,57,70,73,66,3.3,3,2.69,-0.18,-3.96,-0.22,-2.52,-5.1,-3.6,2.15,4.39,3.3,0.270999997854233,0.355599999427795,0.566399991512299,0.453599989414215,0.214000001549721,0.186499997973442,0.313299998641014,0.186499997973442,0.566399991512299,12.375,-9.375,39,1.14418387413025,14.5123424530029,683.059997558594,48.5900001525879,-0.280000001192093,28.5499992370605,45.0900001525879,15456,12519,-85,92,4,4.15999984741211,32.0200004577637,5227.490234375,126.01000213623,126.01000213623,-95.25,34,0.908399999141693,0.00240000011399388,0,0,0.000699999975040555,0.00289999996311963,0,0.0851000025868416,0.000500000023748726,0,0,1,17,3.29999995231628,4.30000019073486,6.19999980926514,24,48,45.2999992370605
"9363",54.963,-112.01,560,1.8,17,-13.2,30.2,436,300,27.1,56.7,143,254,110,196,-2.04,1635,1379,5929,53,635,-45.3,34.4,545,12.2,154,102,58,-7.7,-6.9,-0.5,8.6,17.9,20.7,23.3,22.2,16.7,7.7,-2.7,-7.5,-18.6,-18.8,-12.1,-3.5,3.2,8.2,10.6,8.9,3.7,-2.1,-11.3,-17,-13.2,-12.9,-6.3,2.5,10.5,14.4,17,15.6,10.2,2.8,-7,-12.2,21,15,16,28,33,96,91,48,32,25,17,14,3.2,6.7,12.1,17.8,21.3,22,21.1,18,12.5,6.6,3.3,2.3,411,363,215,26,0,0,0,0,1,23,216,380,0,0,0,26,177,281,373,330,162,30,0,0,966,861,755,465,231,119,54,89,235,473,749,932,0,0,0,0,3,10,23,14,3,0,0,0,0,0,0,5,24,30,31,31,24,9,1,0,21,15,16,12,1,0,0,0,2,6,15,14,0,0,0,49,98,109,118,96,54,21,0,0,0,0,0,21,65,13,27,48,22,0,0,0,53,50,53,58,55,62,62,60,59,66,64,59,2.1,1.5,1.6,0.79,-4.28,1.22,-0.67,-4.55,-3.54,0.69,1.7,1.4,0.281800001859665,0.300799995660782,0.391999989748001,0.308999985456467,0.238399997353554,0.238800004124641,0.291299998760223,0.238399997353554,0.391999989748001,5,1,19,1.14305186271667,11.5497703552246,695.309997558594,44.1699981689453,-0.340000003576279,32.8499984741211,36.9700012207031,15004.5,9637.5,-109,95,4,2.54999995231628,30.6000003814697,5482.39990234375,129.520004272461,129.520004272461,-80.75,0,0.887899994850159,0.107500001788139,0,0,0,0.00460000010207295,0,0,0,0,0,1.10000002384186,11,2.09999990463257,3.59999990463257,6,58,29,38
"9364",54.963,-112.01,560,1.8,17,-13.2,30.2,436,300,27.1,56.7,143,254,110,196,-2.04,1635,1379,5929,53,635,-45.3,34.4,545,12.2,154,102,58,-7.7,-6.9,-0.5,8.6,17.9,20.7,23.3,22.2,16.7,7.7,-2.7,-7.5,-18.6,-18.8,-12.1,-3.5,3.2,8.2,10.6,8.9,3.7,-2.1,-11.3,-17,-13.2,-12.9,-6.3,2.5,10.5,14.4,17,15.6,10.2,2.8,-7,-12.2,21,15,16,28,33,96,91,48,32,25,17,14,3.2,6.7,12.1,17.8,21.3,22,21.1,18,12.5,6.6,3.3,2.3,411,363,215,26,0,0,0,0,1,23,216,380,0,0,0,26,177,281,373,330,162,30,0,0,966,861,755,465,231,119,54,89,235,473,749,932,0,0,0,0,3,10,23,14,3,0,0,0,0,0,0,5,24,30,31,31,24,9,1,0,21,15,16,12,1,0,0,0,2,6,15,14,0,0,0,49,98,109,118,96,54,21,0,0,0,0,0,21,65,13,27,48,22,0,0,0,53,50,53,58,55,62,62,60,59,66,64,59,2.1,1.5,1.6,0.79,-4.28,1.22,-0.67,-4.55,-3.54,0.69,1.7,1.4,0.281800001859665,0.300799995660782,0.391999989748001,0.308999985456467,0.238399997353554,0.238800004124641,0.291299998760223,0.238399997353554,0.391999989748001,5,1,19,1.14305186271667,11.5497703552246,695.309997558594,44.1699981689453,-0.340000003576279,32.8499984741211,36.9700012207031,15004.5,9637.5,-109,95,4,2.54999995231628,30.6000003814697,5482.39990234375,129.520004272461,129.520004272461,-80.75,0,0.887899994850159,0.107500001788139,0,0,0,0.00460000010207295,0,0,0,0,0,1.10000002384186,11,2.09999990463257,3.59999990463257,6,58,29,38
"9365",53.052,-114.74,948,3.4,16,-9.1,25.1,581,406,23.1,39.4,143,257,114,97,10.37,1101,1329,5342,41,574,-40.9,33.8,561,13.1,158,120,58,-2.1,-2.8,1.9,9.9,17.1,19.9,22.4,21.8,17.1,9.6,1.3,-2.9,-13.1,-15.3,-9.8,-2.5,3.2,7.4,9.7,8.5,3.9,-2.1,-9.3,-13.3,-7.6,-9.1,-4,3.7,10.2,13.6,16,15.2,10.5,3.8,-4,-8.1,21,21,26,31,66,105,115,66,54,27,30,19,4.1,7.6,12.7,18.4,22.1,22.5,21.6,18.7,13.5,8,4.4,3.1,246,257,153,17,0,0,0,0,1,16,151,260,0,0,0,33,168,258,342,317,171,40,0,0,794,755,684,429,237,137,76,98,226,442,660,806,0,0,1,0,2,7,14,12,4,0,2,0,0,0,1,7,24,29,31,31,24,9,1,0,18,21,25,9,2,0,0,1,2,4,22,18,0,0,0,55,97,109,117,98,58,27,0,0,0,0,0,24,31,4,2,32,4,0,0,0,55,49,54,58,57,61,62,60,59,60,58,57,2.1,2.1,2.41,0.46,-0.78,2.15,1.82,-2.93,-1.84,0.15,2.84,1.9,0.196400001645088,0.541599988937378,0.723599970340729,0.592000007629395,0.231199994683266,0.217999994754791,0.386399991810322,0.196400001645088,0.723599970340729,24.75,24.75,35,1.1436687707901,11.1410465240479,742.700012207031,37.4599990844727,-0.28999999165535,28,44.1699981689453,13933.5,8850,-53,72,3,5.86999988555908,14.4200000762939,5377.68994140625,132.440002441406,132.440002441406,-128,9,0.748399972915649,0.250600010156631,0,0,0.000500000023748726,0.000199999994947575,0,0,0,0,0.000300000014249235,1.10000002384186,12,5.59999990463257,5,5.69999980926514,26,46,58.5
"9366",52.229,-113.453,844,3,16.4,-10.6,27,488,342,26.6,48,144,256,112,202,-1.62,1267,1392,5486,49,629,-43,35.5,592,13.3,154,106,56,-3.5,-4.6,0.6,9.5,17.6,20.5,23.3,23.1,18.4,10.3,0.7,-3.8,-14.9,-16.6,-10.8,-2.9,3.1,7.7,9.6,8.5,3.7,-2.9,-10.2,-14.8,-9.2,-10.6,-5.1,3.3,10.4,14.1,16.4,15.8,11,3.7,-4.8,-9.3,17,18,22,28,60,93,87,60,42,20,24,17,4.3,7.8,12.9,18.7,22.1,22.6,21.9,19.3,14.2,8.2,4.5,3.2,288,299,183,20,0,0,0,0,0,16,170,289,0,0,0,31,174,273,354,336,186,39,0,0,843,797,718,441,233,126,66,84,207,445,684,843,0,0,0,0,2,9,17,15,4,0,1,0,0,0,0,6,24,29,31,31,24,7,1,0,16,18,21,9,1,0,0,0,2,3,19,16,0,0,0,55,101,113,124,106,64,29,0,0,0,0,0,27,41,20,37,46,22,9,0,0,53,50,55,57,55,61,59,56,55,55,56,54,1.7,1.8,2.2,0.37,-1.64,0.68,-1.68,-4.52,-3.85,-0.74,2.36,1.7,0.204300001263618,0.382400006055832,0.676400005817413,0.606000006198883,0.0178999993950129,0.16609999537468,0.293350003659725,0.0178999993950129,0.676400005817413,23.625,2.125,68,1.14006149768829,10.5226268768311,746.719970703125,49.6300010681152,-0.419999986886978,30.3999996185303,36.4500007629395,15697.5,9915,-85,93,5,5.6100001335144,17.7399997711182,5441.5400390625,133.509994506836,133.509994506836,-77,10,0.101499997079372,0.426699995994568,0,0.433200001716614,0.0189999993890524,0.0196000002324581,0,0,0,0,0,1.20000004768372,11,5.59999990463257,4.80000019073486,6.59999990463257,44,35,53.4000015258789
"9367",51.86,-119.299,704,5.9,17.1,-4.7,21.8,1001,430,15.9,39.8,135,272,136,128,46.82,584,1551,4468,72,725,-29.4,36.2,629,13.3,200,251,67,-1.3,-0.7,5.5,11.3,18.2,20.7,24.4,24.3,17.6,8.9,2.1,-2,-6.3,-8.7,-2.9,-0.1,4,7.9,9.9,9.4,5.8,1.5,-2.3,-6.5,-3.8,-4.7,1.3,5.6,11.1,14.3,17.1,16.9,11.7,5.2,-0.1,-4.2,83,75,84,55,64,110,100,60,96,99,85,90,4.5,6.6,11.7,18.2,23.1,22.9,23,20.4,14.1,7.7,4.5,3.5,147,154,47,9,0,0,0,0,0,9,64,154,0,0,9,55,194,278,376,370,205,59,6,0,677,632,520,373,217,121,52,60,191,398,543,685,0,0,1,0,3,10,24,25,6,0,2,1,3,1,7,14,26,29,31,31,27,19,9,3,48,63,32,6,1,0,0,0,3,7,30,61,0,0,29,58,103,114,131,111,59,24,0,0,0,0,0,3,39,4,31,51,0,0,0,0,79,67,69,62,56,61,57,56,63,75,83,81,8.18,7.46,7.18,2.18,-1.33,2.41,-1.12,-5.17,2.65,7.56,7.89,8.93,0.323399990797043,0.266999989748001,0.434399992227554,0.38400000333786,0.277599990367889,0.274800002574921,0.300499990582466,0.266999989748001,0.434399992227554,185.125,-112.125,614,1.27463054656982,9.80014991760254,783.099975585938,46.4099998474121,0.0299999993294477,25.0499992370605,77.9199981689453,18708,13122,-43,87,5,8.64999961853027,74.129997253418,5607.06005859375,140.25,7.09000015258789,-47.25,12,0.983299970626831,0.0015999999595806,0,0,0.0103000001981854,9.99999974737875e-05,0,0.00469999993219972,0,0,0,0.899999976158142,17,6.90000009536743,4.40000009536743,5.90000009536743,42,40,63.5999984741211
"9368",51.86,-119.299,704,5.9,17.1,-4.7,21.8,1001,430,15.9,39.8,135,272,136,128,46.82,584,1551,4468,72,725,-29.4,36.2,629,13.3,200,251,67,-1.3,-0.7,5.5,11.3,18.2,20.7,24.4,24.3,17.6,8.9,2.1,-2,-6.3,-8.7,-2.9,-0.1,4,7.9,9.9,9.4,5.8,1.5,-2.3,-6.5,-3.8,-4.7,1.3,5.6,11.1,14.3,17.1,16.9,11.7,5.2,-0.1,-4.2,83,75,84,55,64,110,100,60,96,99,85,90,4.5,6.6,11.7,18.2,23.1,22.9,23,20.4,14.1,7.7,4.5,3.5,147,154,47,9,0,0,0,0,0,9,64,154,0,0,9,55,194,278,376,370,205,59,6,0,677,632,520,373,217,121,52,60,191,398,543,685,0,0,1,0,3,10,24,25,6,0,2,1,3,1,7,14,26,29,31,31,27,19,9,3,48,63,32,6,1,0,0,0,3,7,30,61,0,0,29,58,103,114,131,111,59,24,0,0,0,0,0,3,39,4,31,51,0,0,0,0,79,67,69,62,56,61,57,56,63,75,83,81,8.18,7.46,7.18,2.18,-1.33,2.41,-1.12,-5.17,2.65,7.56,7.89,8.93,0.323399990797043,0.266999989748001,0.434399992227554,0.38400000333786,0.277599990367889,0.274800002574921,0.300499990582466,0.266999989748001,0.434399992227554,185.125,-112.125,614,1.27463054656982,9.80014991760254,783.099975585938,46.4099998474121,0.0299999993294477,25.0499992370605,77.9199981689453,18708,13122,-43,87,5,8.64999961853027,74.129997253418,5607.06005859375,140.25,7.09000015258789,-47.25,12,0.983299970626831,0.0015999999595806,0,0,0.0103000001981854,9.99999974737875e-05,0,0.00469999993219972,0,0,0,0.899999976158142,17,6.90000009536743,4.40000009536743,5.90000009536743,42,40,63.5999984741211
