Individual_number;Individual.ID;Place;age;sex;Species;clade;population;ear.length;ear.width;head.length;head.width;interorbital.dist;intraorbital.dist;snout.length;lower.leg.length;hind.foot.length;third.toe.length;body.length;tail.length;body.mass;tail.circumference;observer;testis.width.total;testis.width.left;testis.width.right;testis.length.left;testis.length.right;male_repro;female_repro;pregnant_body.mass;comment;comment2;latitude;longitude;altitude;date;month;season;torpor;ear.marking;RADSeq.available;fine_sub_pops;bio01;bio02;bio03;bio04;bio05;bio06;bio07;bio08;bio09;bio10;bio11;bio12;bio13;bio14;bio15;bio16;bio17;bio18;bio19;popolation;spp_obs;X.NA.
1;M229;Fautany;adult;M;arnholdi;7;arno;18,6;#NV;34,2;18,6;21,8;5,9;9,5;40;21,8;8,2;69;132;#NV;27;HT;NA;NA;NA;NA;NA;NA;NA;NA;NA;NA;-12.692943;49.190753999999998;NA;NA;Aug-Oct;repro;NA;NA;NA;arno_north;211;89;688;1186;279;149;130;220;194;221;193;18516;5047;93;1182;13062;363;8686;416;arno;arno_HT;NA
2;F219;Fautany;adult;F;arnholdi;7;arno;18,7;#NV;34,9;18,9;21,1;6,2;9,2;39,3;22,5;8,5;77;144;#NV;26;HT;NA;NA;NA;NA;NA;NA;NA;NA;NA;NA;-12.691328;49.187967999999998;NA;NA;Aug-Oct;repro;NA;NA;NA;arno_north;207;89;692;1215;275;146;129;217;190;218;189;18558;5054;94;1181;13082;369;8702;423;arno;arno_HT;NA
3;F231;Fautany;adult;F;arnholdi;7;arno;18,7;#NV;35,2;19,4;21,7;6;9,4;37,7;21,1;8,9;86;142;#NV;25;HT;NA;NA;NA;NA;NA;NA;NA;NA;NA;NA;-12.692477;49.190196999999998;NA;NA;Aug-Oct;repro;NA;NA;NA;arno_north;211;89;688;1186;279;149;130;220;194;221;193;18516;5047;93;1182;13062;363;8686;416;arno;arno_HT;NA
4;F225;Fautany;adult;F;arnholdi;7;arno;18,9;#NV;33,3;19,8;19,5;#NV;8,9;38,6;20;9,6;76;132;#NV;29;HT;NA;NA;NA;NA;NA;NA;NA;NA;NA;NA;-12.688768;49.173327999999998;NA;NA;Aug-Oct;repro;NA;NA;NA;arno_north;202;90;689;1215;271;141;130;212;185;213;184;18348;5036;91;1188;12988;354;12660;406;arno;arno_HT;NA
5;M245;Fautany;adult;M;arnholdi;7;arno;19,2;#NV;33,3;19,4;21,1;6,1;8,6;37,5;20,3;8,3;81;131;#NV;28;HT;NA;NA;NA;NA;NA;NA;NA;NA;NA;NA;-12.693038;49.172673000000003;NA;NA;Aug-Oct;repro;NA;NA;NA;arno_north;208;90;693;1186;277;147;130;218;191;218;190;18389;5049;90;1189;13025;350;8636;401;arno;arno_HT;NA
6;F223;Fautany;adult;F;arnholdi;7;arno;19,3;#NV;34,5;20;20,3;#NV;9,4;40,3;23,2;9,9;79;142;#NV;30;HT;NA;NA;NA;NA;NA;NA;NA;NA;NA;NA;-12.691587;49.187683;NA;NA;Aug-Oct;repro;NA;NA;NA;arno_north;207;89;692;1215;275;146;129;217;190;218;189;18558;5054;94;1181;13082;369;8702;423;arno;arno_HT;NA
7;M246;Fautany;adult;M;arnholdi;7;arno;19,5;#NV;34,4;19,2;20;6,3;9;40;21;8;84;134;#NV;30;HT;NA;NA;NA;NA;NA;NA;NA;NA;NA;NA;-12.691668999999999;49.187035000000002;NA;NA;Aug-Oct;repro;NA;NA;NA;arno_north;207;89;692;1215;275;146;129;217;190;218;189;18558;5054;94;1181;13082;369;8702;423;arno;arno_HT;NA
8;F254;Fautany;adult;F;arnholdi;7;arno;19,8;#NV;34,2;19,5;21,7;5,9;8,9;40;22;8,8;80;134;#NV;29;HT;NA;NA;NA;NA;NA;NA;NA;NA;NA;NA;-12.687818999999999;49.177149999999997;NA;NA;Aug-Oct;repro;NA;NA;NA;arno_north;205;90;694;1222;273;144;129;216;188;216;187;18465;5045;93;1184;13039;362;12707;415;arno;arno_HT;NA
9;F221;Fautany;adult;F;arnholdi;7;arno;19,9;#NV;34,7;20,1;19,6;6,1;8,9;40,3;22,7;8,6;89;139;#NV;27;HT;NA;NA;NA;NA;NA;NA;NA;NA;NA;NA;-12.69159;49.175873000000003;NA;NA;Aug-Oct;repro;NA;NA;NA;arno_north;205;90;694;1222;273;144;129;216;188;216;187;18465;5045;93;1184;13039;362;12707;415;arno;arno_HT;NA
10;F234;Fautany;adult;F;arnholdi;7;arno;19,9;#NV;35,4;19,4;21;6,8;9,3;38,7;23,5;8,3;84;138;#NV;28;HT;NA;NA;NA;NA;NA;NA;NA;NA;NA;NA;-12.690867000000001;49.188105999999998;NA;NA;Aug-Oct;repro;NA;NA;NA;arno_north;207;89;692;1215;275;146;129;217;190;218;189;18558;5054;94;1181;13082;369;8702;423;arno;arno_HT;NA
11;F244;Fautany;adult;F;arnholdi;7;arno;20;#NV;32,3;18,9;19,9;5,8;8,4;37,3;21,1;8,5;92;127;#NV;25;HT;NA;NA;NA;NA;NA;NA;NA;NA;NA;NA;-12.692905;49.172407;NA;NA;Aug-Oct;repro;NA;NA;NA;arno_north;208;90;693;1186;277;147;130;218;191;218;190;18389;5049;90;1189;13025;350;8636;401;arno;arno_HT;NA
12;F252;Fautany;adult;F;arnholdi;7;arno;20;#NV;33,9;20,3;21,8;6,8;10;39,7;21,2;8,3;79;134;#NV;28;HT;NA;NA;NA;NA;NA;NA;NA;NA;NA;NA;-12.688783000000001;49.178068000000003;NA;NA;Aug-Oct;repro;NA;NA;NA;arno_north;205;90;694;1222;273;144;129;216;188;216;187;18465;5045;93;1184;13039;362;12707;415;arno;arno_HT;NA
13;M227;Fautany;adult;M;arnholdi;7;arno;20;#NV;33;18,7;21,4;6,2;9,2;39,2;21,7;#NV;72;136;#NV;26;HT;NA;NA;NA;NA;NA;NA;NA;NA;NA;NA;-12.690649000000001;49.188085000000001;NA;NA;Aug-Oct;repro;NA;NA;NA;arno_north;207;89;692;1215;275;146;129;217;190;218;189;18558;5054;94;1181;13082;369;8702;423;arno;arno_HT;NA
14;F224;Fautany;adult;F;arnholdi;7;arno;20,1;#NV;35,1;19,1;20;5,8;9;40,6;21,8;9,1;83;134;#NV;27;HT;NA;NA;NA;NA;NA;NA;NA;NA;NA;NA;-12.690205000000001;49.176093999999999;NA;NA;Aug-Oct;repro;NA;NA;NA;arno_north;205;90;694;1222;273;144;129;216;188;216;187;18465;5045;93;1184;13039;362;12707;415;arno;arno_HT;NA
15;M253;Fautany;adult;M;arnholdi;7;arno;20,1;#NV;35,1;20,2;20;6,4;9,9;38,7;22,5;#NV;72;130;#NV;29;HT;NA;NA;NA;NA;NA;NA;NA;NA;NA;NA;-12.687818999999999;49.177149999999997;NA;NA;Aug-Oct;repro;NA;NA;NA;arno_north;205;90;694;1222;273;144;129;216;188;216;187;18465;5045;93;1184;13039;362;12707;415;arno;arno_HT;NA
16;F233;Fautany;adult;F;arnholdi;7;arno;20,4;#NV;#NV;21,5;22,6;7;10,9;39,3;22,4;9,4;83;132;#NV;26;HT;NA;NA;NA;NA;NA;NA;NA;NA;NA;NA;-12.690946;49.188093000000002;NA;NA;Aug-Oct;repro;NA;NA;NA;arno_north;207;89;692;1215;275;146;129;217;190;218;189;18558;5054;94;1181;13082;369;8702;423;arno;arno_HT;NA
17;F256;Fautany;adult;F;arnholdi;7;arno;20,5;#NV;33,4;18,4;18,8;#NV;9,2;38,7;21,2;#NV;72;132;#NV;26;HT;NA;NA;NA;NA;NA;NA;NA;NA;NA;NA;-12.687818999999999;49.177149999999997;NA;NA;Aug-Oct;repro;NA;NA;NA;arno_north;205;90;694;1222;273;144;129;216;188;216;187;18465;5045;93;1184;13039;362;12707;415;arno;arno_HT;NA
18;M238;Fautany;adult;M;arnholdi;7;arno;20,5;#NV;32,6;19,1;21;6,4;8,2;40;21,2;9,9;84;139;#NV;28;HT;NA;NA;NA;NA;NA;NA;NA;NA;NA;NA;-12.690643;49.188068999999999;NA;NA;Aug-Oct;repro;NA;NA;NA;arno_north;207;89;692;1215;275;146;129;217;190;218;189;18558;5054;94;1181;13082;369;8702;423;arno;arno_HT;NA
19;M240;Fautany;adult;M;arnholdi;7;arno;20,5;#NV;32,6;19,2;20;6,8;8,5;38,9;20,2;7,6;75;136;#NV;26;HT;NA;NA;NA;NA;NA;NA;NA;NA;NA;NA;-12.692905;49.172407;NA;NA;Aug-Oct;repro;NA;NA;NA;arno_north;208;90;693;1186;277;147;130;218;191;218;190;18389;5049;90;1189;13025;350;8636;401;arno;arno_HT;NA
20;F255;Fautany;adult;F;arnholdi;7;arno;20,6;#NV;32,3;21,2;20,9;6,8;9,4;40;21,2;8;79;138;#NV;28;HT;NA;NA;NA;NA;NA;NA;NA;NA;NA;NA;-12.687818999999999;49.177149999999997;NA;NA;Aug-Oct;repro;NA;NA;NA;arno_north;205;90;694;1222;273;144;129;216;188;216;187;18465;5045;93;1184;13039;362;12707;415;arno;arno_HT;NA
21;M237;Fautany;adult;M;arnholdi;7;arno;20,6;#NV;33,7;19,9;20,6;5,8;8,5;37,4;21,9;8,9;79;134;#NV;27;HT;NA;NA;NA;NA;NA;NA;NA;NA;NA;NA;-12.690643;49.188068999999999;NA;NA;Aug-Oct;repro;NA;NA;NA;arno_north;207;89;692;1215;275;146;129;217;190;218;189;18558;5054;94;1181;13082;369;8702;423;arno;arno_HT;NA
22;M251;Fautany;adult;M;arnholdi;7;arno;20,7;#NV;#NV;19,1;21;5,9;9;38,2;21,4;8,4;79;130;#NV;25;HT;NA;NA;NA;NA;NA;NA;NA;NA;NA;NA;-12.689183;49.178426000000002;NA;NA;Aug-Oct;repro;NA;NA;NA;arno_north;205;90;694;1222;273;144;129;216;188;216;187;18465;5045;93;1184;13039;362;12707;415;arno;arno_HT;NA
23;M258;Fautany;adult;M;arnholdi;7;arno;20,7;#NV;33,9;18,9;20,3;6,4;10;38,1;21,2;8,1;85;128;#NV;27;HT;NA;NA;NA;NA;NA;NA;NA;NA;NA;NA;-12.687818999999999;49.177149999999997;NA;NA;Aug-Oct;repro;NA;NA;NA;arno_north;205;90;694;1222;273;144;129;216;188;216;187;18465;5045;93;1184;13039;362;12707;415;arno;arno_HT;NA
24;M261;Fautany;adult;M;arnholdi;7;arno;20,7;#NV;33,8;20,1;20;6,4;9,2;37,6;22;8,9;84;119;#NV;27;HT;NA;NA;NA;NA;NA;NA;NA;NA;NA;NA;-12.687757;49.177509999999998;NA;NA;Aug-Oct;repro;NA;NA;NA;arno_north;205;90;694;1222;273;144;129;216;188;216;187;18465;5045;93;1184;13039;362;12707;415;arno;arno_HT;NA
25;F243;Fautany;adult;F;arnholdi;7;arno;20,8;#NV;34;20;20,2;6,6;8,6;37,6;20,9;8,3;78;129;#NV;30;HT;NA;NA;NA;NA;NA;NA;NA;NA;NA;NA;-12.692905;49.172407;NA;NA;Aug-Oct;repro;NA;NA;NA;arno_north;208;90;693;1186;277;147;130;218;191;218;190;18389;5049;90;1189;13025;350;8636;401;arno;arno_HT;NA
26;F220;Fautany;adult;F;arnholdi;7;arno;20,9;#NV;34,9;21,6;20;6,4;9,1;41;21,9;9,7;75;149;#NV;29;HT;NA;NA;NA;NA;NA;NA;NA;NA;NA;NA;-12.690911;49.177168000000002;NA;NA;Aug-Oct;repro;NA;NA;NA;arno_north;205;90;694;1222;273;144;129;216;188;216;187;18465;5045;93;1184;13039;362;12707;415;arno;arno_HT;NA
27;M241;Fautany;adult;M;arnholdi;7;arno;21;#NV;32,9;19,6;21,4;6,3;8,6;37,2;21,6;8,8;81;128;#NV;27;HT;NA;NA;NA;NA;NA;NA;NA;NA;NA;NA;-12.692905;49.172407;NA;NA;Aug-Oct;repro;NA;NA;NA;arno_north;208;90;693;1186;277;147;130;218;191;218;190;18389;5049;90;1189;13025;350;8636;401;arno;arno_HT;NA
28;M248;Fautany;adult;M;arnholdi;7;arno;21;#NV;33,9;18,8;20,6;7,3;8,4;38,3;21,6;7,5;78;130;#NV;25;HT;NA;NA;NA;NA;NA;NA;NA;NA;NA;NA;-12.692562000000001;49.190500999999998;NA;NA;Aug-Oct;repro;NA;NA;NA;arno_north;211;89;688;1186;279;149;130;220;194;221;193;18516;5047;93;1182;13062;363;8686;416;arno;arno_HT;NA
29;F226;Fautany;adult;F;arnholdi;7;arno;21,1;#NV;35,2;20,4;22,1;6,8;10,2;40,3;22,6;9,6;71;138;#NV;28;HT;NA;NA;NA;NA;NA;NA;NA;NA;NA;NA;-12.690204;49.176118000000002;NA;NA;Aug-Oct;repro;NA;NA;NA;arno_north;205;90;694;1222;273;144;129;216;188;216;187;18465;5045;93;1184;13039;362;12707;415;arno;arno_HT;NA
30;M260;Fautany;adult;M;arnholdi;7;arno;21,3;#NV;34,7;19,5;20;6;9,4;39,9;22,2;9,8;84;136;#NV;27;HT;NA;NA;NA;NA;NA;NA;NA;NA;NA;NA;-12.687757;49.177509999999998;NA;NA;Aug-Oct;repro;NA;NA;NA;arno_north;205;90;694;1222;273;144;129;216;188;216;187;18465;5045;93;1184;13039;362;12707;415;arno;arno_HT;NA
31;M259;Fautany;adult;M;arnholdi;7;arno;21,8;#NV;33,5;20,1;19,8;6,6;10,2;38,7;20,7;8,2;71;126;#NV;25;HT;NA;NA;NA;NA;NA;NA;NA;NA;NA;NA;-12.687818999999999;49.177149999999997;NA;NA;Aug-Oct;repro;NA;NA;NA;arno_north;205;90;694;1222;273;144;129;216;188;216;187;18465;5045;93;1184;13039;362;12707;415;arno;arno_HT;NA
32;M235;Fautany;adult;M;arnholdi;7;arno;21,9;#NV;32,7;19,2;19,4;5,7;9;38,2;23,6;9,4;75;130;#NV;24;HT;NA;NA;NA;NA;NA;NA;NA;NA;NA;NA;-12.690633;49.188066999999997;NA;NA;Aug-Oct;repro;NA;NA;NA;arno_north;207;89;692;1215;275;146;129;217;190;218;189;18558;5054;94;1181;13082;369;8702;423;arno;arno_HT;NA
33;M236;Fautany;adult;M;arnholdi;7;arno;21,9;#NV;34,3;18,9;21,1;6,9;9,6;38,4;22;#NV;79;126;#NV;25;HT;NA;NA;NA;NA;NA;NA;NA;NA;NA;NA;-12.690643;49.188068999999999;NA;NA;Aug-Oct;repro;NA;NA;NA;arno_north;207;89;692;1215;275;146;129;217;190;218;189;18558;5054;94;1181;13082;369;8702;423;arno;arno_HT;NA
34;M250;Fautany;adult;M;arnholdi;7;arno;#NV;#NV;34,2;19,1;20;6,4;9,3;38,8;21,6;9,4;83;121;#NV;24;HT;NA;NA;NA;NA;NA;NA;NA;NA;NA;NA;-12.689802;49.181150000000002;NA;NA;Aug-Oct;repro;NA;NA;NA;arno_north;205;90;694;1222;273;144;129;216;188;216;187;18465;5045;93;1184;13039;362;12707;415;arno;arno_HT;NA
35;M201;Mahasarika;adult;M;arnholdi;7;arno;18,8;#NV;33,2;20,9;20,5;6,4;8,6;38;22;9,2;69;142;#NV;28;HT;NA;NA;NA;NA;NA;NA;NA;NA;NA;NA;-12.515483;49.177706999999998;NA;NA;Aug-Oct;repro;NA;NA;NA;arno_north;198;81;682;1244;259;141;118;209;181;210;180;18846;5117;110;1168;13167;455;12903;534;arno;arno_HT;NA
36;F203;Mahasarika;adult;F;arnholdi;7;arno;18,9;#NV;35,5;20,6;20,3;6,5;#NV;39,4;21,6;10,9;84;126;#NV;30;HT;NA;NA;NA;NA;NA;NA;NA;NA;NA;NA;-12.515228;49.177709999999998;NA;NA;Aug-Oct;repro;NA;NA;NA;arno_north;198;81;682;1244;259;141;118;209;181;210;180;18846;5117;110;1168;13167;455;12903;534;arno;arno_HT;NA
37;M195;Mahasarika;adult;M;arnholdi;7;arno;19;#NV;32,9;19;20,9;6,9;9,5;37,7;#NV;8,7;80;120;#NV;26;HT;NA;NA;NA;NA;NA;NA;NA;NA;NA;NA;-12.517117000000001;49.177911999999999;NA;NA;Aug-Oct;repro;NA;NA;NA;arno_north;194;81;681;1242;256;137;119;205;177;206;176;18961;5149;111;1168;13250;457;12980;535;arno;arno_HT;NA
38;M199;Mahasarika;adult;M;arnholdi;7;arno;19,3;#NV;35;20,1;20,2;7,1;10;40;21,8;9,3;67;138;#NV;26;HT;NA;NA;NA;NA;NA;NA;NA;NA;NA;NA;-12.515758;49.177726999999997;NA;NA;Aug-Oct;repro;NA;NA;NA;arno_north;198;81;682;1244;259;141;118;209;181;210;180;18846;5117;110;1168;13167;455;12903;534;arno;arno_HT;NA
39;M176;Mahasarika;adult;M;arnholdi;7;arno;19,4;#NV;33,5;19,2;18,8;6,5;8,6;37,1;20,4;9,6;65;118;#NV;28;HT;NA;NA;NA;NA;NA;NA;NA;NA;NA;NA;-12.521762000000001;49.171449000000003;NA;NA;Aug-Oct;repro;NA;NA;NA;arno_north;195;81;676;1236;256;137;119;206;178;206;177;19019;5173;111;1169;13303;456;13029;533;arno;arno_HT;NA
40;M191;Mahasarika;adult;M;arnholdi;7;arno;19,7;#NV;32,6;20,2;19,8;6;8,8;37,9;20,5;9,3;74;122;#NV;27;HT;NA;NA;NA;NA;NA;NA;NA;NA;NA;NA;-12.513538;49.185046999999997;NA;NA;Aug-Oct;repro;NA;NA;NA;arno_north;200;81;684;1228;261;143;118;211;183;212;182;18728;5074;110;1166;13070;456;12812;535;arno;arno_HT;NA
41;M193;Mahasarika;adult;M;arnholdi;7;arno;19,7;#NV;34,4;19;21,2;7;8,6;38,8;21,3;9,4;80;131;#NV;26;HT;NA;NA;NA;NA;NA;NA;NA;NA;NA;NA;-12.517458;49.179485;NA;NA;Aug-Oct;repro;NA;NA;NA;arno_north;194;81;681;1242;256;137;119;205;177;206;176;18961;5149;111;1168;13250;457;12980;535;arno;arno_HT;NA
42;M200;Mahasarika;adult;M;arnholdi;7;arno;19,8;#NV;33,7;21,3;19,2;5,7;8,3;38,7;20,8;10,1;74;134;#NV;27;HT;NA;NA;NA;NA;NA;NA;NA;NA;NA;NA;-12.515758;49.177726999999997;NA;NA;Aug-Oct;repro;NA;NA;NA;arno_north;198;81;682;1244;259;141;118;209;181;210;180;18846;5117;110;1168;13167;455;12903;534;arno;arno_HT;NA
43;M188;Mahasarika;adult;M;arnholdi;7;arno;20;#NV;34;20,5;19,1;6,5;8,2;36,1;21,1;8,9;69;123;#NV;25;HT;NA;NA;NA;NA;NA;NA;NA;NA;NA;NA;-12.512497;49.188681000000003;NA;NA;Aug-Oct;repro;NA;NA;NA;arno_north;200;81;684;1228;261;143;118;211;183;212;182;18728;5074;110;1166;13070;456;12812;535;arno;arno_HT;NA
44;F173;Mahasarika;adult;F;arnholdi;7;arno;20,1;#NV;34,2;19,8;22,5;7,1;9,4;38,9;22,1;10,3;88;128;#NV;27;HT;NA;NA;NA;NA;NA;NA;NA;NA;NA;NA;-12.522413;49.171658999999998;NA;NA;Aug-Oct;repro;NA;NA;NA;arno_north;195;81;676;1236;256;137;119;206;178;206;177;19019;5173;111;1169;13303;456;13029;533;arno;arno_HT;NA
45;M194;Mahasarika;adult;M;arnholdi;7;arno;20,1;#NV;33,2;19,6;20,5;6,6;9,4;36,4;20,4;10;69;128;#NV;27;HT;NA;NA;NA;NA;NA;NA;NA;NA;NA;NA;-12.517200000000001;49.178756;NA;NA;Aug-Oct;repro;NA;NA;NA;arno_north;194;81;681;1242;256;137;119;205;177;206;176;18961;5149;111;1168;13250;457;12980;535;arno;arno_HT;NA
46;F179;Mahasarika;adult;F;arnholdi;7;arno;20,2;#NV;33,8;21,7;20,8;5,7;8,4;38,2;21;9,7;93;130;#NV;30;HT;NA;NA;NA;NA;NA;NA;NA;NA;NA;NA;-12.513235999999999;49.185246999999997;NA;NA;Aug-Oct;repro;NA;NA;NA;arno_north;200;81;684;1228;261;143;118;211;183;212;182;18728;5074;110;1166;13070;456;12812;535;arno;arno_HT;NA
47;F207;Mahasarika;adult;F;arnholdi;7;arno;20,2;#NV;34,1;19,3;21,4;6,7;10,5;39,1;21,5;9,6;80;130;#NV;27;HT;NA;NA;NA;NA;NA;NA;NA;NA;NA;NA;-12.525606;49.176893;NA;NA;Aug-Oct;repro;NA;NA;NA;arno_north;192;82;685;1243;253;134;119;203;175;204;174;19052;5177;111;1169;13319;456;13045;533;arno;arno_HT;NA
48;F189;Mahasarika;adult;F;arnholdi;7;arno;20,6;#NV;33,9;21;21,5;7,5;8,1;38,6;21,6;10,3;74;129;#NV;25;HT;NA;NA;NA;NA;NA;NA;NA;NA;NA;NA;-12.512724;49.189858999999998;NA;NA;Aug-Oct;repro;NA;NA;NA;arno_north;200;81;684;1228;261;143;118;211;183;212;182;18728;5074;110;1166;13070;456;12812;535;arno;arno_HT;NA
49;M216;Mahasarika;adult;M;arnholdi;7;arno;20,8;#NV;33,9;21,1;19,5;6,6;9;38,2;20,9;8,4;83;141;#NV;26;HT;NA;NA;NA;NA;NA;NA;NA;NA;NA;NA;-12.526306;49.174273999999997;NA;NA;Aug-Oct;repro;NA;NA;NA;arno_north;191;81;676;1267;252;132;120;202;173;202;172;19113;5201;111;1170;13373;455;13096;531;arno;arno_HT;NA
50;M213;Mahasarika;adult;M;arnholdi;7;arno;20,9;#NV;35,1;20,5;20,1;7;8,7;39,2;21,6;9,1;69;137;#NV;25;HT;NA;NA;NA;NA;NA;NA;NA;NA;NA;NA;-12.522899000000001;49.176969;NA;NA;Aug-Oct;repro;NA;NA;NA;arno_north;194;81;681;1242;256;137;119;205;177;206;176;18961;5149;111;1168;13250;457;12980;535;arno;arno_HT;NA
51;F184;Mahasarika;adult;F;arnholdi;7;arno;21,1;#NV;35,4;20,5;20,6;6,5;9,2;38,6;22,9;10,4;73;133;#NV;28;HT;NA;NA;NA;NA;NA;NA;NA;NA;NA;NA;-12.513068000000001;49.190694000000001;NA;NA;Aug-Oct;repro;NA;NA;NA;arno_north;200;81;684;1228;261;143;118;211;183;212;182;18728;5074;110;1166;13070;456;12812;535;arno;arno_HT;NA
52;M206;Mahasarika;adult;M;arnholdi;7;arno;21,1;#NV;34,4;21,8;19,7;6,3;9;39,1;22,4;8,4;67;133;#NV;27;HT;NA;NA;NA;NA;NA;NA;NA;NA;NA;NA;-12.524578999999999;49.176850000000002;NA;NA;Aug-Oct;repro;NA;NA;NA;arno_north;194;81;681;1242;256;137;119;205;177;206;176;18961;5149;111;1168;13250;457;12980;535;arno;arno_HT;NA
53;F185;Mahasarika;adult;F;arnholdi;7;arno;21,2;#NV;35;20,8;21,9;6,7;9,5;38,5;22;9,4;75;120;#NV;25;HT;NA;NA;NA;NA;NA;NA;NA;NA;NA;NA;-12.513363;49.185183000000002;NA;NA;Aug-Oct;repro;NA;NA;NA;arno_north;200;81;684;1228;261;143;118;211;183;212;182;18728;5074;110;1166;13070;456;12812;535;arno;arno_HT;NA
54;M174;Mahasarika;adult;M;arnholdi;7;arno;21,3;#NV;34,9;18,6;21;5,5;8;39,6;22,9;9,4;80;133;#NV;26;HT;NA;NA;NA;NA;NA;NA;NA;NA;NA;NA;-12.522411;49.171714000000001;NA;NA;Aug-Oct;repro;NA;NA;NA;arno_north;195;81;676;1236;256;137;119;206;178;206;177;19019;5173;111;1169;13303;456;13029;533;arno;arno_HT;NA
55;M198;Mahasarika;adult;M;arnholdi;7;arno;21,7;#NV;36;19,5;20,5;6,3;10,3;38,2;22,7;10;78;140;#NV;26;HT;NA;NA;NA;NA;NA;NA;NA;NA;NA;NA;-12.515995999999999;49.177635000000002;NA;NA;Aug-Oct;repro;NA;NA;NA;arno_north;198;81;682;1244;259;141;118;209;181;210;180;18846;5117;110;1168;13167;455;12903;534;arno;arno_HT;NA
56;M202;Mahasarika;adult;M;arnholdi;7;arno;#NV;#NV;35,6;19,7;19,3;5,7;9,4;38,1;21;9,3;72;125;#NV;27;HT;NA;NA;NA;NA;NA;NA;NA;NA;NA;NA;-12.515409;49.177698999999997;NA;NA;Aug-Oct;repro;NA;NA;NA;arno_north;198;81;682;1244;259;141;118;209;181;210;180;18846;5117;110;1168;13167;455;12903;534;arno;arno_HT;NA
58;BD72_2017;Montagne_d_Ambre;adult;F;arnholdi;7;arno;19,55;12,8;34,49;#NV;21,39;7,75;7,36;37,7;20,37;#NV;76;121;40;17;TNR;NA;NA;NA;NA;NA;NA;NA;NA;red head, grey-brown-red face, yellowish belly, red back, dorsal line;NA;-12.644371169999999;49.179174089999997;968;42910;06_Jun;repro;NA;AB23;RADSEQ;arno_north;199;88;689;1213;265;138;127;209;182;210;181;18479;5052;98;1181;13023;385;12710;442;arno;arno_TNR;no
59;BD33_2017;Montagne_d_Ambre;adult;F;arnholdi;7;arno;20,89;12,35;33,84;19,78;22,68;6,95;8,85;#NV;20,19;#NV;67;129;40;19;TNR;NA;NA;NA;NA;NA;NA;NA;NA;red head, grey-brown-red face, yellowish belly, red back, dorsal line;NA;-12.50846204;49.177438700000003;991;42898;06_Jun;repro;NA;BC14;RADSEQ;arno_north;202;80;681;1213;263;145;118;212;185;213;184;18714;5081;109;1168;13075;453;12818;533;arno;arno_TNR;no
60;BC66_2017;Montagne_d_Ambre;adult;M;arnholdi;7;arno;20,8;12,64;35,73;20,83;20,65;6,9;10,04;39,4;19,16;#NV;69;#NV;43;18;BLP;large;NA;NA;NA;NA;enlarged;NA;NA;Cutted tail, masked face, tip of the tail is black, grey-brown head, red face, yellowish belly, grey-silver back, dorsal stripe;well developped testis;-12.512637489999999;49.185807949999997;953;42895;06_Jun;repro;NA;AB13;NA;arno_north;200;81;684;1228;261;143;118;211;183;212;182;18728;5074;110;1166;13070;456;12812;535;arno;arno_BLP;no
61;BE53_2017;Montagne_d_Ambre;adult;F;arnholdi;7;arno;#NV;12,7;34,2;20,8;20,62;6,38;7,85;37;20,93;#NV;71;135;44;17;ERD;NA;NA;NA;NA;NA;NA;NA;NA;red head, red face, yellowish belly, silver-grey-brown back, dorsal stripe;NA;-12.67022884;49.191249650000003;873;42916;06_Jun;repro;NA;AC12;NA;arno_north;204;88;689;1221;272;144;128;215;187;215;186;18600;5061;97;1178;13092;381;12763;437;arno;arno_ERD;no
62;BD37_2017;Montagne_d_Ambre;adult;M;arnholdi;7;arno;19,53;12,13;34,73;#NV;20,72;5,1;9,7;37,63;19,36;#NV;79;139;44;19;BLP;large;NA;NA;NA;NA;enlarged;NA;NA;grey-red head, red face, yellowish belly, silver-grey-brown back, dorsal stripe;well developped testis;-12.51539505;49.192407940000002;886;42900;06_Jun;repro;NA;BD23;NA;arno_north;204;81;687;1227;265;147;118;214;187;215;186;18553;5014;109;1164;12932;454;12680;533;arno;arno_BLP;no
63;BC49_2017;Montagne_d_Ambre;adult;M;arnholdi;7;arno;19,67;11,13;34,32;21,37;18,01;5,35;10,49;38,02;18,58;#NV;78;136;44;17;BLP;large;NA;NA;NA;NA;enlarged;NA;NA;brown-red head, silver-brown face, yellowish belly, red back, dorsal line;well developped testis;-12.543650449999999;49.146355749999998;1225;42893;06_Jun;repro;NA;AB12;RADSEQ;arno_north;185;81;678;1275;246;126;120;196;167;197;166;19327;5287;110;1176;13577;442;13283;514;arno;arno_BLP;no
64;BE50_2017;Montagne_d_Ambre;adult;F;arnholdi;7;arno;#NV;11,65;32,92;20,24;21,52;7,15;7,1;38,95;19,03;#NV;74;138;45;17;ERD;NA;NA;NA;NA;NA;NA;NA;NA;red head, red face, yellowish belly, silver-grey-brown back, dorsal stripe;NA;-12.67230528;49.186221850000003;873;42916;06_Jun;repro;NA;BC13;NA;arno_north;204;88;689;1221;272;144;128;215;187;215;186;18600;5061;97;1178;13092;381;12763;437;arno;arno_ERD;no
65;BE47_2017;Montagne_d_Ambre;adult;M;arnholdi;7;arno;18,78;12,26;34,8;20,85;22,73;7,31;#NV;38,15;21,15;#NV;75;137;48;18;TNR;large;NA;NA;NA;NA;enlarged;NA;NA;red head, red face, yellowish belly, silver-grey-brown back, dorsal stripe;well developped testis;-12.671551920000001;49.187641319999997;873;42916;06_Jun;repro;NA;AB12;NA;arno_north;204;88;689;1221;272;144;128;215;187;215;186;18600;5061;97;1178;13092;381;12763;437;arno;arno_TNR;no
66;BC71_2017;Montagne_d_Ambre;adult;M;arnholdi;7;arno;20,98;12,79;34,85;20,91;21,73;6,21;7,34;37,17;17,61;#NV;57;121;48;20;BLP;large;NA;NA;NA;NA;enlarged;NA;NA;brown-red head, red face, yellowish belly, silver-grey-brown back, dorsal stripe;well developped testis;-12.508938219999999;49.1935255;886;42896;06_Jun;repro;NA;AC13;NA;arno_north;204;81;687;1227;265;147;118;214;187;215;186;18553;5014;109;1164;12932;454;12680;533;arno;arno_BLP;no
67;BC72_2017;Montagne_d_Ambre;adult;M;arnholdi;7;arno;18,54;12,45;35,19;20,32;20,75;5,93;#NV;38,07;20,65;#NV;65;139;50;21;BLP;large;NA;NA;NA;NA;enlarged;NA;NA;grey-brown-red head, red face, yellowish belly, grey-brown back, dorsal stripe;well developped testis;-12.50911022;49.193653159999997;886;42896;06_Jun;repro;NA;AC12;NA;arno_north;204;81;687;1227;265;147;118;214;187;215;186;18553;5014;109;1164;12932;454;12680;533;arno;arno_BLP;no
68;BC75_2017;Montagne_d_Ambre;adult;M;arnholdi;7;arno;20,8;12,13;#NV;20,45;20,86;7,61;7,51;40,01;20,74;#NV;66;127;51;21;BLP;large;NA;NA;NA;NA;enlarged;NA;NA;ear parasites, masked face, tip of the tail is black, grey-brown-red head, red face, yellowish belly, silver-grey-brown back, dorsal stripe;well developped testis;-12.509923179999999;49.192932560000003;886;42896;06_Jun;repro;NA;AB14;NA;arno_north;204;81;687;1227;265;147;118;214;187;215;186;18553;5014;109;1164;12932;454;12680;533;arno;arno_BLP;no
69;BE43_2017;Montagne_d_Ambre;adult;M;arnholdi;7;arno;18,75;12,59;34,3;19,75;22,3;7,89;#NV;39,99;21,49;#NV;94;125;55;20;TNR;large;NA;NA;NA;NA;enlarged;NA;NA;red head, red face, yellowish belly, silver-grey-brown back, dorsal stripe;well developped testis;-12.66798953;49.18251076;1002;42915;06_Jun;repro;NA;BC13;NA;arno_north;197;89;689;1241;264;135;129;207;179;208;178;18446;5039;95;1182;13012;372;12687;427;arno;arno_TNR;no
70;BE51_2017;Montagne_d_Ambre;adult;M;arnholdi;7;arno;18,93;13,99;36,62;21,95;23,07;7,36;7,92;38;21,59;#NV;75;142;64;19;TNR;large;NA;NA;NA;NA;enlarged;NA;NA;grey-brown head, grey-brown face, yellowish belly, brown-red back, dorsal line;well developped testis;-12.672335540000001;49.186130060000004;873;42916;06_Jun;repro;NA;BC12;RADSEQ;arno_north;204;88;689;1221;272;144;128;215;187;215;186;18600;5061;97;1178;13092;381;12763;437;arno;arno_TNR;no
71;BC73_2017;Montagne_d_Ambre;adult;M;arnholdi;7;arno;18,07;10,67;33,49;20,62;18,51;6,06;8,1;36,15;21,15;#NV;63;120;#NV;19;BLP;large;NA;NA;NA;NA;enlarged;NA;NA;grey-brown head, grey-broiwn-red face, yellowish belly, silver-grey-brown back, dorsal stripe;well developped testis;-12.51069976;49.19489007;886;42896;06_Jun;repro;NA;AC23;NA;arno_north;204;81;687;1227;265;147;118;214;187;215;186;18553;5014;109;1164;12932;454;12680;533;arno;arno_BLP;NA
72;BG44_2017;Montagne_d_Ambre;adult;M;arnholdi;7;arno;17,58;12,78;32,44;19,88;21,7;7,08;7,19;36,23;20,37;#NV;82;143;43;16;TNR;large;NA;NA;NA;NA;enlarged;NA;NA;grey-brown-red head, grey-brown-red face, yellowish belly, grey-brown back, dorsal stripe;well developped testis;-12.71852612;49.139166179999997;751;42973;08_Aug;repro;NA;AC23;NA;arno_north;214;93;691;1122;285;151;134;222;198;223;197;19000;5329;85;1212;13626;321;8949;367;arno;arno_TNR;no
73;BH13_2017;Montagne_d_Ambre;adult;F;arnholdi;7;arno;19,25;12,82;35,63;20,39;20,21;7,81;7,5;37,31;20,14;#NV;82;139;43;16;FJR;NA;NA;NA;NA;NA;NA;NA;NA;grey-brown head, grey-brown face, yellowish belly, grey-brown back, dorsal stripe;NA;-12.74432494;49.13739726;561;42977;08_Aug;repro;NA;AC24;NA;arno_north;226;94;691;1056;299;163;136;233;211;235;209;18892;5317;81;1216;13583;304;8908;347;arno;arno_FJR;no
74;BH12_2017;Montagne_d_Ambre;adult;M;arnholdi;7;arno;22,7;13,38;33,59;#NV;21,92;7,61;7,14;41,77;23,02;#NV;86;153;43;16;TNR;large;NA;NA;NA;NA;enlarged;NA;NA;grey-brown head, grey-brown face, yellowish belly, grey-brown back, dorsal stripe;well developped testis;-12.740457279999999;49.139825829999999;615;42977;08_Aug;repro;NA;BD24;NA;arno_north;222;94;693;1078;295;160;135;230;207;232;206;18997;5339;82;1215;13646;310;8955;355;arno;arno_TNR;no
75;BH11_2017;Montagne_d_Ambre;adult;M;arnholdi;7;arno;#NV;14,67;34,92;18,69;20,34;7,92;7,31;39,43;22,34;#NV;81;150;44;17;TNR;large;NA;NA;NA;NA;enlarged;NA;NA;grey-brown head, grey-brown face, yellowish belly, grey-brown back, dorsal stripe;well developped testis;-12.739135040000001;49.138695030000001;615;42977;08_Aug;repro;NA;AC24;NA;arno_north;222;94;693;1078;295;160;135;230;207;232;206;18997;5339;82;1215;13646;310;8955;355;arno;arno_TNR;no
76;BG76_2017;Montagne_d_Ambre;adult;M;arnholdi;7;arno;17,28;12,15;33,71;19,91;21,99;7,11;7,4;39,51;21,03;#NV;85;149;51;16;TNR;large;NA;NA;NA;NA;enlarged;NA;NA;grey-brown-red head, grey-brown face, yellowish belly, grey-brown-red back, dorsal line;well developped testis;-12.70438073;49.141025200000001;903;42975;08_Aug;repro;NA;BC23;RADSEQ;arno_north;205;92;688;1158;275;142;133;214;188;214;187;18779;5266;85;1210;13455;324;8834;372;arno;arno_TNR;no
94;064413AC;Kirindy;adult;M;berthae;5;bert;#NV;#NV;30,7;18,4;#NV;#NV;#NV;#NV;#NV;#NV;74;137;25;16;MD;NA;NA;NA;NA;NA;NA;NA;NA;NA;NA;-20.0459779799999;44.54847427;NA;38944;08_Aug;pre_repro;NA;NA;NA;bert;261;108;641;1754;341;172;169;274;234;277;234;8919;3059;10;1338;6723;39;4709;39;bert;bert_MD;no
95;061814D8;Kirindy;adult;M;berthae;5;bert;#NV;#NV;29,5;19,7;#NV;#NV;#NV;#NV;#NV;#NV;80;135;30;18;MD;NA;NA;NA;NA;NA;NA;NA;NA;NA;NA;-20.0459779799999;44.54847427;NA;39306;08_Aug;pre_repro;NA;NA;NA;bert;261;108;641;1754;341;172;169;274;234;277;234;8919;3059;10;1338;6723;39;4709;39;bert;bert_MD;no
96;064E3C93;Kirindy;adult;F;berthae;5;bert;#NV;#NV;31,9;19,9;#NV;#NV;#NV;#NV;#NV;#NV;91;125;33;24;MD;NA;NA;NA;NA;NA;NA;NA;NA;NA;NA;-20.0459779799999;44.54847427;NA;39305;08_Aug;pre_repro;NA;NA;NA;bert;261;108;641;1754;341;172;169;274;234;277;234;8919;3059;10;1338;6723;39;4709;39;bert;bert_MD;no
97;064E31B6;Kirindy;adult;M;berthae;5;bert;#NV;#NV;31,1;21,1;#NV;#NV;#NV;#NV;#NV;#NV;79;146;34;22;MD;NA;NA;NA;NA;NA;NA;NA;NA;NA;NA;-20.0459779799999;44.54847427;NA;39307;08_Aug;pre_repro;NA;NA;NA;bert;261;108;641;1754;341;172;169;274;234;277;234;8919;3059;10;1338;6723;39;4709;39;bert;bert_MD;no
98;066BE879;Kirindy;adult;F;berthae;5;bert;#NV;#NV;28,3;18,8;#NV;#NV;#NV;#NV;#NV;#NV;68;120;27;17;MD;NA;NA;NA;NA;NA;NA;NA;NA;NA;NA;-20.0459779799999;44.54847427;NA;38607;09_Sep;repro;NA;NA;NA;bert;261;108;641;1754;341;172;169;274;234;277;234;8919;3059;10;1338;6723;39;4709;39;bert;bert_MD;no
99;06D15206;Kirindy;adult;F;berthae;5;bert;#NV;#NV;30,1;19,6;#NV;#NV;#NV;#NV;#NV;#NV;69;128;28;17;MD;NA;NA;NA;NA;NA;NA;NA;NA;NA;NA;-20.0459779799999;44.54847427;NA;40068;09_Sep;repro;NA;NA;NA;bert;261;108;641;1754;341;172;169;274;234;277;234;8919;3059;10;1338;6723;39;4709;39;bert;bert_MD;no
100;06D151D6;Kirindy;adult;M;berthae;5;bert;#NV;#NV;29;18,6;#NV;#NV;#NV;#NV;#NV;#NV;76;127;30;17;MD;NA;NA;NA;NA;NA;NA;NA;NA;NA;NA;-20.0459779799999;44.54847427;NA;40087;10_Oct;repro;NA;NA;NA;bert;261;108;641;1754;341;172;169;274;234;277;234;8919;3059;10;1338;6723;39;4709;39;bert;bert_MD;no
101;06E4E02C;Kirindy;adult;F;berthae;5;bert;#NV;#NV;31,1;20;#NV;#NV;#NV;#NV;#NV;#NV;81;131;32;17;MD;NA;NA;NA;NA;NA;NA;NA;NA;NA;NA;-20.0459779799999;44.54847427;NA;40087;10_Oct;repro;NA;NA;NA;bert;261;108;641;1754;341;172;169;274;234;277;234;8919;3059;10;1338;6723;39;4709;39;bert;bert_MD;no
102;06D14D9D;Kirindy;adult;F;berthae;5;bert;#NV;#NV;31,3;20,1;#NV;#NV;#NV;#NV;#NV;#NV;76;143;33;18;MD;NA;NA;NA;NA;NA;NA;NA;NA;NA;NA;-20.0459779799999;44.54847427;NA;40087;10_Oct;repro;NA;NA;NA;bert;261;108;641;1754;341;172;169;274;234;277;234;8919;3059;10;1338;6723;39;4709;39;bert;bert_MD;no
103;06D15269;Kirindy;adult;M;berthae;5;bert;#NV;#NV;31,7;20;#NV;#NV;#NV;#NV;#NV;#NV;80;158;39;20;MD;NA;NA;NA;NA;NA;NA;NA;NA;NA;NA;-20.0459779799999;44.54847427;NA;40087;10_Oct;repro;NA;NA;NA;bert;261;108;641;1754;341;172;169;274;234;277;234;8919;3059;10;1338;6723;39;4709;39;bert;bert_MD;no
104;myoxinus;Kirindy;adult;F;berthae;5;bert;#NV;9,8;30,6;18;#NV;#NV;#NV;#NV;17;#NV;72,4;113;29;21;TH;NA;NA;NA;NA;NA;NA;NA;NA;red;NA;-20.075489000000001;44.631041000000003;NA;34657;11_Nov;repro;NA;NA;NA;bert;259;111;649;1743;342;171;171;273;233;276;233;9685;3244;10;1313;7204;38;5107;38;bert;bert_TH;no
107;Myox2;Kirindy;adult;F;berthae;5;bert;18,3;13,1;31,4;19,8;20;5;8,7;36,6;20,4;8,3;60;117;30;NA;VZ;NA;NA;NA;NA;NA;NA;NA;NA;Fußganz;28.7;-20.075489000000001;44.631041000000003;NA;NA;NA;repro;NA;NA;NA;bert;259;111;649;1743;342;171;171;273;233;276;233;9685;3244;10;1313;7204;38;5107;38;bert;bert_VZ;no
108;Andi;Kirindy;adult;M;berthae;5;bert;19,5;13;30;18,5;18,7;5;8,5;32;20;8;60;110;30;NA;VZ;NA;NA;NA;NA;NA;NA;NA;NA;Fußganz;28;-20.075489000000001;44.631041000000003;NA;NA;NA;repro;NA;NA;NA;bert;259;111;649;1743;342;171;171;273;233;276;233;9685;3244;10;1313;7204;38;5107;38;bert;bert_VZ;no
109;Anja;Kirindy;adult;F;berthae;5;bert;17;13;31,1;18,8;20;5,5;9;36;20,7;8,5;70;120;31;NA;VZ;NA;NA;NA;NA;NA;NA;NA;NA;Fußganz;29.2;-20.075489000000001;44.631041000000003;NA;NA;NA;repro;NA;NA;NA;bert;259;111;649;1743;342;171;171;273;233;276;233;9685;3244;10;1313;7204;38;5107;38;bert;bert_VZ;no
110;Angela;Kirindy;adult;F;berthae;5;bert;19;12,6;31,5;18;18,5;5;6,6;35;21;8,5;65;120;31;NA;VZ;NA;NA;NA;NA;NA;NA;NA;NA;Fußganz;29.5;-20.075489000000001;44.631041000000003;NA;NA;NA;repro;NA;NA;NA;bert;259;111;649;1743;342;171;171;273;233;276;233;9685;3244;10;1313;7204;38;5107;38;bert;bert_VZ;no
111;Alfred;Kirindy;adult;M;berthae;5;bert;19;12,5;33;17,7;19;5,5;8,4;36,4;20;8;65;128;32;NA;VZ;NA;NA;NA;NA;NA;NA;NA;NA;Fußganz;28;-20.075489000000001;44.631041000000003;NA;NA;NA;repro;NA;NA;NA;bert;259;111;649;1743;342;171;171;273;233;276;233;9685;3244;10;1313;7204;38;5107;38;bert;bert_VZ;no
112;Anke;Kirindy;adult;F;berthae;5;bert;16;11;29;17;18;4;7,5;31;20;9;50;115;33;NA;VZ;NA;NA;NA;NA;NA;NA;NA;NA;Fußganz;29;-20.075489000000001;44.631041000000003;NA;NA;NA;repro;NA;NA;NA;bert;259;111;649;1743;342;171;171;273;233;276;233;9685;3244;10;1313;7204;38;5107;38;bert;bert_VZ;no
113;Arne;Kirindy;adult;M;berthae;5;bert;18,2;13,5;31,3;18,2;20,7;5;9;37,5;21;8,5;70;110;33;NA;VZ;NA;NA;NA;NA;NA;NA;NA;NA;Fußganz;29.5;-20.075489000000001;44.631041000000003;NA;NA;NA;repro;NA;NA;NA;bert;259;111;649;1743;342;171;171;273;233;276;233;9685;3244;10;1313;7204;38;5107;38;bert;bert_VZ;no
114;Adele;Kirindy;adult;F;berthae;5;bert;18;12,7;30,5;19,1;19,9;4,9;9,1;35;19,1;8,9;65;120;34;NA;VZ;NA;NA;NA;NA;NA;NA;NA;NA;Fußganz;28;-20.075489000000001;44.631041000000003;NA;NA;NA;repro;NA;NA;NA;bert;259;111;649;1743;342;171;171;273;233;276;233;9685;3244;10;1313;7204;38;5107;38;bert;bert_VZ;no
115;Anne;Kirindy;adult;F;berthae;5;bert;19;13,4;32;21;20;5;8,1;37;20,5;8,7;65;135;34;NA;VZ;NA;NA;NA;NA;NA;NA;NA;NA;Fußganz;29.2;-20.075489000000001;44.631041000000003;NA;NA;NA;repro;NA;NA;NA;bert;259;111;649;1743;342;171;171;273;233;276;233;9685;3244;10;1313;7204;38;5107;38;bert;bert_VZ;no
116;Anton;Kirindy;adult;M;berthae;5;bert;19,9;13,8;30,7;18;20;4,9;8,9;36;18,9;9;70;125;35;NA;VZ;NA;NA;NA;NA;NA;NA;NA;NA;Fußganz;27.9;-20.075489000000001;44.631041000000003;NA;NA;NA;repro;NA;NA;NA;bert;259;111;649;1743;342;171;171;273;233;276;233;9685;3244;10;1313;7204;38;5107;38;bert;bert_VZ;no
117;Antje;Kirindy;adult;F;berthae;5;bert;20,1;14;30,5;20,3;20;5,5;8,4;36,5;18;8,4;60;120;36;NA;VZ;NA;NA;NA;NA;NA;NA;NA;NA;Fußganz;26.4;-20.075489000000001;44.631041000000003;NA;NA;NA;repro;NA;NA;NA;bert;259;111;649;1743;342;171;171;273;233;276;233;9685;3244;10;1313;7204;38;5107;38;bert;bert_VZ;no
118;Alexander;Kirindy;adult;M;berthae;5;bert;19;12,4;30,8;20,6;20,9;5,1;8,6;38;20,9;7,7;65;120;37;NA;VZ;NA;NA;NA;NA;NA;NA;NA;NA;Fußganz;28.6;-20.075489000000001;44.631041000000003;NA;NA;NA;repro;NA;NA;NA;bert;259;111;649;1743;342;171;171;273;233;276;233;9685;3244;10;1313;7204;38;5107;38;bert;bert_VZ;no
119;Anita;Kirindy;adult;F;berthae;5;bert;19;13;31,4;19,8;20;5,4;9,5;36,8;21,7;9;70;115;#NV;NA;VZ;NA;NA;NA;NA;NA;NA;NA;41;Fußganz;30.7;-20.075489000000001;44.631041000000003;NA;NA;NA;repro;NA;NA;NA;bert;259;111;649;1743;342;171;171;273;233;276;233;9685;3244;10;1313;7204;38;5107;38;bert;bert_VZ;yes
120;Alexandra;Kirindy;adult;F;berthae;5;bert;18;12,2;31,5;19,5;20,5;5,5;9;37;20;8,8;70;125;#NV;NA;VZ;NA;NA;NA;NA;NA;NA;NA;43;Fußganz;28.8;-20.075489000000001;44.631041000000003;NA;NA;NA;repro;NA;NA;NA;bert;259;111;649;1743;342;171;171;273;233;276;233;9685;3244;10;1313;7204;38;5107;38;bert;bert_VZ;yes
121;F50-04bibo;Ambodimahabibo;adult;F;bongolavensis;3;bong;23,8;12,8;36,2;23,1;22,5;7,9;9,9;41,9;26;9,2;87;159;54;22;GO;NA;NA;NA;NA;NA;NA;closed;NA;NA;NA;-15.49457;47.482979999999998;NA;38197;07_Jul;pre_repro;no;A1;NA;bong_north;269;97;667;1151;343;198;145;272;251;280;251;14744;4115;5;1209;10558;39;3953;39;bong;bong_GO;no
122;M54-04bibo;Ambodimahabibo;adult;M;bongolavensis;3;bong;20;14,2;35;20,4;19,1;6,4;9;39,1;26,6;9,9;87;152;43;23;GO;9.5;4.9000000000000004;5.5;13.9;14.4;enlarged;NA;NA;NA;NA;-15.49532;47.475850000000001;NA;38206;08_Aug;repro;no;CD;NA;bong_north;269;97;667;1151;343;198;145;272;251;280;251;14744;4115;5;1209;10558;39;3953;39;bong;bong_GO;no
123;F56-04bibo;Ambodimahabibo;adult;F;bongolavensis;3;bong;19,7;12,1;35,5;21,5;19,7;8,3;8,2;39,6;25,1;9,2;75;149;44;18;GO;NA;NA;NA;NA;NA;NA;closed;NA;NA;NA;-15.498609999999999;47.482140000000001;NA;38209;08_Aug;repro;no;A4;NA;bong_north;269;97;667;1151;343;198;145;272;251;280;251;14744;4115;5;1209;10558;39;3953;39;bong;bong_GO;no
124;M59-04bibo;Ambodimahabibo;adult;M;bongolavensis;3;bong;18,1;12,3;35;20,5;20,1;7,9;9,5;41,6;26,6;8,5;81;165;45;19;GO;5.9;NA;NA;8.4;9.1999999999999993;enlarged;NA;NA;NA;NA;-15.493180000000001;47.480379999999997;NA;38209;08_Aug;repro;no;D3;NA;bong_north;269;97;667;1151;343;198;145;272;251;280;251;14744;4115;5;1209;10558;39;3953;39;bong;bong_GO;no
125;F53-04bibo;Ambodimahabibo;adult;F;bongolavensis;3;bong;19,5;14,7;36,5;22,5;20,9;8,1;9,6;43,7;26,5;9,1;84;167;45;22;GO;NA;NA;NA;NA;NA;NA;closed;NA;NA;NA;-15.496169999999999;47.47587;NA;38206;08_Aug;repro;no;B2;NA;bong_north;269;97;667;1151;343;198;145;272;251;280;251;14744;4115;5;1209;10558;39;3953;39;bong;bong_GO;no
126;M58-04bibo;Ambodimahabibo;adult;M;bongolavensis;3;bong;18,8;12,9;36,6;20,2;19;7,5;9,7;41,7;25,5;8,8;80;166;52;20;GO;17.7;8.8000000000000007;8.9;16.3;17.7;enlarged;NA;NA;NA;NA;-15.493370000000001;47.480899999999998;NA;38209;08_Aug;repro;no;AC;NA;bong_north;269;97;667;1151;343;198;145;272;251;280;251;14744;4115;5;1209;10558;39;3953;39;bong;bong_GO;no
127;F52-04bibo;Ambodimahabibo;adult;F;bongolavensis;3;bong;23,6;14,9;38,3;22,6;20,5;8,4;10,3;42,9;27;9,3;86;156;52;20;GO;NA;NA;NA;NA;NA;NA;closed;NA;NA;NA;-15.49916;47.483220000000003;NA;38201;08_Aug;repro;no;A2C (nat);NA;bong_north;268;97;668;1151;342;197;145;271;250;279;250;14771;4122;5;1210;10581;39;3959;39;bong;bong_GO;no
128;F55-04bibo;Ambodimahabibo;adult;F;bongolavensis;3;bong;21,4;12,6;36,4;21,1;20,8;7,5;9,6;41,4;23,7;8;84;157;55;21;GO;NA;NA;NA;NA;NA;NA;closed;NA;NA;NA;-15.49741;47.47878;NA;38208;08_Aug;repro;no;A3;RADSEQ;bong_north;269;97;667;1151;343;198;145;272;251;280;251;14744;4115;5;1209;10558;39;3953;39;bong;bong_GO;no
129;M60-04bibo;Ambodimahabibo;adult;M;bongolavensis;3;bong;21,3;14,6;36;21,7;22,6;7,4;#NV;40,5;24,7;9,1;90;153;59;21;GO;17.100000000000001;8.6;10.199999999999999;18.399999999999999;20;enlarged;NA;NA;NA;NA;-15.497019999999999;47.476039999999998;NA;38210;08_Aug;repro;no;C2;NA;bong_north;269;97;667;1151;343;198;145;272;251;280;251;14744;4115;5;1209;10558;39;3953;39;bong;bong_GO;no
130;M51-04bibo;Ambodimahabibo;adult;M;bongolavensis;3;bong;22,9;15,9;35,9;22,3;22,1;7,8;9,1;39,3;24,6;9,1;81;157;59;23;GO;15.7;8.1999999999999993;8.1;20.2;20.7;enlarged;NA;NA;NA;NA;-15.493370000000001;47.480899999999998;NA;38200;08_Aug;repro;no;C3;NA;bong_north;269;97;667;1151;343;198;145;272;251;280;251;14744;4115;5;1209;10558;39;3953;39;bong;bong_GO;no
131;F57-04bibo;Ambodimahabibo;adult;F;bongolavensis;3;bong;21;14,2;37,1;23;22,1;8;10,1;38,8;26,3;8,5;102;172;#NV;24;GO;NA;NA;NA;NA;NA;NA;closed;75;NA;NA;-15.49475;47.482059999999997;NA;38209;08_Aug;repro;no;B3;NA;bong_north;269;97;667;1151;343;198;145;272;251;280;251;14744;4115;5;1209;10558;39;3953;39;bong;bong_GO;yes
132;M05-11hara;Ankarahara;adult;M;bongolavensis;3;bong;19,3;14,3;34,2;18,7;20;6;8;40,6;25,7;9,4;83;175;54;22;BSR;12.8;6.4;6.2;12.4;11.6;enlarged;NA;NA;NA;NA;-15.55;47.48;NA;40858;11_Nov;repro;NA;NA;NA;bong_north;267;98;667;1168;342;195;147;271;249;279;249;16037;4480;5;1209;11490;41;4321;41;bong;bong_BSR;no
133;M09-11hara;Ankarahara;adult;M;bongolavensis;3;bong;19,1;13,5;35,6;19,5;19,2;5,1;7,1;41,5;24,3;#NV;90;155;60;22;BSR;14.1;6.5;6.6;12.1;11.2;enlarged;NA;NA;NA;NA;-15.55;47.48;NA;40861;11_Nov;repro;NA;NA;NA;bong_north;267;98;667;1168;342;195;147;271;249;279;249;16037;4480;5;1209;11490;41;4321;41;bong;bong_BSR;no
134;M10-11hara;Ankarahara;adult;M;bongolavensis;3;bong;20,4;12,4;34,9;19,8;21,6;6,8;8,3;41,6;25;8,8;85;#NV;62;23;BSR;13.5;7.2;7.3;10.6;9.1999999999999993;enlarged;NA;NA;NA;NA;-15.55;47.48;NA;40861;11_Nov;repro;NA;NA;NA;bong_north;267;98;667;1168;342;195;147;271;249;279;249;16037;4480;5;1209;11490;41;4321;41;bong;bong_BSR;no
135;M01-11hara;Ankarahara;adult;M;bongolavensis;3;bong;21,4;15,1;34,9;19,5;21;7,6;6,8;42;24,8;8,8;85;154;62;23;BSR;15.1;7.4;7.8;11.9;12.6;enlarged;NA;NA;NA;NA;-15.55;47.48;NA;40848;11_Nov;repro;NA;NA;NA;bong_north;267;98;667;1168;342;195;147;271;249;279;249;16037;4480;5;1209;11490;41;4321;41;bong;bong_BSR;no
136;M08-11hara;Ankarahara;adult;M;bongolavensis;3;bong;20,5;13,5;35,2;21,2;21,3;6,1;8,1;43,5;25,9;8,5;90;150;64;22;BSR;13.3;6.6;7.1;12.3;12.8;enlarged;NA;NA;NA;NA;-15.55;47.48;NA;40859;11_Nov;repro;NA;NA;NA;bong_north;267;98;667;1168;342;195;147;271;249;279;249;16037;4480;5;1209;11490;41;4321;41;bong;bong_BSR;no
137;F07-11hara;Ankarahara;adult;F;bongolavensis;3;bong;21,1;14,8;34,7;21,8;19,4;6,1;7,3;41,2;23,1;8,8;90;165;72;25;BSR;NA;NA;NA;NA;NA;NA;closed;NA;NA;NA;-15.55;47.48;NA;40859;11_Nov;repro;NA;NA;NA;bong_north;267;98;667;1168;342;195;147;271;249;279;249;16037;4480;5;1209;11490;41;4321;41;bong;bong_BSR;no
138;F04-11hara;Ankarahara;adult;F;bongolavensis;3;bong;24,3;16,3;37,4;20,3;21,3;7;7,1;41,7;24,1;9,3;98;160;#NV;26;BSR;NA;NA;NA;NA;NA;NA;pregnant;81;closed;NA;-15.55;47.48;NA;40858;11_Nov;repro;NA;NA;NA;bong_north;267;98;667;1168;342;195;147;271;249;279;249;16037;4480;5;1209;11490;41;4321;41;bong;bong_BSR;yes
139;F06-11hara;Ankarahara;adult;F;bongolavensis;3;bong;19,5;15,1;34,2;21,7;22,7;6,1;7,3;41,4;23,6;9,5;95;165;#NV;25;BSR;NA;NA;NA;NA;NA;NA;pregnant;92;NA;NA;-15.55;47.48;NA;40859;11_Nov;repro;NA;NA;NA;bong_north;267;98;667;1168;342;195;147;271;249;279;249;16037;4480;5;1209;11490;41;4321;41;bong;bong_BSR;yes
140;F03-11hara;Ankarahara;adult;F;bongolavensis;3;bong;22,6;14,5;36,9;20,4;22,3;8,3;7,7;41,3;23,6;8,8;101;165;#NV;23;BSR;NA;NA;NA;NA;NA;NA;pregnant;105;NA;NA;-15.55;47.48;NA;40854;11_Nov;repro;NA;NA;RADSEQ;bong_north;267;98;667;1168;342;195;147;271;249;279;249;16037;4480;5;1209;11490;41;4321;41;bong;bong_BSR;yes
141;F01-13zana;Mahatazana;adult;F;bongolavensis;3;bong;21,6;16;36,2;19,9;19,4;6,5;7,5;#NV;25;9;#NV;164;49;18;EZ;NA;NA;NA;NA;NA;NA;closed;NA;NA;NA;-16.133333333333333;47.266666666666666;NA;41517;08_Aug;repro;no;1;NA;bong_south;268;104;646;1301;343;182;161;272;248;282;248;15786;4199;4;1180;11085;32;4383;32;bong;bong_EZ;no
142;F09-13zana;Mahatazana;adult;F;bongolavensis;3;bong;22,7;17;35,5;20,4;21,2;6,8;7,1;41;25,2;8,9;#NV;166;50;20;EZ;NA;NA;NA;NA;NA;NA;closed;NA;NA;NA;-16.133333333333333;47.266666666666666;NA;41517;08_Aug;repro;no;B1;RADSEQ;bong_south;268;104;646;1301;343;182;161;272;248;282;248;15786;4199;4;1180;11085;32;4383;32;bong;bong_EZ;no
143;F04-13zana;Mahatazana;adult;F;bongolavensis;3;bong;21,8;15;36;18,6;21;6,2;7,3;40;22,5;9,6;#NV;140;51;20;EZ;NA;NA;NA;NA;NA;NA;closed;NA;NA;NA;-16.133333333333333;47.266666666666666;NA;41516;08_Aug;repro;no;4;NA;bong_south;268;104;646;1301;343;182;161;272;248;282;248;15786;4199;4;1180;11085;32;4383;32;bong;bong_EZ;no
144;M10-13zana;Mahatazana;adult;M;bongolavensis;3;bong;21,5;15,6;36;20,1;20,6;7,3;7,4;40,8;25,2;8,4;#NV;155;54;20;EZ;NA;NA;NA;NA;NA;NA;NA;NA;NA;NA;-16.133333333333333;47.266666666666666;NA;41517;08_Aug;repro;no;A3;NA;bong_south;268;104;646;1301;343;182;161;272;248;282;248;15786;4199;4;1180;11085;32;4383;32;bong;bong_EZ;no
145;F05-13zana;Mahatazana;adult;F;bongolavensis;3;bong;22;15,1;34;18,4;21,6;7,3;7,5;40;24,3;8,5;#NV;151;54;21;EZ;NA;NA;NA;NA;NA;NA;closed;NA;NA;NA;-16.133333333333333;47.266666666666666;NA;41517;08_Aug;repro;no;B;NA;bong_south;268;104;646;1301;343;182;161;272;248;282;248;15786;4199;4;1180;11085;32;4383;32;bong;bong_EZ;no
146;M12-13zana;Mahatazana;adult;M;bongolavensis;3;bong;22,1;15,8;35,6;20,2;21,5;7,5;8;41;24,4;8,8;#NV;167;54;20;EZ;17.399999999999999;7.6;8.1;13.5;12.5;enlarged;NA;NA;NA;NA;-16.133333333333333;47.266666666666666;NA;41517;08_Aug;repro;no;C1;NA;bong_south;268;104;646;1301;343;182;161;272;248;282;248;15786;4199;4;1180;11085;32;4383;32;bong;bong_EZ;no
147;M11-13zana;Mahatazana;adult;M;bongolavensis;3;bong;20,5;15,2;35;19,8;21;6,5;8;41;24,4;9;#NV;153;57;21;EZ;15.5;7;7.9;14;15.5;enlarged;NA;NA;NA;NA;-16.133333333333333;47.266666666666666;NA;41517;08_Aug;repro;no;B3;NA;bong_south;268;104;646;1301;343;182;161;272;248;282;248;15786;4199;4;1180;11085;32;4383;32;bong;bong_EZ;no
148;F07-13zana;Mahatazana;adult;F;bongolavensis;3;bong;22,1;14,8;34,7;20,8;20,2;6,7;7,3;41;24,4;9,1;#NV;165;59;20;EZ;NA;NA;NA;NA;NA;NA;closed;NA;NA;NA;-16.133333333333333;47.266666666666666;NA;41517;08_Aug;repro;no;A2;RADSEQ;bong_south;268;104;646;1301;343;182;161;272;248;282;248;15786;4199;4;1180;11085;32;4383;32;bong;bong_EZ;no
149;F14-13zana;Mahatazana;adult;F;bongolavensis;3;bong;19,5;15;35,8;20,5;21,5;7,5;8,6;40,4;25;8,8;#NV;150,4;65;21;EZ;NA;NA;NA;NA;NA;NA;swollen;NA;open on 5.9.2013;NA;-16.133333333333333;47.266666666666666;NA;41516;08_Aug;repro;no;D2;RADSEQ;bong_south;268;104;646;1301;343;182;161;272;248;282;248;15786;4199;4;1180;11085;32;4383;32;bong;bong_EZ;no
150;M13-13zana;Mahatazana;adult;M;bongolavensis;3;bong;21,7;16,8;35,5;19,5;21,1;7;8,1;40,6;26,8;9,5;#NV;157;66;21;EZ;18.5;9;8.8000000000000007;16.399999999999999;15.4;enlarged;NA;NA;NA;NA;-16.133333333333333;47.266666666666666;NA;41517;08_Aug;repro;no;C3;NA;bong_south;268;104;646;1301;343;182;161;272;248;282;248;15786;4199;4;1180;11085;32;4383;32;bong;bong_EZ;no
151;F08-13zana;Mahatazana;adult;F;bongolavensis;3;bong;20,5;14,9;36;21,3;21;7;7,4;40;25,3;9,5;#NV;169;71;21;EZ;NA;NA;NA;NA;NA;NA;closed;NA;NA;NA;-16.133333333333333;47.266666666666666;NA;41517;08_Aug;repro;no;A4;RADSEQ;bong_south;268;104;646;1301;343;182;161;272;248;282;248;15786;4199;4;1180;11085;32;4383;32;bong;bong_EZ;no
152;F06-13zana;Mahatazana;adult;F;bongolavensis;3;bong;20,4;14;36,9;19;21;6,8;7,3;40;24;9;#NV;157;48;19;EZ;NA;NA;NA;NA;NA;NA;closed;NA;NA;NA;-16.133333333333333;47.266666666666666;NA;41518;09_Sep;repro;no;C;NA;bong_south;268;104;646;1301;343;182;161;272;248;282;248;15786;4199;4;1180;11085;32;4383;32;bong;bong_EZ;no
153;M20-13zana;Mahatazana;adult;M;bongolavensis;3;bong;20,5;15;35;19,1;20,4;6,4;7,3;41;24,5;9,2;#NV;160;49;20;EZ;14.3;6.4;7;12.1;12.2;enlarged;NA;NA;NA;NA;-16.133333333333333;47.266666666666666;NA;41519;09_Sep;repro;no;A1;NA;bong_south;268;104;646;1301;343;182;161;272;248;282;248;15786;4199;4;1180;11085;32;4383;32;bong;bong_EZ;no
154;M22-13zana;Mahatazana;adult;M;bongolavensis;3;bong;#NV;14,4;36,2;19,2;20,8;6,9;8,1;42;25,6;8,5;#NV;157;50;19;EZ;19;8;9;13.9;15;enlarged;NA;NA;NA;NA;-16.133333333333333;47.266666666666666;NA;41519;09_Sep;repro;no;D3;RADSEQ;bong_south;268;104;646;1301;343;182;161;272;248;282;248;15786;4199;4;1180;11085;32;4383;32;bong;bong_EZ;no
155;F03-13zana;Mahatazana;adult;F;bongolavensis;3;bong;22,4;15;35,5;17,7;21;6,1;7,4;40;24,5;9;#NV;147;55;24;EZ;NA;NA;NA;NA;NA;NA;closed;NA;NA;NA;-16.133333333333333;47.266666666666666;NA;41518;09_Sep;repro;no;3;NA;bong_south;268;104;646;1301;343;182;161;272;248;282;248;15786;4199;4;1180;11085;32;4383;32;bong;bong_EZ;no
156;M24-13zana;Mahatazana;adult;M;bongolavensis;3;bong;21;16,1;35;19,9;21,2;7,5;8;40,5;24,7;8,3;#NV;148;56;20;EZ;16.7;6.4;7.6;11.2;14.1;enlarged;NA;NA;NA;NA;-16.133333333333333;47.266666666666666;NA;41519;09_Sep;repro;no;D4;NA;bong_south;268;104;646;1301;343;182;161;272;248;282;248;15786;4199;4;1180;11085;32;4383;32;bong;bong_EZ;no
157;F17-13zana;Mahatazana;adult;F;bongolavensis;3;bong;22,3;15;35,4;20,9;21,3;7,1;7,9;40,7;24,9;9;#NV;153;64;22;EZ;NA;NA;NA;NA;NA;NA;open;NA;NA;NA;-16.133333333333333;47.266666666666666;NA;41518;09_Sep;repro;no;C2;RADSEQ;bong_south;268;104;646;1301;343;182;161;272;248;282;248;15786;4199;4;1180;11085;32;4383;32;bong;bong_EZ;no
158;M23-13zana;Mahatazana;adult;M;bongolavensis;3;bong;21,2;17,1;35,1;22;#NV;7,1;7,8;41;25;9,2;#NV;154;73;22;EZ;15.4;6.9;7;13;12.5;enlarged;NA;NA;NA;NA;-16.133333333333333;47.266666666666666;NA;41519;09_Sep;repro;no;C4;RADSEQ;bong_south;268;104;646;1301;343;182;161;272;248;282;248;15786;4199;4;1180;11085;32;4383;32;bong;bong_EZ;no
161;F316-03ata;Maroakata;adult;F;bongolavensis;3;bong;19,2;12,3;35,8;20,4;19,8;8,1;7,8;40;25,6;9,1;79;149;45;19;GO;NA;NA;NA;NA;NA;NA;closed;NA;NA;NA;-16.08766;47.302529999999997;NA;37862;08_Aug;repro;no;C4;NA;bong_south;263;104;648;1307;338;177;161;267;243;277;243;17608;4720;5;1190;12444;35;4843;35;bong;bong_GO;no
162;M311-03ata;Maroakata;adult;M;bongolavensis;3;bong;21,2;12,4;34,3;18,7;19;7,7;6,6;38,5;25,1;8,6;75;161;45;18;GO;10.6;5;5.0999999999999996;10.3;8.9;enlarged;NA;NA;NA;NA;-16.084610000000001;47.301940000000002;NA;37862;08_Aug;repro;no;AB1;NA;bong_south;263;104;648;1307;338;177;161;267;243;277;243;17608;4720;5;1190;12444;35;4843;35;bong;bong_GO;no
163;F308-03ata;Maroakata;adult;F;bongolavensis;3;bong;24;12,2;36,1;20,9;18,3;8,5;8,4;41,6;27,3;9;89;156;47;19;GO;NA;NA;NA;NA;NA;NA;closed;NA;NA;NA;-16.0871;47.304110000000001;NA;37860;08_Aug;repro;no;13;NA;bong_south;263;104;648;1307;338;177;161;267;243;277;243;17608;4720;5;1190;12444;35;4843;35;bong;bong_GO;no
164;F314-03ata;Maroakata;adult;F;bongolavensis;3;bong;21;11,6;36,1;20,2;19,9;7,9;9,9;40,1;26,7;8,4;80;144;48;17;GO;NA;NA;NA;NA;NA;NA;closed;NA;NA;NA;-16.085830000000001;47.302160000000001;NA;37862;08_Aug;repro;no;D1;NA;bong_south;263;104;648;1307;338;177;161;267;243;277;243;17608;4720;5;1190;12444;35;4843;35;bong;bong_GO;no
165;M317-03ata;Maroakata;adult;M;bongolavensis;3;bong;22,1;#NV;36,4;20,3;20,4;8;#NV;41;24,5;#NV;85;156;50;24;GO;12.3;7.3;7.1;15.5;13.8;enlarged;NA;NA;NA;NA;-16.087679999999999;47.302340000000001;NA;37862;08_Aug;repro;no;A2;NA;bong_south;263;104;648;1307;338;177;161;267;243;277;243;17608;4720;5;1190;12444;35;4843;35;bong;bong_GO;no
166;M312-03ata;Maroakata;adult;M;bongolavensis;3;bong;23,7;12,4;36,5;20,7;20,4;7,6;9,5;40;25,8;8,9;85;161;51;19;GO;9.5;4.3;4.2;9;10.1;enlarged;NA;NA;NA;NA;-16.084879999999998;47.301969999999997;NA;37862;08_Aug;repro;no;34;NA;bong_south;263;104;648;1307;338;177;161;267;243;277;243;17608;4720;5;1190;12444;35;4843;35;bong;bong_GO;no
167;F318-03ata;Maroakata;adult;F;bongolavensis;3;bong;23,9;14,3;36,1;21,3;20;8,1;9,7;44,3;27;9,6;86;158;52;22;GO;NA;NA;NA;NA;NA;NA;closed;NA;NA;NA;-16.08774;47.302300000000002;NA;37862;08_Aug;repro;no;14;NA;bong_south;263;104;648;1307;338;177;161;267;243;277;243;17608;4720;5;1190;12444;35;4843;35;bong;bong_GO;no
168;F319-03ata;Maroakata;adult;F;bongolavensis;3;bong;22,9;12,1;38,6;22,9;20,2;8,2;9,5;42,8;26,9;8,7;94;162;57;19;GO;NA;NA;NA;NA;NA;NA;closed;NA;NA;NA;-16.087890000000002;47.302250000000001;NA;37862;08_Aug;repro;no;D3;NA;bong_south;263;104;648;1307;338;177;161;267;243;277;243;17608;4720;5;1190;12444;35;4843;35;bong;bong_GO;no
169;M313-03ata;Maroakata;adult;M;bongolavensis;3;bong;23,2;14;36,6;21,3;19,6;8,2;9,7;44,4;23,9;9,3;101;168;68;23;GO;15.9;8;8.4;18.600000000000001;15.6;enlarged;NA;NA;NA;NA;-16.08503;47.301929999999999;NA;37862;08_Aug;repro;no;BD;NA;bong_south;263;104;648;1307;338;177;161;267;243;277;243;17608;4720;5;1190;12444;35;4843;35;bong;bong_GO;no
171;M332-03ata;Maroakata;adult;M;bongolavensis;3;bong;22,2;12,6;33,9;21,2;#NV;8;9,4;40,2;24,1;8,7;85;156;54;21;GO;17.5;9.8000000000000007;9.4;18.100000000000001;19.600000000000001;enlarged;NA;NA;NA;NA;-16.08521;47.303310000000003;NA;37867;09_Sep;repro;no;C12;NA;bong_south;263;104;648;1307;338;177;161;267;243;277;243;17608;4720;5;1190;12444;35;4843;35;bong;bong_GO;no
172;F323-03ata;Maroakata;adult;F;bongolavensis;3;bong;23,4;13,5;36;21,6;19,7;7,2;7,9;43,4;24,6;9,3;91;166;54;20;GO;NA;NA;NA;NA;NA;NA;closed;NA;NA;NA;-16.079470000000001;47.30348;NA;37865;09_Sep;repro;no;D2;NA;bong_south;263;104;651;1291;338;178;160;267;243;277;243;17696;4747;5;1190;12507;36;4867;36;bong;bong_GO;no
173;F345-03ata;Maroakata;adult;F;bongolavensis;3;bong;22,6;11,8;34,9;19,7;20,9;8,2;9,2;41,1;24,2;8,9;95;162;55;24;GO;NA;NA;NA;NA;NA;NA;swollen;NA;NA;NA;-16.087679999999999;47.302340000000001;NA;37869;09_Sep;repro;no;D2;NA;bong_south;263;104;648;1307;338;177;161;267;243;277;243;17608;4720;5;1190;12444;35;4843;35;bong;bong_GO;no
174;F341-03ata;Maroakata;adult;F;bongolavensis;3;bong;21;13;36,9;21,8;20,8;7,8;#NV;41,7;25,2;9;94;161;57;22;GO;NA;NA;NA;NA;NA;NA;open;NA;NA;NA;-16.0855;47.301960000000001;NA;37869;09_Sep;repro;no;13;NA;bong_south;263;104;648;1307;338;177;161;267;243;277;243;17608;4720;5;1190;12444;35;4843;35;bong;bong_GO;no
175;F339-03ata;Maroakata;adult;F;bongolavensis;3;bong;22,9;12,4;36,5;22,6;21;7,7;9,7;41,3;24,9;#NV;92;#NV;59;22;GO;NA;NA;NA;NA;NA;NA;closed;NA;NA;NA;-16.08474;47.301960000000001;NA;37869;09_Sep;repro;yes;BC1;NA;bong_south;263;104;648;1307;338;177;161;267;243;277;243;17608;4720;5;1190;12444;35;4843;35;bong;bong_GO;no
176;M330-03ata;Maroakata;adult;M;bongolavensis;3;bong;24,4;11,7;36,4;21,1;20,8;6,9;9,3;43,3;26,7;8,2;86;162;60;23;GO;18.8;8.3000000000000007;9.8000000000000007;16.600000000000001;15.7;enlarged;NA;NA;NA;NA;-16.08484;47.302599999999998;NA;37867;09_Sep;repro;no;BD1;NA;bong_south;263;104;648;1307;338;177;161;267;243;277;243;17608;4720;5;1190;12444;35;4843;35;bong;bong_GO;no
177;F327-03ata;Maroakata;adult;F;bongolavensis;3;bong;21,8;12,8;37,6;21,8;19,5;7,7;9,2;41,7;25,9;8,7;94;173;62;21;GO;NA;NA;NA;NA;NA;NA;swollen;NA;NA;NA;-16.085270000000001;47.30198;NA;37866;09_Sep;repro;no;24;NA;bong_south;263;104;648;1307;338;177;161;267;243;277;243;17608;4720;5;1190;12444;35;4843;35;bong;bong_GO;no
178;M344-03ata;Maroakata;adult;M;bongolavensis;3;bong;#NV;12,8;38,4;21,7;19,8;8,7;#NV;42,1;26,4;8,5;89;154;64;22;GO;19.600000000000001;10;10.3;20.8;19.2;enlarged;NA;NA;NA;NA;-16.086279999999999;47.30274;NA;37869;09_Sep;repro;no;BC3;NA;bong_south;263;104;648;1307;338;177;161;267;243;277;243;17608;4720;5;1190;12444;35;4843;35;bong;bong_GO;no
179;F343-03ata;Maroakata;adult;F;bongolavensis;3;bong;20,6;13,1;36,6;21,1;20,5;7,8;9;44,2;24,8;8,7;92;151;65;22;GO;NA;NA;NA;NA;NA;NA;open;NA;NA;NA;-16.08616;47.302729999999997;NA;37869;09_Sep;repro;no;B1;NA;bong_south;263;104;648;1307;338;177;161;267;243;277;243;17608;4720;5;1190;12444;35;4843;35;bong;bong_GO;no
180;F326-03ata;Maroakata;adult;F;bongolavensis;3;bong;23,5;14,7;37,9;22,2;20;7,7;9,4;42,2;#NV;8,7;100;157;65;25;GO;NA;NA;NA;NA;NA;NA;closed;NA;NA;NA;-16.085830000000001;47.302160000000001;NA;37866;09_Sep;repro;no;CD34;NA;bong_south;263;104;648;1307;338;177;161;267;243;277;243;17608;4720;5;1190;12444;35;4843;35;bong;bong_GO;no
181;F346-03ata;Maroakata;adult;F;bongolavensis;3;bong;22,5;12;38,3;22;20,2;7,7;10;44;24,4;9,3;94;164;66;22;GO;NA;NA;NA;NA;NA;NA;open;NA;NA;NA;-16.08783;47.30227;NA;37869;09_Sep;repro;yes;C3;NA;bong_south;263;104;648;1307;338;177;161;267;243;277;243;17608;4720;5;1190;12444;35;4843;35;bong;bong_GO;no
182;M338-03ata;Maroakata;adult;M;bongolavensis;3;bong;21,7;11,8;37,9;22,4;21,7;8;9,8;43,2;25,4;9,1;96;#NV;71;22;GO;16.100000000000001;7.9;7;16.899999999999999;16.2;enlarged;NA;NA;NA;NA;-16.084610000000001;47.301940000000002;NA;37869;09_Sep;repro;no;B2;NA;bong_south;263;104;648;1307;338;177;161;267;243;277;243;17608;4720;5;1190;12444;35;4843;35;bong;bong_GO;no
185;F13-15sely;Marosely;adult;F;bongolavensis;3;bong;21;14,5;36,8;21;18;5;6,3;39;21,4;9;#NV;155;57;20;AMR;NA;NA;NA;NA;NA;NA;closed;NA;NA;NA;-15.650416999999999;47.582267000000002;NA;42198;07_Jul;pre_repro;NA;2;RADSEQ;bong_north;259;101;661;1258;334;181;153;264;239;272;239;18139;5026;5;1209;12998;43;4924;43;bong;bong_AMR;no
186;M07-15sely;Marosely;adult;M;bongolavensis;3;bong;22;13,9;35;17,3;19;5,3;7,5;#NV;23,2;9;#NV;165;58;18;AMR;0;0;0;0;0;regressed;NA;NA;NA;NA;-15.651733;47.585099999999997;NA;42194;07_Jul;pre_repro;NA;B;RADSEQ;bong_north;265;101;656;1248;341;187;154;269;245;277;245;17856;4943;5;1209;12792;43;4851;43;bong;bong_AMR;no
187;F18-15sely;Marosely;adult;F;bongolavensis;3;bong;20,8;14,3;36,3;20,5;17,5;7;8;41,3;24;8,8;#NV;160;60;19;AMR;NA;NA;NA;NA;NA;NA;closed;NA;NA;NA;-15.650316999999999;47.582467000000001;NA;42203;07_Jul;pre_repro;NA;4;NA;bong_north;259;101;661;1258;334;181;153;264;239;272;239;18139;5026;5;1209;12998;43;4924;43;bong;bong_AMR;no
188;M19-15sely;Marosely;adult;M;bongolavensis;3;bong;21,5;11,7;36,5;18,3;20,4;6,3;7;43,8;24;10;#NV;170;60;18;AMR;0;0;0;0;0;regressed;NA;NA;NA;NA;-15.63475;47.584699999999998;NA;42205;07_Jul;pre_repro;NA;3;NA;bong_north;254;101;663;1245;330;178;152;260;235;267;235;18255;5051;5;1207;13066;45;4968;45;bong;bong_AMR;no
189;M30-15sely;Marosely;adult;M;bongolavensis;3;bong;22,3;15;37;21,8;20,8;7;7,3;43,8;25,1;8,8;#NV;153;61;22;AMR;0;0;0;0;0;regressed;NA;NA;NA;NA;-15.652150000000001;47.585349999999998;NA;42214;07_Jul;pre_repro;NA;A3;NA;bong_north;265;101;656;1248;341;187;154;269;245;277;245;17856;4943;5;1209;12792;43;4851;43;bong;bong_AMR;no
190;M16-15sely;Marosely;adult;M;bongolavensis;3;bong;18,5;14,4;37,5;20;20;6;6,5;42;25,1;8,6;#NV;160;62;20;AMR;0;0;0;0;0;regressed;NA;NA;NA;NA;-15.650667;47.581932999999999;NA;42202;07_Jul;pre_repro;NA;1;NA;bong_north;259;101;661;1258;334;181;153;264;239;272;239;18139;5026;5;1209;12998;43;4924;43;bong;bong_AMR;no
191;F33-15sely;Marosely;adult;F;bongolavensis;3;bong;19,9;14,3;36,8;21,3;19,5;7;8;41,3;24,3;#NV;#NV;152;63;19;AMR;NA;NA;NA;NA;NA;NA;closed;NA;NA;NA;-15.654350000000001;47.580333000000003;NA;42216;07_Jul;pre_repro;NA;B2;NA;bong_north;259;101;661;1258;334;181;153;264;239;272;239;18139;5026;5;1209;12998;43;4924;43;bong;bong_AMR;no
192;F28-15sely;Marosely;adult;F;bongolavensis;3;bong;20,8;15,6;36,5;22,4;20,3;8;8;39,6;24;8,4;#NV;150;64;21;AMR;NA;NA;NA;NA;NA;NA;closed;NA;NA;NA;-15.650399999999999;47.583849999999998;NA;42214;07_Jul;pre_repro;NA;A2;NA;bong_north;265;101;656;1248;341;187;154;269;245;277;245;17856;4943;5;1209;12792;43;4851;43;bong;bong_AMR;no
193;F25-15sely;Marosely;adult;F;bongolavensis;3;bong;22,5;13,7;36,3;20;20,3;6,8;#NV;38,8;22,5;10;#NV;146;65;18;AMR;NA;NA;NA;NA;NA;NA;closed;NA;NA;NA;-15.6541;47.580399999999997;NA;42209;07_Jul;pre_repro;NA;D1;NA;bong_north;259;101;661;1258;334;181;153;264;239;272;239;18139;5026;5;1209;12998;43;4924;43;bong;bong_AMR;no
194;F05-15sely;Marosely;adult;F;bongolavensis;3;bong;20;#NV;35,8;19,5;16,4;6,3;7,8;40,5;22;10;#NV;146;66;20;AMR;NA;NA;NA;NA;NA;NA;closed;NA;NA;NA;-15.650316999999999;47.582467000000001;NA;42194;07_Jul;pre_repro;NA;C;NA;bong_north;259;101;661;1258;334;181;153;264;239;272;239;18139;5026;5;1209;12998;43;4924;43;bong;bong_AMR;no
195;F01-15sely;Marosely;adult;F;bongolavensis;3;bong;21,3;12,2;36,5;21;17,6;5;6,8;39,8;21,6;10;#NV;170;70;20;AMR;NA;NA;NA;NA;NA;NA;closed;NA;NA;NA;-15.651417;47.584699999999998;NA;42194;07_Jul;pre_repro;NA;A;NA;bong_north;265;101;656;1248;341;187;154;269;245;277;245;17856;4943;5;1209;12792;43;4851;43;bong;bong_AMR;no
196;M03-15sely;Marosely;adult;M;bongolavensis;3;bong;22,4;14,2;34;22;21,3;6,3;6,3;41,8;24,5;10;#NV;161;71;19;AMR;0;0;0;0;0;regressed;NA;NA;NA;NA;-15.65315;47.586117000000002;NA;42194;07_Jul;pre_repro;NA;A;NA;bong_north;265;101;656;1248;341;187;154;269;245;277;245;17856;4943;5;1209;12792;43;4851;43;bong;bong_AMR;no
197;F29-15sely;Marosely;adult;F;bongolavensis;3;bong;19,8;14,5;37,8;24,3;22;7,5;7,3;38;24,2;8,3;#NV;148;#NV;22;AMR;NA;NA;NA;NA;NA;NA;closed;75;NA;NA;-15.650399999999999;47.583849999999998;NA;42214;07_Jul;pre_repro;NA;A3;NA;bong_north;265;101;656;1248;341;187;154;269;245;277;245;17856;4943;5;1209;12792;43;4851;43;bong;bong_AMR;yes
198;F 4-15sely;Marosely;adult;F;bongolavensis;3;bong;18,3;#NV;37;20;17,5;5,8;6,4;42;22,2;10;#NV;171;#NV;20;AMR;NA;NA;NA;NA;NA;NA;closed;78;NA;NA;-15.650316999999999;47.582467000000001;NA;42205;07_Jul;pre_repro;NA;C1;NA;bong_north;259;101;661;1258;334;181;153;264;239;272;239;18139;5026;5;1209;12998;43;4924;43;bong;bong_AMR;yes
199;F06-15sely;Marosely;adult;F;bongolavensis;3;bong;21,3;12,7;36,3;23,3;20;6,1;7,6;42,8;25;9;#NV;150;#NV;20;AMR;NA;NA;NA;NA;NA;NA;closed;NA;NA;NA;-15.649933000000001;47.584049999999998;NA;42194;07_Jul;pre_repro;NA;D;NA;bong_north;259;101;660;1265;335;182;153;264;239;272;239;18134;5019;5;1208;12986;43;4930;43;bong;bong_AMR;NA
202;M40-15sely;Marosely;adult;M;bongolavensis;3;bong;22;14,5;37,5;19;20;7;7,8;41,8;#NV;8,8;#NV;154;53;17;AMR;0;0;0;0;0;regressed;NA;NA;NA;NA;-15.658333000000001;47.585583;NA;42224;08_Aug;repro;NA;B4;NA;bong_north;265;101;656;1248;341;187;154;269;245;277;245;17856;4943;5;1209;12792;43;4851;43;bong;bong_AMR;no
203;M34-15sely;Marosely;adult;M;bongolavensis;3;bong;21,5;14;36;19,8;20;6,8;6,3;41;24;8,8;#NV;152;64;18;AMR;0;0;0;0;0;regressed;NA;NA;NA;NA;-15.650767;47.584932999999999;NA;42217;08_Aug;repro;NA;B1;NA;bong_north;265;101;656;1248;341;187;154;269;245;277;245;17856;4943;5;1209;12792;43;4851;43;bong;bong_AMR;no
204;M37-15sely;Marosely;adult;M;bongolavensis;3;bong;20,8;15,8;35,5;22,8;21,8;7;6,5;40,8;24;8;#NV;151;70;19;AMR;15.8;6.5;7.8;7;8.3000000000000007;enlarged;NA;NA;NA;NA;-15.647817;47.585900000000002;NA;42219;08_Aug;repro;NA;B3;NA;bong_north;259;101;660;1265;335;182;153;264;239;272;239;18134;5019;5;1208;12986;43;4930;43;bong;bong_AMR;no
205;RMR129;Ste Marie;adult;F;boraha;2;bora;20;#NV;#NV;#NV;#NV;#NV;#NV;#NV;#NV;#NV;#NV;145;56;NA;RMR;NA;NA;NA;NA;NA;NA;NA;NA;NA;NA;-16.922777779999901;49.874722220000002;NA;NA;NA;repro;NA;NA;RADSEQ;bora;241;16;265;1569;271;210;61;258;233;260;220;35830;4891;1057;440;14181;3573;13225;6164;bora;bora_RMR;no
206;RMR115;Ste Marie;adult;F;boraha;2;bora;19;#NV;#NV;#NV;#NV;#NV;#NV;#NV;#NV;#NV;#NV;143;56,5;NA;RMR;NA;NA;NA;NA;NA;NA;NA;NA;NA;NA;-16.922777779999901;49.874722220000002;NA;NA;NA;repro;NA;NA;RADSEQ;bora;241;16;265;1569;271;210;61;258;233;260;220;35830;4891;1057;440;14181;3573;13225;6164;bora;bora_RMR;no
207;RMR116;Ste Marie;adult;M;boraha;2;bora;20;#NV;#NV;#NV;#NV;#NV;#NV;#NV;#NV;#NV;#NV;141;56,5;NA;RMR;NA;NA;NA;NA;NA;NA;NA;NA;NA;NA;-16.922777779999901;49.874722220000002;NA;NA;NA;repro;NA;NA;RADSEQ;bora;241;16;265;1569;271;210;61;258;233;260;220;35830;4891;1057;440;14181;3573;13225;6164;bora;bora_RMR;no
208;RMR124;Ste Marie;adult;F;boraha;2;bora;20;#NV;#NV;#NV;#NV;#NV;#NV;#NV;#NV;#NV;#NV;140;#NV;NA;RMR;NA;NA;NA;NA;NA;NA;NA;61;NA;NA;-16.922777779999901;49.874722220000002;NA;NA;NA;repro;NA;NA;RADSEQ;bora;241;16;265;1569;271;210;61;258;233;260;220;35830;4891;1057;440;14181;3573;13225;6164;bora;bora_RMR;yes
232;31-04;Ambarijeby;adult;F;danfossi;3;danf;19,9;12,5;35,1;20,4;19,8;6,7;7,5;37,7;26,8;9,7;75;143;43;20;GO;NA;NA;NA;NA;NA;NA;closed;NA;no_age_initially_given_in_raw_data;NA;-14.951095599999899;47.710862079999998;NA;38141;06_Jun;pre_repro;NA;NA;no;danf;261;79;671;970;318;201;117;265;246;268;246;17119;4481;19;1155;11701;93;7934;93;danf;danf_GO;no
240;350-03;Ambongabe;adult;F;danfossi;3;danf;22,2;12;35;19,8;18,8;6,9;7,7;38,5;25,5;9,1;80;141;40;20;GO;NA;NA;NA;NA;NA;NA;closed;NA;no_age_initially_given_in_raw_data;NA;-15.350845049999901;47.657324199999998;NA;37881;09_Sep;repro;NA;NA;no;danf;266;96;671;1151;341;198;143;270;249;278;249;15694;4295;7;1204;11176;48;4168;48;danf;danf_GO;no
241;352-03;Ambongabe;adult;M;danfossi;3;danf;22,1;#NV;35,7;19,9;20,7;7,3;10,2;37,4;24,9;8,6;75;144;44;21;GO;8.1999999999999993;8.6999999999999993;NA;NA;9.8000000000000007;enlarged;NA;NA;no_age_initially_given_in_raw_data;NA;-15.350845049999901;47.657324199999998;NA;37883;09_Sep;repro;NA;NA;no;danf;266;96;671;1151;341;198;143;270;249;278;249;15694;4295;7;1204;11176;48;4168;48;danf;danf_GO;no
242;355-03;Ambongabe;adult;F;danfossi;3;danf;21,1;#NV;36,7;19,1;19,2;6,7;9,6;38,5;24,6;9;85;157;46;19;GO;NA;NA;NA;NA;NA;NA;closed;NA;no_age_initially_given_in_raw_data;NA;-15.350845049999901;47.657324199999998;NA;37889;09_Sep;repro;NA;NA;no;danf;266;96;671;1151;341;198;143;270;249;278;249;15694;4295;7;1204;11176;48;4168;48;danf;danf_GO;no
243;357-03;Ambongabe;adult;F;danfossi;3;danf;19,6;12,7;37;20,8;20,1;7,6;10,3;41,4;26,2;10,3;76;152;50;21;GO;NA;NA;NA;NA;NA;NA;closed;NA;no_age_initially_given_in_raw_data;NA;-15.350845049999901;47.657324199999998;NA;37892;09_Sep;repro;NA;NA;no;danf;266;96;671;1151;341;198;143;270;249;278;249;15694;4295;7;1204;11176;48;4168;48;danf;danf_GO;no
244;356-03;Ambongabe;adult;F;danfossi;3;danf;22,2;14,9;36,1;20;19,6;7,1;7,9;41,5;25,5;9,1;76;159;53;23;GO;NA;NA;NA;NA;NA;NA;closed;NA;no_age_initially_given_in_raw_data;NA;-15.350845049999901;47.657324199999998;NA;37890;09_Sep;repro;NA;NA;no;danf;266;96;671;1151;341;198;143;270;249;278;249;15694;4295;7;1204;11176;48;4168;48;danf;danf_GO;no
245;354-03;Ambongabe;adult;M;danfossi;3;danf;21,5;13,7;37,1;20,8;20,2;7,2;9,1;41,3;25,4;8,8;78;152;54;21;GO;8.6;9;NA;NA;9.9;enlarged;NA;NA;no_age_initially_given_in_raw_data;NA;-15.350845049999901;47.657324199999998;NA;37888;09_Sep;repro;NA;NA;no;danf;266;96;671;1151;341;198;143;270;249;278;249;15694;4295;7;1204;11176;48;4168;48;danf;danf_GO;no
246;353-03;Ambongabe;adult;F;danfossi;3;danf;21,7;13,9;37,9;21,9;21;7,1;9,7;41,6;25,1;7,9;79;159;54;23;GO;NA;NA;NA;NA;NA;NA;closed;NA;no_age_initially_given_in_raw_data;NA;-15.350845049999901;47.657324199999998;NA;37888;09_Sep;repro;NA;NA;no;danf;266;96;671;1151;341;198;143;270;249;278;249;15694;4295;7;1204;11176;48;4168;48;danf;danf_GO;no
247;349-03;Ambongabe;adult;M;danfossi;3;danf;23,8;14,2;36,1;21;22,3;7,4;9,5;41,3;24,2;9,6;92;173;60;21;GO;17;14.9;9.1;8;14.2;enlarged;NA;NA;no_age_initially_given_in_raw_data;NA;-15.350845049999901;47.657324199999998;NA;37881;09_Sep;repro;NA;NA;no;danf;266;96;671;1151;341;198;143;270;249;278;249;15694;4295;7;1204;11176;48;4168;48;danf;danf_GO;no
248;351-03;Ambongabe;adult;F;danfossi;3;danf;23,1;14;38,3;21,6;22,8;8,1;9,1;42,1;25,6;9,1;79;158;68;24;GO;NA;NA;NA;NA;NA;NA;open;NA;no_age_initially_given_in_raw_data;NA;-15.350845049999901;47.657324199999998;NA;37881;09_Sep;repro;NA;NA;no;danf;266;96;671;1151;341;198;143;270;249;278;249;15694;4295;7;1204;11176;48;4168;48;danf;danf_GO;no
249;348-03;Ambongabe;adult;F;danfossi;3;danf;23;16,2;38,5;22,8;22,5;8,2;8,7;37,6;26,5;9,3;90;162;70;24;GO;NA;NA;NA;NA;NA;NA;open;NA;no_age_initially_given_in_raw_data;NA;-15.350845049999901;47.657324199999998;NA;37881;09_Sep;repro;NA;NA;no;danf;266;96;671;1151;341;198;143;270;249;278;249;15694;4295;7;1204;11176;48;4168;48;danf;danf_GO;no
270;0007AEA5DF;Anjajavy;adult;M;danfossi;3;danf;22,9;#NV;37,5;22,7;#NV;#NV;11;#NV;#NV;#NV;#NV;162;63;NA;MBB;NA;NA;NA;NA;13.2;enlarged;NA;NA;NA;NA;-15.00841;47.25085;3;42967;08_Aug;pre_repro;NA;NA;NA;danf;263;56;618;1262;302;212;90;272;245;275;245;15451;4404;12;1214;11036;62;7004;62;danf;danf_MBB;no
271;0007AEBB02;Anjajavy;adult;F;danfossi;3;danf;21,9;#NV;35,7;22,6;#NV;#NV;10,6;#NV;#NV;#NV;#NV;154;66;NA;MBB;NA;NA;NA;NA;NA;NA;closed;NA;close vagina;NA;-15.00841;47.25085;3;42967;08_Aug;pre_repro;NA;NA;NA;danf;263;56;618;1262;302;212;90;272;245;275;245;15451;4404;12;1214;11036;62;7004;62;danf;danf_MBB;no
272;Salome;Anjajavy;adult;F;danfossi;3;danf;22;#NV;36;23,3;#NV;#NV;10,5;#NV;#NV;#NV;#NV;152;67;NA;MBB;NA;NA;NA;NA;NA;NA;closed;NA;close vagina;NA;-15.00841;47.25085;3;42969;08_Aug;pre_repro;NA;NA;NA;danf;263;56;618;1262;302;212;90;272;245;275;245;15451;4404;12;1214;11036;62;7004;62;danf;danf_MBB;no
273;0007AD987D;Anjajavy;adult;F;danfossi;3;danf;23,1;#NV;37,7;22,4;#NV;#NV;11,2;#NV;#NV;#NV;#NV;164;68;NA;MBB;NA;NA;NA;NA;NA;NA;closed;NA;close vagina;NA;-15.00841;47.25085;3;42967;08_Aug;pre_repro;NA;NA;NA;danf;263;56;618;1262;302;212;90;272;245;275;245;15451;4404;12;1214;11036;62;7004;62;danf;danf_MBB;no
274;Elektra;Anjajavy;adult;F;danfossi;3;danf;22;#NV;37,8;23,9;#NV;#NV;11,9;#NV;#NV;#NV;#NV;154;71;NA;MBB;NA;NA;NA;NA;NA;NA;closed;NA;close vagina;NA;-15.00841;47.25085;3;42969;08_Aug;pre_repro;NA;NA;NA;danf;263;56;618;1262;302;212;90;272;245;275;245;15451;4404;12;1214;11036;62;7004;62;danf;danf_MBB;no
275;0007AEE00D;Anjajavy;adult;M;danfossi;3;danf;23;#NV;36,6;23,2;#NV;#NV;9,5;#NV;#NV;#NV;#NV;155;76;NA;MBB;NA;NA;NA;NA;17;enlarged;NA;NA;NA;NA;-15.00841;47.25085;3;42966;08_Aug;pre_repro;NA;NA;NA;danf;263;56;618;1262;302;212;90;272;245;275;245;15451;4404;12;1214;11036;62;7004;62;danf;danf_MBB;no
276;0007AEC13A;Anjajavy;adult;F;danfossi;3;danf;21,1;#NV;37,3;23,3;#NV;#NV;9,8;#NV;#NV;#NV;#NV;155;77;NA;MBB;NA;NA;NA;NA;NA;NA;closed;NA;close vagina;NA;-15.00841;47.25085;3;42969;08_Aug;pre_repro;NA;NA;NA;danf;263;56;618;1262;302;212;90;272;245;275;245;15451;4404;12;1214;11036;62;7004;62;danf;danf_MBB;no
277;0007725D8F;Anjajavy;adult;M;danfossi;3;danf;23;#NV;37,9;23,2;#NV;#NV;10,9;#NV;#NV;#NV;#NV;158;77;NA;MBB;NA;NA;NA;NA;15.2;enlarged;NA;NA;NA;NA;-15.00841;47.25085;3;42967;08_Aug;pre_repro;NA;NA;NA;danf;263;56;618;1262;302;212;90;272;245;275;245;15451;4404;12;1214;11036;62;7004;62;danf;danf_MBB;no
279;Isolde;Anjajavy;adult;F;danfossi;3;danf;25,1;#NV;35,1;23,1;#NV;#NV;10,8;#NV;#NV;#NV;#NV;154;72;NA;MBB;NA;NA;NA;NA;NA;NA;closed;NA;close vagina;NA;-15.00841;47.25085;3;43779;11_Nov;repro;NA;NA;NA;danf;263;56;618;1262;302;212;90;272;245;275;245;15451;4404;12;1214;11036;62;7004;62;danf;danf_MBB;no
280;0007AE801E;Anjajavy;adult;F;danfossi;3;danf;24,7;#NV;37,8;23,7;#NV;#NV;11,8;#NV;#NV;#NV;#NV;175;79;NA;MBB;NA;NA;NA;NA;NA;NA;closed;NA;close vagina;NA;-15.00841;47.25085;3;43781;11_Nov;repro;NA;NA;NA;danf;263;56;618;1262;302;212;90;272;245;275;245;15451;4404;12;1214;11036;62;7004;62;danf;danf_MBB;no
281;0007AD66C3;Anjajavy;adult;F;danfossi;3;danf;24;#NV;39;23,4;#NV;#NV;11,3;#NV;#NV;#NV;#NV;164;#NV;NA;MBB;NA;NA;NA;NA;NA;NA;pregnant;82;close vagina, pregnant?;NA;-15.00841;47.25085;3;43780;11_Nov;repro;NA;NA;NA;danf;263;56;618;1262;302;212;90;272;245;275;245;15451;4404;12;1214;11036;62;7004;62;danf;danf_MBB;yes
282;0007AE308D;Anjajavy;adult;F;danfossi;3;danf;24;#NV;38,9;24,1;#NV;#NV;10,3;#NV;#NV;#NV;#NV;164;#NV;NA;MBB;NA;NA;NA;NA;NA;NA;pregnant;105;pregnant?;NA;-15.00841;47.25085;3;43781;11_Nov;repro;NA;NA;NA;danf;263;56;618;1262;302;212;90;272;245;275;245;15451;4404;12;1214;11036;62;7004;62;danf;danf_MBB;yes
283;M91-04Anji;Anjiamangirana;adult;M;danfossi;3;danf;20,2;13,5;35,2;19,9;21;6,8;8,5;38,1;25,4;10,3;78;169;47;23;GO;13.8;6.9;7.9;10.8;12.8;enlarged;NA;NA;NA;NA;-15.151859999999999;47.735239999999997;NA;38251;09_Sep;repro;no;23;NA;danf;262;92;675;1045;333;196;137;265;245;271;245;17736;4680;13;1167;12267;75;4684;75;danf;danf_GO;no
284;M88-04Anji;Anjiamangirana;adult;M;danfossi;3;danf;23,4;15;38;20,7;21,8;7;9,1;42,4;26,1;8,5;86;159;48;19;GO;10.1;5.6;5.5;14.3;14.5;enlarged;NA;NA;NA;NA;-15.1515;47.735849999999999;NA;38248;09_Sep;repro;no;AB;NA;danf;262;92;675;1045;333;196;137;265;245;271;245;17736;4680;13;1167;12267;75;4684;75;danf;danf_GO;no
285;F93-04Anji;Anjiamangirana;adult;F;danfossi;3;danf;21,3;14;36,4;21;21,3;6,9;9,9;39,1;25,3;9,8;88;175;49;22;GO;NA;NA;NA;NA;NA;NA;closed;NA;NA;NA;-15.15245;47.736150000000002;NA;38255;09_Sep;repro;no;C1;NA;danf;262;92;675;1045;333;196;137;265;245;271;245;17736;4680;13;1167;12267;75;4684;75;danf;danf_GO;no
286;F89-04Anji;Anjiamangirana;adult;F;danfossi;3;danf;20,2;13,7;36,3;22,3;21,1;7,9;9,1;38,8;25,9;10,5;75;162;52;21;GO;NA;NA;NA;NA;NA;NA;closed;NA;NA;NA;-15.153510000000001;47.73856;NA;38250;09_Sep;repro;no;A3;NA;danf;262;92;675;1045;333;196;137;265;245;271;245;17736;4680;13;1167;12267;75;4684;75;danf;danf_GO;no
287;F92-04Anji;Anjiamangirana;adult;F;danfossi;3;danf;22,2;15,9;37,8;22,6;21;7,2;9,3;42,4;25,3;9,5;82;171;53;22;GO;NA;NA;NA;NA;NA;NA;closed;NA;NA;NA;-15.156230000000001;47.726869999999998;NA;38252;09_Sep;repro;no;A1;NA;danf;260;92;674;1048;331;195;136;264;244;270;244;17782;4702;13;1169;12316;75;4690;75;danf;danf_GO;no
288;M04-16Anji;Anjiamangirana;adult;M;danfossi;3;danf;21,3;14,5;#NV;20,5;20,9;7,5;7,8;42,8;24,5;8,5;#NV;157;58;18;AMR;12;6.5;5.5;10.5;9;enlarged;NA;NA;NA;NA;-15.163069999999999;47.736280000000001;127;42631;09_Sep;repro;NA;D;NA;danf;261;93;676;1055;333;196;137;265;245;271;245;17876;4719;13;1167;12371;75;4727;75;danf;danf_AMR;no
289;F07 16Anji;Anjiamangirana;adult;F;danfossi;3;danf;20,7;14,8;37;21;21;6,3;7;40,2;23,5;8,8;#NV;158;64;20;AMR;NA;NA;NA;NA;NA;NA;open;NA;NA;NA;-15.15573;47.73556;133;42630;09_Sep;repro;NA;3;NA;danf;262;92;675;1045;333;196;137;265;245;271;245;17736;4680;13;1167;12267;75;4684;75;danf;danf_AMR;no
290;87-04;Anjiamangirana;adult;M;danfossi;3;danf;21,7;14,7;37,2;23,1;22,1;8,1;9,3;42,1;26;9,8;92;164;64;24;GO;18.100000000000001;16.399999999999999;8.1;9.5;16.5;enlarged;NA;NA;no_age_initially_given_in_raw_data;NA;-15.155559999999999;47.735840000000003;NA;38248;09_Sep;repro;NA;NA;no;danf;262;92;675;1045;333;196;137;265;245;271;245;17736;4680;13;1167;12267;75;4684;75;danf;danf_GO;no
291;M87-04Anji;Anjiamangirana;adult;M;danfossi;3;danf;21,7;14,7;37,2;23,1;22,1;8,1;9,3;42,1;26;9,8;92;164;64;24;GO;18.100000000000001;8.1;9.5;16.5;16.399999999999999;enlarged;NA;NA;NA;NA;-15.152670000000001;47.735239999999997;NA;38248;09_Sep;repro;no;C3;NA;danf;262;92;675;1045;333;196;137;265;245;271;245;17736;4680;13;1167;12267;75;4684;75;danf;danf_GO;no
292;F22-16Anji;Anjiamangirana;adult;F;danfossi;3;danf;21;14,5;38;22;22,5;#NV;7,5;42;24;9;#NV;161;65;20;AMR;NA;NA;NA;NA;NA;NA;closed;NA;NA;NA;-15.155559999999999;47.735840000000003;134;42642;09_Sep;repro;NA;CA;NA;danf;262;92;675;1045;333;196;137;265;245;271;245;17736;4680;13;1167;12267;75;4684;75;danf;danf_AMR;no
293;F08-16Anji;Anjiamangirana;adult;F;danfossi;3;danf;22;15;37,8;22,5;20,9;6,3;8;40;24;9;#NV;155;65;20;AMR;NA;NA;NA;NA;NA;NA;closed_recently;NA;NA;NA;-15.155333000000001;47.734667000000002;115;42630;09_Sep;repro;NA;4;NA;danf;262;92;675;1045;333;196;137;265;245;271;245;17736;4680;13;1167;12267;75;4684;75;danf;danf_AMR;no
294;F09-16Anji;Anjiamangirana;adult;F;danfossi;3;danf;22;14,5;38,5;21,3;22;6,8;7,5;41;23,5;8,5;#NV;160;65;19;AMR;NA;NA;NA;NA;NA;NA;closed;NA;NA;NA;-15.16333;47.736220000000003;130;42631;09_Sep;repro;NA;A1;NA;danf;261;93;676;1055;333;196;137;265;245;271;245;17876;4719;13;1167;12371;75;4727;75;danf;danf_AMR;no
295;F11-16Anji;Anjiamangirana;adult;F;danfossi;3;danf;20,5;16;37,5;21,5;22;7;7,8;41,8;22,3;8,3;#NV;148;67;20;AMR;NA;NA;NA;NA;NA;NA;closed_recently;NA;NA;NA;-15.16535;47.735430000000001;134;42631;09_Sep;repro;NA;A3;RADSEQ;danf;261;93;676;1055;333;196;137;265;245;271;245;17876;4719;13;1167;12371;75;4727;75;danf;danf_AMR;no
296;90-04;Anjiamangirana;adult;F;danfossi;3;danf;24;15,3;40,2;22,5;23,1;7;9,4;40,6;25,5;#NV;90;173;67;26;GO;NA;NA;NA;NA;NA;NA;open;NA;no_age_initially_given_in_raw_data;NA;-15.155559999999999;47.735840000000003;NA;38251;09_Sep;repro;NA;NA;no;danf;262;92;675;1045;333;196;137;265;245;271;245;17736;4680;13;1167;12267;75;4684;75;danf;danf_GO;no
297;F90-04Anji;Anjiamangirana;adult;F;danfossi;3;danf;24;15,3;40,2;22,5;23,1;7;9,4;40,6;25,5;#NV;90;173;67;26;GO;NA;NA;NA;NA;NA;NA;open;NA;NA;NA;-15.15143;47.735900000000001;NA;38251;09_Sep;repro;no;A2;RADSEQ;danf;262;92;675;1045;333;196;137;265;245;271;245;17736;4680;13;1167;12267;75;4684;75;danf;danf_GO;no
298;F02-16Anji;Anjiamangirana;adult;F;danfossi;3;danf;21,3;15,3;37,5;22,5;21,5;7,3;6,3;42,3;24,3;9,8;#NV;151;70;15;AMR;NA;NA;NA;NA;NA;NA;open;NA;NA;NA;-15.15573;47.73556;133;42628;09_Sep;repro;NA;B;NA;danf;262;92;675;1045;333;196;137;265;245;271;245;17736;4680;13;1167;12267;75;4684;75;danf;danf_AMR;no
299;M05-16Anji;Anjiamangirana;adult;M;danfossi;3;danf;21,3;13,8;37,8;22;21,8;7;8,2;43;24,5;8,3;#NV;155;70;19;AMR;14.3;7.5;7;12.8;12.5;enlarged;NA;NA;NA;NA;-15.16305;47.736229999999999;126;42631;09_Sep;repro;NA;1;NA;danf;261;93;676;1055;333;196;137;265;245;271;245;17876;4719;13;1167;12371;75;4727;75;danf;danf_AMR;no
300;F19-16Anji;Anjiamangirana;adult;F;danfossi;3;danf;19;14;38;21,3;21;7;7,7;41,5;23,8;9;#NV;151;72;21;AMR;NA;NA;NA;NA;NA;NA;closed_recently;NA;NA;NA;-15.167111;47.735083000000003;139;42633;09_Sep;repro;NA;C3;NA;danf;259;93;673;1067;331;193;138;263;242;269;242;18107;4782;13;1168;12541;75;4796;75;danf;danf_AMR;no
301;F01-16Anji;Anjiamangirana;adult;F;danfossi;3;danf;23;14,8;40;23,5;22,5;7,3;9,3;42,5;24;9,5;#NV;165;74;20;AMR;NA;NA;NA;NA;NA;NA;open;NA;NA;NA;-15.155559999999999;47.735840000000003;133;42628;09_Sep;repro;NA;A;NA;danf;262;92;675;1045;333;196;137;265;245;271;245;17736;4680;13;1167;12267;75;4684;75;danf;danf_AMR;no
302;F94-04Anji;Anjiamangirana;adult;F;danfossi;3;danf;22,1;14,5;36,5;23,2;22,6;7,3;9,7;41,7;25;9,2;93;172;75;21;GO;NA;NA;NA;NA;NA;NA;closed;NA;NA;NA;-15.152010000000001;47.735250000000001;NA;38259;09_Sep;repro;no;B1;NA;danf;262;92;675;1045;333;196;137;265;245;271;245;17736;4680;13;1167;12267;75;4684;75;danf;danf_GO;no
303;F05-16Anji;Anjiamangirana;adult;F;danfossi;3;danf;22;15,5;39;24,3;23;8;8,5;44,2;25;10;#NV;#NV;80;22;AMR;NA;NA;NA;NA;NA;NA;closed_recently;NA;NA;NA;-15.15541;47.736870000000003;116;42628;09_Sep;repro;NA;1;RADSEQ;danf;262;92;675;1045;333;196;137;265;245;271;245;17736;4680;13;1167;12267;75;4684;75;danf;danf_AMR;no
304;F03-16Anji;Anjiamangirana;adult;F;danfossi;3;danf;24;15,7;39,9;23,3;23,5;8,3;9;45,3;26;10,5;#NV;165;80;20;AMR;NA;NA;NA;NA;NA;NA;closed_recently;NA;NA;NA;-15.15541;47.736870000000003;121;42628;09_Sep;repro;NA;C;NA;danf;262;92;675;1045;333;196;137;265;245;271;245;17736;4680;13;1167;12267;75;4684;75;danf;danf_AMR;no
305;M22-16Anji;Anjiamangirana;adult;M;danfossi;3;danf;22;16;#NV;20;21,5;6;7;42;24;9,3;#NV;162;62;20;AMR;11;6;5.5;10.3;10;enlarged;NA;NA;NA;NA;-15.155379999999999;47.736229999999999;131;42663;10_Oct;repro;NA;NA;RADSEQ;danf;262;92;675;1045;333;196;137;265;245;271;245;17736;4680;13;1167;12267;75;4684;75;danf;danf_AMR;no
306;M15-16Anji;Anjiamangirana;adult;M;danfossi;3;danf;21,5;15,8;37;22,5;22,8;7;7,8;41;23;8,8;#NV;164;67;19;AMR;15;8;7;11.8;10;enlarged;NA;NA;NA;NA;-15.154249999999999;47.734810000000003;126;43747;10_Oct;repro;NA;B3;NA;danf;262;92;675;1045;333;196;137;265;245;271;245;17736;4680;13;1167;12267;75;4684;75;danf;danf_AMR;no
307;M13-16Anji;Anjiamangirana;adult;M;danfossi;3;danf;22;16,5;38,3;23,5;22;6,3;7;43;23,8;10;#NV;153;70;21;AMR;15.5;8;7.3;12.8;13;enlarged;NA;NA;NA;NA;-15.168944;47.734971999999999;150;42648;10_Oct;repro;NA;B1;NA;danf;259;93;673;1067;331;193;138;263;242;269;242;18107;4782;13;1168;12541;75;4796;75;danf;danf_AMR;no
308;M10-16Anji;Anjiamangirana;adult;M;danfossi;3;danf;22,5;16;37,3;20,5;22,5;6;7;40,5;23;8,5;#NV;167;70;19;AMR;13.8;6.5;6.8;13;12.8;enlarged;NA;NA;NA;NA;-15.154870000000001;47.742330000000003;109;42648;10_Oct;repro;NA;A2;NA;danf;261;93;670;1057;333;195;138;265;245;271;245;17638;4644;13;1165;12181;75;4663;75;danf;danf_AMR;no
309;M12-16Anji;Anjiamangirana;adult;M;danfossi;3;danf;24,5;17;36,8;21,3;22,3;7;7;41,5;24,3;9,5;#NV;160;71;20;AMR;12.3;6;6.3;9.8000000000000007;10;enlarged;NA;NA;NA;NA;-15.15056;47.735639999999997;152;42648;10_Oct;repro;NA;A4;NA;danf;262;92;675;1045;333;196;137;265;245;271;245;17736;4680;13;1167;12267;75;4684;75;danf;danf_AMR;no
310;M16-16Anji;Anjiamangirana;adult;M;danfossi;3;danf;20;15;37,3;21;22,5;7;7;41,5;23,5;8,3;#NV;156;72;20;AMR;13.5;7.3;6.8;11.8;11;enlarged;NA;NA;NA;NA;-15.154249999999999;47.734810000000003;126;42652;10_Oct;repro;NA;B4;NA;danf;262;92;675;1045;333;196;137;265;245;271;245;17736;4680;13;1167;12267;75;4684;75;danf;danf_AMR;no
311;M17-16Anji;Anjiamangirana;adult;M;danfossi;3;danf;21,5;14,8;37;22;23;7;7,5;42;24;9,8;#NV;173;72;19;AMR;12.5;6.5;6;11.3;11;enlarged;NA;NA;NA;NA;-15.15293;47.733890000000002;127;42652;10_Oct;repro;NA;C1;NA;danf;262;92;675;1045;333;196;137;265;245;271;245;17736;4680;13;1167;12267;75;4684;75;danf;danf_AMR;no
312;M09-16Anji;Anjiamangirana;adult;M;danfossi;3;danf;22,5;15,8;37,8;21,8;23;6,3;7;43;24;9;#NV;158;72;20;AMR;12;6;6.3;10.8;10.5;enlarged;NA;NA;NA;NA;-15.16461;47.736330000000002;135;42648;10_Oct;repro;NA;A1;NA;danf;261;93;676;1055;333;196;137;265;245;271;245;17876;4719;13;1167;12371;75;4727;75;danf;danf_AMR;no
313;M11-16Anji;Anjiamangirana;adult;M;danfossi;3;danf;22;15,3;35,5;21,3;22,8;6,8;6,3;40,8;23;8,8;#NV;153;73;19;AMR;14;6.8;7.3;12.5;12.3;enlarged;NA;NA;NA;NA;-15.15056;47.735639999999997;152;42648;10_Oct;repro;NA;A3;NA;danf;262;92;675;1045;333;196;137;265;245;271;245;17736;4680;13;1167;12267;75;4684;75;danf;danf_AMR;no
314;M02-08Befa;Befandriana_Nord;adult;M;danfossi;3;danf;24,8;15,5;38,2;22,4;22,9;7,5;8,3;41,6;24;8,1;90;169;80;20;BSR;20.5;10.3;11;13.1;12.6;enlarged;NA;NA;NA;NA;-15.068138888888889;48.56977777777778;NA;39760;11_Nov;repro;NA;1;RADSEQ;danf;241;100;652;1575;321;168;153;253;220;256;217;21193;5236;74;1122;14381;250;10637;263;danf;danf_BSR;no
324;F84-04injo;Mahatsinjo;adult;F;danfossi;3;danf;20,9;13,9;37;22,3;20,5;6,4;8,4;40,5;26,6;10,7;85;155;51;21;GO;NA;NA;NA;NA;NA;NA;closed;NA;NA;NA;-14.79011;47.788550000000001;NA;38234;09_Sep;repro;no;B2;NA;danf;254;83;688;953;312;192;120;260;239;262;239;18264;4764;26;1140;12334;122;8518;122;danf;danf_GO;no
325;86-04;Mahatsinjo;adult;F;danfossi;3;danf;23,5;16,4;36,1;22,9;22,1;8,4;10,1;41,5;25,2;10,9;90;160;61;25;GO;NA;NA;NA;NA;NA;NA;closed;NA;no_age_initially_given_in_raw_data;NA;-14.79011;47.788550000000001;NA;38240;09_Sep;repro;NA;NA;no;danf;254;83;688;953;312;192;120;260;239;262;239;18264;4764;26;1140;12334;122;8518;122;danf;danf_GO;no
326;F86-04injo;Mahatsinjo;adult;F;danfossi;3;danf;23,5;16,4;36,1;22,9;22,1;8,4;10,1;41,5;25,2;10,9;90;160;61;25;GO;NA;NA;NA;NA;NA;NA;closed;NA;NA;NA;-14.790380000000001;47.788319999999999;NA;38240;09_Sep;repro;no;A3;NA;danf;254;83;688;953;312;192;120;260;239;262;239;18264;4764;26;1140;12334;122;8518;122;danf;danf_GO;no
327;F85-04injo;Mahatsinjo;adult;F;danfossi;3;danf;21,4;14,1;38,2;23,1;23;7,5;#NV;46;26,5;9,6;97;170;72;22;GO;NA;NA;NA;NA;NA;NA;swollen;NA;NA;NA;-14.78417;47.781959999999998;NA;38238;09_Sep;repro;no;C1;NA;danf;254;82;686;950;311;192;119;260;239;262;239;18120;4731;26;1141;12247;122;8443;122;danf;danf_GO;no
328;M83-04injo;Mahatsinjo;adult;M;danfossi;3;danf;22,5;16,4;38,3;22,9;23,1;8;#NV;43,7;25,7;11,8;95;153;72;23;GO;22.1;9.9;11;18.600000000000001;19.2;enlarged;NA;NA;NA;NA;-14.78613;47.78349;NA;38233;09_Sep;repro;no;3C;RADSEQ;danf;254;83;688;953;312;192;120;260;239;262;239;18264;4764;26;1140;12334;122;8518;122;danf;danf_GO;no
341;00-016A-8577;Mandena;adult;M;ganzhorni;8;ganz;#NV;#NV;#NV;#NV;#NV;#NV;#NV;#NV;#NV;#NV;#NV;132;59;29;JG;NA;NA;NA;NA;NA;NA;NA;NA;NA;NA;-24.93;46.98;NA;36011;08_Aug;repro;NA;NA;RADSEQ;ganz;236;81;557;2369;307;162;145;263;220;264;203;10136;1553;399;451;4127;1288;4126;1530;ganz;ganz_JG;no
342;00-016A-875E;Mandena;adult;M;ganzhorni;8;ganz;#NV;#NV;#NV;#NV;#NV;#NV;#NV;#NV;#NV;#NV;#NV;136;64;27;JG;NA;NA;NA;NA;NA;NA;NA;NA;NA;NA;-24.93;46.98;NA;32360;08_Aug;repro;NA;NA;RADSEQ;ganz;236;81;557;2369;307;162;145;263;220;264;203;10136;1553;399;451;4127;1288;4126;1530;ganz;ganz_JG;no
350;6CBEE56;Mandena M15a;adult;M;ganzhorni;8;ganz;21,6;18,2;34,8;21,6;#NV;#NV;#NV;#NV;#NV;#NV;#NV;130;45;24;TBSE;NA;2.5;NA;4.6999999999999993;NA;enlarged;NA;NA;NA;NA;-24.93;46.98;NA;41831;07_Jul;pre_repro;NA;NA;NA;ganz;226;58;492;2162;285;167;118;252;209;252;197;24635;3166;1038;382;9278;3462;9278;3981;ganz;ganz_TBSE;no
351;6CBE393;Mandena M15a;adult;F;ganzhorni;8;ganz;18,8;16,1;33,4;23;#NV;#NV;#NV;#NV;#NV;#NV;#NV;124;46;25;TBSE;NA;NA;NA;NA;NA;NA;NA;NA;NA;NA;-24.93;46.98;NA;41830;07_Jul;pre_repro;NA;NA;NA;ganz;226;58;492;2162;285;167;118;252;209;252;197;24635;3166;1038;382;9278;3462;9278;3981;ganz;ganz_TBSE;no
352;6CBE171;Mandena M15a;adult;M;ganzhorni;8;ganz;20,5;16,5;34,1;22;#NV;#NV;#NV;#NV;#NV;#NV;#NV;126;51;26;TBSE;NA;4;NA;9;NA;enlarged;NA;NA;NA;NA;-24.93;46.98;NA;41831;07_Jul;pre_repro;NA;NA;NA;ganz;226;58;492;2162;285;167;118;252;209;252;197;24635;3166;1038;382;9278;3462;9278;3981;ganz;ganz_TBSE;no
353;6CBE7C8;Mandena M15a;adult;M;ganzhorni;8;ganz;20,3;16,5;33,9;21,5;#NV;#NV;#NV;#NV;#NV;#NV;#NV;126;55;25;TBSE;NA;4.3;NA;9;NA;enlarged;NA;NA;NA;NA;-24.93;46.98;NA;41831;07_Jul;pre_repro;NA;NA;NA;ganz;226;58;492;2162;285;167;118;252;209;252;197;24635;3166;1038;382;9278;3462;9278;3981;ganz;ganz_TBSE;no
354;6CBD45C;Mandena M15a;adult;M;ganzhorni;8;ganz;23,9;18,2;35,2;22,6;#NV;#NV;#NV;#NV;#NV;#NV;#NV;140;66;30;TBSE;NA;5.5;NA;14;NA;enlarged;NA;NA;NA;NA;-24.93;46.98;NA;41830;07_Jul;pre_repro;NA;NA;NA;ganz;226;58;492;2162;285;167;118;252;209;252;197;24635;3166;1038;382;9278;3462;9278;3981;ganz;ganz_TBSE;no
355;74D8DC5;Mandena M15a;adult;M;ganzhorni;8;ganz;22,6;15,6;35,1;22,1;#NV;#NV;#NV;39,8;#NV;#NV;#NV;133;61;27;TBSE;NA;9.6;NA;19;NA;enlarged;NA;NA;NA;NA;-24.93;46.98;NA;41556;10_Oct;repro;NA;NA;NA;ganz;226;58;492;2162;285;167;118;252;209;252;197;24635;3166;1038;382;9278;3462;9278;3981;ganz;ganz_TBSE;no
356;74DE82A;Mandena M15a;adult;F;ganzhorni;8;ganz;23,4;16,8;35,2;22,4;#NV;#NV;#NV;39,4;#NV;#NV;#NV;128;64;29;TBSE;NA;NA;NA;NA;NA;NA;NA;NA;NA;NA;-24.93;46.98;NA;41550;10_Oct;repro;NA;NA;NA;ganz;226;58;492;2162;285;167;118;252;209;252;197;24635;3166;1038;382;9278;3462;9278;3981;ganz;ganz_TBSE;no
357;74C5C75;Mandena M15a;adult;F;ganzhorni;8;ganz;23,6;16;34,7;22,4;#NV;#NV;#NV;38,4;#NV;#NV;#NV;124;65;30;TBSE;NA;NA;NA;NA;NA;NA;NA;NA;NA;NA;-24.93;46.98;NA;41550;10_Oct;repro;NA;NA;NA;ganz;226;58;492;2162;285;167;118;252;209;252;197;24635;3166;1038;382;9278;3462;9278;3981;ganz;ganz_TBSE;no
358;74C8336;Mandena M15a;adult;F;ganzhorni;8;ganz;24;16,8;35,7;22,5;#NV;#NV;#NV;41,7;#NV;#NV;#NV;140;74;30;TBSE;NA;NA;NA;NA;NA;NA;NA;NA;NA;NA;-24.93;46.98;NA;41556;10_Oct;repro;NA;NA;NA;ganz;226;58;492;2162;285;167;118;252;209;252;197;24635;3166;1038;382;9278;3462;9278;3981;ganz;ganz_TBSE;no
359;74C94AE;Mandena M15a;adult;F;ganzhorni;8;ganz;23,2;16,2;34,9;23,1;#NV;#NV;#NV;39,4;#NV;#NV;#NV;132;76;32;TBSE;NA;NA;NA;NA;NA;NA;NA;NA;NA;NA;-24.93;46.98;NA;41551;10_Oct;repro;NA;NA;NA;ganz;226;58;492;2162;285;167;118;252;209;252;197;24635;3166;1038;382;9278;3462;9278;3981;ganz;ganz_TBSE;no
360;74DA53D;Mandena M15a;adult;F;ganzhorni;8;ganz;24;17,3;36,1;22,6;#NV;#NV;#NV;41;#NV;#NV;#NV;144;80;34;TBSE;NA;NA;NA;NA;NA;NA;NA;NA;NA;NA;-24.93;46.98;NA;41550;10_Oct;repro;NA;NA;NA;ganz;226;58;492;2162;285;167;118;252;209;252;197;24635;3166;1038;382;9278;3462;9278;3981;ganz;ganz_TBSE;no
361;6CBFB3C;Mandena M15a;adult;F;ganzhorni;8;ganz;22,5;16,8;34,2;22,8;#NV;#NV;#NV;37,6;#NV;#NV;#NV;126;#NV;32;TBSE;NA;NA;NA;NA;NA;NA;closed;NA;NA;NA;-24.93;46.98;NA;41550;10_Oct;repro;NA;NA;NA;ganz;226;58;492;2162;285;167;118;252;209;252;197;24635;3166;1038;382;9278;3462;9278;3981;ganz;ganz_TBSE;NA
362;74F974B;Mandena M15a;adult;F;ganzhorni;8;ganz;25,2;15,7;35,8;23,5;#NV;#NV;#NV;42;#NV;#NV;#NV;138;#NV;30;TBSE;NA;NA;NA;NA;NA;NA;closed;NA;NA;NA;-24.93;46.98;NA;41553;10_Oct;repro;NA;NA;NA;ganz;226;58;492;2162;285;167;118;252;209;252;197;24635;3166;1038;382;9278;3462;9278;3981;ganz;ganz_TBSE;NA
367;F53-18;Ambodisakoana;adult;F;gerpi;4;gerp;18,4;12;#NV;22,8;26,4;7,7;8,4;44,6;25,5;10,6;100;154;#NV;27;VSTR;NA;NA;NA;NA;NA;NA;pregnant;104;littoral;NA;-19.475158999999898;48.912709;NA;15.12.2018;12_Dec;repro;NA;NA;NA;gerp;237;30;361;1902;275;193;82;259;229;259;212;26294;4074;1046;441;10963;3251;10963;4451;gerp;gerp_VSTR;yes
368;M05-18;Andobo;adult;M;gerpi;4;gerp;18,1;11,3;37,5;21,4;23,7;7,5;7,3;42,2;22,2;9,7;91;140;54;22;VSTR;NA;NA;NA;NA;NA;NA;NA;NA;littoral;NA;-18.9035159999999;49.125807000000002;NA;18.08.2018;08_Aug;repro;NA;NA;NA;gerp;237;36;402;1931;279;189;90;260;229;260;211;31206;4402;1089;411;12164;3472;12164;5730;gerp;gerp_VSTR;no
369;F09-18;Andobo;adult;F;gerpi;4;gerp;#NV;11,3;37;20,3;24,4;7,1;8;42,9;23,3;10,1;95;143;56;21;VSTR;NA;NA;NA;NA;NA;NA;NA;NA;littoral;NA;-18.9035159999999;49.125807000000002;NA;23.08.2018;08_Aug;repro;NA;NA;NA;gerp;237;36;402;1931;279;189;90;260;229;260;211;31206;4402;1089;411;12164;3472;12164;5730;gerp;gerp_VSTR;no
370;F04-18;Andobo;adult;F;gerpi;4;gerp;17,7;11,1;37,8;21;23,6;6,9;7,1;42,6;23,3;10,3;93;141;57;21;VSTR;NA;NA;NA;NA;NA;NA;NA;NA;littoral;NA;-18.9035159999999;49.125807000000002;NA;17.08.2018;08_Aug;repro;NA;NA;NA;gerp;237;36;402;1931;279;189;90;260;229;260;211;31206;4402;1089;411;12164;3472;12164;5730;gerp;gerp_VSTR;no
371;F03-18;Andobo;adult;F;gerpi;4;gerp;18;11,8;37,4;20,5;22,2;6,9;7,5;42,7;22,7;10,6;92;150;58;20;VSTR;NA;NA;NA;NA;NA;NA;NA;NA;littoral;NA;-18.9035159999999;49.125807000000002;NA;16.08.2018;08_Aug;repro;NA;NA;NA;gerp;237;36;402;1931;279;189;90;260;229;260;211;31206;4402;1089;411;12164;3472;12164;5730;gerp;gerp_VSTR;no
372;F08-18;Andobo;adult;F;gerpi;4;gerp;#NV;11,7;37,6;20,6;24,9;6,9;7,7;42,9;24,8;11,1;90;141;60;23;VSTR;NA;NA;NA;NA;NA;NA;NA;NA;littoral;NA;-18.9035159999999;49.125807000000002;NA;21.08.2018;08_Aug;repro;NA;NA;NA;gerp;237;36;402;1931;279;189;90;260;229;260;211;31206;4402;1089;411;12164;3472;12164;5730;gerp;gerp_VSTR;no
373;M11-18;Andobo;adult;M;gerpi;4;gerp;17,9;11,6;37,2;19,5;24,1;7;7,5;42,3;23,6;10;95;148;62;24;VSTR;NA;NA;NA;NA;NA;NA;NA;NA;littoral;NA;-18.9035159999999;49.125807000000002;NA;26.08.2018;08_Aug;repro;NA;NA;NA;gerp;237;36;402;1931;279;189;90;260;229;260;211;31206;4402;1089;411;12164;3472;12164;5730;gerp;gerp_VSTR;no
374;M10-18;Andobo;adult;M;gerpi;4;gerp;17,5;11,2;37,6;23,2;26,6;7,9;7,9;40,5;22,7;9,7;90;142;67;24;VSTR;NA;NA;NA;NA;NA;NA;NA;NA;littoral;NA;-18.9035159999999;49.125807000000002;NA;23.08.2018;08_Aug;repro;NA;NA;NA;gerp;237;36;402;1931;279;189;90;260;229;260;211;31206;4402;1089;411;12164;3472;12164;5730;gerp;gerp_VSTR;no
375;F06-18;Andobo;adult;F;gerpi;4;gerp;18,1;11,8;37,9;22,2;23,9;8,6;8,1;42,9;23,8;9,7;92;154;73;25;VSTR;NA;NA;NA;NA;NA;NA;NA;NA;littoral;NA;-18.9035159999999;49.125807000000002;NA;18.08.2018;08_Aug;repro;NA;NA;NA;gerp;237;36;402;1931;279;189;90;260;229;260;211;31206;4402;1089;411;12164;3472;12164;5730;gerp;gerp_VSTR;no
376;F07-18;Andobo;adult;F;gerpi;4;gerp;17,1;11,9;38,3;21,9;24,7;7,4;7,7;44,2;23,6;10,1;105;146;79;24;VSTR;NA;NA;NA;NA;NA;NA;NA;NA;littoral;NA;-18.9035159999999;49.125807000000002;NA;20.08.2018;08_Aug;repro;NA;NA;NA;gerp;237;36;402;1931;279;189;90;260;229;260;211;31206;4402;1089;411;12164;3472;12164;5730;gerp;gerp_VSTR;no
377;F01-18;Anjahamana_Est;adult;F;gerpi;4;gerp;18,4;12,8;37,5;23,1;24,7;8,2;7,2;41,1;25,3;10,5;84;136;56;22;VSTR;NA;NA;NA;NA;NA;NA;NA;NA;montane;NA;-18.349333999999899;48.98265;NA;07.08.2018;08_Aug;repro;NA;NA;NA;gerp;213;62;494;2384;274;148;126;240;206;240;181;32840;4989;1356;474;14175;4292;14175;5708;gerp;gerp_VSTR;no
378;M02-18;Anjahamana_Est;adult;M;gerpi;4;gerp;20,3;12,8;36,7;21,1;22,6;7,5;8,8;40,7;23,3;10,8;88;141;56;22;VSTR;NA;NA;NA;NA;NA;NA;NA;NA;montane;NA;-18.349333999999899;48.98265;NA;09.08.2018;08_Aug;repro;NA;NA;NA;gerp;213;62;494;2384;274;148;126;240;206;240;181;32840;4989;1356;474;14175;4292;14175;5708;gerp;gerp_VSTR;no
379;M40-18;Anjahamana_Est;adult;M;gerpi;4;gerp;18,3;11,6;36,9;22,3;24,6;6,6;8,2;40,5;23,1;10,7;84;130;67;23;VSTR;NA;NA;NA;NA;NA;NA;NA;NA;montane;NA;-18.349333999999899;48.98265;NA;27.10.2018;10_Oct;repro;NA;NA;NA;gerp;213;62;494;2384;274;148;126;240;206;240;181;32840;4989;1356;474;14175;4292;14175;5708;gerp;gerp_VSTR;no
380;M44-18;Anjahamana_Est;adult;M;gerpi;4;gerp;18,2;12,3;37;23,5;24,4;7;8,2;42,5;25,3;10,3;84;143;68;26;VSTR;NA;NA;NA;NA;NA;NA;NA;NA;montane;NA;-18.349333999999899;48.98265;NA;31.10.2018;10_Oct;repro;NA;NA;NA;gerp;213;62;494;2384;274;148;126;240;206;240;181;32840;4989;1356;474;14175;4292;14175;5708;gerp;gerp_VSTR;no
381;F42-18;Anjahamana_Est;adult;F;gerpi;4;gerp;18,8;12,2;37,8;23,8;24,5;8,3;8,1;42,1;24,5;10,8;90;150;73;26;VSTR;NA;NA;NA;NA;NA;NA;NA;NA;montane;NA;-18.349333999999899;48.98265;NA;27.10.2018;10_Oct;repro;NA;NA;NA;gerp;213;62;494;2384;274;148;126;240;206;240;181;32840;4989;1356;474;14175;4292;14175;5708;gerp;gerp_VSTR;no
382;F41-18;Anjahamana_Est;adult;F;gerpi;4;gerp;18,1;11,8;37,6;22,5;24,9;8,4;7,8;41,3;23,8;10,3;100;143;79;29;VSTR;NA;NA;NA;NA;NA;NA;NA;NA;montane;NA;-18.349333999999899;48.98265;NA;27.10.2018;10_Oct;repro;NA;NA;NA;gerp;213;62;494;2384;274;148;126;240;206;240;181;32840;4989;1356;474;14175;4292;14175;5708;gerp;gerp_VSTR;no
383;F48-18;Anjahamana_Est;adult;F;gerpi;4;gerp;18,2;11,6;38,1;22,3;25;8,1;7,5;43,4;25,5;10,8;94;150;80;30;VSTR;NA;NA;NA;NA;NA;NA;NA;NA;montane;NA;-18.349333999999899;48.98265;NA;31.10.2018;10_Oct;repro;NA;NA;NA;gerp;213;62;494;2384;274;148;126;240;206;240;181;32840;4989;1356;474;14175;4292;14175;5708;gerp;gerp_VSTR;no
384;F45-18;Anjahamana_Est;adult;F;gerpi;4;gerp;18,8;11,7;38,1;21,7;25;7,9;7,8;41,7;25,3;10,4;95;146;80;30;VSTR;NA;NA;NA;NA;NA;NA;NA;NA;montane;NA;-18.349333999999899;48.98265;NA;31.10.2018;10_Oct;repro;NA;NA;NA;gerp;213;62;494;2384;274;148;126;240;206;240;181;32840;4989;1356;474;14175;4292;14175;5708;gerp;gerp_VSTR;no
385;F43-18;Anjahamana_Est;adult;F;gerpi;4;gerp;18,1;11,4;36,8;22,6;24,9;7,5;7,7;41,3;23,6;10,3;90;146;81;24;VSTR;NA;NA;NA;NA;NA;NA;NA;NA;montane;NA;-18.349333999999899;48.98265;NA;30.10.2018;10_Oct;repro;NA;NA;NA;gerp;213;62;494;2384;274;148;126;240;206;240;181;32840;4989;1356;474;14175;4292;14175;5708;gerp;gerp_VSTR;no
386;M47-18;Anjahamana_Est;adult;M;gerpi;4;gerp;18,8;12;37,8;22,5;25,5;8,2;7,3;41,5;25;10,5;89;134;81;24;VSTR;NA;NA;NA;NA;NA;NA;NA;NA;montane;NA;-18.349333999999899;48.98265;NA;31.10.2018;10_Oct;repro;NA;NA;NA;gerp;213;62;494;2384;274;148;126;240;206;240;181;32840;4989;1356;474;14175;4292;14175;5708;gerp;gerp_VSTR;no
387;F46-18;Anjahamana_Est;adult;F;gerpi;4;gerp;18,2;11,5;38;22,5;25;7,8;7,7;40,8;24,9;10,4;87;136;#NV;28;VSTR;NA;NA;NA;NA;NA;NA;pregnant;85;montane;NA;-18.349333999999899;48.98265;NA;31.10.2018;10_Oct;repro;NA;NA;NA;gerp;213;62;494;2384;274;148;126;240;206;240;181;32840;4989;1356;474;14175;4292;14175;5708;gerp;gerp_VSTR;no
388;M49-18;Anjahamana_Est;adult;M;gerpi;4;gerp;19,5;11,6;36,9;23,9;25,3;7,7;7,2;41,6;25;10,6;85;145;76;22;VSTR;NA;NA;NA;NA;NA;NA;NA;NA;montane;NA;-18.349333999999899;48.98265;NA;01.11.2018;11_Nov;repro;NA;NA;NA;gerp;213;62;494;2384;274;148;126;240;206;240;181;32840;4989;1356;474;14175;4292;14175;5708;gerp;gerp_VSTR;no
390;M60-18;Antanambao;adult;M;gerpi;4;gerp;17,7;10,8;36,6;19,7;25;7,8;8,4;42;22,2;10,6;80;122;76;20;VSTR;NA;NA;NA;NA;NA;NA;NA;NA;littoral;NA;-19.654782999999899;48.852581000000001;NA;20.12.2018;12_Dec;repro;NA;NA;NA;gerp;235;34;389;1936;277;189;88;259;229;259;210;24549;3816;986;444;10290;3079;10290;4742;gerp;gerp_VSTR;no
391;F56-18;Antanambao;adult;F;gerpi;4;gerp;19;11,3;#NV;21,4;26;7,5;7,7;41,4;24,2;10;100;141;#NV;24;VSTR;NA;NA;NA;NA;NA;NA;pregnant;91;littoral;NA;-19.654782999999899;48.852581000000001;NA;19.12.2018;12_Dec;repro;NA;NA;NA;gerp;235;34;389;1936;277;189;88;259;229;259;210;24549;3816;986;444;10290;3079;10290;4742;gerp;gerp_VSTR;yes
392;F61-18;Antanambao;adult;F;gerpi;4;gerp;18,3;12;37;20,5;25;8,2;7,7;41,9;24,7;#NV;100;136;#NV;23;VSTR;NA;NA;NA;NA;NA;NA;pregnant;96;littoral;NA;-19.654782999999899;48.852581000000001;NA;20.12.2018;12_Dec;repro;NA;NA;NA;gerp;235;34;389;1936;277;189;88;259;229;259;210;24549;3816;986;444;10290;3079;10290;4742;gerp;gerp_VSTR;yes
393;F62-18;Antanambao;adult;F;gerpi;4;gerp;17,6;11,8;37,6;20,8;24,8;8,5;8,2;40,8;22,5;10,1;95;134;#NV;21;VSTR;NA;NA;NA;NA;NA;NA;pregnant;99;littoral;NA;-19.654782999999899;48.852581000000001;NA;21.12.2018;12_Dec;repro;NA;NA;NA;gerp;235;34;389;1936;277;189;88;259;229;259;210;24549;3816;986;444;10290;3079;10290;4742;gerp;gerp_VSTR;yes
394;F59-18;Antanambao;adult;F;gerpi;4;gerp;19,8;12,1;37,9;22,3;25;8,3;7,7;41,3;23,3;10,4;100;146;#NV;24;VSTR;NA;NA;NA;NA;NA;NA;pregnant;113;littoral;NA;-19.654782999999899;48.852581000000001;NA;19.12.2018;12_Dec;repro;NA;NA;NA;gerp;235;34;389;1936;277;189;88;259;229;259;210;24549;3816;986;444;10290;3079;10290;4742;gerp;gerp_VSTR;yes
395;F57-18;Antanambao;adult;F;gerpi;4;gerp;18,8;11,3;37;20,9;25;8;8;41,9;24,3;10,5;100;135;#NV;25;VSTR;NA;NA;NA;NA;NA;NA;pregnant;118;littoral;NA;-19.654782999999899;48.852581000000001;NA;19.12.2018;12_Dec;repro;NA;NA;NA;gerp;235;34;389;1936;277;189;88;259;229;259;210;24549;3816;986;444;10290;3079;10290;4742;gerp;gerp_VSTR;yes
396;F58-18;Antanambao;adult;F;gerpi;4;gerp;18,7;12,2;37,6;22,3;25,2;8;7,7;42,6;23,6;10,9;100;147;#NV;26;VSTR;NA;NA;NA;NA;NA;NA;pregnant;123;littoral;NA;-19.654782999999899;48.852581000000001;NA;19.12.2018;12_Dec;repro;NA;NA;NA;gerp;235;34;389;1936;277;189;88;259;229;259;210;24549;3816;986;444;10290;3079;10290;4742;gerp;gerp_VSTR;yes
397;F01-09fina;Sahafina;adult;F;gerpi;4;gerp;19,2;11,6;35;19,3;21,9;7,9;6,9;37,8;21,8;8,3;75;145;47;18;GERP;NA;NA;NA;NA;NA;NA;closed;NA;NA;NA;-18.809999999999999;48.98;NA;39973;06_Jun;pre_repro;NA;NA;RADSEQ;gerp;229;56;486;2234;284;169;115;255;222;255;200;29263;4421;1150;451;12319;3526;12319;5600;gerp;gerp_GERP;no
398;M03-09fina;Sahafina;adult;M;gerpi;4;gerp;19,4;13,5;36,1;20,7;20,8;6,6;6,5;37,3;21,8;7,9;74;140;50;21;GERP;0;0;0;0;0;regressed;NA;NA;NA;NA;-18.809999999999999;48.98;NA;39973;06_Jun;pre_repro;NA;NA;RADSEQ;gerp;229;56;486;2234;284;169;115;255;222;255;200;29263;4421;1150;451;12319;3526;12319;5600;gerp;gerp_GERP;no
399;M04-09fina;Sahafina;adult;M;gerpi;4;gerp;19,9;12,9;36,7;21,2;23,1;7,5;7,9;40;22,3;8,6;85;151;71;25;GERP;12.5;6.4;5.5;8.8000000000000007;7.5;enlarged;NA;NA;NA;NA;-18.809999999999999;48.98;NA;39973;06_Jun;pre_repro;NA;NA;NA;gerp;229;56;486;2234;284;169;115;255;222;255;200;29263;4421;1150;451;12319;3526;12319;5600;gerp;gerp_GERP;no
400;M02-09fina;Sahafina;adult;M;gerpi;4;gerp;20,1;11,2;35,3;20,7;23;7,6;7,4;40,1;22,8;8,9;85;153;77;26;GERP;10.9;5.5;5.9;7.2;8.6;enlarged;NA;NA;NA;NA;-18.809999999999999;48.98;NA;33033;06_Jun;pre_repro;NA;NA;RADSEQ;gerp;229;56;486;2234;284;169;115;255;222;255;200;29263;4421;1150;451;12319;3526;12319;5600;gerp;gerp_GERP;no
401;M14-18;Sahafina;adult;M;gerpi;4;gerp;17,3;11,1;37;22;25,1;6,4;7;41,5;24,3;10,6;93;146;54;22;VSTR;NA;NA;NA;NA;NA;NA;NA;NA;montane;NA;-18.809999999999999;48.98;NA;08.09.2018;09_Sep;repro;NA;NA;NA;gerp;229;56;486;2234;284;169;115;255;222;255;200;29263;4421;1150;451;12319;3526;12319;5600;gerp;gerp_VSTR;no
402;M17-18;Sahafina;adult;M;gerpi;4;gerp;18,4;11,2;36,8;22,9;24,3;6,8;7,8;40,2;22,7;10,1;84;133;59;21;VSTR;NA;NA;NA;NA;NA;NA;NA;NA;montane;NA;-18.809999999999999;48.98;NA;11.09.2018;09_Sep;repro;NA;NA;NA;gerp;229;56;486;2234;284;169;115;255;222;255;200;29263;4421;1150;451;12319;3526;12319;5600;gerp;gerp_VSTR;no
403;M20-18;Sahafina;adult;M;gerpi;4;gerp;18,9;12,2;37,5;21,3;23,8;6,4;8;41,4;23,5;10,3;92;147;59;23;VSTR;NA;NA;NA;NA;NA;NA;NA;NA;montane;NA;-18.809999999999999;48.98;NA;14.09.2018;09_Sep;repro;NA;NA;NA;gerp;229;56;486;2234;284;169;115;255;222;255;200;29263;4421;1150;451;12319;3526;12319;5600;gerp;gerp_VSTR;no
404;F13-18;Sahafina;adult;F;gerpi;4;gerp;17,1;12,8;37;21,1;24,5;7,9;6,8;42,3;24,3;10,6;95;148;61;25;VSTR;NA;NA;NA;NA;NA;NA;NA;NA;montane;NA;-18.809999999999999;48.98;NA;06.09.2018;09_Sep;repro;NA;NA;NA;gerp;229;56;486;2234;284;169;115;255;222;255;200;29263;4421;1150;451;12319;3526;12319;5600;gerp;gerp_VSTR;no
405;M16-18;Sahafina;adult;M;gerpi;4;gerp;18,3;11;36;21,1;24,3;6,2;7,4;41,7;24,5;10,1;86;136;64;22;VSTR;NA;NA;NA;NA;NA;NA;NA;NA;montane;NA;-18.809999999999999;48.98;NA;09.09.2018;09_Sep;repro;NA;NA;NA;gerp;229;56;486;2234;284;169;115;255;222;255;200;29263;4421;1150;451;12319;3526;12319;5600;gerp;gerp_VSTR;no
406;F19-18;Sahafina;adult;F;gerpi;4;gerp;18,9;11;37,7;21,1;23,9;7,3;7,9;41,8;23,9;10,6;85;152;64;25;VSTR;NA;NA;NA;NA;NA;NA;NA;NA;montane;NA;-18.809999999999999;48.98;NA;14.09.2018;09_Sep;repro;NA;NA;NA;gerp;229;56;486;2234;284;169;115;255;222;255;200;29263;4421;1150;451;12319;3526;12319;5600;gerp;gerp_VSTR;no
407;M18-18;Sahafina;adult;M;gerpi;4;gerp;18,9;11,3;36,2;21,3;23,8;6,2;7,6;41,8;23,3;10,2;82;141;64;24;VSTR;NA;NA;NA;NA;NA;NA;NA;NA;montane;NA;-18.809999999999999;48.98;NA;13.09.2018;09_Sep;repro;NA;NA;NA;gerp;229;56;486;2234;284;169;115;255;222;255;200;29263;4421;1150;451;12319;3526;12319;5600;gerp;gerp_VSTR;no
408;F15-18;Sahafina;adult;F;gerpi;4;gerp;18,3;11,9;37,3;23,7;24,9;7,3;8,1;41,4;24,8;10,3;94;137;65;22;VSTR;NA;NA;NA;NA;NA;NA;NA;NA;montane;NA;-18.809999999999999;48.98;NA;08.09.2018;09_Sep;repro;NA;NA;NA;gerp;229;56;486;2234;284;169;115;255;222;255;200;29263;4421;1150;451;12319;3526;12319;5600;gerp;gerp_VSTR;no
409;F12-18;Sahafina;adult;F;gerpi;4;gerp;18,8;11,3;37;21,1;24,8;7;7,3;43,3;24,8;10;94;146;66;25;VSTR;NA;NA;NA;NA;NA;NA;NA;NA;montane;NA;-18.809999999999999;48.98;NA;06.09.2018;09_Sep;repro;NA;NA;NA;gerp;229;56;486;2234;284;169;115;255;222;255;200;29263;4421;1150;451;12319;3526;12319;5600;gerp;gerp_VSTR;no
410;F22-18;Sahafina;adult;F;gerpi;4;gerp;18,3;11,2;36,3;21,4;24,6;7;7,4;42,6;23,9;10,3;91;145;72;24;VSTR;NA;NA;NA;NA;NA;NA;NA;NA;montane;NA;-18.809999999999999;48.98;NA;15.09.2018;09_Sep;repro;NA;NA;NA;gerp;229;56;486;2234;284;169;115;255;222;255;200;29263;4421;1150;451;12319;3526;12319;5600;gerp;gerp_VSTR;no
411;F21-18;Sahafina;adult;F;gerpi;4;gerp;19,8;11,5;36,9;21,4;25,7;6,6;7,5;42,5;24,2;9,9;95;157;#NV;27;VSTR;NA;NA;NA;NA;NA;NA;pregnant;101;montane;NA;-18.809999999999999;48.98;NA;14.09.2018;09_Sep;repro;NA;NA;NA;gerp;229;56;486;2234;284;169;115;255;222;255;200;29263;4421;1150;451;12319;3526;12319;5600;gerp;gerp_VSTR;yes
419;F10-08fina;Sahafina;adult;F;gerpi;4;gerp;17,4;10,9;36,7;20,2;24,5;8,7;7;39,6;#NV;10,7;93;148;71;22;GERP;NA;NA;NA;NA;NA;NA;closed;NA;NA;NA;-18.809999999999999;48.98;NA;39801;12_Dec;repro;NA;3;NA;gerp;229;56;486;2234;284;169;115;255;222;255;200;29263;4421;1150;451;12319;3526;12319;5600;gerp;gerp_GERP;no
420;M09-08fina;Sahafina;adult;M;gerpi;4;gerp;18,4;9,5;36,1;20,3;21,8;9,7;6,1;41,4;22,4;11,1;90;141;71;19;GERP;18.3;9.5;11.1;17.399999999999999;15.3;enlarged;NA;NA;NA;NA;-18.809999999999999;48.98;NA;39800;12_Dec;repro;NA;3;RADSEQ;gerp;229;56;486;2234;284;169;115;255;222;255;200;29263;4421;1150;451;12319;3526;12319;5600;gerp;gerp_GERP;no
421;F02-08fina;Sahafina;adult;F;gerpi;4;gerp;20,3;11,5;#NV;21,4;23,6;8,5;7,3;41,8;23,6;9,6;87;155;#NV;22;GERP;NA;NA;NA;NA;NA;NA;closed;NA;NA;NA;-18.809999999999999;48.98;NA;39797;12_Dec;repro;NA;C;NA;gerp;229;56;486;2234;284;169;115;255;222;255;200;29263;4421;1150;451;12319;3526;12319;5600;gerp;gerp_GERP;NA
422;F37-18;Sahamamy;adult;F;gerpi;4;gerp;18,9;12,4;36;22,6;24;6,9;8;41;23,3;10,3;92;137;66;24;VSTR;NA;NA;NA;NA;NA;NA;NA;NA;montane;NA;-18.564453999999898;48.979272999999999;NA;17.10.2018;10_Oct;repro;NA;NA;NA;gerp;215;54;466;2287;271;155;116;241;208;241;184;37973;5577;1435;432;15593;4534;15593;7695;gerp;gerp_VSTR;no
423;M39-18;Sahamamy;adult;M;gerpi;4;gerp;19,2;12,5;37,5;21,5;24,2;7;8,1;40,9;24,2;10,4;84;138;66;24;VSTR;NA;NA;NA;NA;NA;NA;NA;NA;montane;NA;-18.564453999999898;48.979272999999999;NA;18.10.2018;10_Oct;repro;NA;NA;NA;gerp;215;54;466;2287;271;155;116;241;208;241;184;37973;5577;1435;432;15593;4534;15593;7695;gerp;gerp_VSTR;no
424;M36-18;Sahamamy;adult;M;gerpi;4;gerp;18,9;12,1;37,5;22,2;24,2;6,8;8,2;42,3;23,8;10,3;90;142;67;24;VSTR;NA;NA;NA;NA;NA;NA;NA;NA;montane;NA;-18.564453999999898;48.979272999999999;NA;17.10.2018;10_Oct;repro;NA;NA;NA;gerp;215;54;466;2287;271;155;116;241;208;241;184;37973;5577;1435;432;15593;4534;15593;7695;gerp;gerp_VSTR;no
425;M31-18;Sahamamy;adult;M;gerpi;4;gerp;19;11,6;37,6;21,2;24,4;6,5;7,8;42,1;22,3;10;96;140;75;27;VSTR;NA;NA;NA;NA;NA;NA;NA;NA;montane;NA;-18.564453999999898;48.979272999999999;NA;12.10.2018;10_Oct;repro;NA;NA;NA;gerp;215;54;466;2287;271;155;116;241;208;241;184;37973;5577;1435;432;15593;4534;15593;7695;gerp;gerp_VSTR;no
426;F35-18;Sahamamy;adult;F;gerpi;4;gerp;19,1;12,3;37,7;22,6;25,3;7,5;8,3;42,9;24;10,1;100;140;79;26;VSTR;NA;NA;NA;NA;NA;NA;NA;NA;montane;NA;-18.564453999999898;48.979272999999999;NA;17.10.2018;10_Oct;repro;NA;NA;NA;gerp;215;54;466;2287;271;155;116;241;208;241;184;37973;5577;1435;432;15593;4534;15593;7695;gerp;gerp_VSTR;no
427;F30-18;Sahamamy;adult;F;gerpi;4;gerp;19,4;11,6;37,9;22,2;24;7,6;8,6;43,3;25;10;93;148;82;26;VSTR;NA;NA;NA;NA;NA;NA;NA;NA;montane;NA;-18.564453999999898;48.979272999999999;NA;12.10.2018;10_Oct;repro;NA;NA;NA;gerp;215;54;466;2287;271;155;116;241;208;241;184;37973;5577;1435;432;15593;4534;15593;7695;gerp;gerp_VSTR;no
428;F32-18;Sahamamy;adult;F;gerpi;4;gerp;18,6;12,3;37,5;22,3;24,7;7;7,9;42,4;23,5;10,7;93;145;#NV;31;VSTR;NA;NA;NA;NA;NA;NA;pregnant;91;montane;NA;-18.564453999999898;48.979272999999999;NA;12.10.2018;10_Oct;repro;NA;NA;NA;gerp;215;54;466;2287;271;155;116;241;208;241;184;37973;5577;1435;432;15593;4534;15593;7695;gerp;gerp_VSTR;yes
429;F34-18;Sahamamy;adult;F;gerpi;4;gerp;19,1;12,3;38;22,7;24,8;7;8,3;43,1;24;10,8;99;149;#NV;27;VSTR;NA;NA;NA;NA;NA;NA;pregnant;97;montane;NA;-18.564453999999898;48.979272999999999;NA;14.10.2018;10_Oct;repro;NA;NA;NA;gerp;215;54;466;2287;271;155;116;241;208;241;184;37973;5577;1435;432;15593;4534;15593;7695;gerp;gerp_VSTR;yes
430;F33-18;Sahamamy;adult;F;gerpi;4;gerp;17,5;11,4;37,4;21,6;24,5;6,9;7,9;41,3;23,6;10,3;100;142;#NV;29;VSTR;NA;NA;NA;NA;NA;NA;pregnant;100;montane;NA;-18.564453999999898;48.979272999999999;NA;13.10.2018;10_Oct;repro;NA;NA;NA;gerp;215;54;466;2287;271;155;116;241;208;241;184;37973;5577;1435;432;15593;4534;15593;7695;gerp;gerp_VSTR;yes
431;F38-18;Sahamamy;adult;F;gerpi;4;gerp;18,4;11,8;38,4;23,6;25,9;7,9;8,1;42,2;23,6;10,9;100;143;#NV;30;VSTR;NA;NA;NA;NA;NA;NA;pregnant;115;montane;NA;-18.564453999999898;48.979272999999999;NA;18.10.2018;10_Oct;repro;NA;NA;NA;gerp;215;54;466;2287;271;155;116;241;208;241;184;37973;5577;1435;432;15593;4534;15593;7695;gerp;gerp_VSTR;yes
432;M28-18;Vohiposa;adult;M;gerpi;4;gerp;18,2;12,3;36,5;21,5;24,6;6;7,9;40,7;24,5;10,8;85;137;70;24;VSTR;NA;NA;NA;NA;NA;NA;NA;NA;montane;NA;-18.753729999999901;48.956740000000003;NA;23.09.2018;09_Sep;repro;NA;NA;NA;gerp;227;57;484;2269;283;165;118;253;220;253;197;27119;4105;1062;454;11446;3275;11446;5168;gerp;gerp_VSTR;no
433;M24-18;Vohiposa;adult;M;gerpi;4;gerp;19;11,3;36,4;21,6;23,9;6,6;7,8;41;23,9;9,5;90;137;70;24;VSTR;NA;NA;NA;NA;NA;NA;NA;NA;montane;NA;-18.753729999999901;48.956740000000003;NA;19.09.2018;09_Sep;repro;NA;NA;NA;gerp;227;57;484;2269;283;165;118;253;220;253;197;27119;4105;1062;454;11446;3275;11446;5168;gerp;gerp_VSTR;no
434;M29-18;Vohiposa;adult;M;gerpi;4;gerp;18,9;11,8;37;21,9;24,8;6,6;7,3;41,6;23,9;10,3;85;143;86;29;VSTR;NA;NA;NA;NA;NA;NA;NA;NA;montane;NA;-18.753729999999901;48.956740000000003;NA;24.09.2018;09_Sep;repro;NA;NA;NA;gerp;227;57;484;2269;283;165;118;253;220;253;197;27119;4105;1062;454;11446;3275;11446;5168;gerp;gerp_VSTR;no
435;F25-18;Vohiposa;adult;F;gerpi;4;gerp;18,2;11,2;37,5;21,4;23,9;7;7,4;43,8;24,9;10;100;152;#NV;25;VSTR;NA;NA;NA;NA;NA;NA;pregnant;89;montane;NA;-18.753729999999901;48.956740000000003;NA;19.09.2018;09_Sep;repro;NA;NA;NA;gerp;227;57;484;2269;283;165;118;253;220;253;197;27119;4105;1062;454;11446;3275;11446;5168;gerp;gerp_VSTR;yes
436;F26-18;Vohiposa;adult;F;gerpi;4;gerp;18,9;11,4;36,9;22;24,1;8;7,4;44,3;25,6;10,4;95;146;#NV;25;VSTR;NA;NA;NA;NA;NA;NA;pregnant;91;montane;NA;-18.753729999999901;48.956740000000003;NA;21.09.2018;09_Sep;repro;NA;NA;NA;gerp;227;57;484;2269;283;165;118;253;220;253;197;27119;4105;1062;454;11446;3275;11446;5168;gerp;gerp_VSTR;yes
437;F27-18;Vohiposa;adult;F;gerpi;4;gerp;18,5;12;37,7;22,5;25;7;8,1;41,2;25;10,8;87;142;#NV;26;VSTR;NA;NA;NA;NA;NA;NA;pregnant;100;montane;NA;-18.753729999999901;48.956740000000003;NA;23.09.2018;09_Sep;repro;NA;NA;NA;gerp;227;57;484;2269;283;165;118;253;220;253;197;27119;4105;1062;454;11446;3275;11446;5168;gerp;gerp_VSTR;yes
438;F23-18;Vohiposa;adult;F;gerpi;4;gerp;19,1;11,2;37,6;21,6;25;7,4;8,8;42;24,1;10,7;96;152;#NV;24;VSTR;NA;NA;NA;NA;NA;NA;pregnant;88;montane;NA;-18.753729999999901;48.956740000000003;NA;43453;12_Dec;repro;NA;NA;NA;gerp;227;57;484;2269;283;165;118;253;220;253;197;27119;4105;1062;454;11446;3275;11446;5168;gerp;gerp_VSTR;yes
631;0681-0F03;Beza_Mahafaly;adult;M;griseorufus;11;gris_Beza;23;#NV;29,9;20,1;#NV;#NV;#NV;36,5;#NV;8;85;140;39;NA;ER;NA;NA;NA;NA;NA;NA;NA;NA;NA;Spiny Forest;-23.681968999999999;44.598444000000001;NA;39302;08_Aug;pre_repro;NA;NA;NA;gris;254;121;618;2634;346;150;196;280;215;280;215;5511;1498;32;1046;3626;121;3232;121;gris_Beza;gris_Beza_ER;no
632;0682-A0F8;Beza_Mahafaly;adult;M;griseorufus;11;gris_Beza;21,95;#NV;30,79;20,6;#NV;#NV;#NV;35,75;#NV;8;83;143;39,5;NA;ER;NA;NA;NA;NA;NA;NA;NA;NA;NA;Ihazoara;-23.681968999999999;44.598444000000001;NA;39307;08_Aug;pre_repro;NA;NA;NA;gris;254;121;618;2634;346;150;196;280;215;280;215;5511;1498;32;1046;3626;121;3232;121;gris_Beza;gris_Beza_ER;no
633;067B-89A5;Beza_Mahafaly;adult;F;griseorufus;11;gris_Beza;21,75;#NV;33,9;20,9;#NV;#NV;#NV;33,25;#NV;8,25;90;139;40;NA;ER;NA;NA;NA;NA;NA;NA;NA;NA;NA;Ihazoara;-23.681968999999999;44.598444000000001;NA;39317;08_Aug;pre_repro;NA;NA;NA;gris;254;121;618;2634;346;150;196;280;215;280;215;5511;1498;32;1046;3626;121;3232;121;gris_Beza;gris_Beza_ER;no
634;0682-9468;Beza_Mahafaly;adult;M;griseorufus;11;gris_Beza;23,7;#NV;29,7;20;#NV;#NV;#NV;36;#NV;8;86;144;40;NA;ER;NA;NA;NA;NA;NA;NA;NA;NA;NA;Spiny Forest;-23.681968999999999;44.598444000000001;NA;39305;08_Aug;pre_repro;NA;NA;NA;gris;254;121;618;2634;346;150;196;280;215;280;215;5511;1498;32;1046;3626;121;3232;121;gris_Beza;gris_Beza_ER;no
635;067B-8D9D;Beza_Mahafaly;adult;M;griseorufus;11;gris_Beza;21,35;#NV;31;19,2;#NV;#NV;#NV;35;#NV;9,5;82;142;41;NA;ER;NA;NA;NA;NA;NA;NA;NA;NA;NA;Gallery Forest;-23.681968999999999;44.598444000000001;NA;39295;08_Aug;pre_repro;NA;NA;NA;gris;254;121;618;2634;346;150;196;280;215;280;215;5511;1498;32;1046;3626;121;3232;121;gris_Beza;gris_Beza_ER;no
636;067B-A9D9;Beza_Mahafaly;adult;M;griseorufus;11;gris_Beza;22,24;#NV;30,1;22,71;#NV;#NV;#NV;37;#NV;8;89;148;41,5;NA;ER;NA;NA;NA;NA;NA;NA;NA;NA;NA;Spiny Forest;-23.681968999999999;44.598444000000001;NA;39321;08_Aug;pre_repro;NA;NA;NA;gris;254;121;618;2634;346;150;196;280;215;280;215;5511;1498;32;1046;3626;121;3232;121;gris_Beza;gris_Beza_ER;no
637;067B-A155;Beza_Mahafaly;adult;M;griseorufus;11;gris_Beza;22,5;#NV;30;22,5;#NV;#NV;#NV;37;#NV;8,25;88;145;41,5;NA;ER;NA;NA;NA;NA;NA;NA;NA;NA;NA;Spiny Forest;-23.681968999999999;44.598444000000001;NA;39296;08_Aug;pre_repro;NA;NA;NA;gris;254;121;618;2634;346;150;196;280;215;280;215;5511;1498;32;1046;3626;121;3232;121;gris_Beza;gris_Beza_ER;no
638;0682-B0DB;Beza_Mahafaly;adult;M;griseorufus;11;gris_Beza;21,7;#NV;30,7;21,5;#NV;#NV;#NV;36,35;#NV;8,25;87;147;42;NA;ER;NA;NA;NA;NA;NA;NA;NA;NA;NA;Ihazoara;-23.681968999999999;44.598444000000001;NA;39306;08_Aug;pre_repro;NA;NA;NA;gris;254;121;618;2634;346;150;196;280;215;280;215;5511;1498;32;1046;3626;121;3232;121;gris_Beza;gris_Beza_ER;no
639;067B-7C73;Beza_Mahafaly;adult;M;griseorufus;11;gris_Beza;22,6;#NV;31,7;20,7;#NV;#NV;#NV;38;#NV;8,25;82;147;44;NA;ER;NA;NA;NA;NA;NA;NA;NA;NA;NA;Spiny Forest;-23.681968999999999;44.598444000000001;NA;39311;08_Aug;pre_repro;NA;NA;NA;gris;254;121;618;2634;346;150;196;280;215;280;215;5511;1498;32;1046;3626;121;3232;121;gris_Beza;gris_Beza_ER;no
640;067B-997B;Beza_Mahafaly;adult;M;griseorufus;11;gris_Beza;21,5;#NV;32,5;19,6;#NV;#NV;#NV;35,75;#NV;9,5;87;143;45;NA;ER;NA;NA;NA;NA;NA;NA;NA;NA;NA;Gallery Forest;-23.681968999999999;44.598444000000001;NA;39310;08_Aug;pre_repro;NA;NA;NA;gris;254;121;618;2634;346;150;196;280;215;280;215;5511;1498;32;1046;3626;121;3232;121;gris_Beza;gris_Beza_ER;no
641;067B-7C35;Beza_Mahafaly;adult;M;griseorufus;11;gris_Beza;22,2;#NV;30,5;23,9;#NV;#NV;#NV;36;#NV;8,5;97;143;45;NA;ER;NA;NA;NA;NA;NA;NA;NA;NA;NA;Ihazoara;-23.681968999999999;44.598444000000001;NA;39305;08_Aug;pre_repro;NA;NA;NA;gris;254;121;618;2634;346;150;196;280;215;280;215;5511;1498;32;1046;3626;121;3232;121;gris_Beza;gris_Beza_ER;no
642;067B-8BE5;Beza_Mahafaly;adult;M;griseorufus;11;gris_Beza;21,15;#NV;32,9;20,5;#NV;#NV;#NV;36;#NV;9,5;83;143;45,5;NA;ER;NA;NA;NA;NA;NA;NA;NA;NA;NA;Gallery Forest;-23.681968999999999;44.598444000000001;NA;39320;08_Aug;pre_repro;NA;NA;NA;gris;254;121;618;2634;346;150;196;280;215;280;215;5511;1498;32;1046;3626;121;3232;121;gris_Beza;gris_Beza_ER;no
643;0682-9F0D;Beza_Mahafaly;adult;F;griseorufus;11;gris_Beza;22,5;#NV;31,1;21,4;#NV;#NV;#NV;36;#NV;8,25;84;141,5;46;NA;ER;NA;NA;NA;NA;NA;NA;NA;NA;NA;Spiny Forest;-23.681968999999999;44.598444000000001;NA;39305;08_Aug;pre_repro;NA;NA;NA;gris;254;121;618;2634;346;150;196;280;215;280;215;5511;1498;32;1046;3626;121;3232;121;gris_Beza;gris_Beza_ER;no
644;067B-8358;Beza_Mahafaly;adult;M;griseorufus;11;gris_Beza;22,6;#NV;31,9;22;#NV;#NV;#NV;38;#NV;8,5;85;139,5;49,5;NA;ER;NA;NA;NA;NA;NA;NA;NA;NA;NA;Spiny Forest;-23.681968999999999;44.598444000000001;NA;39321;08_Aug;pre_repro;NA;NA;NA;gris;254;121;618;2634;346;150;196;280;215;280;215;5511;1498;32;1046;3626;121;3232;121;gris_Beza;gris_Beza_ER;no
645;0682-B244;Beza_Mahafaly;adult;M;griseorufus;11;gris_Beza;23,7;#NV;32;20,5;#NV;#NV;#NV;39;#NV;9,5;#NV;145;49,5;NA;ER;NA;NA;NA;NA;NA;NA;NA;NA;NA;Gallery Forest;-23.681968999999999;44.598444000000001;NA;39297;08_Aug;pre_repro;NA;NA;NA;gris;254;121;618;2634;346;150;196;280;215;280;215;5511;1498;32;1046;3626;121;3232;121;gris_Beza;gris_Beza_ER;no
646;0682-A566;Beza_Mahafaly;adult;M;griseorufus;11;gris_Beza;22,56;#NV;31,9;22,3;#NV;#NV;#NV;38;#NV;8,25;93;142;50;NA;ER;NA;NA;NA;NA;NA;NA;NA;NA;NA;Spiny Forest;-23.681968999999999;44.598444000000001;NA;39302;08_Aug;pre_repro;NA;NA;NA;gris;254;121;618;2634;346;150;196;280;215;280;215;5511;1498;32;1046;3626;121;3232;121;gris_Beza;gris_Beza_ER;no
647;067B-9A8B;Beza_Mahafaly;adult;M;griseorufus;11;gris_Beza;20,6;#NV;32,5;23,8;#NV;#NV;#NV;36,25;#NV;8,5;101;147;52,5;NA;ER;NA;NA;NA;NA;NA;NA;NA;NA;NA;Ihazoara;-23.681968999999999;44.598444000000001;NA;39314;08_Aug;pre_repro;NA;NA;NA;gris;254;121;618;2634;346;150;196;280;215;280;215;5511;1498;32;1046;3626;121;3232;121;gris_Beza;gris_Beza_ER;no
648;067B-85A3;Beza_Mahafaly;adult;M;griseorufus;11;gris_Beza;22;#NV;33,3;22;#NV;#NV;#NV;38;#NV;9,75;94;154;53;NA;ER;NA;NA;NA;NA;NA;NA;NA;NA;NA;Gallery Forest;-23.681968999999999;44.598444000000001;NA;39297;08_Aug;pre_repro;NA;NA;NA;gris;254;121;618;2634;346;150;196;280;215;280;215;5511;1498;32;1046;3626;121;3232;121;gris_Beza;gris_Beza_ER;no
649;067B-8437;Beza_Mahafaly;adult;F;griseorufus;11;gris_Beza;20;#NV;34,4;20;#NV;#NV;#NV;38;#NV;9,25;94;158;56,5;NA;ER;NA;NA;NA;NA;NA;NA;NA;NA;NA;Gallery Forest;-23.681968999999999;44.598444000000001;NA;39311;08_Aug;pre_repro;NA;NA;NA;gris;254;121;618;2634;346;150;196;280;215;280;215;5511;1498;32;1046;3626;121;3232;121;gris_Beza;gris_Beza_ER;no
650;067B-9013;Beza_Mahafaly;adult;M;griseorufus;11;gris_Beza;22,68;#NV;33,1;21,7;#NV;#NV;#NV;36,25;#NV;8,75;103;149;57,5;NA;ER;NA;NA;NA;NA;NA;NA;NA;NA;NA;Ihazoara;-23.681968999999999;44.598444000000001;NA;39316;08_Aug;pre_repro;NA;NA;NA;gris;254;121;618;2634;346;150;196;280;215;280;215;5511;1498;32;1046;3626;121;3232;121;gris_Beza;gris_Beza_ER;no
651;067B-973F;Beza_Mahafaly;adult;F;griseorufus;11;gris_Beza;22,4;#NV;31,9;23,7;#NV;#NV;#NV;35;#NV;8;87;140;45;NA;ER;NA;NA;NA;NA;NA;NA;NA;NA;NA;Spiny Forest;-23.681968999999999;44.598444000000001;NA;39328;09_Sep;repro;NA;NA;NA;gris;254;121;618;2634;346;150;196;280;215;280;215;5511;1498;32;1046;3626;121;3232;121;gris_Beza;gris_Beza_ER;no
652;067B-979E;Beza_Mahafaly;adult;F;griseorufus;11;gris_Beza;22,4;#NV;31,5;22;#NV;#NV;#NV;37;#NV;8,25;91;141;47;NA;ER;NA;NA;NA;NA;NA;NA;NA;NA;NA;Spiny Forest;-23.681968999999999;44.598444000000001;NA;39327;09_Sep;repro;NA;NA;NA;gris;254;121;618;2634;346;150;196;280;215;280;215;5511;1498;32;1046;3626;121;3232;121;gris_Beza;gris_Beza_ER;no
653;0679-A31D;Beza_Mahafaly;adult;F;griseorufus;11;gris_Beza;21,5;#NV;34;20,1;#NV;#NV;#NV;37,75;#NV;9;84;139;47,5;NA;ER;NA;NA;NA;NA;NA;NA;NA;NA;NA;Gallery Forest;-23.681968999999999;44.598444000000001;NA;39336;09_Sep;repro;NA;NA;NA;gris;254;121;618;2634;346;150;196;280;215;280;215;5511;1498;32;1046;3626;121;3232;121;gris_Beza;gris_Beza_ER;no
654;067B-9522;Beza_Mahafaly;adult;M;griseorufus;11;gris_Beza;22,25;#NV;32,9;21,1;#NV;#NV;#NV;39;#NV;9,75;84;147;52;NA;ER;NA;NA;NA;NA;NA;NA;NA;NA;NA;Gallery Forest;-23.681968999999999;44.598444000000001;NA;39328;09_Sep;repro;NA;NA;NA;gris;254;121;618;2634;346;150;196;280;215;280;215;5511;1498;32;1046;3626;121;3232;121;gris_Beza;gris_Beza_ER;no
655;067B-9D23;Beza_Mahafaly;adult;M;griseorufus;11;gris_Beza;22,6;#NV;33,6;21;#NV;#NV;#NV;39;#NV;9,75;95;149;55;NA;ER;NA;NA;NA;NA;NA;NA;NA;NA;NA;Gallery Forest;-23.681968999999999;44.598444000000001;NA;39331;09_Sep;repro;NA;NA;NA;gris;254;121;618;2634;346;150;196;280;215;280;215;5511;1498;32;1046;3626;121;3232;121;gris_Beza;gris_Beza_ER;no
656;067B-9C2C;Beza_Mahafaly;adult;F;griseorufus;11;gris_Beza;20;#NV;35;20,1;#NV;#NV;#NV;38;#NV;9,25;90;158;56;NA;ER;NA;NA;NA;NA;NA;NA;NA;NA;NA;Gallery Forest;-23.681968999999999;44.598444000000001;NA;39334;09_Sep;repro;NA;NA;NA;gris;254;121;618;2634;346;150;196;280;215;280;215;5511;1498;32;1046;3626;121;3232;121;gris_Beza;gris_Beza_ER;no
657;067B-82DB;Beza_Mahafaly;adult;F;griseorufus;11;gris_Beza;21,84;#NV;33;23,11;#NV;#NV;#NV;37,5;#NV;9;95;141;56,5;NA;ER;NA;NA;NA;NA;NA;NA;NA;NA;NA;Ihazoara;-23.681968999999999;44.598444000000001;NA;39338;09_Sep;repro;NA;NA;NA;gris;254;121;618;2634;346;150;196;280;215;280;215;5511;1498;32;1046;3626;121;3232;121;gris_Beza;gris_Beza_ER;no
660;0659-D356;Beza_Mahafaly;adult;F;griseorufus;11;gris_Beza;21,2;#NV;32,6;19,5;#NV;#NV;#NV;38,75;#NV;8,25;90;132,5;38;NA;ER;NA;NA;NA;NA;NA;NA;NA;NA;NA;Gallery Forest;-23.681968999999999;44.598444000000001;NA;39010;10_Oct;repro;NA;NA;NA;gris;254;121;618;2634;346;150;196;280;215;280;215;5511;1498;32;1046;3626;121;3232;121;gris_Beza;gris_Beza_ER;no
661;0659-FE7B;Beza_Mahafaly;adult;F;griseorufus;11;gris_Beza;22;#NV;29,9;21,2;#NV;#NV;#NV;45;#NV;8;100;137,5;39,5;NA;ER;NA;NA;NA;NA;NA;NA;NA;NA;NA;Spiny Forest;-23.681968999999999;44.598444000000001;NA;39010;10_Oct;repro;NA;NA;NA;gris;254;121;618;2634;346;150;196;280;215;280;215;5511;1498;32;1046;3626;121;3232;121;gris_Beza;gris_Beza_ER;no
662;0658-57EA;Beza_Mahafaly;adult;M;griseorufus;11;gris_Beza;22,31;#NV;32,8;19;#NV;#NV;#NV;38,5;#NV;9,75;87;141;40;NA;ER;NA;NA;NA;NA;NA;NA;NA;NA;NA;Gallery Forest;-23.681968999999999;44.598444000000001;NA;39012;10_Oct;repro;NA;NA;NA;gris;254;121;618;2634;346;150;196;280;215;280;215;5511;1498;32;1046;3626;121;3232;121;gris_Beza;gris_Beza_ER;no
663;065A-2927;Beza_Mahafaly;adult;F;griseorufus;11;gris_Beza;22,2;#NV;29,5;19,9;#NV;#NV;#NV;38;#NV;7,5;90;130;40,5;NA;ER;NA;NA;NA;NA;NA;NA;NA;NA;NA;Spiny Forest;-23.681968999999999;44.598444000000001;NA;39006;10_Oct;repro;NA;NA;NA;gris;254;121;618;2634;346;150;196;280;215;280;215;5511;1498;32;1046;3626;121;3232;121;gris_Beza;gris_Beza_ER;no
664;0659-BCC9;Beza_Mahafaly;adult;F;griseorufus;11;gris_Beza;21,8;#NV;30;20;#NV;#NV;#NV;34;#NV;8,25;82;138;42;NA;ER;NA;NA;NA;NA;NA;NA;NA;NA;NA;Spiny Forest;-23.681968999999999;44.598444000000001;NA;39007;10_Oct;repro;NA;NA;NA;gris;254;121;618;2634;346;150;196;280;215;280;215;5511;1498;32;1046;3626;121;3232;121;gris_Beza;gris_Beza_ER;no
665;0659-A5A6;Beza_Mahafaly;adult;M;griseorufus;11;gris_Beza;23;#NV;32,4;19,9;#NV;#NV;#NV;38;#NV;9;95;141;43;NA;ER;NA;NA;NA;NA;NA;NA;NA;NA;NA;Gallery Forest;-23.681968999999999;44.598444000000001;NA;39001;10_Oct;repro;NA;NA;NA;gris;254;121;618;2634;346;150;196;280;215;280;215;5511;1498;32;1046;3626;121;3232;121;gris_Beza;gris_Beza_ER;no
666;0659-A046;Beza_Mahafaly;adult;F;griseorufus;11;gris_Beza;21,8;#NV;30,2;23,1;#NV;#NV;#NV;34,25;#NV;8;83;139;44;NA;ER;NA;NA;NA;NA;NA;NA;NA;NA;NA;Spiny Forest;-23.681968999999999;44.598444000000001;NA;39013;10_Oct;repro;NA;NA;NA;gris;254;121;618;2634;346;150;196;280;215;280;215;5511;1498;32;1046;3626;121;3232;121;gris_Beza;gris_Beza_ER;no
667;0659-ACE3;Beza_Mahafaly;adult;M;griseorufus;11;gris_Beza;22,3;#NV;30,2;24;#NV;#NV;#NV;36,25;#NV;8,5;96;147;45;NA;ER;NA;NA;NA;NA;NA;NA;NA;NA;NA;Ihazoara;-23.681968999999999;44.598444000000001;NA;39010;10_Oct;repro;NA;NA;NA;gris;254;121;618;2634;346;150;196;280;215;280;215;5511;1498;32;1046;3626;121;3232;121;gris_Beza;gris_Beza_ER;no
668;0659-DA1E;Beza_Mahafaly;adult;M;griseorufus;11;gris_Beza;21,5;#NV;32,5;20;#NV;#NV;#NV;36,5;#NV;9;83;142;46;NA;ER;NA;NA;NA;NA;NA;NA;NA;NA;NA;Gallery Forest;-23.681968999999999;44.598444000000001;NA;39010;10_Oct;repro;NA;NA;NA;gris;254;121;618;2634;346;150;196;280;215;280;215;5511;1498;32;1046;3626;121;3232;121;gris_Beza;gris_Beza_ER;no
669;065A-0C04;Beza_Mahafaly;adult;F;griseorufus;11;gris_Beza;21,8;#NV;30,2;22,1;#NV;#NV;#NV;38;#NV;8,5;87;140;46,5;NA;ER;NA;NA;NA;NA;NA;NA;NA;NA;NA;Spiny Forest;-23.681968999999999;44.598444000000001;NA;39010;10_Oct;repro;NA;NA;NA;gris;254;121;618;2634;346;150;196;280;215;280;215;5511;1498;32;1046;3626;121;3232;121;gris_Beza;gris_Beza_ER;no
670;0659-DF6F;Beza_Mahafaly;adult;M;griseorufus;11;gris_Beza;19,75;#NV;30,2;23,2;#NV;#NV;#NV;34,5;#NV;8,5;87;147;47;NA;ER;NA;NA;NA;NA;NA;NA;NA;NA;NA;Ihazoara;-23.681968999999999;44.598444000000001;NA;39011;10_Oct;repro;NA;NA;NA;gris;254;121;618;2634;346;150;196;280;215;280;215;5511;1498;32;1046;3626;121;3232;121;gris_Beza;gris_Beza_ER;no
671;0659-2687;Beza_Mahafaly;adult;F;griseorufus;11;gris_Beza;21,5;#NV;34;20,3;#NV;#NV;#NV;37,75;#NV;8,75;89;136;47;NA;ER;NA;NA;NA;NA;NA;NA;NA;NA;NA;Gallery Forest;-23.681968999999999;44.598444000000001;NA;39006;10_Oct;repro;NA;NA;NA;gris;254;121;618;2634;346;150;196;280;215;280;215;5511;1498;32;1046;3626;121;3232;121;gris_Beza;gris_Beza_ER;no
672;0658-5DF4;Beza_Mahafaly;adult;M;griseorufus;11;gris_Beza;20;#NV;30,4;23,8;#NV;#NV;#NV;35;#NV;8,5;89;145;48;NA;ER;NA;NA;NA;NA;NA;NA;NA;NA;NA;Ihazoara;-23.681968999999999;44.598444000000001;NA;39010;10_Oct;repro;NA;NA;NA;gris;254;121;618;2634;346;150;196;280;215;280;215;5511;1498;32;1046;3626;121;3232;121;gris_Beza;gris_Beza_ER;no
673;0659-9FC3;Beza_Mahafaly;adult;M;griseorufus;11;gris_Beza;21,45;#NV;32,1;20;#NV;#NV;#NV;34,5;#NV;9,5;87;144;48;NA;ER;NA;NA;NA;NA;NA;NA;NA;NA;NA;Gallery Forest;-23.681968999999999;44.598444000000001;NA;39004;10_Oct;repro;NA;NA;NA;gris;254;121;618;2634;346;150;196;280;215;280;215;5511;1498;32;1046;3626;121;3232;121;gris_Beza;gris_Beza_ER;no
674;0659-F697;Beza_Mahafaly;adult;F;griseorufus;11;gris_Beza;21,5;#NV;34;20,1;#NV;#NV;#NV;35;#NV;8,75;90;138;48;NA;ER;NA;NA;NA;NA;NA;NA;NA;NA;NA;Gallery Forest;-23.681968999999999;44.598444000000001;NA;39011;10_Oct;repro;NA;NA;NA;gris;254;121;618;2634;346;150;196;280;215;280;215;5511;1498;32;1046;3626;121;3232;121;gris_Beza;gris_Beza_ER;no
675;065A-17A9;Beza_Mahafaly;adult;F;griseorufus;11;gris_Beza;22,4;#NV;30,7;22,7;#NV;#NV;#NV;38;#NV;8,5;95;139;48;NA;ER;NA;NA;NA;NA;NA;NA;NA;NA;NA;Spiny Forest;-23.681968999999999;44.598444000000001;NA;39019;10_Oct;repro;NA;NA;NA;gris;254;121;618;2634;346;150;196;280;215;280;215;5511;1498;32;1046;3626;121;3232;121;gris_Beza;gris_Beza_ER;no
676;0659-A10B;Beza_Mahafaly;adult;F;griseorufus;11;gris_Beza;22,5;#NV;30,9;22,6;#NV;#NV;#NV;39;#NV;8,5;90;139,5;48;NA;ER;NA;NA;NA;NA;NA;NA;NA;NA;NA;Spiny Forest;-23.681968999999999;44.598444000000001;NA;39004;10_Oct;repro;NA;NA;NA;gris;254;121;618;2634;346;150;196;280;215;280;215;5511;1498;32;1046;3626;121;3232;121;gris_Beza;gris_Beza_ER;no
677;065A-18AB;Beza_Mahafaly;adult;M;griseorufus;11;gris_Beza;22,5;#NV;30,7;21,75;#NV;#NV;#NV;38;#NV;8,5;90;140;48;NA;ER;NA;NA;NA;NA;NA;NA;NA;NA;NA;Spiny Forest;-23.681968999999999;44.598444000000001;NA;39007;10_Oct;repro;NA;NA;NA;gris;254;121;618;2634;346;150;196;280;215;280;215;5511;1498;32;1046;3626;121;3232;121;gris_Beza;gris_Beza_ER;no
678;063B-F118;Beza_Mahafaly;adult;F;griseorufus;11;gris_Beza;22,5;#NV;31;22;#NV;#NV;#NV;38;#NV;8,5;90;140;49;NA;ER;NA;NA;NA;NA;NA;NA;NA;NA;NA;Spiny Forest;-23.681968999999999;44.598444000000001;NA;39018;10_Oct;repro;NA;NA;NA;gris;254;121;618;2634;346;150;196;280;215;280;215;5511;1498;32;1046;3626;121;3232;121;gris_Beza;gris_Beza_ER;no
679;0659-AE95;Beza_Mahafaly;adult;F;griseorufus;11;gris_Beza;20;#NV;34,3;22,4;#NV;#NV;#NV;37;#NV;9;107;145;50;NA;ER;NA;NA;NA;NA;NA;NA;NA;NA;NA;Gallery Forest;-23.681968999999999;44.598444000000001;NA;39013;10_Oct;repro;NA;NA;NA;gris;254;121;618;2634;346;150;196;280;215;280;215;5511;1498;32;1046;3626;121;3232;121;gris_Beza;gris_Beza_ER;no
680;0652-B71E;Beza_Mahafaly;adult;F;griseorufus;11;gris_Beza;20,7;#NV;34,1;22,2;#NV;#NV;#NV;37,75;#NV;8,75;85;154;51;NA;ER;NA;NA;NA;NA;NA;NA;NA;NA;NA;Gallery Forest;-23.681968999999999;44.598444000000001;NA;39009;10_Oct;repro;NA;NA;NA;gris;254;121;618;2634;346;150;196;280;215;280;215;5511;1498;32;1046;3626;121;3232;121;gris_Beza;gris_Beza_ER;no
681;0659-C0B9;Beza_Mahafaly;adult;F;griseorufus;11;gris_Beza;22,2;#NV;34,5;23,2;#NV;#NV;#NV;38,75;#NV;9,25;109;156;53;NA;ER;NA;NA;NA;NA;NA;NA;NA;NA;NA;Gallery Forest;-23.681968999999999;44.598444000000001;NA;39008;10_Oct;repro;NA;NA;NA;gris;254;121;618;2634;346;150;196;280;215;280;215;5511;1498;32;1046;3626;121;3232;121;gris_Beza;gris_Beza_ER;no
682;065A-0E6B;Beza_Mahafaly;adult;F;griseorufus;11;gris_Beza;23,4;#NV;32,3;21,55;#NV;#NV;#NV;37,5;#NV;9;95;145;53;NA;ER;NA;NA;NA;NA;NA;NA;NA;NA;NA;Ihazoara;-23.681968999999999;44.598444000000001;NA;39013;10_Oct;repro;NA;NA;NA;gris;254;121;618;2634;346;150;196;280;215;280;215;5511;1498;32;1046;3626;121;3232;121;gris_Beza;gris_Beza_ER;no
683;063C-09A1;Beza_Mahafaly;adult;M;griseorufus;11;gris_Beza;22,4;#NV;33,2;22,7;#NV;#NV;#NV;38,25;#NV;9,75;93;151;54;NA;ER;NA;NA;NA;NA;NA;NA;NA;NA;NA;Gallery Forest;-23.681968999999999;44.598444000000001;NA;39000;10_Oct;repro;NA;NA;NA;gris;254;121;618;2634;346;150;196;280;215;280;215;5511;1498;32;1046;3626;121;3232;121;gris_Beza;gris_Beza_ER;no
684;0659-DC21;Beza_Mahafaly;adult;F;griseorufus;11;gris_Beza;22,1;#NV;30,3;23,5;#NV;#NV;#NV;35,5;#NV;8,25;87;138;45;NA;ER;NA;NA;NA;NA;NA;NA;NA;NA;NA;Spiny Forest;-23.681968999999999;44.598444000000001;NA;39404;11_Nov;repro;NA;NA;NA;gris;254;121;618;2634;346;150;196;280;215;280;215;5511;1498;32;1046;3626;121;3232;121;gris_Beza;gris_Beza_ER;no
685;065A-2E28;Beza_Mahafaly;adult;M;griseorufus;11;gris_Beza;23,05;#NV;31,6;20,4;#NV;#NV;#NV;38,5;#NV;8,5;97;142;45;NA;ER;NA;NA;NA;NA;NA;NA;NA;NA;NA;Spiny Forest;-23.681968999999999;44.598444000000001;NA;39038;11_Nov;repro;NA;NA;NA;gris;254;121;618;2634;346;150;196;280;215;280;215;5511;1498;32;1046;3626;121;3232;121;gris_Beza;gris_Beza_ER;no
686;0659-B7F2;Beza_Mahafaly;adult;F;griseorufus;11;gris_Beza;22,12;#NV;32,3;22,5;#NV;#NV;#NV;37;#NV;9;93;145;54,5;NA;ER;NA;NA;NA;NA;NA;NA;NA;NA;NA;Spiny Forest;-23.681968999999999;44.598444000000001;NA;39042;11_Nov;repro;NA;NA;NA;gris;254;121;618;2634;346;150;196;280;215;280;215;5511;1498;32;1046;3626;121;3232;121;gris_Beza;gris_Beza_ER;no
688;0659-5ED4;Beza_Mahafaly;adult;M;griseorufus;11;gris_Beza;21,8;#NV;30,5;21,4;#NV;#NV;#NV;36;#NV;8;90;148;42;NA;ER;NA;NA;NA;NA;NA;NA;NA;NA;NA;Ihazoara;-23.681968999999999;44.598444000000001;NA;39062;12_Dec;repro;NA;NA;NA;gris;254;121;618;2634;346;150;196;280;215;280;215;5511;1498;32;1046;3626;121;3232;121;gris_Beza;gris_Beza_ER;no
689;0652-C187;Beza_Mahafaly;adult;M;griseorufus;11;gris_Beza;21,5;#NV;32;20,3;#NV;#NV;#NV;36,5;#NV;9,5;83;142;44;NA;ER;NA;NA;NA;NA;NA;NA;NA;NA;NA;Gallery Forest;-23.681968999999999;44.598444000000001;NA;39071;12_Dec;repro;NA;NA;NA;gris;254;121;618;2634;346;150;196;280;215;280;215;5511;1498;32;1046;3626;121;3232;121;gris_Beza;gris_Beza_ER;no
690;0658-566B;Beza_Mahafaly;adult;M;griseorufus;11;gris_Beza;24,75;#NV;33,8;22,9;#NV;#NV;#NV;40;#NV;9;108;152;63;NA;ER;NA;NA;NA;NA;NA;NA;NA;NA;NA;Spiny Forest;-23.681968999999999;44.598444000000001;NA;39064;12_Dec;repro;NA;NA;NA;gris;254;121;618;2634;346;150;196;280;215;280;215;5511;1498;32;1046;3626;121;3232;121;gris_Beza;gris_Beza_ER;no
691;0659-DEF1;Beza_Mahafaly;adult;F;griseorufus;11;gris_Beza;20,5;#NV;36,2;22,3;#NV;#NV;#NV;36;#NV;9,75;110;158;78;NA;ER;NA;NA;NA;NA;NA;NA;NA;NA;NA;Gallery Forest;-23.681968999999999;44.598444000000001;NA;39056;12_Dec;repro;NA;NA;NA;gris;254;121;618;2634;346;150;196;280;215;280;215;5511;1498;32;1046;3626;121;3232;121;gris_Beza;gris_Beza_ER;no
692;0659-D0EF;Beza_Mahafaly;adult;F;griseorufus;11;gris_Beza;20,7;#NV;36,7;24,9;#NV;#NV;#NV;37,5;#NV;10;110;160;89;NA;ER;NA;NA;NA;NA;NA;NA;NA;NA;NA;Gallery Forest;-23.681968999999999;44.598444000000001;NA;39053;12_Dec;repro;NA;NA;NA;gris;254;121;618;2634;346;150;196;280;215;280;215;5511;1498;32;1046;3626;121;3232;121;gris_Beza;gris_Beza_ER;no
727;SSF27;Kianjavato;adult;F;jollyae;4;joll;#NV;#NV;#NV;#NV;#NV;#NV;8,3;#NV;#NV;#NV;81,94;137,17;50;NA;NKG;NA;NA;NA;NA;NA;NA;closed;NA;NA;NA;-21.353083000000002;47.829216000000002;NA;43287;07_Jul;pre_repro;NA;NA;NA;joll;210;73;514;2460;274;133;141;237;179;238;175;25076;4287;802;617;12227;2691;11460;2724;joll;joll_NKG;no
728;SSM16;Kianjavato;adult;M;jollyae;4;joll;#NV;#NV;#NV;#NV;#NV;#NV;9,32;#NV;#NV;#NV;83,64;139,64;54;NA;NKG;NA;7.14;7.95;12.26;11.55;enlarged;N/A;NA;NA;NA;-21.353083000000002;47.829216000000002;NA;43285;07_Jul;pre_repro;NA;NA;NA;joll;210;73;514;2460;274;133;141;237;179;238;175;25076;4287;802;617;12227;2691;11460;2724;joll;joll_NKG;no
729;SSM15;Kianjavato;adult;M;jollyae;4;joll;#NV;#NV;#NV;#NV;#NV;#NV;9,69;#NV;#NV;#NV;80,66;141,93;56;NA;NKG;NA;6.34;7.62;15.42;13.35;enlarged;N/A;NA;NA;NA;-21.353083000000002;47.829216000000002;NA;43283;07_Jul;pre_repro;NA;NA;NA;joll;210;73;514;2460;274;133;141;237;179;238;175;25076;4287;802;617;12227;2691;11460;2724;joll;joll_NKG;no
730;SSM17;Kianjavato;adult;M;jollyae;4;joll;#NV;#NV;#NV;#NV;#NV;#NV;12,31;#NV;#NV;#NV;83,66;127,8;59;NA;NKG;NA;9.5299999999999994;10.45;16.39;18.91;enlarged;N/A;NA;NA;NA;-21.353083000000002;47.829216000000002;NA;43292;07_Jul;pre_repro;NA;NA;NA;joll;210;73;514;2460;274;133;141;237;179;238;175;25076;4287;802;617;12227;2691;11460;2724;joll;joll_NKG;no
731;SSM14;Kianjavato;adult;M;jollyae;4;joll;#NV;#NV;#NV;#NV;#NV;#NV;7,63;#NV;#NV;#NV;82,51;136,19;63;NA;NKG;NA;6.09;6.64;11.63;10.72;enlarged;N/A;NA;NA;NA;-21.353083000000002;47.829216000000002;NA;43283;07_Jul;pre_repro;NA;NA;NA;joll;210;73;514;2460;274;133;141;237;179;238;175;25076;4287;802;617;12227;2691;11460;2724;joll;joll_NKG;no
732;SSF26;Kianjavato;adult;F;jollyae;4;joll;#NV;#NV;#NV;#NV;#NV;#NV;9,56;#NV;#NV;#NV;96,65;127,14;80;NA;NKG;NA;NA;NA;NA;NA;NA;closed;NA;NA;NA;-21.353083000000002;47.829216000000002;NA;43283;07_Jul;pre_repro;NA;NA;NA;joll;210;73;514;2460;274;133;141;237;179;238;175;25076;4287;802;617;12227;2691;11460;2724;joll;joll_NKG;no
733;SSF31;Kianjavato;adult;F;jollyae;4;joll;#NV;#NV;#NV;#NV;#NV;#NV;10,6;#NV;#NV;#NV;79,5;139,51;55;NA;NKG;NA;NA;NA;NA;NA;NA;open;NA;NA;NA;-21.353083000000002;47.829216000000002;NA;43332;08_Aug;repro;NA;NA;NA;joll;210;73;514;2460;274;133;141;237;179;238;175;25076;4287;802;617;12227;2691;11460;2724;joll;joll_NKG;no
734;SSM24;Kianjavato;adult;M;jollyae;4;joll;#NV;#NV;#NV;#NV;#NV;#NV;9,27;#NV;#NV;#NV;83,72;125,66;58;NA;NKG;NA;10.18;8.7899999999999991;14.59;18.010000000000002;enlarged;N/A;NA;NA;NA;-21.353083000000002;47.829216000000002;NA;43334;08_Aug;repro;NA;NA;NA;joll;210;73;514;2460;274;133;141;237;179;238;175;25076;4287;802;617;12227;2691;11460;2724;joll;joll_NKG;no
735;SSF33;Kianjavato;adult;F;jollyae;4;joll;#NV;#NV;#NV;#NV;#NV;#NV;10,27;#NV;#NV;#NV;87,22;133,73;59;NA;NKG;NA;NA;NA;NA;NA;NA;open;NA;NA;NA;-21.353083000000002;47.829216000000002;NA;43336;08_Aug;repro;NA;NA;NA;joll;210;73;514;2460;274;133;141;237;179;238;175;25076;4287;802;617;12227;2691;11460;2724;joll;joll_NKG;no
736;SSM23;Kianjavato;adult;M;jollyae;4;joll;#NV;#NV;#NV;#NV;#NV;#NV;9,42;#NV;#NV;#NV;70,79;131,36;60;NA;NKG;NA;12.43;9.68;18.489999999999998;19.350000000000001;enlarged;N/A;NA;NA;NA;-21.353083000000002;47.829216000000002;NA;43334;08_Aug;repro;NA;NA;NA;joll;210;73;514;2460;274;133;141;237;179;238;175;25076;4287;802;617;12227;2691;11460;2724;joll;joll_NKG;no
737;SSF29;Kianjavato;adult;F;jollyae;4;joll;#NV;#NV;#NV;#NV;#NV;#NV;10,52;#NV;#NV;#NV;86,84;137,52;60;NA;NKG;NA;NA;NA;NA;NA;NA;closed;NA;NA;NA;-21.353083000000002;47.829216000000002;NA;43320;08_Aug;repro;NA;NA;NA;joll;210;73;514;2460;274;133;141;237;179;238;175;25076;4287;802;617;12227;2691;11460;2724;joll;joll_NKG;no
738;SSM20;Kianjavato;adult;M;jollyae;4;joll;#NV;#NV;#NV;#NV;#NV;#NV;12,73;#NV;#NV;#NV;76,62;125,63;62;NA;NKG;NA;10.36;10.9;23.96;21.01;enlarged;N/A;NA;NA;NA;-21.353083000000002;47.829216000000002;NA;43320;08_Aug;repro;NA;NA;NA;joll;210;73;514;2460;274;133;141;237;179;238;175;25076;4287;802;617;12227;2691;11460;2724;joll;joll_NKG;no
739;SSM21;Kianjavato;adult;M;jollyae;4;joll;#NV;#NV;#NV;#NV;#NV;#NV;10,49;#NV;#NV;#NV;72,21;126,94;62;NA;NKG;NA;10.48;10.02;18.510000000000002;14.74;enlarged;N/A;NA;NA;NA;-21.353083000000002;47.829216000000002;NA;43332;08_Aug;repro;NA;NA;NA;joll;210;73;514;2460;274;133;141;237;179;238;175;25076;4287;802;617;12227;2691;11460;2724;joll;joll_NKG;no
740;SSM19;Kianjavato;adult;M;jollyae;4;joll;#NV;#NV;#NV;#NV;#NV;#NV;14,6;#NV;#NV;#NV;68,64;115,67;64;NA;NKG;NA;9.6;9.89;17.75;14.8;enlarged;N/A;NA;NA;NA;-21.353083000000002;47.829216000000002;NA;43318;08_Aug;repro;NA;NA;NA;joll;210;73;514;2460;274;133;141;237;179;238;175;25076;4287;802;617;12227;2691;11460;2724;joll;joll_NKG;no
741;SSF28;Kianjavato;adult;F;jollyae;4;joll;#NV;#NV;#NV;#NV;#NV;#NV;12,23;#NV;#NV;#NV;71,54;128,49;64;NA;NKG;NA;NA;NA;NA;NA;NA;closed;NA;NA;NA;-21.353083000000002;47.829216000000002;NA;43320;08_Aug;repro;NA;NA;NA;joll;210;73;514;2460;274;133;141;237;179;238;175;25076;4287;802;617;12227;2691;11460;2724;joll;joll_NKG;no
742;SSM25;Kianjavato;adult;M;jollyae;4;joll;#NV;#NV;#NV;#NV;#NV;#NV;11,56;#NV;#NV;#NV;85,99;136,24;67;NA;NKG;NA;8.73;9.35;16.61;16.309999999999999;enlarged;N/A;NA;NA;NA;-21.353083000000002;47.829216000000002;NA;43341;08_Aug;repro;NA;NA;NA;joll;210;73;514;2460;274;133;141;237;179;238;175;25076;4287;802;617;12227;2691;11460;2724;joll;joll_NKG;no
743;SSM18;Kianjavato;adult;M;jollyae;4;joll;#NV;#NV;#NV;#NV;#NV;#NV;9,99;#NV;#NV;#NV;84,89;104,83;70;NA;NKG;NA;11.92;10.82;16.93;14.43;enlarged;N/A;NA;NA;NA;-21.353083000000002;47.829216000000002;NA;43315;08_Aug;repro;NA;NA;NA;joll;210;73;514;2460;274;133;141;237;179;238;175;25076;4287;802;617;12227;2691;11460;2724;joll;joll_NKG;no
744;SSM22;Kianjavato;adult;M;jollyae;4;joll;#NV;#NV;#NV;#NV;#NV;#NV;9,42;#NV;#NV;#NV;80,93;142,97;70;NA;NKG;NA;10.48;9.51;18.68;18.309999999999999;enlarged;N/A;NA;NA;NA;-21.353083000000002;47.829216000000002;NA;43332;08_Aug;repro;NA;NA;NA;joll;210;73;514;2460;274;133;141;237;179;238;175;25076;4287;802;617;12227;2691;11460;2724;joll;joll_NKG;no
745;SSF32;Kianjavato;adult;F;jollyae;4;joll;#NV;#NV;#NV;#NV;#NV;#NV;11;#NV;#NV;#NV;79,41;130,49;71;NA;NKG;NA;NA;NA;NA;NA;NA;closed;NA;NA;NA;-21.353083000000002;47.829216000000002;NA;43332;08_Aug;repro;NA;NA;NA;joll;210;73;514;2460;274;133;141;237;179;238;175;25076;4287;802;617;12227;2691;11460;2724;joll;joll_NKG;no
746;SSF30;Kianjavato;adult;F;jollyae;4;joll;#NV;#NV;#NV;#NV;#NV;#NV;16,28;#NV;#NV;#NV;83,71;140,1;82;NA;NKG;NA;NA;NA;NA;NA;NA;closed;NA;NA;NA;-21.353083000000002;47.829216000000002;NA;43322;08_Aug;repro;NA;NA;NA;joll;210;73;514;2460;274;133;141;237;179;238;175;25076;4287;802;617;12227;2691;11460;2724;joll;joll_NKG;no
747;SSF35;Kianjavato;adult;F;jollyae;4;joll;#NV;#NV;#NV;#NV;#NV;#NV;9,47;#NV;#NV;#NV;87,04;128,36;71;NA;NKG;NA;NA;NA;NA;NA;NA;closed;NA;NA;NA;-21.353083000000002;47.829216000000002;NA;43413;11_Nov;repro;NA;NA;NA;joll;210;73;514;2460;274;133;141;237;179;238;175;25076;4287;802;617;12227;2691;11460;2724;joll;joll_NKG;no
748;B-MM-B24;Ambavala;adult;M;jonahi;9;jona;15,3;11,5;35,8;21,3;23,7;7,6;9;37,4;20,8;9,9;92,6;135;62;19.600000000000001;DS;17.600000000000001;8.1;9.6999999999999993;11.8;12.6;enlarged;NA;NA;caught in clearing with secondary trees, dorsal stripe, yellowish to white belly and ventral neck,1-2g feces in trap;NA;-16.194925000000001;49.597845999999997;282;42991;09_Sep;repro;no;B24;RADSEQ;jona;221;47;456;2087;275;171;104;247;212;247;194;37024;4524;1702;301;12812;5247;12812;7907;jona;jona_DS;no
749;B-MM-B13;Ambavala;adult;M;jonahi;9;jona;18;11,8;36,8;20;24,9;7;10,3;39,3;21,5;8,4;94;138;63;20.399999999999999;DS;18.600000000000001;9.6999999999999993;10.1;15.4;16.2;enlarged;NA;NA;caught in CoBa, dorsal stripe, yellowish to white belly, fur around head looked bit gray, maybe old individual;NA;-16.202280999999999;49.588577999999998;320;42989;09_Sep;repro;no;B13;RADSEQ;jona;217;49;462;2115;272;166;106;243;208;243;190;37089;4587;1692;306;12941;5229;12941;7863;jona;jona_DS;no
750;B-MF-BC1;Ambavala;adult;F;jonahi;9;jona;18;12,5;36,3;23,1;23,8;8,2;10,6;39,2;23;8,9;96,3;132;64;18.100000000000001;DS;NA;NA;NA;NA;NA;NA;closed;NA;big and robust individuum, belly and ventral neck pale yellow to white, dorsal stripe nearly absent;NA;-16.199763999999998;49.595655000000001;318;42995;09_Sep;repro;no;BC1;RADSEQ;jona;221;47;456;2087;275;171;104;247;212;247;194;37024;4524;1702;301;12812;5247;12812;7907;jona;jona_DS;no
751;B-MM-B34;Ambavala;adult;M;jonahi;9;jona;17,6;13,7;37,7;23;26;8,2;10;41,7;24,5;10,6;95,6;130;66;25.8;DS;19.5;10.3;11;19.3;19;enlarged;NA;NA;caught in CoBa, dorsal stripe (darker fur than the surrounding), whitish to slightly yellow fur at ventral neck, big testis, 1 g of feces in trap;NA;-16.205113000000001;49.589523;356;42984;09_Sep;repro;no;B34;RADSEQ;jona;217;49;462;2115;272;166;106;243;208;243;190;37089;4587;1692;306;12941;5229;12941;7863;jona;jona_DS;no
752;A-MM-A12;Antanambe;adult;M;jonahi;9;jona;18,7;13,5;36,7;21,4;24,9;7,3;10,1;38,1;22,5;11,6;95,9;128;50;34;DS;21.4;10.7;10.3;12.6;12.3;enlarged;NA;NA;caught along A-TL-05, yellowish belly, slightly orange to brown, uniformly colored back, small testis (dorso-ventral) compared to other catches of the area;NA;-16.452300999999999;49.796540999999998;226;42960;08_Aug;repro;no;A12;RADSEQ;jona;227;28;345;1947;265;183;82;246;218;250;201;40777;5215;1517;361;14789;4899;14463;7829;jona;jona_DS;no
753;A-MM-A13;Antanambe;adult;M;jonahi;9;jona;18,5;12,1;37,4;20,7;24;8,1;9,9;39,8;23;7,9;83,3;146;52;23;DS;16;9;7.4;17.2;18;enlarged;NA;NA;caught at way to study side at forest edge, yellowisch to orange ventral neck, no dorsal stripe, big testis (dorso-ventral);NA;-16.455200999999999;49.804036000000004;230;42971;08_Aug;repro;no;A13;RADSEQ;jona;229;28;340;1935;267;186;81;248;221;252;204;40439;5163;1499;362;14690;4846;14339;7748;jona;jona_DS;no
754;A-MM-A24;Antanambe;adult;M;jonahi;9;jona;17;12,1;32,8;21,3;25,4;8,1;9,1;40,1;22,6;10,9;82,8;146;53;29.8;DS;12.6;7;7.2;11.4;10.6;enlarged;NA;NA;caught along A-TL-04, yellowish to orange ventral neck, belly yellowish white, no dorsal stripe, caught in Longosa forest;NA;-16.458787000000001;49.802889;263;42969;08_Aug;repro;no;A24;RADSEQ;jona;228;28;341;1935;266;185;81;247;220;251;203;40611;5194;1497;364;14772;4843;14413;7767;jona;jona_DS;no
755;A-MM-A23;Antanambe;adult;M;jonahi;9;jona;18;13,5;35,9;21,6;23,2;7;11,4;38,4;22,9;10,4;94;137;54;28;DS;18.3;8.1999999999999993;8.6;15.3;16;enlarged;NA;NA;caught along A-TL-04, pale yellow to white colored belly, distinctive dorsal stripe;NA;-16.460173999999999;49.802750000000003;272;42962;08_Aug;repro;no;A23;RADSEQ;jona;228;28;341;1935;266;185;81;247;220;251;203;40611;5194;1497;364;14772;4843;14413;7767;jona;jona_DS;no
756;A-MF-AB1;Antanambe;adult;F;jonahi;9;jona;17;12,4;36,3;20,1;24,2;7,5;9,1;39,4;21,5;10,4;88,7;135;56;22.2;DS;NA;NA;NA;NA;NA;NA;closed;NA;caught at way to study site at forest edge, close to A-HT-05, whitish fur at belly with slightly yellow ventral neck, no dorsal stripe, 3g feces in trap (insects and seeds);NA;-16.455397999999999;49.804309000000003;228;42973;08_Aug;repro;no;AB1;RADSEQ;jona;229;28;340;1935;267;186;81;248;221;252;204;40439;5163;1499;362;14690;4846;14339;7748;jona;jona_DS;no
757;A-MM-A34;Antanambe;adult;M;jonahi;9;jona;17,6;14,7;34,5;22;24,7;8,1;11;44;23;8,7;100,1;133;63;22.6;DS;18.8;8.4;9.6;20.2;19.100000000000001;enlarged;NA;NA;caught at A-VP-01, yellowish to white ventral neck an belly, no dorsal stripe, bis testis (dorso-ventral), caught in exploited forest;NA;-16.438016999999999;49.815103000000001;42;42964;08_Aug;repro;no;A34;RADSEQ;jona;238;27;341;1870;275;196;79;256;229;261;213;39460;5013;1472;360;14323;4758;13964;7575;jona;jona_DS;no
758;B-MF-BD1;Antsiradrano;adult;F;jonahi;9;jona;17;12,4;39,7;20;26,7;7,5;10,4;41,1;24;10,4;103;151;64;22.4;DS;NA;NA;NA;NA;NA;NA;closed;NA;caught in CoBA near Antsiradrano, no dorsal stripe, whitish to slightly yellow neck, whitish belly fur,;NA;-16.183982;49.578397000000002;256;42982;09_Sep;repro;no;BD1;RADSEQ;jona;220;50;464;2131;276;169;107;246;211;246;192;36567;4468;1691;300;12667;5204;12667;7831;jona;jona_DS;no
765;MBB 032;Mananara_Nord;adult;M;jonahi;9;jona;16,44;#NV;35,54;21,6;#NV;#NV;11,04;#NV;#NV;#NV;#NV;126;49;NA;MBB;NA;10;NA;16;NA;enlarged;NA;NA;"degraded forest (2) on the side of more ""close"" canopy";NA;-16.312512000000002;49.794106999999997;300;42240;08_Aug;repro;NA;0007827893;NA;jona;226;26;331;1894;263;185;78;245;217;249;201;39893;4993;1597;339;14233;5079;13879;7932;jona;jona_MBB;no
767;MBB 025;Mananara_Nord;adult;M;jonahi;9;jona;16,9;#NV;35,5;22,62;#NV;#NV;11,66;#NV;#NV;#NV;#NV;121;53;NA;MBB;NA;9;NA;18.600000000000001;NA;enlarged;NA;NA;primary forest, high and fairly dense canopy, dominated by pakas and pandanus;well developed testes, LL:18.64, LW:9, no evidence of fattening, cuts/marks on ears, aggresion?;-16.307915000000001;49.791663999999997;377;42237;08_Aug;repro;NA;0007826954;RADSEQ;jona;224;26;327;1894;261;183;78;243;215;246;198;39931;4987;1606;337;14228;5100;13868;7962;jona;jona_MBB;no
768;MBB 020;Mananara_Nord;adult;M;jonahi;9;jona;16,4;#NV;35,66;21,36;#NV;#NV;11,1;#NV;#NV;#NV;#NV;131;53,5;NA;MBB;NA;7.3;NA;15.6;NA;enlarged;NA;NA;"degraded forest, lots of wild ginger ""longoza"", on the side of the most open canopy";well developed testes, LL:15.56, LW:7.26, no evidence of fattening, 1 louse removed from genital area;-16.31054;49.795513999999997;300;42231;08_Aug;repro;NA;00076F7FD0;RADSEQ;jona;226;26;331;1894;263;185;78;245;217;249;201;39893;4993;1597;339;14233;5079;13879;7932;jona;jona_MBB;no
769;MBB 021;Mananara_Nord;adult;M;jonahi;9;jona;16,52;#NV;35,4;21,38;#NV;#NV;10;#NV;#NV;#NV;#NV;131;54;NA;MBB;NA;10.8;NA;17.3;NA;enlarged;NA;NA;"degraded forest, lots of wild ginger ""longoza"", on the side of the more ""close""canopy near forest edge";well developed testes, LL:17.3, LW:10.8, no evidence of fattening, 2 lice removed from scalp, 1 mite from genital area;-16.311433000000001;49.795115000000003;312;42231;08_Aug;repro;NA;00075A276A;RADSEQ;jona;226;26;331;1894;263;185;78;245;217;249;201;39893;4993;1597;339;14233;5079;13879;7932;jona;jona_MBB;no
770;MBB 019;Mananara_Nord;adult;M;jonahi;9;jona;17,4;#NV;36,7;21,62;#NV;#NV;#NV;#NV;#NV;#NV;#NV;131,9;55;NA;MBB;NA;9.3000000000000007;NA;15.4;NA;enlarged;NA;NA;"degraded forest, lots of wild ginger ""longoza"", open canopy, close to forest edge";"well developed testes, LL:15.4, LW:9.24, no evidence of fattening, relatively large eyes, almost ""naked"" ears, pale reddish dorsal coat, creamy ventrally";-16.311340000000001;49.794637999999999;327;42229;08_Aug;repro;NA;000781979D;RADSEQ;jona;226;26;331;1894;263;185;78;245;217;249;201;39893;4993;1597;339;14233;5079;13879;7932;jona;jona_MBB;no
771;MBB 026;Mananara_Nord;adult;M;jonahi;9;jona;16,96;#NV;36,7;21,32;#NV;#NV;12,4;#NV;#NV;#NV;#NV;115,6;57;NA;MBB;NA;7.7;NA;17.899999999999999;NA;enlarged;NA;NA;"degraded forest (2) on the more ""open"" side close to wild ginger opening, only a few trees scattered around";relatively well developed testes, LL:17.9, LW:7.74, still shows a bit of fattening in his tail, looks similar to Tsinjoarivo individuals, relatively hairy ears;-16.312529000000001;49.794013;299;42238;08_Aug;repro;NA;00075A25D0;NA;jona;226;26;331;1894;263;185;78;245;217;249;201;39893;4993;1597;339;14233;5079;13879;7932;jona;jona_MBB;no
772;MBB 028;Mananara_Nord;adult;M;jonahi;9;jona;17,06;#NV;36,46;22,82;#NV;#NV;11,2;#NV;#NV;#NV;#NV;121,2;64;NA;MBB;NA;8.6;NA;15.8;NA;enlarged;NA;NA;"degraded forest (2) on the side of more ""close"" canopy";well developed testes, LL:15.8, LW:8.6, no evidence of fattening;-16.313462000000001;49.794260000000001;299;42239;08_Aug;repro;NA;00075BAD3B;RADSEQ;jona;226;26;331;1894;263;185;78;245;217;249;201;39893;4993;1597;339;14233;5079;13879;7932;jona;jona_MBB;no
777;B-MM-B23;Ambavala;adult;M;lehilahytsara;1;lehi_N;18;11,6;33,8;18,9;19,6;#NV;10,4;36,5;#NV;8,2;#NV;#NV;37;13.3;DS;NA;NA;NA;NA;NA;NA;NA;NA;caught together with B-MM-B12, juvenile with very dense and fluffy fur, dorsal stripe, whitish to yellow belly, more yellowisch ventral neck, sex maybe unclear;NA;-16.204273000000001;49.596496000000002;462;42987;09_Sep;repro;no;B23;RADSEQ;lehi_Ambavala;214;48;452;2110;269;164;105;240;205;240;187;37206;4583;1698;304;12941;5246;12941;7900;lehi_N;lehi_N_DS;no
778;B-MM-C12;Ambavala;adult;M;lehilahytsara;1;lehi_N;18,1;10,8;36,4;#NV;#NV;#NV;9,5;38;#NV;7,9;#NV;#NV;46;21.5;DS;0;0;0;0;0;regressed;NA;NA;trapped in small secondary patchwith the slope group, dorsal stripe, yellowish, more whitish belly and ventral neck, head bit reddish/orange, small juvenile, no testis, sex maybe unclear;NA;-16.197817000000001;49.599837999999998;237;42993;09_Sep;repro;no;C12;RADSEQ;lehi_Ambavala;221;47;456;2087;275;171;104;247;212;247;194;37024;4524;1702;301;12812;5247;12812;7907;lehi_N;lehi_N_DS;no
779;M01-06leng;Amparihimolengy;adult;M;lehilahytsara;1;lehi_mitt;16,5;12,1;34,3;#NV;#NV;#NV;9,3;38,7;21,9;8,7;68;116;50;21.6;GERP;17.2;NA;NA;14.9;15.3;enlarged;NA;NA;NA;NA;-15.407417000000001;49.135638999999998;NA;39064;12_Dec;repro;NA;NA;NA;mitt_S;187;75;573;2156;255;124;131;210;167;210;157;21634;4119;572;681;10891;2201;10891;3032;lehi_mitt;lehi_mitt_GERP;no
780;Perinet93;Andasibe;adult;F;lehilahytsara;1;lehi_S;#NV;11,1;#NV;#NV;#NV;#NV;#NV;#NV;#NV;#NV;#NV;100;35;NA;TH;NA;NA;NA;NA;NA;NA;closed;NA;red;NA;-20.075489000000001;44.631041000000003;NA;34234;09_Sep;repro;NA;NA;NA;lehi_Mantadia;259;111;649;1743;342;171;171;273;233;276;233;9685;3244;10;1313;7204;38;5107;38;lehi_S;lehi_S_TH;no
781;Perinet8;Andasibe;adult;F;lehilahytsara;1;lehi_S;#NV;11,1;#NV;#NV;#NV;#NV;#NV;#NV;#NV;#NV;85;118;39;21;TH;NA;NA;NA;NA;NA;NA;swollen;NA;red;NA;-20.075489000000001;44.631041000000003;NA;34625;10_Oct;repro;NA;NA;NA;lehi_Mantadia;259;111;649;1743;342;171;171;273;233;276;233;9685;3244;10;1313;7204;38;5107;38;lehi_S;lehi_S_TH;no
782;Perinet3;Andasibe;adult;M;lehilahytsara;1;lehi_S;#NV;9,8;#NV;#NV;#NV;#NV;#NV;#NV;#NV;#NV;72;115;45;25.05;TH;22.8;NA;NA;25;NA;enlarged;NA;NA;red;NA;-20.075489000000001;44.631041000000003;NA;34623;10_Oct;repro;NA;NA;NA;lehi_Mantadia;259;111;649;1743;342;171;171;273;233;276;233;9685;3244;10;1313;7204;38;5107;38;lehi_S;lehi_S_TH;no
792;M05-07hely;Anjiahely;adult;M;lehilahytsara;1;lehi_mitt;18,2;11,8;34,4;20;19,8;6,5;7,2;34,9;20;8;65;134;38;17;GERP;15.5;NA;NA;10.7;10.5;enlarged;NA;NA;NA;NA;-15.410861000000001;49.495305999999999;NA;39330;09_Sep;repro;NA;NA;NA;mitt_S;213;57;480;2321;276;158;118;241;204;241;183;32719;3889;1442;278;10837;4713;10837;7434;lehi_mitt;lehi_mitt_GERP;no
793;W10-07hely;Anjiahely;adult;F;lehilahytsara;1;lehi_mitt;18,6;11;33,8;20;20,5;7;8,7;34,6;21;8;65;127;38;17;GERP;NA;NA;NA;NA;NA;NA;closed;NA;NA;NA;-15.410861000000001;49.495305999999999;NA;39331;09_Sep;repro;NA;NA;RADSEQ;mitt_S;213;57;480;2321;276;158;118;241;204;241;183;32719;3889;1442;278;10837;4713;10837;7434;lehi_mitt;lehi_mitt_GERP;no
794;W08-07hely;Anjiahely;adult;F;lehilahytsara;1;lehi_mitt;18,7;11,9;34,5;19,9;20,9;5,6;7,8;34,2;21;8;70;120;39;19;GERP;NA;NA;NA;NA;NA;NA;closed;NA;NA;NA;-15.409139;49.493943999999999;NA;39330;09_Sep;repro;NA;NA;RADSEQ;mitt_S;213;57;480;2321;276;158;118;241;204;241;183;32719;3889;1442;278;10837;4713;10837;7434;lehi_mitt;lehi_mitt_GERP;no
795;M09-07hely;Anjiahely;adult;M;lehilahytsara;1;lehi_mitt;17,5;11,6;35,3;19;20,9;6,1;7,7;35,8;19,2;7,5;67;128;40;18;GERP;16.399999999999999;NA;NA;10.4;11;enlarged;NA;NA;NA;NA;-15.411194;49.496443999999997;NA;39331;09_Sep;repro;NA;NA;NA;mitt_S;213;57;480;2321;276;158;118;241;204;241;183;32719;3889;1442;278;10837;4713;10837;7434;lehi_mitt;lehi_mitt_GERP;no
796;M03-07hely;Anjiahely;adult;M;lehilahytsara;1;lehi_mitt;18,7;10,8;33,3;19,3;20,9;6;6,4;34,1;19,3;7,6;68;115;41;20;GERP;20.399999999999999;NA;NA;11.7;15.4;enlarged;NA;NA;NA;NA;-15.410861000000001;49.495305999999999;NA;39330;09_Sep;repro;NA;NA;NA;mitt_S;213;57;480;2321;276;158;118;241;204;241;183;32719;3889;1442;278;10837;4713;10837;7434;lehi_mitt;lehi_mitt_GERP;no
797;M15-07hely;Anjiahely;adult;M;lehilahytsara;1;lehi_mitt;15;12,1;34,7;19;#NV;7,1;8,2;33,7;18,1;8,6;70;100;42;16;GERP;17.8;NA;NA;15;14.1;enlarged;NA;NA;NA;NA;-15.411028;49.494528000000003;NA;39331;09_Sep;repro;NA;NA;NA;mitt_S;213;57;480;2321;276;158;118;241;204;241;183;32719;3889;1442;278;10837;4713;10837;7434;lehi_mitt;lehi_mitt_GERP;no
798;W17-07hely;Anjiahely;adult;F;lehilahytsara;1;lehi_mitt;17,1;11,3;33,7;20;19,6;5,8;6,6;33,4;18,2;8,6;73;118;42;20;GERP;NA;NA;NA;NA;NA;NA;closed;NA;NA;NA;-15.410583000000001;49.494528000000003;NA;39331;09_Sep;repro;NA;NA;NA;mitt_S;213;57;480;2321;276;158;118;241;204;241;183;32719;3889;1442;278;10837;4713;10837;7434;lehi_mitt;lehi_mitt_GERP;no
799;M06-07hely;Anjiahely;adult;M;lehilahytsara;1;lehi_mitt;19,9;12,4;34,2;18,1;19;6,4;8,9;35,6;20,7;7,9;72;115;43;18;GERP;21;NA;NA;12.3;13.9;enlarged;NA;NA;NA;NA;-15.410861000000001;49.495305999999999;NA;39330;09_Sep;repro;NA;NA;NA;mitt_S;213;57;480;2321;276;158;118;241;204;241;183;32719;3889;1442;278;10837;4713;10837;7434;lehi_mitt;lehi_mitt_GERP;no
800;M14-07hely;Anjiahely;adult;M;lehilahytsara;1;lehi_mitt;16,5;11;35,7;19;20,2;7,1;9,1;37,1;20;8;65;125;46;17;GERP;12.1;NA;NA;13.2;10.199999999999999;enlarged;NA;NA;NA;NA;-15.409750000000001;49.494028;NA;39331;09_Sep;repro;NA;NA;NA;mitt_S;213;57;480;2321;276;158;118;241;204;241;183;32719;3889;1442;278;10837;4713;10837;7434;lehi_mitt;lehi_mitt_GERP;no
801;M07-07hely;Anjiahely;adult;M;lehilahytsara;1;lehi_mitt;17,8;12,8;34,5;19,7;20,4;7,9;6,9;35,3;20,6;7,1;70;125;48;18;GERP;20.8;NA;NA;14.4;16.600000000000001;enlarged;NA;NA;NA;NA;-15.409139;49.493943999999999;NA;39330;09_Sep;repro;NA;NA;NA;mitt_S;213;57;480;2321;276;158;118;241;204;241;183;32719;3889;1442;278;10837;4713;10837;7434;lehi_mitt;lehi_mitt_GERP;no
802;M12-07hely;Anjiahely;adult;M;lehilahytsara;1;lehi_mitt;18,8;11,8;34,6;19,8;20,4;7;8,3;35,2;20;7,9;75;125;48;20;GERP;20;NA;NA;12.7;13.3;enlarged;NA;NA;NA;NA;-15.409972;49.495443999999999;NA;39331;09_Sep;repro;NA;NA;NA;mitt_S;213;57;480;2321;276;158;118;241;204;241;183;32719;3889;1442;278;10837;4713;10837;7434;lehi_mitt;lehi_mitt_GERP;no
803;W04-07hely;Anjiahely;adult;F;lehilahytsara;1;lehi_mitt;18,9;11;34,8;20;20,2;6,6;7,6;36,4;20,8;8,4;70;135;49;24;GERP;NA;NA;NA;NA;NA;NA;closed;NA;NA;NA;-15.410861000000001;49.495305999999999;NA;39330;09_Sep;repro;NA;NA;RADSEQ;mitt_S;213;57;480;2321;276;158;118;241;204;241;183;32719;3889;1442;278;10837;4713;10837;7434;lehi_mitt;lehi_mitt_GERP;no
804;M02-07hely;Anjiahely;adult;M;lehilahytsara;1;lehi_mitt;20;11,8;34,7;18,8;20,6;6,6;8;36,6;19,4;7,5;70;119;49;19;GERP;15.9;NA;NA;14.2;15.8;enlarged;NA;NA;NA;NA;-15.406222;49.498417000000003;NA;39329;09_Sep;repro;NA;NA;RADSEQ;mitt_S;213;57;479;2332;277;158;119;241;204;241;183;33090;3940;1457;278;10980;4767;10980;7504;lehi_mitt;lehi_mitt_GERP;no
805;M11-07hely;Anjiahely;adult;M;lehilahytsara;1;lehi_mitt;20;12;33,4;19;20,8;6,2;8;34,4;19,6;7,8;75;122;52;22;GERP;20.2;NA;NA;13;14.4;enlarged;NA;NA;NA;NA;-15.409306000000001;49.494083000000003;NA;39331;09_Sep;repro;NA;NA;NA;mitt_S;213;57;480;2321;276;158;118;241;204;241;183;32719;3889;1442;278;10837;4713;10837;7434;lehi_mitt;lehi_mitt_GERP;no
806;M13-07hely;Anjiahely;adult;M;lehilahytsara;1;lehi_mitt;19,8;13,8;35,3;21;21,6;6,5;8,3;37,9;20,1;7,7;80;135;58;21;GERP;23.4;NA;NA;14.6;14.8;enlarged;NA;NA;NA;NA;-15.410861000000001;49.495305999999999;NA;39331;09_Sep;repro;NA;NA;NA;mitt_S;213;57;480;2321;276;158;118;241;204;241;183;32719;3889;1442;278;10837;4713;10837;7434;lehi_mitt;lehi_mitt_GERP;no
807;M05-06hely;Anjiahely;adult;M;lehilahytsara;1;lehi_mitt;19,2;12,9;33;17,9;20,3;6,2;7,7;35,5;19,8;7,5;73;121;40;18;GERP;17.600000000000001;NA;NA;11.7;11.6;enlarged;NA;NA;NA;NA;-15.410861000000001;49.494777999999997;346;39030;11_Nov;repro;NA;NA;NA;mitt_S;213;57;480;2321;276;158;118;241;204;241;183;32719;3889;1442;278;10837;4713;10837;7434;lehi_mitt;lehi_mitt_GERP;no
808;W02-06hely;Anjiahely;adult;F;lehilahytsara;1;lehi_mitt;19,7;13,4;35,4;18,7;21,4;6,7;8,8;36,2;#NV;7,7;80;119;49;18;GERP;NA;NA;NA;NA;NA;NA;closed;NA;NA;NA;-15.408279;49.497638999999999;366;39029;11_Nov;repro;NA;NA;NA;mitt_S;213;57;479;2332;277;158;119;241;204;241;183;33090;3940;1457;278;10980;4767;10980;7504;lehi_mitt;lehi_mitt_GERP;no
809;W06-06hely;Anjiahely;adult;F;lehilahytsara;1;lehi_mitt;19,1;12,2;34;19,2;20,7;5,4;7;35,2;20,4;6,9;75;125;51;18.5;GERP;NA;NA;NA;NA;NA;NA;open;NA;NA;NA;-15.411;49.494472000000002;355;39030;11_Nov;repro;NA;NA;NA;mitt_S;213;57;480;2321;276;158;118;241;204;241;183;32719;3889;1442;278;10837;4713;10837;7434;lehi_mitt;lehi_mitt_GERP;no
824;00076E0CF1;Ankafobe;adult;F;lehilahytsara;1;lehi_S;17,9;#NV;34,3;19,98;#NV;#NV;10,98;#NV;#NV;#NV;#NV;119,4;47;NA;MBB;NA;NA;NA;NA;NA;NA;swollen;NA;slightly swollen vagina;NA;-18.10643;47.187010000000001;1470;42279;10_Oct;repro;NA;NA;NA;lehi_Ankafobe;263;56;618;1262;302;212;90;272;245;275;245;15451;4404;12;1214;11036;62;7004;62;lehi_S;lehi_S_MBB;no
825;0007818AEB;Ankafobe;adult;M;lehilahytsara;1;lehi_S;18,7;#NV;33,4;18,96;#NV;#NV;11,32;#NV;#NV;#NV;#NV;112,1;47;NA;MBB;NA;NA;NA;NA;15.4;enlarged;NA;NA;NA;NA;-18.10643;47.187010000000001;1470;42278;10_Oct;repro;NA;NA;NA;lehi_Ankafobe;263;56;618;1262;302;212;90;272;245;275;245;15451;4404;12;1214;11036;62;7004;62;lehi_S;lehi_S_MBB;no
827;M07-06habe;Antsahabe;adult;M;lehilahytsara;1;lehi_mitt;17,7;12,7;32,5;18,8;#NV;6,4;6,3;33,8;20;7,6;72;107;40;16.5;GERP;16.600000000000001;NA;NA;13.3;13.6;enlarged;NA;NA;NA;NA;-15.347638999999999;49.406444;958;39033;11_Nov;repro;NA;NA;RADSEQ;mitt_S;184;63;512;2301;250;127;123;211;175;211;154;31249;4151;1281;340;11427;4279;11427;6446;lehi_mitt;lehi_mitt_GERP;no
828;W08-06habe;Antsahabe;adult;F;lehilahytsara;1;lehi_mitt;18,1;13,4;34,4;19,7;22,2;#NV;7,9;36,7;#NV;8,7;#NV;123;55;22;GERP;NA;NA;NA;NA;NA;NA;open;NA;NA;NA;-15.358528;49.408999999999999;955;39038;11_Nov;repro;NA;NA;NA;mitt_S;183;62;508;2321;248;126;122;210;174;210;153;31753;4184;1310;334;11520;4362;11520;6612;lehi_mitt;lehi_mitt_GERP;no
829;15Msp001;Befotaka;adult;F;lehilahytsara;1;lehi_N;15,2;12,1;35,8;21,3;21,5;#NV;10,2;36,5;#NV;10,4;#NV;#NV;45;NA;DS;NA;NA;NA;NA;NA;NA;closed;NA;NA;NA;-17.0871789999999;48.975228999999999;NA;2022;01_Jan;repro;NA;NA;NA;NA;196;63;491;2443;263;134;129;224;187;224;164;31541;4489;1313;435;13019;4215;13019;6325;lehi_N;lehi_N_DS;no
830;15Msp004;Befotaka;adult;M;lehilahytsara;1;lehi_N;15,5;11,6;34,9;21,7;21,9;#NV;9,2;37,7;#NV;9,2;#NV;#NV;43;NA;DS;NA;NA;NA;NA;NA;NA;NA;NA;NA;NA;-17.0884029999999;48.975195999999997;NA;2022;01_Jan;repro;NA;NA;NA;NA;196;63;491;2443;263;134;129;224;187;224;164;31541;4489;1313;435;13019;4215;13019;6325;lehi_N;lehi_N_DS;no
831;15Msp005;Befotaka;adult;M;lehilahytsara;1;lehi_N;14;12,1;33,9;19,9;21;#NV;8,8;38,3;#NV;9;#NV;#NV;46;NA;DS;NA;NA;NA;NA;NA;NA;NA;NA;NA;NA;-17.0845079999999;48.975150999999997;NA;2022;01_Jan;repro;NA;NA;NA;NA;196;63;491;2443;263;134;129;224;187;224;164;31541;4489;1313;435;13019;4215;13019;6325;lehi_N;lehi_N_DS;no
832;15Msp101;Befotaka;adult;M;lehilahytsara;1;lehi_N;17,2;10,7;36,6;20,7;22,3;#NV;11;39,5;#NV;9,3;#NV;#NV;50;NA;DS;NA;NA;NA;NA;NA;NA;NA;NA;NA;NA;-17.090536999999902;48.983213999999997;NA;2022;01_Jan;repro;NA;NA;NA;NA;193;63;493;2430;260;132;128;222;185;222;162;31681;4504;1320;433;13057;4229;13057;6380;lehi_N;lehi_N_DS;no
834;B-MF-BC3;Madera;adult;F;lehilahytsara;1;lehi_N;17,7;13;35,4;19,9;21,7;#NV;9;38;#NV;8;#NV;#NV;47;11.9;DS;NA;NA;NA;NA;NA;NA;closed;NA;dorsal stripe, yellowish to pale white belly and ventral neck, cuaght in secondary shrubs;NA;-16.211178;49.577964999999999;438;42997;09_Sep;repro;no;BC3;RADSEQ;lehi_Ambavala;213;50;462;2142;270;161;109;240;204;240;186;37062;4643;1677;311;13044;5196;13044;7798;lehi_N;lehi_N_DS;no
835;09Msp019;Madera;adult;M;lehilahytsara;1;lehi_N;15;11,5;37,7;22;21,2;#NV;10;39,6;#NV;9,3;#NV;#NV;51;NA;DS;NA;NA;NA;NA;NA;NA;NA;NA;NA;NA;-16.1922309999999;49.599100999999997;NA;2022;01_Jan;repro;NA;NA;NA;NA;221;47;456;2087;275;171;104;247;212;247;194;37024;4524;1702;301;12812;5247;12812;7907;lehi_N;lehi_N_DS;no
836;09Msp074;Madera;adult;M;lehilahytsara;1;lehi_N;17,5;11,3;35,1;20,2;20,3;#NV;8,7;36;#NV;9,2;#NV;#NV;41;NA;DS;NA;NA;NA;NA;NA;NA;NA;NA;NA;NA;-16.210515999999899;49.578003000000002;NA;2022;01_Jan;repro;NA;NA;NA;NA;213;50;462;2142;270;161;109;240;204;240;186;37062;4643;1677;311;13044;5196;13044;7798;lehi_N;lehi_N_DS;no
837;09Msp075;Madera;adult;M;lehilahytsara;1;lehi_N;15,9;12,1;33,8;20,2;19,9;#NV;10,1;34;#NV;9,5;#NV;#NV;39;NA;DS;NA;NA;NA;NA;NA;NA;no;NA;NA;NA;-16.2112459999999;49.577955000000003;NA;2022;01_Jan;repro;NA;NA;NA;NA;213;50;462;2142;270;161;109;240;204;240;186;37062;4643;1677;311;13044;5196;13044;7798;lehi_N;lehi_N_DS;no
864;M31-99Man;Mantadia;adult;M;lehilahytsara;1;lehi_S;#NV;14,7;33;19,4;21,3;5;#NV;36,9;20,8;#NV;80;115;48;25;BR;20.6;11.9;8.5;16;14.7;enlarged;NA;NA;NA;NA;-18.850000000000001;48.42;970;36379;08_Aug;repro;NA;2B;NA;lehi_Mantadia;180;71;523;2455;247;112;135;208;149;208;147;23817;4169;723;648;11714;2622;11714;2745;lehi_S;lehi_S_BR;no
865;M39-99Man;Mantadia;adult;M;lehilahytsara;1;lehi_S;#NV;12;33,7;18;20,4;5,9;#NV;34,1;21;#NV;75;120;39;20;BR;19.399999999999999;11;12;17.399999999999999;17;enlarged;NA;NA;NA;NA;-18.850000000000001;48.42;970;36427;09_Sep;repro;NA;4D;NA;lehi_Mantadia;180;71;523;2455;247;112;135;208;149;208;147;23817;4169;723;648;11714;2622;11714;2745;lehi_S;lehi_S_BR;no
866;M37-99Man;Mantadia;adult;M;lehilahytsara;1;lehi_S;#NV;11,3;#NV;18,6;20;5,7;#NV;36,4;20,5;#NV;70;115;42;27;BR;17.8;8.5;9.6;16.600000000000001;17.8;enlarged;NA;NA;NA;NA;-18.850000000000001;48.42;970;36410;09_Sep;repro;NA;4C;NA;lehi_Mantadia;180;71;523;2455;247;112;135;208;149;208;147;23817;4169;723;648;11714;2622;11714;2745;lehi_S;lehi_S_BR;no
867;M33-99Man;Mantadia;adult;M;lehilahytsara;1;lehi_S;#NV;12,3;31,5;19,1;20,2;6,2;#NV;35,4;20,8;#NV;75;115;42;28;BR;12;5.5;5.6;8.3000000000000007;7.4;enlarged;NA;NA;NA;NA;-18.850000000000001;48.42;970;36410;09_Sep;repro;NA;3B;NA;lehi_Mantadia;180;71;523;2455;247;112;135;208;149;208;147;23817;4169;723;648;11714;2622;11714;2745;lehi_S;lehi_S_BR;no
868;M40-99Man;Mantadia;adult;M;lehilahytsara;1;lehi_S;#NV;12,8;33,7;18,6;21;4,9;#NV;35,6;19,7;#NV;70;110;43;20.5;BR;19.8;9.8000000000000007;10.4;16;15.5;enlarged;NA;NA;NA;NA;-18.850000000000001;48.42;970;36427;09_Sep;repro;NA;1AC;NA;lehi_Mantadia;180;71;523;2455;247;112;135;208;149;208;147;23817;4169;723;648;11714;2622;11714;2745;lehi_S;lehi_S_BR;no
869;M34-99Man;Mantadia;adult;M;lehilahytsara;1;lehi_S;#NV;12,3;33,5;19,8;20;5,8;#NV;35,9;19,9;#NV;70;115;43;30;BR;13.1;5.3;6.6;12.5;10.199999999999999;enlarged;NA;NA;testes very large (21.8mm total width) in Oct/Nov;NA;-18.850000000000001;48.42;970;36410;09_Sep;repro;NA;4B;NA;lehi_Mantadia;180;71;523;2455;247;112;135;208;149;208;147;23817;4169;723;648;11714;2622;11714;2745;lehi_S;lehi_S_BR;no
870;F32-99Man;Mantadia;adult;F;lehilahytsara;1;lehi_S;#NV;11,9;33,8;19,2;20,1;5;#NV;35,1;21,2;#NV;75;115;45;34;BR;NA;NA;NA;NA;NA;NA;closed;NA;was swollen on 07.11.99, open on 9.11.99;NA;-18.850000000000001;48.42;970;36407;09_Sep;repro;NA;3D;NA;lehi_Mantadia;180;71;523;2455;247;112;135;208;149;208;147;23817;4169;723;648;11714;2622;11714;2745;lehi_S;lehi_S_BR;no
871;M41-99Man;Mantadia;adult;M;lehilahytsara;1;lehi_S;#NV;13,5;33,8;#NV;20;5,7;#NV;36,6;21,3;#NV;75;116;45;19;BR;19.8;9.6999999999999993;10;16.600000000000001;15.2;enlarged;NA;NA;NA;NA;-18.850000000000001;48.42;970;36429;09_Sep;repro;NA;2AB;NA;lehi_Mantadia;180;71;523;2455;247;112;135;208;149;208;147;23817;4169;723;648;11714;2622;11714;2745;lehi_S;lehi_S_BR;no
872;M36-99Man;Mantadia;adult;M;lehilahytsara;1;lehi_S;#NV;12;32,9;18;20,2;6,4;#NV;34,5;19;#NV;70;110;46;27;BR;13.6;6.5;7.7;12.9;13.7;enlarged;NA;NA;NA;NA;-18.850000000000001;48.42;970;36410;09_Sep;repro;NA;3C;NA;lehi_Mantadia;180;71;523;2455;247;112;135;208;149;208;147;23817;4169;723;648;11714;2622;11714;2745;lehi_S;lehi_S_BR;no
873;M38-99Man;Mantadia;adult;M;lehilahytsara;1;lehi_S;#NV;13,8;33,3;18,2;20,4;5,7;#NV;36,4;20,7;#NV;70;120;46;29;BR;16.7;14.8;9.9;17.2;17.5;enlarged;NA;NA;NA;NA;-18.850000000000001;48.42;970;36410;09_Sep;repro;NA;2D;NA;lehi_Mantadia;180;71;523;2455;247;112;135;208;149;208;147;23817;4169;723;648;11714;2622;11714;2745;lehi_S;lehi_S_BR;no
874;M35-99Man;Mantadia;adult;M;lehilahytsara;1;lehi_S;#NV;12,8;34,1;18,8;20,5;6,1;#NV;35,3;19,5;#NV;70;110;47;29;BR;11.7;5.3;4.9000000000000004;12.8;10.4;enlarged;NA;NA;NA;NA;-18.850000000000001;48.42;970;36410;09_Sep;repro;NA;2C;NA;lehi_Mantadia;180;71;523;2455;247;112;135;208;149;208;147;23817;4169;723;648;11714;2622;11714;2745;lehi_S;lehi_S_BR;no
875;F42-99Man;Mantadia;adult;F;lehilahytsara;1;lehi_S;#NV;11,4;34,9;17,5;20,4;5,6;#NV;35,8;21,1;#NV;70;120;39;20;BR;NA;NA;NA;NA;NA;NA;closed;NA;was open on 07.11.99;NA;-18.850000000000001;48.42;970;36457;10_Oct;repro;NA;NA;NA;lehi_Mantadia;180;71;523;2455;247;112;135;208;149;208;147;23817;4169;723;648;11714;2622;11714;2745;lehi_S;lehi_S_BR;no
877;M44-99Man;Mantadia;adult;M;lehilahytsara;1;lehi_S;#NV;11,3;32,9;18,2;19,9;6;#NV;34,8;18,8;#NV;70;100;40;19;BR;18.899999999999999;9.6999999999999993;10.9;14.8;13.2;enlarged;NA;NA;NA;NA;-18.850000000000001;48.42;970;36473;11_Nov;repro;NA;12C;NA;lehi_Mantadia;180;71;523;2455;247;112;135;208;149;208;147;23817;4169;723;648;11714;2622;11714;2745;lehi_S;lehi_S_BR;no
878;F45-99Man;Mantadia;adult;F;lehilahytsara;1;lehi_S;#NV;11,6;34,1;19,1;20,3;5,8;#NV;37,2;22,6;#NV;70;115;46;21;BR;NA;NA;NA;NA;NA;NA;open;NA;NA;NA;-18.850000000000001;48.42;970;36473;11_Nov;repro;NA;12D;NA;lehi_Mantadia;180;71;523;2455;247;112;135;208;149;208;147;23817;4169;723;648;11714;2622;11714;2745;lehi_S;lehi_S_BR;no
879;F48-99Man;Mantadia;adult;F;lehilahytsara;1;lehi_S;#NV;12,7;33,8;18,9;19,9;4,7;#NV;37,2;20,2;#NV;70;115;#NV;20;BR;NA;NA;NA;NA;NA;NA;pregnant;49;NA;NA;-18.850000000000001;48.42;970;36501;12_Dec;repro;NA;13B;NA;lehi_Mantadia;180;71;523;2455;247;112;135;208;149;208;147;23817;4169;723;648;11714;2622;11714;2745;lehi_S;lehi_S_BR;no
880;F47-99Man;Mantadia;adult;F;lehilahytsara;1;lehi_S;#NV;12;33,2;17,5;20;5,8;#NV;35,9;20,3;#NV;70;115;#NV;19;BR;NA;NA;NA;NA;NA;NA;pregnant;50;NA;NA;-18.850000000000001;48.42;970;36501;12_Dec;repro;NA;13A;NA;lehi_Mantadia;180;71;523;2455;247;112;135;208;149;208;147;23817;4169;723;648;11714;2622;11714;2745;lehi_S;lehi_S_BR;no
881;F49-99Man;Mantadia;adult;F;lehilahytsara;1;lehi_S;#NV;13;32,3;18,2;18,7;5,5;#NV;37,5;18,8;#NV;70;115;#NV;24;BR;NA;NA;NA;NA;NA;NA;pregnant;55;NA;NA;-18.850000000000001;48.42;970;36501;12_Dec;repro;NA;123;NA;lehi_Mantadia;180;71;523;2455;247;112;135;208;149;208;147;23817;4169;723;648;11714;2622;11714;2745;lehi_S;lehi_S_BR;no
900;JMR-002;Riamalandy;adult;M;lehilahytsara;1;lehi_N;#NV;#NV;#NV;#NV;#NV;#NV;#NV;#NV;#NV;#NV;#NV;127;43;NA;JMR;22;NA;NA;NA;NA;enlarged;NA;NA;NA;undisturbed humid forest;-16.285;48.814999999999998;NA;38319;11_Nov;repro;NA;NA;RADSEQ;lehi_Ambavala;200;81;594;2118;271;134;137;222;171;222;170;18393;4408;253;962;11304;1046;11304;1106;lehi_N;lehi_N_JMR;no
901;JMR-001;Riamalandy;adult;F;lehilahytsara;1;lehi_N;15;#NV;#NV;#NV;#NV;#NV;#NV;#NV;#NV;#NV;#NV;120;46;NA;JMR;NA;NA;NA;NA;NA;NA;NA;NA;undisturbed humid forest;NA;-16.285;48.814999999999998;NA;38317;11_Nov;repro;NA;NA;RADSEQ;lehi_Ambavala;200;81;594;2118;271;134;137;222;171;222;170;18393;4408;253;962;11304;1046;11304;1106;lehi_N;lehi_N_JMR;no
912;103-313-103;Tsinjoarivo;adult;F;lehilahytsara;1;lehi_S;15,46;#NV;31,7;18,4;#NV;#NV;10,04;#NV;#NV;#NV;#NV;110,18;29,5;NA;MBB;NA;NA;NA;NA;NA;NA;NA;NA;NA;Vatateza;-19.720759999999999;47.856929999999998;1350;39399;11_Nov;repro;NA;NA;NA;lehi_Mantadia;161;77;535;2549;228;84;144;190;126;190;126;27052;4836;720;672;13217;2237;13217;2237;lehi_S;lehi_S_MBB;no
913;NA;Tsinjoarivo;adult;M;lehilahytsara;1;lehi_S;16,58;#NV;32,96;19,68;#NV;#NV;10,24;#NV;#NV;#NV;#NV;113,18;35;NA;MBB;NA;NA;NA;NA;NA;NA;NA;NA;NA;Vatateza;-19.720759999999999;47.856929999999998;1350;39397;11_Nov;repro;NA;NA;NA;lehi_Mantadia;161;77;535;2549;228;84;144;190;126;190;126;27052;4836;720;672;13217;2237;13217;2237;lehi_S;lehi_S_MBB;no
914;103-310-598;Tsinjoarivo;adult;M;lehilahytsara;1;lehi_S;16,2;#NV;33,14;17,98;#NV;#NV;9,56;#NV;#NV;#NV;#NV;116,92;36,5;NA;MBB;NA;NA;NA;NA;NA;NA;NA;NA;NA;Vatateza;-19.720759999999999;47.856929999999998;1350;39400;11_Nov;repro;NA;NA;NA;lehi_Mantadia;161;77;535;2549;228;84;144;190;126;190;126;27052;4836;720;672;13217;2237;13217;2237;lehi_S;lehi_S_MBB;no
915;103-317-270;Tsinjoarivo;adult;M;lehilahytsara;1;lehi_S;18,48;#NV;33,32;19,34;#NV;#NV;8,8;#NV;#NV;#NV;#NV;111,48;37,5;NA;MBB;NA;NA;NA;NA;NA;NA;NA;NA;NA;Andasivodihazo;-19.679950000000002;47.770620000000001;1600;39409;11_Nov;repro;NA;NA;NA;lehi_Mantadia;150;82;547;2581;219;70;149;179;114;179;114;23511;4372;561;709;11812;1728;11812;1728;lehi_S;lehi_S_MBB;no
916;083-352-594;Tsinjoarivo;adult;M;lehilahytsara;1;lehi_S;19,34;#NV;33,76;19,1;#NV;#NV;9,96;#NV;#NV;#NV;#NV;110,58;39,5;NA;MBB;NA;NA;NA;NA;NA;NA;NA;NA;NA;Andasivodihazo;-19.679950000000002;47.770620000000001;1600;39407;11_Nov;repro;NA;NA;NA;lehi_Mantadia;150;82;547;2581;219;70;149;179;114;179;114;23511;4372;561;709;11812;1728;11812;1728;lehi_S;lehi_S_MBB;no
917;103-291-338;Tsinjoarivo;adult;F;lehilahytsara;1;lehi_S;17,8;#NV;34,12;19,96;#NV;#NV;9,8;#NV;#NV;#NV;#NV;116,46;41;NA;MBB;NA;NA;NA;NA;NA;NA;NA;NA;NA;Andasivodihazo;-19.679950000000002;47.770620000000001;1600;39414;11_Nov;repro;NA;NA;NA;lehi_Mantadia;150;82;547;2581;219;70;149;179;114;179;114;23511;4372;561;709;11812;1728;11812;1728;lehi_S;lehi_S_MBB;no
918;NA;Tsinjoarivo;adult;F;lehilahytsara;1;lehi_S;15,4;#NV;34,62;18,66;#NV;#NV;10,76;#NV;#NV;#NV;#NV;114,54;41,5;NA;MBB;NA;NA;NA;NA;NA;NA;NA;NA;NA;Vatateza;-19.720759999999999;47.856929999999998;1350;39401;11_Nov;repro;NA;NA;NA;lehi_Mantadia;161;77;535;2549;228;84;144;190;126;190;126;27052;4836;720;672;13217;2237;13217;2237;lehi_S;lehi_S_MBB;no
919;103-318-604;Tsinjoarivo;adult;F;lehilahytsara;1;lehi_S;17,02;#NV;32,14;20,56;#NV;#NV;10,34;#NV;#NV;#NV;#NV;110,32;44;NA;MBB;NA;NA;NA;NA;NA;NA;NA;NA;NA;Andasivodihazo;-19.679950000000002;47.770620000000001;1600;39413;11_Nov;repro;NA;NA;NA;lehi_Mantadia;150;82;547;2581;219;70;149;179;114;179;114;23511;4372;561;709;11812;1728;11812;1728;lehi_S;lehi_S_MBB;no
920;103-317-057;Tsinjoarivo;adult;M;lehilahytsara;1;lehi_S;16,4;#NV;33,28;20,68;#NV;#NV;9,26;#NV;#NV;#NV;#NV;112,3;45;NA;MBB;NA;NA;NA;NA;NA;NA;NA;NA;NA;Andasivodihazo;-19.679950000000002;47.770620000000001;1600;39410;11_Nov;repro;NA;NA;NA;lehi_Mantadia;150;82;547;2581;219;70;149;179;114;179;114;23511;4372;561;709;11812;1728;11812;1728;lehi_S;lehi_S_MBB;no
921;103-328-077;Tsinjoarivo;adult;M;lehilahytsara;1;lehi_S;18,48;#NV;32,14;19,28;#NV;#NV;9,54;#NV;#NV;#NV;#NV;112,98;45;NA;MBB;NA;NA;NA;NA;NA;NA;NA;NA;NA;Andasivodihazo;-19.679950000000002;47.770620000000001;1600;39408;11_Nov;repro;NA;NA;NA;lehi_Mantadia;150;82;547;2581;219;70;149;179;114;179;114;23511;4372;561;709;11812;1728;11812;1728;lehi_S;lehi_S_MBB;no
922;103-307-518;Tsinjoarivo;adult;F;lehilahytsara;1;lehi_S;16,7;#NV;34,86;19,88;#NV;#NV;9,7;#NV;#NV;#NV;#NV;111,2;48;NA;MBB;NA;NA;NA;NA;NA;NA;NA;NA;NA;Andasivodihazo;-19.679950000000002;47.770620000000001;1600;39415;11_Nov;repro;NA;NA;NA;lehi_Mantadia;150;82;547;2581;219;70;149;179;114;179;114;23511;4372;561;709;11812;1728;11812;1728;lehi_S;lehi_S_MBB;no
923;103-331-274;Tsinjoarivo;adult;M;lehilahytsara;1;lehi_S;17,68;#NV;34,74;19,76;#NV;#NV;10,28;#NV;#NV;#NV;#NV;102,22;49,5;NA;MBB;NA;NA;NA;NA;NA;NA;NA;NA;NA;Andasivodihazo;-19.679950000000002;47.770620000000001;1600;39407;11_Nov;repro;NA;NA;NA;lehi_Mantadia;150;82;547;2581;219;70;149;179;114;179;114;23511;4372;561;709;11812;1728;11812;1728;lehi_S;lehi_S_MBB;no
924;103-331-520;Tsinjoarivo;adult;F;lehilahytsara;1;lehi_S;17,54;#NV;32,86;20,84;#NV;#NV;9,7;#NV;#NV;#NV;#NV;114,06;50;NA;MBB;NA;NA;NA;NA;NA;NA;NA;NA;NA;Andasivodihazo;-19.679950000000002;47.770620000000001;1600;39407;11_Nov;repro;NA;NA;NA;lehi_Mantadia;150;82;547;2581;219;70;149;179;114;179;114;23511;4372;561;709;11812;1728;11812;1728;lehi_S;lehi_S_MBB;no
925;103-319-852;Tsinjoarivo;adult;F;lehilahytsara;1;lehi_S;18,28;#NV;36,22;20,96;#NV;#NV;11,22;#NV;#NV;#NV;#NV;123,24;52,5;NA;MBB;NA;NA;NA;NA;NA;NA;NA;NA;NA;Andasivodihazo;-19.679950000000002;47.770620000000001;1600;39414;11_Nov;repro;NA;NA;NA;lehi_Mantadia;150;82;547;2581;219;70;149;179;114;179;114;23511;4372;561;709;11812;1728;11812;1728;lehi_S;lehi_S_MBB;no
926;083-378-856;Tsinjoarivo;adult;M;lehilahytsara;1;lehi_S;19,42;#NV;34,02;20;#NV;#NV;10,44;#NV;#NV;#NV;#NV;119,92;52,5;NA;MBB;NA;NA;NA;NA;NA;NA;NA;NA;NA;Andasivodihazo;-19.679950000000002;47.770620000000001;1600;39407;11_Nov;repro;NA;NA;NA;lehi_Mantadia;150;82;547;2581;219;70;149;179;114;179;114;23511;4372;561;709;11812;1728;11812;1728;lehi_S;lehi_S_MBB;no
927;083-530-375;Tsinjoarivo;adult;F;lehilahytsara;1;lehi_S;17,7;#NV;33,52;20,18;#NV;#NV;10,02;#NV;#NV;#NV;#NV;113,48;53,5;NA;MBB;NA;NA;NA;NA;NA;NA;NA;NA;NA;Andasivodihazo;-19.679950000000002;47.770620000000001;1600;39407;11_Nov;repro;NA;NA;NA;lehi_Mantadia;150;82;547;2581;219;70;149;179;114;179;114;23511;4372;561;709;11812;1728;11812;1728;lehi_S;lehi_S_MBB;no
928;103-294-798;Tsinjoarivo;adult;F;lehilahytsara;1;lehi_S;19,02;#NV;34,58;20,1;#NV;#NV;10,44;#NV;#NV;#NV;#NV;115,96;54,5;NA;MBB;NA;NA;NA;NA;NA;NA;NA;NA;NA;Vatateza;-19.720759999999999;47.856929999999998;1350;39395;11_Nov;repro;NA;NA;NA;lehi_Mantadia;161;77;535;2549;228;84;144;190;126;190;126;27052;4836;720;672;13217;2237;13217;2237;lehi_S;lehi_S_MBB;no
929;103-319-296;Tsinjoarivo;adult;F;lehilahytsara;1;lehi_S;18,78;#NV;35,3;20,74;#NV;#NV;10,48;#NV;#NV;#NV;#NV;111,64;55;NA;MBB;NA;NA;NA;NA;NA;NA;NA;NA;NA;Andasivodihazo;-19.679950000000002;47.770620000000001;1600;39409;11_Nov;repro;NA;NA;NA;lehi_Mantadia;150;82;547;2581;219;70;149;179;114;179;114;23511;4372;561;709;11812;1728;11812;1728;lehi_S;lehi_S_MBB;no
930;Vero;Tsinjoarivo;adult;F;lehilahytsara;1;lehi_S;17,02;#NV;33,44;20;#NV;#NV;10,7;#NV;#NV;#NV;#NV;111,84;39,5;NA;MBB;NA;NA;NA;NA;NA;NA;NA;NA;NA;Andasivodihazo;-19.679950000000002;47.770620000000001;1600;39443;12_Dec;repro;NA;NA;NA;lehi_Mantadia;150;82;547;2581;219;70;149;179;114;179;114;23511;4372;561;709;11812;1728;11812;1728;lehi_S;lehi_S_MBB;no
931;103-331-542;Tsinjoarivo;adult;F;lehilahytsara;1;lehi_S;17,84;#NV;35,64;19,94;#NV;#NV;9,88;#NV;#NV;#NV;#NV;122,62;47;NA;MBB;NA;NA;NA;NA;NA;NA;NA;NA;NA;Andasivodihazo;-19.679950000000002;47.770620000000001;1600;39417;12_Dec;repro;NA;NA;NA;lehi_Mantadia;150;82;547;2581;219;70;149;179;114;179;114;23511;4372;561;709;11812;1728;11812;1728;lehi_S;lehi_S_MBB;no
932;W01-07hely;Anjiahely;adult;F;macarthurii;9;maca;19,5;11,1;35,1;19,7;21,6;6,4;8,3;38,7;#NV;8,2;85;#NV;53;20;GERP;NA;NA;NA;NA;NA;NA;closed;NA;NA;NA;-15.40625;49.498417000000003;NA;39329;09_Sep;repro;NA;NA;RADSEQ;maca;213;57;479;2332;277;158;119;241;204;241;183;33090;3940;1457;278;10980;4767;10980;7504;maca;maca_GERP;no
933;F03-13hely;Anjiahely;adult;F;macarthurii;9;maca;17,7;11,5;35,6;18,4;23,1;6,7;#NV;37,8;#NV;#NV;82,8;133,1;51;17.899999999999999;GERP;NA;NA;NA;NA;NA;NA;closed;NA;NA;NA;-15.404028;49.509388999999999;NA;39746;10_Oct;repro;NA;NA;RADSEQ;maca;211;56;477;2304;275;157;118;239;202;239;182;33675;3935;1498;271;11003;4892;11003;7738;maca;maca_GERP;no
934;F04-13hely;Anjiahely;adult;F;macarthurii;9;maca;17,5;13,3;37,4;18,9;23,2;7,1;#NV;39,8;#NV;10,1;88,3;151,9;55;19.2;GERP;NA;NA;NA;NA;NA;NA;closed;NA;NA;NA;-15.404028;49.509388999999999;NA;39747;10_Oct;repro;NA;NA;RADSEQ;maca;211;56;477;2304;275;157;118;239;202;239;182;33675;3935;1498;271;11003;4892;11003;7738;maca;maca_GERP;no
935;F02-13hely;Anjiahely;adult;F;macarthurii;9;maca;17,9;11,3;37,4;19,6;23,7;7,5;#NV;39,6;#NV;9,3;94,9;141,5;61;16.3;GERP;NA;NA;NA;NA;NA;NA;closed;NA;NA;NA;-15.404028;49.509388999999999;NA;41572;10_Oct;repro;NA;NA;NA;maca;211;56;477;2304;275;157;118;239;202;239;182;33675;3935;1498;271;11003;4892;11003;7738;maca;maca_GERP;no
936;M01-13hely;Anjiahely;adult;M;macarthurii;9;maca;17,1;11,8;37,6;17,8;26,6;7,2;#NV;38,4;#NV;10,3;96,6;141,8;70;18.3;GERP;21.6;NA;NA;18;17.2;enlarged;NA;NA;NA;NA;-15.404028;49.509388999999999;NA;41572;10_Oct;repro;NA;NA;RADSEQ;maca;211;56;477;2304;275;157;118;239;202;239;182;33675;3935;1498;271;11003;4892;11003;7738;maca;maca_GERP;no
937;W04-06hely;Anjiahely;adult;F;macarthurii;9;maca;18,7;10,2;36,5;19,7;22;6,9;8,4;39,7;#NV;8,1;75;151;50;20;GERP;NA;NA;NA;NA;NA;NA;swollen;NA;NA;NA;-15.412388999999999;49.493721999999998;354;39030;11_Nov;repro;NA;NA;RADSEQ;maca;213;57;480;2321;276;158;118;241;204;241;183;32719;3889;1442;278;10837;4713;10837;7434;maca;maca_GERP;no
938;M01-06hely;Anjiahely;adult;M;macarthurii;9;maca;18,8;10,2;36,6;18,4;21,1;6,2;8,1;38,2;#NV;8,8;82;142;58;20;GERP;25.7;NA;NA;14.4;14.3;enlarged;NA;NA;NA;NA;-15.4125;49.493749999999999;379;39029;11_Nov;repro;NA;NA;RADSEQ;maca;213;57;480;2321;276;158;118;241;204;241;183;32719;3889;1442;278;10837;4713;10837;7434;maca;maca_GERP;no
939;M03-11hely;Anjiahely;adult;M;macarthurii;9;maca;17,9;9,1;39,2;20,2;22,7;6,7;9,8;39,9;#NV;9,8;91;134;61;19.2;GERP;22.4;NA;NA;19.2;17.600000000000001;enlarged;NA;NA;NA;NA;-15.404028;49.509388999999999;NA;40869;11_Nov;repro;NA;NA;NA;maca;211;56;477;2304;275;157;118;239;202;239;182;33675;3935;1498;271;11003;4892;11003;7738;maca;maca_GERP;no
940;M03-06hely;Anjiahely;adult;M;macarthurii;9;maca;18;12;37,5;19,8;23,3;6,8;8;40,2;#NV;8,2;85;142;68;21;GERP;26.2;NA;NA;16.100000000000001;18.600000000000001;enlarged;NA;NA;NA;NA;-15.412417;49.493749999999999;352;39030;11_Nov;repro;NA;NA;NA;maca;213;57;480;2321;276;158;118;241;204;241;183;32719;3889;1442;278;10837;4713;10837;7434;maca;maca_GERP;no
941;F04-11hely;Anjiahely;adult;F;macarthurii;9;maca;19,4;10,3;38,7;22;23,8;8,1;12;42,7;#NV;10,9;99;146;72;21.2;GERP;NA;NA;NA;NA;NA;NA;closed;NA;NA;NA;-15.404028;49.509388999999999;NA;40869;11_Nov;repro;NA;NA;NA;maca;211;56;477;2304;275;157;118;239;202;239;182;33675;3935;1498;271;11003;4892;11003;7738;maca;maca_GERP;no
942;M08-08hely;Anjiahely;adult;M;macarthurii;9;maca;17,2;9,6;37,1;22,3;25;7,6;9,3;39,9;#NV;10;96;145;55;21;GERP;12.7;NA;NA;11.4;9.3000000000000007;enlarged;NA;NA;NA;NA;-15.401806000000001;49.512250000000002;NA;39795;12_Dec;repro;NA;NA;RADSEQ;maca;211;56;477;2304;275;157;118;239;202;239;182;33675;3935;1498;271;11003;4892;11003;7738;maca;maca_GERP;no
943;M07-08hely;Anjiahely;adult;M;macarthurii;9;maca;17,6;10,3;39;21,3;25,6;7,8;10,8;40,6;#NV;9,9;94;138;62;17.399999999999999;GERP;15.6;NA;NA;17.100000000000001;15.6;enlarged;NA;NA;NA;NA;-15.400221999999999;49.513888999999999;NA;39795;12_Dec;repro;NA;NA;RADSEQ;maca;211;56;477;2304;275;157;118;239;202;239;182;33675;3935;1498;271;11003;4892;11003;7738;maca;maca_GERP;no
944;M06-08hely;Anjiahely;adult;M;macarthurii;9;maca;17,2;9,6;37,2;20,1;24,7;6,7;10;41,6;#NV;9,8;94;144;68;20.100000000000001;GERP;16.100000000000001;NA;NA;15;13.6;enlarged;NA;NA;NA;NA;-15.402694;49.512388999999999;NA;39795;12_Dec;repro;NA;NA;RADSEQ;maca;211;56;477;2304;275;157;118;239;202;239;182;33675;3935;1498;271;11003;4892;11003;7738;maca;maca_GERP;no
945;M05-08hely;Anjiahely;adult;M;macarthurii;9;maca;17,5;8,5;39,7;22,4;24,4;8;11,3;40,8;#NV;10;95;143;72;23.9;GERP;NA;NA;NA;NA;NA;NA;NA;NA;NA;NA;-15.404722;49.508527999999998;NA;39794;12_Dec;repro;NA;NA;RADSEQ;maca;211;56;477;2304;275;157;118;239;202;239;182;33675;3935;1498;271;11003;4892;11003;7738;maca;maca_GERP;no
950;F05-16Lok;Lokobe;adult;F;mamiratra;6;mami;18,8;13,8;36,8;19,8;22,5;7,3;#NV;#NV;22,8;9;#NV;149;58;19;AMR;NA;NA;NA;NA;NA;NA;closed;NA;NA;NA;-13.403416999999999;48.345332999999997;14;42546;06_Jun;pre_repro;NA;1;NA;mami_island;258;29;496;994;285;226;59;265;245;268;244;21265;4485;315;859;12206;1117;8547;1227;mami;mami_AMR;no
951;F06-16Lok;Lokobe;adult;F;mamiratra;6;mami;17,8;12,5;36;22;22;6,8;8,3;#NV;23,3;9;#NV;152;68;20;AMR;NA;NA;NA;NA;NA;NA;closed;NA;NA;NA;-13.403267;48.345483000000002;35;42549;06_Jun;pre_repro;NA;2;NA;mami_island;258;29;496;994;285;226;59;265;245;268;244;21265;4485;315;859;12206;1117;8547;1227;mami;mami_AMR;no
952;F03-16Lok;Lokobe;adult;F;mamiratra;6;mami;18;11,8;35,5;20,5;21,3;7,3;8;#NV;23;9,8;#NV;154;69;21;AMR;NA;NA;NA;NA;NA;NA;closed;NA;NA;NA;-13.394316999999999;48.341900000000003;26;42541;06_Jun;pre_repro;NA;C;NA;mami_island;257;28;486;1008;283;225;58;264;244;267;242;21061;4450;313;860;12104;1111;8470;1215;mami;mami_AMR;no
953;F09-16Lok;Lokobe;adult;F;mamiratra;6;mami;18,5;12,8;32,8;20,3;23;7,5;7,8;#NV;22,8;9;#NV;155;70;21;AMR;NA;NA;NA;NA;NA;NA;closed;NA;NA;NA;-13.403499999999999;48.345149999999997;13;42551;06_Jun;pre_repro;NA;A1;NA;mami_island;258;29;496;994;285;226;59;265;245;268;244;21265;4485;315;859;12206;1117;8547;1227;mami;mami_AMR;no
954;M03-16Lok;Lokobe;adult;M;mamiratra;6;mami;18;11;36;19,3;22,5;7,3;7,5;#NV;22,8;9;#NV;157;71;20;AMR;18;9.3000000000000007;9.8000000000000007;14;14.3;enlarged;NA;NA;NA;NA;-13.414694000000001;48.306528;NA;42546;06_Jun;pre_repro;NA;C;NA;mami_island;258;30;506;984;285;225;60;265;245;268;244;20221;4263;295;856;11580;1054;8135;1162;mami;mami_AMR;no
955;F02-16Lok;Lokobe;adult;F;mamiratra;6;mami;16,8;12,4;32;22,7;24,7;6,5;#NV;#NV;#NV;7,5;#NV;145;#NV;23;AMR;NA;NA;NA;NA;NA;NA;pregnant;72;babies on 27 June;NA;-13.414694000000001;48.306528;NA;43628;06_Jun;pre_repro;NA;B;NA;mami_island;258;30;506;984;285;225;60;265;245;268;244;20221;4263;295;856;11580;1054;8135;1162;mami;mami_AMR;no
956;F01-16Lok;Lokobe;adult;F;mamiratra;6;mami;19;12,2;36,5;21,2;25,3;6,8;7,7;#NV;#NV;9,3;#NV;156;72;24;AMR;NA;NA;NA;NA;NA;NA;closed;NA;NA;NA;-13.414694000000001;48.306528;NA;42533;06_Jun;pre_repro;NA;A;NA;mami_island;258;30;506;984;285;225;60;265;245;268;244;20221;4263;295;856;11580;1054;8135;1162;mami;mami_AMR;no
957;F10-16 Lok;Lokobe;adult;F;mamiratra;6;mami;19;13,8;32,8;23;21,8;8;7,8;#NV;22;9;#NV;150;73;22;AMR;NA;NA;NA;NA;NA;NA;closed_recently;NA;NA;NA;-13.399417;48.343983000000001;3;42551;06_Jun;pre_repro;NA;A2;NA;mami_island;257;28;486;1008;283;225;58;264;244;267;242;21061;4450;313;860;12104;1111;8470;1215;mami;mami_AMR;no
958;M02-16Lok;Lokobe;adult;M;mamiratra;6;mami;21,3;14,5;32,8;20,3;22,3;7;7,8;#NV;21,3;8;#NV;150;73;21;AMR;18.8;9;10;16;15.5;enlarged;NA;NA;NA;NA;-13.390183;48.341783;47;42543;06_Jun;pre_repro;NA;B;NA;mami_island;258;28;476;1002;284;226;58;265;245;268;243;20695;4381;309;861;11910;1097;8326;1195;mami;mami_AMR;no
959;F08-16Lok;Lokobe;adult;F;mamiratra;6;mami;17,3;13,5;37,5;23,8;22,3;7,3;8,3;#NV;23,3;9,3;#NV;152;74;21;AMR;NA;NA;NA;NA;NA;NA;closed;NA;NA;NA;-13.403416999999999;48.345199999999998;14;42550;06_Jun;pre_repro;NA;4;NA;mami_island;258;29;496;994;285;226;59;265;245;268;244;21265;4485;315;859;12206;1117;8547;1227;mami;mami_AMR;no
960;M09-16Lok;Lokobe;adult;M;mamiratra;6;mami;19,8;12,3;37,5;22,5;21,3;7,3;7,3;#NV;22,5;9,8;#NV;147;62;21;AMR;15;8.3000000000000007;7.3;12.5;11.8;enlarged;NA;NA;NA;NA;-13.389749999999999;48.338633000000002;28;42556;07_Jul;repro;NA;A1;NA;mami_island;257;28;477;996;283;225;58;264;244;267;242;21005;4448;313;861;12085;1112;8452;1212;mami;mami_AMR;no
961;M11-16Lok;Lokobe;adult;M;mamiratra;6;mami;18,3;12,8;35;19,8;23,3;#NV;7,8;#NV;23,5;8,3;#NV;155;64;18;AMR;15.8;7.5;8.3000000000000007;13.3;14.3;enlarged;NA;NA;NA;NA;-13.389749999999999;48.338633000000002;28;42560;07_Jul;repro;NA;A2;NA;mami_island;257;28;477;996;283;225;58;264;244;267;242;21005;4448;313;861;12085;1112;8452;1212;mami;mami_AMR;no
962;M13-16Lok;Lokobe;adult;M;mamiratra;6;mami;17,8;12;36,3;19,5;21,8;7,5;7,5;#NV;22;8,8;#NV;146;65;21;AMR;17.3;8.3000000000000007;9.5;14;14.8;enlarged;NA;NA;NA;NA;-13.389749999999999;48.338633000000002;28;42561;07_Jul;repro;NA;A4;NA;mami_island;257;28;477;996;283;225;58;264;244;267;242;21005;4448;313;861;12085;1112;8452;1212;mami;mami_AMR;no
963;M12-16Lok;Lokobe;adult;M;mamiratra;6;mami;19,8;12,3;36;20,3;22;6,8;7,3;#NV;23,8;10;#NV;159;69;21;AMR;15.5;7.8;8.3000000000000007;13.8;14.8;enlarged;NA;NA;NA;NA;-13.389749999999999;48.338633000000002;28;42560;07_Jul;repro;NA;A3;NA;mami_island;257;28;477;996;283;225;58;264;244;267;242;21005;4448;313;861;12085;1112;8452;1212;mami;mami_AMR;no
964;M15-16Lok;Lokobe;adult;M;mamiratra;6;mami;19;13;38;19,8;22;7,5;8;#NV;22,8;9,8;#NV;160;71;21;AMR;14.3;7.8;8;16;16.3;enlarged;NA;NA;NA;NA;-13.389749999999999;48.338633000000002;28;42561;07_Jul;repro;NA;B3;NA;mami_island;257;28;477;996;283;225;58;264;244;267;242;21005;4448;313;861;12085;1112;8452;1212;mami;mami_AMR;no
965;F16-16Lok;Lokobe;adult;F;mamiratra;6;mami;16,5;13,8;36,8;20,5;22,5;6,5;8;#NV;22,5;8,8;#NV;153;72;20;AMR;NA;NA;NA;NA;NA;NA;lactating;NA;NA;NA;-13.389749999999999;48.338633000000002;28;42561;07_Jul;repro;NA;B4;NA;mami_island;257;28;477;996;283;225;58;264;244;267;242;21005;4448;313;861;12085;1112;8452;1212;mami;mami_AMR;no
966;M22-16Lok;Lokobe;adult;M;mamiratra;6;mami;18,4;13,25;36,25;21,5;22,5;7,5;8,1;#NV;23,75;9,25;#NV;158;72;19;AMR;14.75;7.5;7.25;13.5;13.25;enlarged;NA;NA;NA;NA;-13.386717000000001;48.336416999999997;11;42567;07_Jul;repro;NA;D2;RADSEQ;mami_island;257;28;477;996;283;225;58;264;244;267;242;21005;4448;313;861;12085;1112;8452;1212;mami;mami_AMR;no
967;M10-16Lok;Lokobe;adult;M;mamiratra;6;mami;18,5;12,8;34,5;21,3;22;7,5;7,3;#NV;22,3;#NV;#NV;149;73;19;AMR;17;8.3000000000000007;9.5;14.8;15;enlarged;NA;NA;NA;NA;-13.389749999999999;48.338633000000002;28;40368;07_Jul;repro;NA;B1;NA;mami_island;257;28;477;996;283;225;58;264;244;267;242;21005;4448;313;861;12085;1112;8452;1212;mami;mami_AMR;no
968;M16-16Lok;Lokobe;adult;M;mamiratra;6;mami;19,2;11,3;37;22,3;23;6,5;9,7;#NV;22,5;9;#NV;146;76;20;AMR;15;7.8;8;14.8;13.5;enlarged;NA;NA;NA;NA;-13.38626;48.346783000000002;39;42563;07_Jul;repro;NA;B4;RADSEQ;mami_island;258;28;476;1002;284;226;58;265;245;268;243;20695;4381;309;861;11910;1097;8326;1195;mami;mami_AMR;no
969;M14-16Lok;Lokobe;adult;M;mamiratra;6;mami;17;14;36,5;22,5;21,8;7,5;8,5;#NV;24,8;8,8;#NV;162;80;21;AMR;15.5;7.5;8;14.8;15;enlarged;NA;NA;NA;NA;-13.389749999999999;48.338633000000002;28;42561;07_Jul;repro;NA;B2;NA;mami_island;257;28;477;996;283;225;58;264;244;267;242;21005;4448;313;861;12085;1112;8452;1212;mami;mami_AMR;no
970;01-02;Lokobe;adult;F;mamiratra;6;mami;18;12;34,7;18,3;18,7;6,1;9,4;34;20,8;7,9;70;150;40;19;GO;NA;NA;NA;NA;NA;NA;closed;NA;no_age_initially_given_in_raw_data;NA;-13.414694000000001;48.306528;NA;37548;10_Oct;repro;NA;NA;no;mami_island;258;30;506;984;285;225;60;265;245;268;244;20221;4263;295;856;11580;1054;8135;1162;mami;mami_GO;no
971;02-02;Lokobe;adult;F;mamiratra;6;mami;19,6;13,2;37,2;20,2;20,6;5,6;7;35,7;21,4;9,6;80;160;62;20;GO;NA;NA;NA;NA;NA;NA;closed;NA;no_age_initially_given_in_raw_data;NA;-13.414694000000001;48.306528;NA;37553;10_Oct;repro;NA;NA;no;mami_island;258;30;506;984;285;225;60;265;245;268;244;20221;4263;295;856;11580;1054;8135;1162;mami;mami_GO;no
972;05-02;Lokobe;adult;M;mamiratra;6;mami;20,6;12,2;35,5;20,6;21,7;6,2;9;37,2;22,2;8,1;80;162;63;20;GO;19.399999999999999;13;10.1;8.1999999999999993;12.2;enlarged;NA;NA;no_age_initially_given_in_raw_data;NA;-13.414694000000001;48.306528;NA;37597;12_Dec;repro;NA;NA;no;mami_island;258;30;506;984;285;225;60;265;245;268;244;20221;4263;295;856;11580;1054;8135;1162;mami;mami_GO;no
973;03-02;Lokobe;adult;M;mamiratra;6;mami;17,5;12,6;36,3;20,8;21,6;6,2;7,4;37,2;20,8;8,2;80;160;66;20;GO;18.899999999999999;13.9;9.6999999999999993;10.8;13.1;enlarged;NA;NA;no_age_initially_given_in_raw_data;NA;-13.414694000000001;48.306528;NA;37594;12_Dec;repro;NA;NA;no;mami_island;258;30;506;984;285;225;60;265;245;268;244;20221;4263;295;856;11580;1054;8135;1162;mami;mami_GO;no
974;04-02;Lokobe;adult;F;mamiratra;6;mami;21;12,8;38,9;20,7;22,3;6,1;9,2;36,6;23,2;8,8;85;165;71;23;GO;NA;NA;NA;NA;NA;NA;open;NA;no_age_initially_given_in_raw_data;NA;-13.414694000000001;48.306528;NA;37596;12_Dec;repro;NA;NA;no;mami_island;258;30;506;984;285;225;60;265;245;268;244;20221;4263;295;856;11580;1054;8135;1162;mami;mami_GO;no
979;M12-02oka;Manehoko;adult;M;mamiratra;6;mami;#NV;11,2;33,7;20,3;21;6,8;#NV;37;20,2;7,4;75;155;#NV;20;BR;0;0;0;0;0;regressed;NA;NA;NA;NA;-13.430277777777778;48.797499999999999;NA;37588;11_Nov;repro;NA;AD;RADSEQ;mami_mainland;255;84;684;999;310;188;122;262;245;264;240;18829;4218;290;935;11437;964;8559;990;mami;mami_BR;no
980;F08-02oka;Manehoko;adult;F;mamiratra;6;mami;#NV;12,3;34,1;20,5;20,4;6,3;#NV;35,2;22,1;7,8;75;157;#NV;22;BR;NA;NA;NA;NA;NA;NA;closed;NA;NA;NA;-13.430277777777778;48.797499999999999;NA;37581;11_Nov;repro;NA;4;NA;mami_mainland;255;84;684;999;310;188;122;262;245;264;240;18829;4218;290;935;11437;964;8559;990;mami;mami_BR;no
981;M03-02oka;Manehoko;adult;M;mamiratra;6;mami;#NV;12,2;35,9;19,4;21,3;6;#NV;35,5;20;8,3;75;150;#NV;21;BR;0;0;0;0;0;regressed;NA;NA;NA;NA;-13.430277777777778;48.797499999999999;NA;37577;11_Nov;repro;NA;C;NA;mami_mainland;255;84;684;999;310;188;122;262;245;264;240;18829;4218;290;935;11437;964;8559;990;mami;mami_BR;no
982;F11-02oka;Manehoko;adult;F;mamiratra;6;mami;#NV;11,8;35,8;21;21,9;7;#NV;36,6;20,9;7,6;80;159;#NV;21;BR;NA;NA;NA;NA;NA;NA;closed;NA;NA;NA;-13.430277777777778;48.797499999999999;NA;37581;11_Nov;repro;NA;A1;RADSEQ;mami_mainland;255;84;684;999;310;188;122;262;245;264;240;18829;4218;290;935;11437;964;8559;990;mami;mami_BR;no
983;F05-02oka;Manehoko;adult;F;mamiratra;6;mami;#NV;11,3;34,3;20;20,1;5,5;#NV;34,8;20,1;8;80;165;#NV;20;BR;NA;NA;NA;NA;NA;NA;closed;NA;NA;NA;-13.430277777777778;48.797499999999999;NA;37579;11_Nov;repro;NA;1;RADSEQ;mami_mainland;255;84;684;999;310;188;122;262;245;264;240;18829;4218;290;935;11437;964;8559;990;mami;mami_BR;no
984;M13-02oka;Manehoko;adult;M;mamiratra;6;mami;#NV;11,9;34,5;19,5;20,7;6,6;#NV;37;22;8,7;80;155;#NV;20;BR;18.7;9;8.8000000000000007;13;12.1;enlarged;NA;NA;NA;NA;-13.430277777777778;48.797499999999999;NA;37583;11_Nov;repro;NA;B1;NA;mami_mainland;255;84;684;999;310;188;122;262;245;264;240;18829;4218;290;935;11437;964;8559;990;mami;mami_BR;no
985;F04-02oka;Manehoko;adult;F;mamiratra;6;mami;#NV;13,3;36,5;21,9;21;6;#NV;37,6;22,7;8,3;80;155;#NV;22;BR;NA;NA;NA;NA;NA;NA;lactating;NA;NA;NA;-13.430277777777778;48.797499999999999;NA;37579;11_Nov;repro;NA;D;NA;mami_mainland;255;84;684;999;310;188;122;262;245;264;240;18829;4218;290;935;11437;964;8559;990;mami;mami_BR;no
986;F07-02oka;Manehoko;adult;F;mamiratra;6;mami;#NV;12,2;35,3;21,3;22,2;6,9;#NV;36,6;21,8;8,8;85;160;#NV;23;BR;NA;NA;NA;NA;NA;NA;pregnant;76;NA;NA;-13.430277777777778;48.797499999999999;NA;37581;11_Nov;repro;NA;3;NA;mami_mainland;255;84;684;999;310;188;122;262;245;264;240;18829;4218;290;935;11437;964;8559;990;mami;mami_BR;no
987;F06-02oka;Manehoko;adult;F;mamiratra;6;mami;#NV;12;37,2;21,3;20,8;5,9;#NV;37,7;22,4;8,3;90;155;#NV;20;BR;NA;NA;NA;NA;NA;NA;pregnant;80;NA;NA;-13.430277777777778;48.797499999999999;NA;37581;11_Nov;repro;NA;2;NA;mami_mainland;255;84;684;999;310;188;122;262;245;264;240;18829;4218;290;935;11437;964;8559;990;mami;mami_BR;no
988;F09-02oka;Manehoko;adult;F;mamiratra;6;mami;#NV;12,2;36;21;22,7;7;#NV;38,7;21,2;8,7;85;160;#NV;22;BR;NA;NA;NA;NA;NA;NA;pregnant;85;NA;NA;-13.430277777777778;48.797499999999999;NA;37581;11_Nov;repro;NA;AB;NA;mami_mainland;255;84;684;999;310;188;122;262;245;264;240;18829;4218;290;935;11437;964;8559;990;mami;mami_BR;yes
989;I01_2015;Maromokotra;adult;F;mamiratra;6;mami;#NV;11,69;#NV;22,16;#NV;6,83;#NV;40,09;21,6;#NV;96;149;#NV;19;ERD;NA;NA;NA;NA;NA;NA;pregnant;99;red head, red face, yellowish belly, red back, dorsal line;NA;-13.61644914;49.02572558;249;42324;11_Nov;repro;NA;A12;RADSEQ;mami_mainland;248;115;713;1022;331;170;161;251;232;259;232;19057;4404;156;1022;12143;561;5116;561;mami;mami_ERD;yes
998;F14-16mibe;Ankaramibe;adult;F;margotmarshae;6;marg;16;12,5;36,5;21;21,2;6,3;7,5;#NV;23,3;9,8;#NV;148;50;18;AMR;NA;NA;NA;NA;NA;NA;closed_recently;NA;NA;NA;-13.96325;48.202916999999999;332;42606;08_Aug;repro;NA;B2;RADSEQ;marg;232;84;720;1115;283;166;117;241;215;242;215;27300;5606;207;893;15640;790;14845;790;marg;marg_AMR;no
999;M12-16mibe;Ankaramibe;adult;M;margotmarshae;6;marg;16,3;11,8;34,8;19,5;22,3;6,8;6,5;#NV;20,8;7,8;#NV;140;50;17;AMR;0;0;0;0;0;regressed;NA;NA;NA;NA;-13.959517;48.201967000000003;320;42609;08_Aug;repro;NA;A4;RADSEQ;marg;232;84;720;1115;283;166;117;241;215;242;215;27300;5606;207;893;15640;790;14845;790;marg;marg_AMR;no
1000;F07-16mibe;Ankaramibe;adult;F;margotmarshae;6;marg;16,5;11,3;36,8;20;22;6,8;8,1;#NV;21,8;8;#NV;133;50;18;AMR;NA;NA;NA;NA;NA;NA;closed;NA;NA;NA;-13.94905;48.203432999999997;228;42603;08_Aug;repro;NA;3;NA;marg;242;84;732;1019;293;179;114;251;227;251;227;26442;5417;206;890;15109;784;14363;784;marg;marg_AMR;no
1001;F13-16mibe;Ankaramibe;adult;F;margotmarshae;6;marg;15,8;12,5;34,8;21;22;6,5;7,3;#NV;21,5;9;#NV;151;57;20;AMR;NA;NA;NA;NA;NA;NA;closed;NA;NA;NA;-13.963017000000001;48.204883000000002;379;42606;08_Aug;repro;NA;B1;RADSEQ;marg;232;84;720;1115;283;166;117;241;215;242;215;27300;5606;207;893;15640;790;14845;790;marg;marg_AMR;no
1002;M04-16mibe;Ankaramibe;adult;M;margotmarshae;6;marg;#NV;12,3;36;20,3;22;7,3;8,3;#NV;22;9,8;#NV;135;58;20;AMR;12.8;5.8;6.8;13;13.3;enlarged;NA;NA;NA;NA;-13.963517;48.206650000000003;425;42590;08_Aug;repro;NA;4;NA;marg;232;84;720;1115;283;166;117;241;215;242;215;27300;5606;207;893;15640;790;14845;790;marg;marg_AMR;no
1003;M07-16mibe;Ankaramibe;adult;M;margotmarshae;6;marg;17,3;13,3;35,8;20,5;22;7;8,8;#NV;22,8;8,5;#NV;140;59;19;AMR;11;6;5;9;10;enlarged;NA;NA;NA;NA;-13.958067;48.203932999999999;457;42593;08_Aug;repro;NA;C;NA;marg;235;84;721;1086;287;171;116;245;219;245;219;26950;5528;207;891;15420;790;14647;790;marg;marg_AMR;no
1004;F19-16mibe;Ankaramibe;adult;F;margotmarshae;6;marg;16,3;12,5;35,25;21;22,25;7,25;8;#NV;23;8,8;#NV;151;60;19;AMR;NA;NA;NA;NA;NA;NA;open;NA;NA;NA;-13.965783;48.202249999999999;311;42613;08_Aug;repro;NA;C3;RADSEQ;marg;232;84;720;1115;283;166;117;241;215;242;215;27300;5606;207;893;15640;790;14845;790;marg;marg_AMR;no
1005;M03-16mibe;Ankaramibe;adult;M;margotmarshae;6;marg;16,8;10,8;37,5;22;#NV;7,3;7,8;#NV;23,3;8,8;#NV;134;60;19;AMR;10;5;4.8;11;11.3;enlarged;NA;NA;NA;NA;-13.963967;48.206150000000001;426;42590;08_Aug;repro;NA;3;NA;marg;232;84;720;1115;283;166;117;241;215;242;215;27300;5606;207;893;15640;790;14845;790;marg;marg_AMR;no
1006;F06-16mibe;Ankaramibe;adult;F;margotmarshae;6;marg;18,4;12,5;36,8;21,5;22,8;#NV;7;#NV;21,3;8;#NV;132;60;20;AMR;NA;NA;NA;NA;NA;NA;closed;NA;NA;NA;-13.958432999999999;48.2042;461;42599;08_Aug;repro;NA;2;NA;marg;235;84;721;1086;287;171;116;245;219;245;219;26950;5528;207;891;15420;790;14647;790;marg;marg_AMR;no
1007;M02-16mibe;Ankaramibe;adult;M;margotmarshae;6;marg;16,75;11,5;36,5;20,25;23;6,5;8,75;#NV;21;9,5;#NV;141;61;20;AMR;11.75;6;5;12;11;enlarged;NA;NA;NA;NA;-13.964532999999999;48.207700000000003;456;42590;08_Aug;repro;NA;2;NA;marg;232;84;720;1115;283;166;117;241;215;242;215;27300;5606;207;893;15640;790;14845;790;marg;marg_AMR;no
1008;F03-16mibe;Ankaramibe;adult;F;margotmarshae;6;marg;15,8;11,8;36;20,8;22,8;7,5;7,3;#NV;22,3;8;#NV;148;63;20;AMR;NA;NA;NA;NA;NA;NA;closed_recently;NA;NA;NA;-13.959267000000001;48.207799999999999;NA;42591;08_Aug;repro;NA;C;NA;marg;232;84;720;1115;283;166;117;241;215;242;215;27300;5606;207;893;15640;790;14845;790;marg;marg_AMR;no
1009;F04-16mibe;Ankaramibe;adult;F;margotmarshae;6;marg;18;12,3;36;20,5;23;7,8;7,3;#NV;22;7,8;#NV;139;64;18;AMR;NA;NA;NA;NA;NA;NA;closed;NA;NA;NA;-13.961499999999999;48.206733;457;42594;08_Aug;repro;NA;D;NA;marg;232;84;720;1115;283;166;117;241;215;242;215;27300;5606;207;893;15640;790;14845;790;marg;marg_AMR;no
1010;M05-16mibe;Ankaramibe;adult;M;margotmarshae;6;marg;16,5;11,3;35,8;20,8;23,3;7;7,3;#NV;22,8;9,5;#NV;134;66;19;AMR;12;6.3;5.8;12.5;12.8;enlarged;NA;NA;NA;NA;-13.960433;48.207149999999999;NA;42591;08_Aug;repro;NA;A;NA;marg;232;84;720;1115;283;166;117;241;215;242;215;27300;5606;207;893;15640;790;14845;790;marg;marg_AMR;no
1011;M01-16mibe;Ankaramibe;adult;M;margotmarshae;6;marg;18;13,8;35,5;21,1;22,5;7,3;7,8;#NV;22,3;9;#NV;140;68;20;AMR;13.5;7.3;6.8;12.8;13;enlarged;NA;NA;NA;NA;-13.963832999999999;48.197699999999998;244;42587;08_Aug;repro;NA;1;NA;marg;240;83;722;1045;291;176;115;249;224;249;224;26397;5426;201;893;15118;767;14368;767;marg;marg_AMR;no
1012;M13-16mibe;Ankaramibe;adult;M;margotmarshae;6;marg;17,3;12;36,3;#NV;23;6,5;7,3;#NV;22,5;10;#NV;148;72;19;AMR;10.5;5;5.8;9.3000000000000007;10;enlarged;NA;NA;NA;NA;-13.965949999999999;48.202199999999998;331;42611;08_Aug;repro;NA;B1;RADSEQ;marg;232;84;720;1115;283;166;117;241;215;242;215;27300;5606;207;893;15640;790;14845;790;marg;marg_AMR;no
1013;M06-16mibe;Ankaramibe;adult;M;margotmarshae;6;marg;17;11;38;20,5;23,3;7,8;8;#NV;23,3;8,8;#NV;135;76;21;AMR;11;5;5.3;8;8.8000000000000007;enlarged;NA;NA;NA;NA;-13.9618;48.204999999999998;NA;42591;08_Aug;repro;NA;B3;NA;marg;232;84;720;1115;283;166;117;241;215;242;215;27300;5606;207;893;15640;790;14845;790;marg;marg_AMR;no
1014;F02-16mibe;Ankaramibe;adult;F;margotmarshae;6;marg;17,3;12;37;20,3;23,8;6,8;8,5;#NV;21,5;9,8;#NV;136;#NV;18;AMR;NA;NA;NA;NA;NA;NA;pregnant;80;NA;NA;-13.959267000000001;48.207799999999999;NA;42591;08_Aug;repro;NA;B;NA;marg;232;84;720;1115;283;166;117;241;215;242;215;27300;5606;207;893;15640;790;14845;790;marg;marg_AMR;yes
1015;M18-16mibe;Ankaramibe;adult;M;margotmarshae;6;marg;15,8;12,3;35,5;20;21,8;6,5;7,8;#NV;21,5;9,5;#NV;135;54;19;AMR;13;6.8;6.5;12;11.25;enlarged;NA;NA;NA;NA;-13.951333;48.193983000000003;178;42615;09_Sep;repro;NA;C2;RADSEQ;marg;243;83;727;1018;294;180;114;252;228;252;228;26061;5350;201;891;14906;767;14176;767;marg;marg_AMR;no
1018;RMR131;Marolambo;adult;M;marohita;4;maro;19;#NV;#NV;#NV;#NV;#NV;#NV;#NV;#NV;#NV;#NV;#NV;64;NA;RMR;NA;NA;NA;NA;NA;NA;NA;NA;NA;NA;-20.0602166699999;48.183300000000003;NA;NA;NA;repro;NA;NA;RADSEQ;maro;192;75;527;2470;258;116;142;219;160;220;157;25714;4331;841;609;12275;2723;11952;2756;maro;maro_RMR;no
1019;RMR136;Marolambo;adult;F;marohita;4;maro;19;#NV;#NV;#NV;#NV;#NV;#NV;#NV;#NV;#NV;#NV;145;#NV;NA;RMR;NA;NA;NA;NA;NA;NA;closed;NA;NA;NA;-20.0602166699999;48.183300000000003;NA;NA;NA;repro;NA;NA;RADSEQ;maro;192;75;527;2470;258;116;142;219;160;220;157;25714;4331;841;609;12275;2723;11952;2756;maro;maro_RMR;NA
1027;F62-17jabe;Ambanjabe;adult;F;murinus;8;muri_N;19,4;14,4;32,5;18,9;20,9;7,7;6,3;36,2;20,8;8;86;117;42;26;MBF;NA;NA;NA;NA;NA;NA;closed;NA;NA;C9B490R;-16.330739999999999;46.725729999999999;157;10-08-2017;08_Aug;repro;NO;B3;NA;muri_ANP;262;96;625;1362;332;179;153;268;241;276;241;18084;5001;4;1183;12764;38;4985;38;muri_N;muri_N_MBF;no
1028;F70-17jabe;Ambanjabe;adult;F;murinus;8;muri_N;18,6;14,3;31,2;19,1;19,6;8,2;8,8;36,1;18,4;9;85;128;49;24;MBF;NA;NA;NA;NA;NA;NA;closed;NA;NA;C9A240L;-16.328379999999999;46.71884;157;42958;08_Aug;repro;NO;A13;NA;muri_ANP;261;96;625;1373;330;177;153;267;239;274;239;18163;5032;4;1184;12829;38;5006;38;muri_N;muri_N_MBF;no
1029;M43-17jabe;Ambanjabe;adult;M;murinus;8;muri_N;23,2;16,8;32,8;17,2;20,3;#NV;6,5;36,5;21,1;9,3;88;126;50;26;MBF;0;0;0;0;0;regressed;NA;NA;NA;C9B380R;-16.328669999999999;46.720089999999999;157;42953;08_Aug;repro;NO;B3;NA;muri_ANP;261;96;625;1373;330;177;153;267;239;274;239;18163;5032;4;1184;12829;38;5006;38;muri_N;muri_N_MBF;no
1030;M86-17jabe;Ambanjabe;adult;M;murinus;8;muri_N;18,9;14,9;#NV;17,9;19,1;8,8;7,4;37,5;19,9;8,5;84;115;52;21;MBF;9.1;4.7;5.2;7.8;9.4;enlarged;NA;NA;NA;C9B380L;-16.330590000000001;46.725230000000003;157;42961;08_Aug;repro;NO;BC1;NA;muri_ANP;262;96;625;1362;332;179;153;268;241;276;241;18084;5001;4;1183;12764;38;4985;38;muri_N;muri_N_MBF;no
1031;M48-17jabe;Ambanjabe;adult;M;murinus;8;muri_N;19,4;15,8;37,2;20,1;19,2;7,8;5,4;37,7;19,8;8,6;91;112;52;27;MBF;7.8;4.3;3.6;9;9.5;enlarged;NA;NA;NA;C9A390L;-16.328669999999999;46.720089999999999;157;42954;08_Aug;repro;NO;B1;NA;muri_ANP;261;96;625;1373;330;177;153;267;239;274;239;18163;5032;4;1184;12829;38;5006;38;muri_N;muri_N_MBF;no
1032;M49-17jabe;Ambanjabe;adult;M;murinus;8;muri_N;19,2;15,9;31,2;21,9;20,2;7,2;6,2;36,7;20,5;7,8;91;128;54;27;MBF;0;0;0;0;0;regressed;NA;NA;NA;C9A150L;-16.327950000000001;46.717950000000002;157;42954;08_Aug;repro;NO;D3;NA;muri_ANP;261;96;625;1373;330;177;153;267;239;274;239;18163;5032;4;1184;12829;38;5006;38;muri_N;muri_N_MBF;no
1033;M87-17jabe;Ambanjabe;adult;M;murinus;8;muri_N;17,8;14,2;32,1;20,3;20,6;8,5;6,3;35,6;20;10,9;82;128;56;28;MBF;13.9;7.5;6.6;9.1;9.6999999999999993;enlarged;NA;NA;NA;C9A150R;-16.327950000000001;46.717950000000002;157;42962;08_Aug;repro;NO;B13;NA;muri_ANP;261;96;625;1373;330;177;153;267;239;274;239;18163;5032;4;1184;12829;38;5006;38;muri_N;muri_N_MBF;no
1034;F65-17jabe;Ambanjabe;adult;F;murinus;8;muri_N;17,9;13,3;35,5;19,5;19;8,3;6,9;39,8;22,1;7,8;90;130;57;28;MBF;NA;NA;NA;NA;NA;NA;closed;NA;NA;C9A440L;-16.328949999999999;46.721159999999998;157;42958;08_Aug;repro;NO;C4;NA;muri_ANP;261;96;625;1373;330;177;153;267;239;274;239;18163;5032;4;1184;12829;38;5006;38;muri_N;muri_N_MBF;no
1035;M78-17jabe;Ambanjabe;adult;M;murinus;8;muri_N;17,1;14,2;35,5;17,4;19,9;6,2;7,5;38,3;20,3;8,9;96;135;59;30;MBF;10.199999999999999;5;4.3;9.1999999999999993;7.3;enlarged;NA;NA;NA;C9B30L;-16.328949999999999;46.721159999999998;157;42961;08_Aug;repro;NO;A24;NA;muri_ANP;261;96;625;1373;330;177;153;267;239;274;239;18163;5032;4;1184;12829;38;5006;38;muri_N;muri_N_MBF;no
1036;M69-17jabe;Ambanjabe;adult;M;murinus;8;muri_N;23,1;15,1;33,2;19,5;21,3;6,8;7,6;39,7;20,9;8,6;96;122;60;25;MBF;10.9;4;4.5999999999999996;8.4;9.1999999999999993;enlarged;NA;NA;NA;C9A240R;-16.328379999999999;46.71884;157;42958;08_Aug;repro;NO;AB4;NA;muri_ANP;261;96;625;1373;330;177;153;267;239;274;239;18163;5032;4;1184;12829;38;5006;38;muri_N;muri_N_MBF;no
1037;M66-17jabe;Ambanjabe;adult;M;murinus;8;muri_N;25,2;13,8;35,3;21,1;21,9;7,9;6,8;37,4;18,1;8,7;94;125;61;34;MBF;17.3;6.3;8.1999999999999993;12.6;10.199999999999999;enlarged;NA;NA;NA;C9A460R;-16.328949999999999;46.721159999999998;157;42958;08_Aug;repro;NO;B12;NA;muri_ANP;261;96;625;1373;330;177;153;267;239;274;239;18163;5032;4;1184;12829;38;5006;38;muri_N;muri_N_MBF;no
1038;M47-17jabe;Ambanjabe;adult;M;murinus;8;muri_N;18,5;15,6;32,7;18;20,2;8,6;7,6;35,4;19,5;8,5;99;121;64;32;MBF;10.8;6.2;5.3;8.1;8.9;enlarged;NA;NA;NA;C9A380L;-16.328669999999999;46.720089999999999;157;42954;08_Aug;repro;NO;BC3;NA;muri_ANP;261;96;625;1373;330;177;153;267;239;274;239;18163;5032;4;1184;12829;38;5006;38;muri_N;muri_N_MBF;no
1039;F140-17jabe;Ambanjabe;adult;F;murinus;8;muri_N;20,3;13,8;30,5;19,7;20,3;6,8;8,3;37,2;20,4;8,1;88;133;52;21;MBF;NA;NA;NA;NA;NA;NA;open;NA;NA;2FN320L;-16.306576;46.697180000000003;137;42991;09_Sep;repro;NO;C12;RADSEQ;muri_ANP;264;96;625;1332;334;181;153;270;243;278;243;18163;5057;4;1184;12816;38;5004;38;muri_N;muri_N_MBF;no
1040;M142-17jabe;Ambanjabe;adult;M;murinus;8;muri_N;17,8;13,8;#NV;17,9;#NV;5,8;7,8;35,8;19,7;8,7;91;124;56;23;MBF;14;6.9;7.4;10.3;10.4;enlarged;NA;NA;NA;2FN0L;-16.304987000000001;46.698534000000002;137;42991;09_Sep;repro;NO;BD1;RADSEQ;muri_ANP;264;96;625;1332;334;181;153;270;243;278;243;18163;5057;4;1184;12816;38;5004;38;muri_N;muri_N_MBF;no
1041;F201-17jabe;Ambanjabe;adult;F;murinus;8;muri_N;21,3;13,7;33,2;19,9;19,5;8;8,4;37,5;21,5;8;85;115;60;26;MBF;NA;NA;NA;NA;NA;NA;closed;NA;NA;C20A360L;-16.322199999999999;46.722499999999997;145;43030;10_Oct;repro;NO;D24;NA;muri_ANP;261;96;624;1374;331;178;153;267;240;275;240;18268;5059;4;1183;12888;38;5036;38;muri_N;muri_N_MBF;no
1066;Ampi1;Ampijoroa;adult;F;murinus;8;muri_N;#NV;13,7;#NV;#NV;#NV;#NV;#NV;#NV;#NV;#NV;#NV;#NV;59;NA;TH;NA;NA;NA;NA;NA;NA;closed;NA;grey;NA;-16.322555999999999;46.827728;NA;34251;10_Oct;repro;NA;NA;NA;muri_ANP;268;97;631;1315;339;186;153;273;248;282;248;17565;4772;4;1179;12355;36;4856;36;muri_N;muri_N_TH;no
1067;Ampi11;Ampijoroa;adult;F;murinus;8;muri_N;#NV;17,5;30,9;22;#NV;#NV;#NV;#NV;23,2;#NV;#NV;#NV;64;21;TH;NA;NA;NA;NA;NA;NA;closed;NA;grey;NA;-16.322555999999999;46.827728;NA;34638;10_Oct;repro;NA;NA;NA;muri_ANP;268;97;631;1315;339;186;153;273;248;282;248;17565;4772;4;1179;12355;36;4856;36;muri_N;muri_N_TH;no
1068;Ampi2;Ampijoroa;adult;F;murinus;8;muri_N;#NV;14;#NV;#NV;#NV;#NV;#NV;#NV;#NV;#NV;#NV;#NV;65;NA;TH;NA;NA;NA;NA;NA;NA;closed;NA;grey;NA;-16.322555999999999;46.827728;NA;34251;10_Oct;repro;NA;NA;NA;muri_ANP;268;97;631;1315;339;186;153;273;248;282;248;17565;4772;4;1179;12355;36;4856;36;muri_N;muri_N_TH;no
1069;Ampi4;Ampijoroa;adult;F;murinus;8;muri_N;#NV;14,2;34,2;21,6;#NV;#NV;#NV;#NV;24,2;#NV;#NV;#NV;#NV;20;TH;NA;NA;NA;NA;NA;NA;closed;87;red;NA;-16.322555999999999;46.827728;NA;34635;10_Oct;repro;NA;NA;NA;muri_ANP;268;97;631;1315;339;186;153;273;248;282;248;17565;4772;4;1179;12355;36;4856;36;muri_N;muri_N_TH;yes
1070;Ampi72;Ampijoroa;adult;M;murinus;8;muri_N;#NV;13,3;32,75;22,65;#NV;#NV;#NV;#NV;21,45;#NV;#NV;#NV;52;29;TH;NA;NA;NA;NA;NA;NA;NA;NA;grey;NA;-16.322555999999999;46.827728;NA;34643;11_Nov;repro;NA;NA;NA;muri_ANP;268;97;631;1315;339;186;153;273;248;282;248;17565;4772;4;1179;12355;36;4856;36;muri_N;muri_N_TH;no
1071;Ampi32_3;Ampijoroa;adult;F;murinus;8;muri_N;#NV;11,7;35,4;20,5;#NV;#NV;#NV;#NV;26,9;#NV;#NV;#NV;56;23;TH;NA;NA;NA;NA;NA;NA;closed;NA;red;NA;-16.322555999999999;46.827728;NA;34639;11_Nov;repro;NA;NA;NA;muri_ANP;268;97;631;1315;339;186;153;273;248;282;248;17565;4772;4;1179;12355;36;4856;36;muri_N;muri_N_TH;no
1072;Ampi33;Ampijoroa;adult;M;murinus;8;muri_N;#NV;13,5;34,5;27,5;#NV;#NV;#NV;#NV;22,6;#NV;#NV;#NV;57;25;TH;17.399999999999999;NA;NA;20.9;NA;enlarged;NA;NA;grey;NA;-16.322555999999999;46.827728;NA;34640;11_Nov;repro;NA;NA;NA;muri_ANP;268;97;631;1315;339;186;153;273;248;282;248;17565;4772;4;1179;12355;36;4856;36;muri_N;muri_N_TH;no
1073;Ampi32_2;Ampijoroa;adult;F;murinus;8;muri_N;#NV;15;35,8;22,4;#NV;#NV;#NV;#NV;24,8;#NV;#NV;#NV;#NV;23;TH;NA;NA;NA;NA;NA;NA;pregnant;86;red;NA;-16.322555999999999;46.827728;NA;34640;11_Nov;repro;NA;NA;NA;muri_ANP;268;97;631;1315;339;186;153;273;248;282;248;17565;4772;4;1179;12355;36;4856;36;muri_N;muri_N_TH;yes
1074;Ampi22;Ampijoroa;adult;F;murinus;8;muri_N;#NV;15,9;36,7;23,2;#NV;#NV;#NV;#NV;25;#NV;#NV;#NV;#NV;28;TH;NA;NA;NA;NA;NA;NA;pregnant;94;grey;NA;-16.322555999999999;46.827728;NA;34640;11_Nov;repro;NA;NA;NA;muri_ANP;268;97;631;1315;339;186;153;273;248;282;248;17565;4772;4;1179;12355;36;4856;36;muri_N;muri_N_TH;yes
1158;09-03;Ankirihitra;adult;F;murinus;8;muri_N;25;14,7;35,7;21,4;19;5,6;6;36;22;7,8;75;135;43;19;GO;NA;NA;NA;NA;NA;NA;swollen;NA;age_inferred_from_weight;NA;-16.779399000000002;46.471311;NA;37877;09_Sep;repro;NA;NA;no;muri_IRS0;269;99;621;1480;339;180;159;276;246;285;246;13479;3830;4;1198;9634;31;3712;31;muri_N;muri_N_GO;no
1159;04-03;Ankirihitra;adult;F;murinus;8;muri_N;24,8;16,7;34;19,5;19,7;6,1;7,8;35,4;21,1;8,9;78;128;46;19;GO;NA;NA;NA;NA;NA;NA;closed;NA;age_inferred_from_weight;NA;-16.779399000000002;46.471311;NA;37875;09_Sep;repro;NA;NA;no;muri_IRS0;269;99;621;1480;339;180;159;276;246;285;246;13479;3830;4;1198;9634;31;3712;31;muri_N;muri_N_GO;no
1160;02-03;Ankirihitra;adult;F;murinus;8;muri_N;25;16,3;34,7;20,4;19,8;6,4;6,5;36,8;20,8;8,4;82;137;47;17;GO;NA;NA;NA;NA;NA;NA;closed;NA;age_inferred_from_weight;NA;-16.779399000000002;46.471311;NA;37875;09_Sep;repro;NA;NA;no;muri_IRS0;269;99;621;1480;339;180;159;276;246;285;246;13479;3830;4;1198;9634;31;3712;31;muri_N;muri_N_GO;no
1161;01-03;Ankirihitra;adult;F;murinus;8;muri_N;23,5;14,8;33,9;21;20,5;6;7,1;36,7;20,1;8,3;83;135;48;18;GO;NA;NA;NA;NA;NA;NA;closed;NA;age_inferred_from_weight;NA;-16.779399000000002;46.471311;NA;37875;09_Sep;repro;NA;NA;no;muri_IRS0;269;99;621;1480;339;180;159;276;246;285;246;13479;3830;4;1198;9634;31;3712;31;muri_N;muri_N_GO;no
1162;03-03;Ankirihitra;adult;F;murinus;8;muri_N;24,5;16,8;36;20,7;20,6;6,9;7,6;37;22;8,4;87;136;50;20;GO;NA;NA;NA;NA;NA;NA;swollen;NA;age_inferred_from_weight;NA;-16.779399000000002;46.471311;NA;37875;09_Sep;repro;NA;NA;no;muri_IRS0;269;99;621;1480;339;180;159;276;246;285;246;13479;3830;4;1198;9634;31;3712;31;muri_N;muri_N_GO;no
1163;07-03;Ankirihitra;adult;M;murinus;8;muri_N;24,2;14,8;33;19,3;19,7;6,3;6,4;35,8;21,8;7,6;75;135;51;19;GO;18.5;12.1;9.1;9;12.8;enlarged;NA;NA;age_inferred_from_weight;NA;-16.779399000000002;46.471311;NA;37876;09_Sep;repro;NA;NA;no;muri_IRS0;269;99;621;1480;339;180;159;276;246;285;246;13479;3830;4;1198;9634;31;3712;31;muri_N;muri_N_GO;no
1164;06-03;Ankirihitra;adult;F;murinus;8;muri_N;26,8;14,9;35,8;21,7;20,2;5,9;8,8;36,7;22;8,3;85;130;54;19;GO;NA;NA;NA;NA;NA;NA;NA;NA;age_inferred_from_weight;NA;-16.779399000000002;46.471311;NA;37876;09_Sep;repro;NA;NA;no;muri_IRS0;269;99;621;1480;339;180;159;276;246;285;246;13479;3830;4;1198;9634;31;3712;31;muri_N;muri_N_GO;no
1204;MOR129;Beroboka;adult;M;murinus;8;muri_C;#NV;#NV;#NV;#NV;#NV;#NV;#NV;#NV;#NV;#NV;93,6;#NV;62,12;NA;EEL;NA;NA;NA;NA;NA;NA;NA;NA;NA;NA;-19.983305559999899;44.677555560000002;NA;36779;09_Sep;repro;NA;NA;NA;muri_Kir;259;109;645;1704;341;172;169;272;233;275;233;9680;3190;9;1299;7142;38;5085;38;muri_C;muri_C_EEL;no
1205;MOR106;Beroboka;adult;M;murinus;8;muri_C;#NV;#NV;#NV;#NV;#NV;#NV;#NV;#NV;#NV;#NV;96,6;#NV;67,95;NA;EEL;NA;NA;NA;NA;NA;NA;NA;NA;NA;NA;-19.983305559999899;44.677555560000002;NA;36776;09_Sep;repro;NA;NA;NA;muri_Kir;259;109;645;1704;341;172;169;272;233;275;233;9680;3190;9;1299;7142;38;5085;38;muri_C;muri_C_EEL;no
1206;MOR100;Beroboka;adult;F;murinus;8;muri_C;#NV;#NV;#NV;#NV;#NV;#NV;#NV;#NV;#NV;#NV;104;#NV;68,48;NA;EEL;NA;NA;NA;NA;NA;NA;NA;NA;NA;NA;-19.983305559999899;44.677555560000002;NA;36775;09_Sep;repro;NA;NA;NA;muri_Kir;259;109;645;1704;341;172;169;272;233;275;233;9680;3190;9;1299;7142;38;5085;38;muri_C;muri_C_EEL;no
1238;F31-15Bom;Bombetoka;adult;F;murinus;8;muri_N;21;14,5;35;19,3;19,5;6,8;7,3;37,8;22,8;7,8;#NV;135;48;20;AMR;NA;NA;NA;NA;NA;NA;closed;NA;NA;NA;-15.866667;46.233333000000002;NA;42273;09_Sep;repro;NA;B;NA;muri_Bomb;269;74;625;1079;324;205;119;274;252;277;252;15435;4997;6;1283;11568;45;3939;45;muri_N;muri_N_AMR;no
1239;M20-15Bom;Bombetoka;adult;M;murinus;8;muri_N;19,8;14;34;18,5;19;7;6,8;37,8;22,25;7,25;#NV;120;50;20;AMR;15.75;8;8.8000000000000007;9;10.3;enlarged;NA;NA;NA;NA;-15.866667;46.25;NA;42268;09_Sep;repro;NA;A;NA;muri_Bomb;#NV;#NV;#NV;#NV;#NV;#NV;#NV;#NV;#NV;#NV;#NV;#NV;#NV;#NV;#NV;#NV;#NV;#NV;#NV;muri_N;muri_N_AMR;no
1240;F30-15Bom;Bombetoka;adult;F;murinus;8;muri_N;21;15;36;19,3;19,5;7;8;37,5;22,8;7,5;#NV;132;53;20;AMR;NA;NA;NA;NA;NA;NA;swollen;NA;NA;NA;-15.866667;46.233333000000002;NA;42273;09_Sep;repro;NA;1;NA;muri_Bomb;269;74;625;1079;324;205;119;274;252;277;252;15435;4997;6;1283;11568;45;3939;45;muri_N;muri_N_AMR;no
1241;M29-15Bom;Bombetoka;adult;M;murinus;8;muri_N;22;15;34;18,8;19;7,8;7;37;21,8;7,8;#NV;124;56;19;AMR;14.8;7.3;8;11.5;11.8;enlarged;NA;NA;NA;NA;-15.866667;46.25;NA;42273;09_Sep;repro;NA;D;NA;muri_Bomb;#NV;#NV;#NV;#NV;#NV;#NV;#NV;#NV;#NV;#NV;#NV;#NV;#NV;#NV;#NV;#NV;#NV;#NV;#NV;muri_N;muri_N_AMR;no
1242;M32-15Bom;Bombetoka;adult;M;murinus;8;muri_N;22,3;15;35,5;19,5;20;7,3;6,8;39;23,8;6,8;#NV;130;60;22;AMR;16.8;8.3000000000000007;8.8000000000000007;13.3;12.8;enlarged;NA;NA;NA;NA;-15.866667;46.25;NA;42273;09_Sep;repro;NA;B;NA;muri_Bomb;#NV;#NV;#NV;#NV;#NV;#NV;#NV;#NV;#NV;#NV;#NV;#NV;#NV;#NV;#NV;#NV;#NV;#NV;#NV;muri_N;muri_N_AMR;no
1243;M34-15Bom;Bombetoka;adult;M;murinus;8;muri_N;22,3;15,5;34,5;20,3;20;6,3;6,5;39,5;22,8;8,5;#NV;131;62;20;AMR;13.3;7;6.5;12.5;12.8;enlarged;NA;NA;NA;NA;-15.880283;46.250183;NA;42273;09_Sep;repro;NA;2;NA;muri_Bomb;268;77;618;1117;326;202;124;273;250;277;250;15422;4959;6;1276;11515;45;3972;45;muri_N;muri_N_AMR;no
1244;M37-15Bom;Bombetoka;adult;M;murinus;8;muri_N;21;15,5;35,8;18,8;19;6;8;39,3;22,8;8;#NV;132;64;20;AMR;12.8;6.3;7;12;12.8;enlarged;NA;NA;NA;NA;-15.866667;46.25;NA;42273;09_Sep;repro;NA;3;NA;muri_Bomb;#NV;#NV;#NV;#NV;#NV;#NV;#NV;#NV;#NV;#NV;#NV;#NV;#NV;#NV;#NV;#NV;#NV;#NV;#NV;muri_N;muri_N_AMR;no
1245;F21-15Bom;Bombetoka;adult;F;murinus;8;muri_N;22,8;17;36;21;20,5;6,8;7;40;23,5;9;#NV;134;65;22;AMR;NA;NA;NA;NA;NA;NA;NA;NA;NA;NA;-15.866667;46.25;NA;42268;09_Sep;repro;NA;B;NA;muri_Bomb;#NV;#NV;#NV;#NV;#NV;#NV;#NV;#NV;#NV;#NV;#NV;#NV;#NV;#NV;#NV;#NV;#NV;#NV;#NV;muri_N;muri_N_AMR;no
1246;M33-15Bom;Bombetoka;adult;M;murinus;8;muri_N;21,8;15,7;35;21;20,3;8;8,3;41,5;23;7,5;#NV;125;70;22;AMR;17.5;8.3000000000000007;8.8000000000000007;14;13.8;enlarged;NA;NA;NA;NA;-15.880267;46.250067000000001;NA;42273;09_Sep;repro;NA;A1;RADSEQ;muri_Bomb;268;77;618;1117;326;202;124;273;250;277;250;15422;4959;6;1276;11515;45;3972;45;muri_N;muri_N_AMR;no
1247;M17-15Bom;Bombetoka;adult;M;murinus;8;muri_N;22,8;16,3;35;#NV;21;8;7;40,8;23,8;8,5;#NV;130;77;22;AMR;16;8;8.3000000000000007;13.3;14.5;enlarged;NA;NA;NA;NA;-15.866667;46.233333000000002;NA;42267;09_Sep;repro;MA;C;NA;muri_Bomb;269;74;625;1079;324;205;119;274;252;277;252;15435;4997;6;1283;11568;45;3939;45;muri_N;muri_N_AMR;no
1248;F51-15Bom;Bombetoka;adult;F;murinus;8;muri_N;20;#NV;35,2;20,8;18,3;5;6;37;20,8;9;#NV;125;52;20;AMR;NA;NA;NA;NA;NA;NA;closed;NA;NA;NA;-15.866667;46.233333000000002;NA;42284;10_Oct;repro;NA;4;NA;muri_Bomb;269;74;625;1079;324;205;119;274;252;277;252;15435;4997;6;1283;11568;45;3939;45;muri_N;muri_N_AMR;no
1249;F49-15Bom;Bombetoka;adult;F;murinus;8;muri_N;23;13;34;20;19,5;5,6;5;38,5;22,8;9;#NV;125;53;18;AMR;NA;NA;NA;NA;NA;NA;closed_recently;NA;NA;NA;-15.866667;46.233333000000002;NA;42284;10_Oct;repro;NA;3;NA;muri_Bomb;269;74;625;1079;324;205;119;274;252;277;252;15435;4997;6;1283;11568;45;3939;45;muri_N;muri_N_AMR;no
1250;M40-15Bom;Bombetoka;adult;M;murinus;8;muri_N;22;14,5;34,3;21,8;19,5;5;6;39,5;21,8;9,3;#NV;123;54;18;AMR;16;8;7.5;11;10.5;enlarged;NA;NA;NA;NA;-15.880516999999999;46.250582999999999;NA;42278;10_Oct;repro;NA;A4;NA;muri_Bomb;268;77;618;1117;326;202;124;273;250;277;250;15422;4959;6;1276;11515;45;3972;45;muri_N;muri_N_AMR;no
1251;F38-15Bom;Bombetoka;adult;F;murinus;8;muri_N;23,25;#NV;35,75;19,5;18,7;6;5,5;41;20,5;9;#NV;120;56;18;AMR;NA;NA;NA;NA;NA;NA;closed;NA;NA;NA;-15.880516999999999;46.250582999999999;NA;42278;10_Oct;repro;NA;C;NA;muri_Bomb;268;77;618;1117;326;202;124;273;250;277;250;15422;4959;6;1276;11515;45;3972;45;muri_N;muri_N_AMR;no
1252;M45-15Bom;Bombetoka;adult;M;murinus;8;muri_N;22,3;#NV;35;21;20;6;6,7;40,5;21,7;9;#NV;125;60;18;AMR;16;9;8;12;11;enlarged;NA;NA;NA;NA;-15.880417;46.250267000000001;NA;42283;10_Oct;repro;NA;4;NA;muri_Bomb;268;77;618;1117;326;202;124;273;250;277;250;15422;4959;6;1276;11515;45;3972;45;muri_N;muri_N_AMR;no
1253;F47-15Bom;Bombetoka;adult;F;murinus;8;muri_N;22;#NV;34,4;20,5;19,3;6;#NV;38,3;19,3;8,3;#NV;125;61;19;AMR;NA;NA;NA;NA;NA;NA;closed;NA;NA;NA;-15.866667;46.25;NA;42284;10_Oct;repro;NA;2;NA;muri_Bomb;#NV;#NV;#NV;#NV;#NV;#NV;#NV;#NV;#NV;#NV;#NV;#NV;#NV;#NV;#NV;#NV;#NV;#NV;#NV;muri_N;muri_N_AMR;no
1280;66-15;JBA;adult;M;murinus;8;muri_N;19,5;14,5;36,4;19,9;19,3;7,2;7,8;36,4;21,5;8,1;66;132;48;21;AK;NA;NA;NA;NA;NA;NA;NA;NA;B est;NA;-16.314793999999999;46.812100999999998;NA;42157;06_Jun;pre_repro;NA;NA;NA;muri_ANP;267;97;627;1316;338;184;154;272;247;281;247;17897;4870;4;1177;12570;38;4945;38;muri_N;muri_N_AK;no
1282;58-15;JBA;adult;F;murinus;8;muri_N;17,4;14;33,4;20,9;20,5;5,8;8,7;36,9;22,8;7,2;75;121;52;26;AK;NA;NA;NA;NA;NA;NA;NA;NA;C 4;NA;-16.314793999999999;46.812100999999998;NA;42157;06_Jun;pre_repro;NA;NA;NA;muri_ANP;267;97;627;1316;338;184;154;272;247;281;247;17897;4870;4;1177;12570;38;4945;38;muri_N;muri_N_AK;no
1283;73-15;JBA;adult;F;murinus;8;muri_N;16,3;#NV;36,4;20,8;19,8;#NV;5,8;37,1;19,3;9,3;87;140;55;19;AK;NA;NA;NA;NA;NA;NA;NA;NA;Sud 5;NA;-16.314793999999999;46.812100999999998;NA;42161;06_Jun;pre_repro;NA;NA;NA;muri_ANP;267;97;627;1316;338;184;154;272;247;281;247;17897;4870;4;1177;12570;38;4945;38;muri_N;muri_N_AK;no
1284;3-95;JBA;adult;M;murinus;8;muri_N;#NV;13,85;34,35;21,42;21,1;6,15;8,35;38,33;23;8,3;75;133;#NV;NA;UR;NA;NA;NA;NA;NA;NA;NA;NA;NA;NA;-16.314793999999999;46.812100999999998;NA;34867;06_Jun;pre_repro;NA;NA;NA;muri_ANP;267;97;627;1316;338;184;154;272;247;281;247;17897;4870;4;1177;12570;38;4945;38;muri_N;muri_N_UR;NA
1285;102-96;JBA;adult;M;murinus;8;muri_N;#NV;16,1;32,4;21,5;22,9;7,3;#NV;37,7;22,7;9,5;83;130;#NV;NA;UR;NA;NA;NA;NA;NA;NA;NA;NA;NA;NA;-16.314793999999999;46.812100999999998;NA;1996;06_Jun;pre_repro;NA;NA;NA;muri_ANP;267;97;627;1316;338;184;154;272;247;281;247;17897;4870;4;1177;12570;38;4945;38;muri_N;muri_N_UR;NA
1286;114-96;JBA;adult;M;murinus;8;muri_N;#NV;17,4;33,5;21,4;22,3;7,6;8,2;39,3;20,9;9,3;75;130;#NV;NA;UR;NA;NA;NA;NA;NA;NA;NA;NA;NA;NA;-16.314793999999999;46.812100999999998;NA;1996;06_Jun;pre_repro;NA;NA;NA;muri_ANP;267;97;627;1316;338;184;154;272;247;281;247;17897;4870;4;1177;12570;38;4945;38;muri_N;muri_N_UR;NA
1287;124-96;JBA;adult;F;murinus;8;muri_N;#NV;#NV;35;22,2;21,5;7,7;9,3;39,7;24,6;9,8;85;135;#NV;NA;UR;NA;NA;NA;NA;NA;NA;NA;NA;NA;NA;-16.314793999999999;46.812100999999998;NA;1996;06_Jun;pre_repro;NA;NA;NA;muri_ANP;267;97;627;1316;338;184;154;272;247;281;247;17897;4870;4;1177;12570;38;4945;38;muri_N;muri_N_UR;NA
1289;1-95;JBA;adult;M;murinus;8;muri_N;#NV;16,55;35,5;19,45;20;7,2;10,2;35,55;21,1;8,65;84;115;#NV;NA;UR;NA;NA;NA;NA;NA;NA;NA;NA;NA;NA;-16.314793999999999;46.812100999999998;NA;1995;06_Jun;pre_repro;NA;NA;NA;muri_ANP;267;97;627;1316;338;184;154;272;247;281;247;17897;4870;4;1177;12570;38;4945;38;muri_N;muri_N_UR;NA
1290;2-96;JBA;adult;F;murinus;8;muri_N;#NV;13,3;#NV;17,5;19,5;5,4;7,28;36,5;20,15;6,4;75;130;#NV;NA;UR;NA;NA;NA;NA;NA;NA;NA;NA;NA;NA;-16.314793999999999;46.812100999999998;NA;1996;06_Jun;pre_repro;NA;NA;NA;muri_ANP;267;97;627;1316;338;184;154;272;247;281;247;17897;4870;4;1177;12570;38;4945;38;muri_N;muri_N_UR;NA
1291;9-96;JBA;adult;F;murinus;8;muri_N;#NV;15,3;33;22;21;7;8,5;39,5;21,5;7,1;81;131;#NV;NA;UR;NA;NA;NA;NA;NA;NA;NA;NA;NA;NA;-16.314793999999999;46.812100999999998;NA;1996;06_Jun;pre_repro;NA;NA;NA;muri_ANP;267;97;627;1316;338;184;154;272;247;281;247;17897;4870;4;1177;12570;38;4945;38;muri_N;muri_N_UR;NA
1292;72-95;JBA;adult;M;murinus;8;muri_N;#NV;12,4;34,8;18,3;20,7;6,3;8,4;36,4;21,7;7,2;90;135;#NV;NA;UR;NA;NA;NA;NA;NA;NA;NA;NA;NA;NA;-16.314793999999999;46.812100999999998;NA;1995;06_Jun;pre_repro;NA;NA;NA;muri_ANP;267;97;627;1316;338;184;154;272;247;281;247;17897;4870;4;1177;12570;38;4945;38;muri_N;muri_N_UR;NA
1293;112-96;JBA;adult;M;murinus;8;muri_N;#NV;15,8;35,5;20,4;23,6;8,1;8,7;38,9;23,6;8,5;80;133;#NV;NA;UR;NA;NA;NA;NA;NA;NA;NA;NA;NA;NA;-16.314793999999999;46.812100999999998;NA;1996;06_Jun;pre_repro;NA;NA;NA;muri_ANP;267;97;627;1316;338;184;154;272;247;281;247;17897;4870;4;1177;12570;38;4945;38;muri_N;muri_N_UR;NA
1294;17-95;JBA;adult;M;murinus;8;muri_N;#NV;14,9;31,75;20;19,2;6,6;8,4;35,1;21,3;9,2;82;125;#NV;NA;UR;NA;NA;NA;NA;NA;NA;NA;NA;NA;NA;-16.314793999999999;46.812100999999998;NA;1995;06_Jun;pre_repro;NA;NA;NA;muri_ANP;267;97;627;1316;338;184;154;272;247;281;247;17897;4870;4;1177;12570;38;4945;38;muri_N;muri_N_UR;NA
1295;104-96;JBA;adult;F;murinus;8;muri_N;#NV;15;35,1;19,9;21,1;7,8;9,6;37,7;21,6;9,8;90;130;#NV;NA;UR;NA;NA;NA;NA;NA;NA;NA;NA;NA;NA;-16.314793999999999;46.812100999999998;NA;1996;06_Jun;pre_repro;NA;NA;NA;muri_ANP;267;97;627;1316;338;184;154;272;247;281;247;17897;4870;4;1177;12570;38;4945;38;muri_N;muri_N_UR;NA
1296;4-96;JBA;adult;M;murinus;8;muri_N;#NV;17,1;32,8;21,5;22,6;7,35;8,32;34,5;22,2;6,1;78;132;#NV;NA;UR;NA;NA;NA;NA;NA;NA;NA;NA;NA;NA;-16.314793999999999;46.812100999999998;NA;1996;06_Jun;pre_repro;NA;NA;NA;muri_ANP;267;97;627;1316;338;184;154;272;247;281;247;17897;4870;4;1177;12570;38;4945;38;muri_N;muri_N_UR;NA
1297;156-96;JBA;adult;M;murinus;8;muri_N;#NV;13,5;34,8;21;22,6;7,5;8,5;37,8;23,1;8,6;85;127;#NV;NA;UR;NA;NA;NA;NA;NA;NA;NA;NA;NA;NA;-16.314793999999999;46.812100999999998;NA;1996;06_Jun;pre_repro;NA;NA;NA;muri_ANP;267;97;627;1316;338;184;154;272;247;281;247;17897;4870;4;1177;12570;38;4945;38;muri_N;muri_N_UR;NA
1298;3-96;JBA;adult;M;murinus;8;muri_N;#NV;16,12;30,85;21,73;21,75;6,5;9,6;40,55;23,3;7,6;80;132;#NV;NA;UR;NA;NA;NA;NA;NA;NA;NA;NA;NA;NA;-16.314793999999999;46.812100999999998;NA;1996;06_Jun;pre_repro;NA;NA;NA;muri_ANP;267;97;627;1316;338;184;154;272;247;281;247;17897;4870;4;1177;12570;38;4945;38;muri_N;muri_N_UR;NA
1299;10-95;JBA;adult;M;murinus;8;muri_N;#NV;15,5;34,4;21,7;20,4;6,4;8,4;#NV;21,7;7,6;80;130;#NV;NA;UR;NA;NA;NA;NA;NA;NA;NA;NA;NA;NA;-16.314793999999999;46.812100999999998;NA;1995;06_Jun;pre_repro;NA;NA;NA;muri_ANP;267;97;627;1316;338;184;154;272;247;281;247;17897;4870;4;1177;12570;38;4945;38;muri_N;muri_N_UR;NA
1300;110-96;JBA;adult;M;murinus;8;muri_N;#NV;14,6;34,1;19,4;22,9;8;9,1;37,5;20,5;7,3;70;125;#NV;NA;UR;NA;NA;NA;NA;NA;NA;NA;NA;NA;NA;-16.314793999999999;46.812100999999998;NA;1996;06_Jun;pre_repro;NA;NA;NA;muri_ANP;267;97;627;1316;338;184;154;272;247;281;247;17897;4870;4;1177;12570;38;4945;38;muri_N;muri_N_UR;NA
1301;1-96;JBA;adult;M;murinus;8;muri_N;#NV;15,5;30,5;18,7;20,3;7,5;9,4;38,3;21,4;6,5;78;125;#NV;NA;UR;NA;NA;NA;NA;NA;NA;NA;NA;NA;NA;-16.314793999999999;46.812100999999998;NA;1996;06_Jun;pre_repro;NA;NA;NA;muri_ANP;267;97;627;1316;338;184;154;272;247;281;247;17897;4870;4;1177;12570;38;4945;38;muri_N;muri_N_UR;NA
1302;116-96;JBA;adult;F;murinus;8;muri_N;#NV;16,3;33,2;20,8;21,4;6,4;6,9;35,6;22,2;7,7;81;131;#NV;NA;UR;NA;NA;NA;NA;NA;NA;NA;NA;NA;NA;-16.314793999999999;46.812100999999998;NA;1996;06_Jun;pre_repro;NA;NA;NA;muri_ANP;267;97;627;1316;338;184;154;272;247;281;247;17897;4870;4;1177;12570;38;4945;38;muri_N;muri_N_UR;NA
1303;5-96;JBA;adult;M;murinus;8;muri_N;#NV;16,14;31,5;22,8;22,6;7,5;10,4;39,5;20,6;7,5;74;131;#NV;NA;UR;NA;NA;NA;NA;NA;NA;NA;NA;NA;NA;-16.314793999999999;46.812100999999998;NA;1996;06_Jun;pre_repro;NA;NA;NA;muri_ANP;267;97;627;1316;338;184;154;272;247;281;247;17897;4870;4;1177;12570;38;4945;38;muri_N;muri_N_UR;NA
1304;6-96;JBA;adult;M;murinus;8;muri_N;#NV;15;32;21,7;20,7;5,9;8,9;37,25;23,2;7,1;77;130;#NV;NA;UR;NA;NA;NA;NA;NA;NA;NA;NA;NA;NA;-16.314793999999999;46.812100999999998;NA;1996;06_Jun;pre_repro;NA;NA;NA;muri_ANP;267;97;627;1316;338;184;154;272;247;281;247;17897;4870;4;1177;12570;38;4945;38;muri_N;muri_N_UR;NA
1305;117-96;JBA;adult;F;murinus;8;muri_N;#NV;15,7;34,6;22,3;21,7;7,4;9,1;37,1;23,4;8,5;85;120;#NV;NA;UR;NA;NA;NA;NA;NA;NA;NA;NA;NA;NA;-16.314793999999999;46.812100999999998;NA;1996;06_Jun;pre_repro;NA;NA;NA;muri_ANP;267;97;627;1316;338;184;154;272;247;281;247;17897;4870;4;1177;12570;38;4945;38;muri_N;muri_N_UR;NA
1306;25-95;JBA;adult;M;murinus;8;muri_N;#NV;13,8;33,3;21,7;19,9;7,1;9,2;36,6;21;7,9;80;130;#NV;NA;UR;NA;NA;NA;NA;NA;NA;NA;NA;NA;NA;-16.314793999999999;46.812100999999998;NA;1995;06_Jun;pre_repro;NA;NA;NA;muri_ANP;267;97;627;1316;338;184;154;272;247;281;247;17897;4870;4;1177;12570;38;4945;38;muri_N;muri_N_UR;NA
1307;23-95;JBA;adult;F;murinus;8;muri_N;#NV;15,9;34,8;20,8;22,3;7,2;9,8;36,15;22,3;10,4;80;130;#NV;NA;UR;NA;NA;NA;NA;NA;NA;NA;NA;NA;NA;-16.314793999999999;46.812100999999998;NA;1995;06_Jun;pre_repro;NA;NA;NA;muri_ANP;267;97;627;1316;338;184;154;272;247;281;247;17897;4870;4;1177;12570;38;4945;38;muri_N;muri_N_UR;NA
1308;38-95;JBA;adult;F;murinus;8;muri_N;#NV;15,7;36;21;20,5;7,2;7,6;#NV;24,4;9,7;80;120;#NV;NA;UR;NA;NA;NA;NA;NA;NA;NA;NA;NA;NA;-16.314793999999999;46.812100999999998;NA;1995;06_Jun;pre_repro;NA;NA;NA;muri_ANP;267;97;627;1316;338;184;154;272;247;281;247;17897;4870;4;1177;12570;38;4945;38;muri_N;muri_N_UR;NA
1309;133-96;JBA;adult;F;murinus;8;muri_N;#NV;14,8;34,9;20,4;20,5;6,6;6,9;40,9;20,8;8,6;85;130;#NV;NA;UR;NA;NA;NA;NA;NA;NA;NA;NA;NA;NA;-16.314793999999999;46.812100999999998;NA;1996;06_Jun;pre_repro;NA;NA;NA;muri_ANP;267;97;627;1316;338;184;154;272;247;281;247;17897;4870;4;1177;12570;38;4945;38;muri_N;muri_N_UR;NA
1310;43-95;JBA;adult;F;murinus;8;muri_N;#NV;14,4;34,3;21,7;20,42;6,17;9,45;35;23,2;8,9;80;123;#NV;NA;UR;NA;NA;NA;NA;NA;NA;NA;NA;NA;NA;-16.314793999999999;46.812100999999998;NA;1995;06_Jun;pre_repro;NA;NA;NA;muri_ANP;267;97;627;1316;338;184;154;272;247;281;247;17897;4870;4;1177;12570;38;4945;38;muri_N;muri_N_UR;NA
1311;44-95;JBA;adult;M;murinus;8;muri_N;#NV;14,7;35;21,9;21,8;6,1;8,1;37;20;9,2;85;120;#NV;NA;UR;NA;NA;NA;NA;NA;NA;NA;NA;NA;NA;-16.314793999999999;46.812100999999998;NA;1995;06_Jun;pre_repro;NA;NA;NA;muri_ANP;267;97;627;1316;338;184;154;272;247;281;247;17897;4870;4;1177;12570;38;4945;38;muri_N;muri_N_UR;NA
1312;63-95;JBA;adult;F;murinus;8;muri_N;#NV;14,2;34,9;18,9;25,6;6,2;8,1;35,2;22;7,9;85;120;#NV;NA;UR;NA;NA;NA;NA;NA;NA;NA;NA;NA;NA;-16.314793999999999;46.812100999999998;NA;1995;06_Jun;pre_repro;NA;NA;NA;muri_ANP;267;97;627;1316;338;184;154;272;247;281;247;17897;4870;4;1177;12570;38;4945;38;muri_N;muri_N_UR;NA
1313;71-95;JBA;adult;F;murinus;8;muri_N;#NV;14,4;35,4;18,8;20,6;6,3;8,1;37,3;19,9;8,3;80;125;#NV;NA;UR;NA;NA;NA;NA;NA;NA;NA;NA;NA;NA;-16.314793999999999;46.812100999999998;NA;1995;06_Jun;pre_repro;NA;NA;NA;muri_ANP;267;97;627;1316;338;184;154;272;247;281;247;17897;4870;4;1177;12570;38;4945;38;muri_N;muri_N_UR;NA
1314;14-95;JBA;adult;F;murinus;8;muri_N;#NV;15;31,5;21,8;21,6;6,7;9,6;35,25;23,05;10,7;78;125;#NV;NA;UR;NA;NA;NA;NA;NA;NA;NA;NA;NA;NA;-16.314793999999999;46.812100999999998;NA;1995;06_Jun;pre_repro;NA;NA;NA;muri_ANP;267;97;627;1316;338;184;154;272;247;281;247;17897;4870;4;1177;12570;38;4945;38;muri_N;muri_N_UR;NA
1315;65-95;JBA;adult;M;murinus;8;muri_N;#NV;14,8;35,8;17,3;20,4;6,8;8,2;39,8;22,8;9,5;90;120;#NV;NA;UR;NA;NA;NA;NA;NA;NA;NA;NA;NA;NA;-16.314793999999999;46.812100999999998;NA;1995;06_Jun;pre_repro;NA;NA;NA;muri_ANP;267;97;627;1316;338;184;154;272;247;281;247;17897;4870;4;1177;12570;38;4945;38;muri_N;muri_N_UR;NA
1316;63-96;JBA;adult;F;murinus;8;muri_N;#NV;14,8;33;21,8;21,8;6,7;9,4;#NV;22;10,1;94;130;#NV;NA;UR;NA;NA;NA;NA;NA;NA;NA;NA;NA;NA;-16.314793999999999;46.812100999999998;NA;1996;06_Jun;pre_repro;NA;NA;NA;muri_ANP;267;97;627;1316;338;184;154;272;247;281;247;17897;4870;4;1177;12570;38;4945;38;muri_N;muri_N_UR;NA
1317;65-96;JBA;adult;F;murinus;8;muri_N;#NV;13,5;32,5;19,5;19,5;7,3;7,6;34,1;23,1;9,7;90;130;#NV;NA;UR;NA;NA;NA;NA;NA;NA;NA;NA;NA;NA;-16.314793999999999;46.812100999999998;NA;1996;06_Jun;pre_repro;NA;NA;NA;muri_ANP;267;97;627;1316;338;184;154;272;247;281;247;17897;4870;4;1177;12570;38;4945;38;muri_N;muri_N_UR;NA
1318;137-96;JBA;adult;M;murinus;8;muri_N;#NV;16;33,4;19,1;21,2;6,3;8,7;37,6;22,1;9,5;75;120;#NV;NA;UR;NA;NA;NA;NA;NA;NA;NA;NA;NA;NA;-16.314793999999999;46.812100999999998;NA;1996;06_Jun;pre_repro;NA;NA;NA;muri_ANP;267;97;627;1316;338;184;154;272;247;281;247;17897;4870;4;1177;12570;38;4945;38;muri_N;muri_N_UR;NA
1319;74-95;JBA;adult;M;murinus;8;muri_N;#NV;13,9;#NV;18;20,9;6,4;8,1;42,5;22,1;9,1;85;128;#NV;NA;UR;NA;NA;NA;NA;NA;NA;NA;NA;NA;NA;-16.314793999999999;46.812100999999998;NA;1995;06_Jun;pre_repro;NA;NA;NA;muri_ANP;267;97;627;1316;338;184;154;272;247;281;247;17897;4870;4;1177;12570;38;4945;38;muri_N;muri_N_UR;NA
1320;108-96;JBA;adult;M;murinus;8;muri_N;#NV;16;35,1;19,5;21,1;6,7;8;34,6;20,7;9,3;85;135;#NV;NA;UR;NA;NA;NA;NA;NA;NA;NA;NA;NA;NA;-16.314793999999999;46.812100999999998;NA;1996;06_Jun;pre_repro;NA;NA;NA;muri_ANP;267;97;627;1316;338;184;154;272;247;281;247;17897;4870;4;1177;12570;38;4945;38;muri_N;muri_N_UR;NA
1321;126-96;JBA;adult;M;murinus;8;muri_N;#NV;15,4;35,6;19,1;20,5;6,6;8,8;36,8;22,6;8,7;85;130;#NV;NA;UR;NA;NA;NA;NA;NA;NA;NA;NA;NA;NA;-16.314793999999999;46.812100999999998;NA;1996;06_Jun;pre_repro;NA;NA;NA;muri_ANP;267;97;627;1316;338;184;154;272;247;281;247;17897;4870;4;1177;12570;38;4945;38;muri_N;muri_N_UR;NA
1322;20-95;JBA;adult;M;murinus;8;muri_N;#NV;15,1;31,8;21,1;20,7;7,2;9,3;35,6;24,3;10,1;80;127;#NV;NA;UR;NA;NA;NA;NA;NA;NA;NA;NA;NA;NA;-16.314793999999999;46.812100999999998;NA;1995;06_Jun;pre_repro;NA;NA;NA;muri_ANP;267;97;627;1316;338;184;154;272;247;281;247;17897;4870;4;1177;12570;38;4945;38;muri_N;muri_N_UR;NA
1323;96-96;JBA;adult;F;murinus;8;muri_N;#NV;13,7;35;16,9;20,2;5,9;8;38,75;23,8;7,9;90;133;#NV;NA;UR;NA;NA;NA;NA;NA;NA;NA;NA;NA;NA;-16.314793999999999;46.812100999999998;NA;1996;06_Jun;pre_repro;NA;NA;NA;muri_ANP;267;97;627;1316;338;184;154;272;247;281;247;17897;4870;4;1177;12570;38;4945;38;muri_N;muri_N_UR;NA
1324;29-95;JBA;adult;M;murinus;8;muri_N;#NV;16,1;34,9;19,2;22;7,1;8,3;39,3;21,9;9,7;85;135;#NV;NA;UR;NA;NA;NA;NA;NA;NA;NA;NA;NA;NA;-16.314793999999999;46.812100999999998;NA;1995;06_Jun;pre_repro;NA;NA;NA;muri_ANP;267;97;627;1316;338;184;154;272;247;281;247;17897;4870;4;1177;12570;38;4945;38;muri_N;muri_N_UR;NA
1325;37-95;JBA;adult;F;murinus;8;muri_N;#NV;14;36,7;20,7;21,5;7,7;9,7;42,8;23;9,7;90;135;#NV;NA;UR;NA;NA;NA;NA;NA;NA;NA;NA;NA;NA;-16.314793999999999;46.812100999999998;NA;1995;06_Jun;pre_repro;NA;NA;NA;muri_ANP;267;97;627;1316;338;184;154;272;247;281;247;17897;4870;4;1177;12570;38;4945;38;muri_N;muri_N_UR;NA
1326;70-95;JBA;adult;M;murinus;8;muri_N;#NV;15,3;35,4;18,8;20,8;6,9;8,1;41,5;21,1;8,8;85;125;#NV;NA;UR;NA;NA;NA;NA;NA;NA;NA;NA;NA;NA;-16.314793999999999;46.812100999999998;NA;1995;06_Jun;pre_repro;NA;NA;NA;muri_ANP;267;97;627;1316;338;184;154;272;247;281;247;17897;4870;4;1177;12570;38;4945;38;muri_N;muri_N_UR;NA
1327;81-96;JBA;adult;M;murinus;8;muri_N;#NV;15,4;34,5;21;21,2;7,5;9,3;39;19,9;10,2;90;130;#NV;NA;UR;NA;NA;NA;NA;NA;NA;NA;NA;NA;NA;-16.314793999999999;46.812100999999998;NA;1996;06_Jun;pre_repro;NA;NA;NA;muri_ANP;267;97;627;1316;338;184;154;272;247;281;247;17897;4870;4;1177;12570;38;4945;38;muri_N;muri_N_UR;NA
1328;150-96;JBA;adult;M;murinus;8;muri_N;#NV;15,7;34,8;20;22,4;7,7;9,2;38,8;20,7;8,3;85;125;#NV;NA;UR;NA;NA;NA;NA;NA;NA;NA;NA;NA;NA;-16.314793999999999;46.812100999999998;NA;1996;06_Jun;pre_repro;NA;NA;NA;muri_ANP;267;97;627;1316;338;184;154;272;247;281;247;17897;4870;4;1177;12570;38;4945;38;muri_N;muri_N_UR;NA
1329;95-96;JBA;adult;M;murinus;8;muri_N;#NV;15,7;34,9;20;21,3;7,6;9,7;37,4;20,85;8,6;90;130;#NV;NA;UR;NA;NA;NA;NA;NA;NA;NA;NA;NA;NA;-16.314793999999999;46.812100999999998;NA;1996;06_Jun;pre_repro;NA;NA;NA;muri_ANP;267;97;627;1316;338;184;154;272;247;281;247;17897;4870;4;1177;12570;38;4945;38;muri_N;muri_N_UR;NA
1330;7-96;JBA;adult;F;murinus;8;muri_N;#NV;15,4;32,9;23,75;21;7,3;10;39,8;21,95;7,35;85;136;#NV;NA;UR;NA;NA;NA;NA;NA;NA;NA;NA;NA;NA;-16.314793999999999;46.812100999999998;NA;1996;06_Jun;pre_repro;NA;NA;NA;muri_ANP;267;97;627;1316;338;184;154;272;247;281;247;17897;4870;4;1177;12570;38;4945;38;muri_N;muri_N_UR;NA
1331;125-96;JBA;adult;M;murinus;8;muri_N;#NV;16,6;36,6;19,9;22,2;7,8;9,8;40;22,5;8;82;125;#NV;NA;UR;NA;NA;NA;NA;NA;NA;NA;NA;NA;NA;-16.314793999999999;46.812100999999998;NA;1996;06_Jun;pre_repro;NA;NA;NA;muri_ANP;267;97;627;1316;338;184;154;272;247;281;247;17897;4870;4;1177;12570;38;4945;38;muri_N;muri_N_UR;NA
1332;128-96;JBA;adult;F;murinus;8;muri_N;#NV;14,9;36,3;20;21,85;6,4;8,95;36,35;20,75;10,8;85;135;#NV;NA;UR;NA;NA;NA;NA;NA;NA;NA;NA;NA;NA;-16.314793999999999;46.812100999999998;NA;1996;06_Jun;pre_repro;NA;NA;NA;muri_ANP;267;97;627;1316;338;184;154;272;247;281;247;17897;4870;4;1177;12570;38;4945;38;muri_N;muri_N_UR;NA
1333;115-96;JBA;adult;M;murinus;8;muri_N;#NV;14,6;35,6;20,6;23;7,3;10;40,6;21,1;8,9;85;135;#NV;NA;UR;NA;NA;NA;NA;NA;NA;NA;NA;NA;NA;-16.314793999999999;46.812100999999998;NA;1996;06_Jun;pre_repro;NA;NA;NA;muri_ANP;267;97;627;1316;338;184;154;272;247;281;247;17897;4870;4;1177;12570;38;4945;38;muri_N;muri_N_UR;NA
1334;148-96;JBA;adult;M;murinus;8;muri_N;#NV;14,8;33,9;20,2;21,2;6,7;7,7;39,3;22,8;10,9;82;122;#NV;NA;UR;NA;NA;NA;NA;NA;NA;NA;NA;NA;NA;-16.314793999999999;46.812100999999998;NA;1996;06_Jun;pre_repro;NA;NA;NA;muri_ANP;267;97;627;1316;338;184;154;272;247;281;247;17897;4870;4;1177;12570;38;4945;38;muri_N;muri_N_UR;NA
1335;119-96;JBA;adult;M;murinus;8;muri_N;#NV;14,4;34,2;19,4;22,4;4,1;6,1;38,6;21,6;10,3;80;130;#NV;NA;UR;NA;NA;NA;NA;NA;NA;NA;NA;NA;NA;-16.314793999999999;46.812100999999998;NA;1996;06_Jun;pre_repro;NA;NA;NA;muri_ANP;267;97;627;1316;338;184;154;272;247;281;247;17897;4870;4;1177;12570;38;4945;38;muri_N;muri_N_UR;NA
1336;157-96;JBA;adult;F;murinus;8;muri_N;#NV;#NV;#NV;22,1;23,1;7,2;9,6;38,95;22,45;9,2;100;135;#NV;NA;UR;NA;NA;NA;NA;NA;NA;NA;NA;NA;NA;-16.314793999999999;46.812100999999998;NA;1996;06_Jun;pre_repro;NA;NA;NA;muri_ANP;267;97;627;1316;338;184;154;272;247;281;247;17897;4870;4;1177;12570;38;4945;38;muri_N;muri_N_UR;NA
1337;129-96;JBA;adult;F;murinus;8;muri_N;#NV;17,4;32,1;20,1;21,4;6,7;8,5;36,4;20,4;9,1;92;125;#NV;NA;UR;NA;NA;NA;NA;NA;NA;NA;NA;NA;NA;-16.314793999999999;46.812100999999998;NA;1996;06_Jun;pre_repro;NA;NA;NA;muri_ANP;267;97;627;1316;338;184;154;272;247;281;247;17897;4870;4;1177;12570;38;4945;38;muri_N;muri_N_UR;NA
1338;135-96;JBA;adult;M;murinus;8;muri_N;#NV;16,1;34,9;20,1;20,4;6,9;8;38,4;20;9,1;85;122;#NV;NA;UR;NA;NA;NA;NA;NA;NA;NA;NA;NA;NA;-16.314793999999999;46.812100999999998;NA;1996;06_Jun;pre_repro;NA;NA;NA;muri_ANP;267;97;627;1316;338;184;154;272;247;281;247;17897;4870;4;1177;12570;38;4945;38;muri_N;muri_N_UR;NA
1339;145-96;JBA;adult;M;murinus;8;muri_N;#NV;15,7;33,5;21,9;21,2;7,6;7,5;38,9;22,6;8,8;90;130;#NV;NA;UR;NA;NA;NA;NA;NA;NA;NA;NA;NA;NA;-16.314793999999999;46.812100999999998;NA;1996;06_Jun;pre_repro;NA;NA;NA;muri_ANP;267;97;627;1316;338;184;154;272;247;281;247;17897;4870;4;1177;12570;38;4945;38;muri_N;muri_N_UR;NA
1340;121-96;JBA;adult;M;murinus;8;muri_N;#NV;14,8;33,9;19,1;20,2;7,1;6,8;34,5;20,9;9,5;80;125;#NV;NA;UR;NA;NA;NA;NA;NA;NA;NA;NA;NA;NA;-16.314793999999999;46.812100999999998;NA;1996;06_Jun;pre_repro;NA;NA;NA;muri_ANP;267;97;627;1316;338;184;154;272;247;281;247;17897;4870;4;1177;12570;38;4945;38;muri_N;muri_N_UR;NA
1341;77-96;JBA;adult;M;murinus;8;muri_N;#NV;16,5;34,4;18,7;21,1;7,9;8;36,1;22,6;8,3;90;138;#NV;NA;UR;NA;NA;NA;NA;NA;NA;NA;NA;NA;NA;-16.314793999999999;46.812100999999998;NA;1996;06_Jun;pre_repro;NA;NA;NA;muri_ANP;267;97;627;1316;338;184;154;272;247;281;247;17897;4870;4;1177;12570;38;4945;38;muri_N;muri_N_UR;NA
1342;11-95;JBA;adult;M;murinus;8;muri_N;#NV;15,9;34,6;22,45;21,4;7,7;9,4;40;22,45;9,7;83;130;#NV;NA;UR;NA;NA;NA;NA;NA;NA;NA;NA;NA;NA;-16.314793999999999;46.812100999999998;NA;1995;06_Jun;pre_repro;NA;NA;NA;muri_ANP;267;97;627;1316;338;184;154;272;247;281;247;17897;4870;4;1177;12570;38;4945;38;muri_N;muri_N_UR;NA
1343;118-96;JBA;adult;F;murinus;8;muri_N;#NV;14,9;34,6;18,9;20,7;6,8;8,3;#NV;20,3;8,8;90;132;#NV;NA;UR;NA;NA;NA;NA;NA;NA;NA;NA;NA;NA;-16.314793999999999;46.812100999999998;NA;1996;06_Jun;pre_repro;NA;NA;NA;muri_ANP;267;97;627;1316;338;184;154;272;247;281;247;17897;4870;4;1177;12570;38;4945;38;muri_N;muri_N_UR;NA
1344;130-96;JBA;adult;F;murinus;8;muri_N;#NV;15,9;35,6;19,3;21,8;6,6;8,3;37,1;21,8;9,7;95;132;#NV;NA;UR;NA;NA;NA;NA;NA;NA;NA;NA;NA;NA;-16.314793999999999;46.812100999999998;NA;1996;06_Jun;pre_repro;NA;NA;NA;muri_ANP;267;97;627;1316;338;184;154;272;247;281;247;17897;4870;4;1177;12570;38;4945;38;muri_N;muri_N_UR;NA
1345;132-96;JBA;adult;M;murinus;8;muri_N;#NV;14,2;33,9;21,5;20,1;6,5;7,6;36,8;22,1;9,8;85;135;#NV;NA;UR;NA;NA;NA;NA;NA;NA;NA;NA;NA;NA;-16.314793999999999;46.812100999999998;NA;1996;06_Jun;pre_repro;NA;NA;NA;muri_ANP;267;97;627;1316;338;184;154;272;247;281;247;17897;4870;4;1177;12570;38;4945;38;muri_N;muri_N_UR;NA
1346;136-96;JBA;adult;M;murinus;8;muri_N;#NV;14,5;34,6;21,8;20,7;6,3;8,4;41;20,5;9,1;90;130;#NV;NA;UR;NA;NA;NA;NA;NA;NA;NA;NA;NA;NA;-16.314793999999999;46.812100999999998;NA;1996;06_Jun;pre_repro;NA;NA;NA;muri_ANP;267;97;627;1316;338;184;154;272;247;281;247;17897;4870;4;1177;12570;38;4945;38;muri_N;muri_N_UR;NA
1347;140-96;JBA;adult;M;murinus;8;muri_N;#NV;14,1;35,9;20,3;21;7,1;8,8;39,6;21,6;10,5;90;135;#NV;NA;UR;NA;NA;NA;NA;NA;NA;NA;NA;NA;NA;-16.314793999999999;46.812100999999998;NA;1996;06_Jun;pre_repro;NA;NA;NA;muri_ANP;267;97;627;1316;338;184;154;272;247;281;247;17897;4870;4;1177;12570;38;4945;38;muri_N;muri_N_UR;NA
1348;111-96;JBA;adult;M;murinus;8;muri_N;#NV;15,9;34;21,6;21;7,4;7,7;38,2;21,3;9,9;83;125;#NV;NA;UR;NA;NA;NA;NA;NA;NA;NA;NA;NA;NA;-16.314793999999999;46.812100999999998;NA;1996;06_Jun;pre_repro;NA;NA;NA;muri_ANP;267;97;627;1316;338;184;154;272;247;281;247;17897;4870;4;1177;12570;38;4945;38;muri_N;muri_N_UR;NA
1349;149-96;JBA;adult;F;murinus;8;muri_N;#NV;15,6;35,6;22,6;21,6;7;7,7;40;21,4;8,3;95;115;#NV;NA;UR;NA;NA;NA;NA;NA;NA;NA;NA;NA;NA;-16.314793999999999;46.812100999999998;NA;1996;06_Jun;pre_repro;NA;NA;NA;muri_ANP;267;97;627;1316;338;184;154;272;247;281;247;17897;4870;4;1177;12570;38;4945;38;muri_N;muri_N_UR;NA
1350;78-96;JBA;adult;F;murinus;8;muri_N;#NV;14,2;34;19,5;22;7,2;8;36,3;22,5;9,5;85;127;#NV;NA;UR;NA;NA;NA;NA;NA;NA;NA;NA;NA;NA;-16.314793999999999;46.812100999999998;NA;1996;06_Jun;pre_repro;NA;NA;NA;muri_ANP;267;97;627;1316;338;184;154;272;247;281;247;17897;4870;4;1177;12570;38;4945;38;muri_N;muri_N_UR;NA
1352;106-96;JBA;adult;M;murinus;8;muri_N;#NV;15,5;34,6;22;20,8;6,8;8,6;37,3;22,7;9,3;90;125;#NV;NA;UR;NA;NA;NA;NA;NA;NA;NA;NA;NA;NA;-16.314793999999999;46.812100999999998;NA;1996;06_Jun;pre_repro;NA;NA;NA;muri_ANP;267;97;627;1316;338;184;154;272;247;281;247;17897;4870;4;1177;12570;38;4945;38;muri_N;muri_N_UR;NA
1353;75-95;JBA;adult;M;murinus;8;muri_N;#NV;15,7;30,4;17,3;19;7,2;7,9;40,7;23;9;83;135;#NV;NA;UR;NA;NA;NA;NA;NA;NA;NA;NA;NA;NA;-16.314793999999999;46.812100999999998;NA;1995;06_Jun;pre_repro;NA;NA;NA;muri_ANP;267;97;627;1316;338;184;154;272;247;281;247;17897;4870;4;1177;12570;38;4945;38;muri_N;muri_N_UR;NA
1354;8-96;JBA;adult;M;murinus;8;muri_N;#NV;16,7;31;21,7;19,5;7,2;8,2;40,8;20,5;6,4;87;132;#NV;NA;UR;NA;NA;NA;NA;NA;NA;NA;NA;NA;NA;-16.314793999999999;46.812100999999998;NA;1996;06_Jun;pre_repro;NA;NA;NA;muri_ANP;267;97;627;1316;338;184;154;272;247;281;247;17897;4870;4;1177;12570;38;4945;38;muri_N;muri_N_UR;NA
1355;120-96;JBA;adult;F;murinus;8;muri_N;#NV;16,3;37;20,8;22,1;6,8;8,4;40,1;21,7;9,9;95;125;#NV;NA;UR;NA;NA;NA;NA;NA;NA;NA;NA;NA;NA;-16.314793999999999;46.812100999999998;NA;1996;06_Jun;pre_repro;NA;NA;NA;muri_ANP;267;97;627;1316;338;184;154;272;247;281;247;17897;4870;4;1177;12570;38;4945;38;muri_N;muri_N_UR;NA
1356;64-95;JBA;adult;M;murinus;8;muri_N;#NV;14;35,1;18,7;#NV;7,9;10,4;39,8;21,2;9,8;85;122;#NV;NA;UR;NA;NA;NA;NA;NA;NA;NA;NA;NA;NA;-16.314793999999999;46.812100999999998;NA;1995;06_Jun;pre_repro;NA;NA;NA;muri_ANP;267;97;627;1316;338;184;154;272;247;281;247;17897;4870;4;1177;12570;38;4945;38;muri_N;muri_N_UR;NA
1357;26-96;JBA;adult;M;murinus;8;muri_N;#NV;15,1;34;20,2;20,4;7,8;9,2;39,3;22,7;11,2;90;135;#NV;NA;UR;NA;NA;NA;NA;NA;NA;NA;NA;NA;NA;-16.314793999999999;46.812100999999998;NA;1996;06_Jun;pre_repro;NA;NA;NA;muri_ANP;267;97;627;1316;338;184;154;272;247;281;247;17897;4870;4;1177;12570;38;4945;38;muri_N;muri_N_UR;NA
1358;155-96;JBA;adult;F;murinus;8;muri_N;#NV;15,7;36,4;17,3;21,3;7,6;9,1;39,2;22,5;9,7;90;130;#NV;NA;UR;NA;NA;NA;NA;NA;NA;NA;NA;NA;NA;-16.314793999999999;46.812100999999998;NA;1996;06_Jun;pre_repro;NA;NA;NA;muri_ANP;267;97;627;1316;338;184;154;272;247;281;247;17897;4870;4;1177;12570;38;4945;38;muri_N;muri_N_UR;NA
1359;139-96;JBA;adult;M;murinus;8;muri_N;#NV;15;33,5;19;19,9;6,2;8,1;39,1;21;9,3;80;118;#NV;NA;UR;NA;NA;NA;NA;NA;NA;NA;NA;NA;NA;-16.314793999999999;46.812100999999998;NA;1996;06_Jun;pre_repro;NA;NA;NA;muri_ANP;267;97;627;1316;338;184;154;272;247;281;247;17897;4870;4;1177;12570;38;4945;38;muri_N;muri_N_UR;NA
1360;105-96;JBA;adult;F;murinus;8;muri_N;#NV;15,9;32,4;21,4;21;6,9;8,1;38,2;22,9;9,6;90;135;#NV;NA;UR;NA;NA;NA;NA;NA;NA;NA;NA;NA;NA;-16.314793999999999;46.812100999999998;NA;1996;06_Jun;pre_repro;NA;NA;NA;muri_ANP;267;97;627;1316;338;184;154;272;247;281;247;17897;4870;4;1177;12570;38;4945;38;muri_N;muri_N_UR;NA
1363;102-15;JBA;adult;M;murinus;8;muri_N;22,9;15,9;32;21,1;18,9;7,2;6,5;35,6;22,1;8,4;86;105;47;22;AK;NA;NA;NA;NA;NA;NA;NA;NA;C est;NA;-16.314793999999999;46.812100999999998;NA;42209;07_Jul;pre_repro;NA;NA;NA;muri_ANP;267;97;627;1316;338;184;154;272;247;281;247;17897;4870;4;1177;12570;38;4945;38;muri_N;muri_N_AK;no
1364;100-15;JBA;adult;F;murinus;8;muri_N;20,5;14,8;32,3;21,4;19,9;6,2;5,8;37,4;21,9;6,8;85;115;49;20;AK;NA;NA;NA;NA;NA;NA;NA;NA;E 1;NA;-16.314793999999999;46.812100999999998;NA;42207;07_Jul;pre_repro;NA;NA;NA;muri_ANP;267;97;627;1316;338;184;154;272;247;281;247;17897;4870;4;1177;12570;38;4945;38;muri_N;muri_N_AK;no
1365;91-15;JBA;adult;M;murinus;8;muri_N;21,4;15,8;32,7;22,9;20,1;5,5;7,4;37,2;22,5;7,9;89;127;49;24;AK;NA;NA;NA;NA;NA;NA;NA;NA;E 7;NA;-16.314793999999999;46.812100999999998;NA;42188;07_Jul;pre_repro;NA;NA;NA;muri_ANP;267;97;627;1316;338;184;154;272;247;281;247;17897;4870;4;1177;12570;38;4945;38;muri_N;muri_N_AK;no
1366;88-15;JBA;adult;F;murinus;8;muri_N;21,7;14,9;34,2;23;21,4;6,5;8,1;38,1;22,8;9,6;90;111;49;24;AK;NA;NA;NA;NA;NA;NA;NA;NA;Sud 1;NA;-16.314793999999999;46.812100999999998;NA;42186;07_Jul;pre_repro;NA;NA;NA;muri_ANP;267;97;627;1316;338;184;154;272;247;281;247;17897;4870;4;1177;12570;38;4945;38;muri_N;muri_N_AK;no
1367;F41-11JBA;JBA;adult;F;murinus;8;muri_N;19,4;14,9;33,7;19,6;20,4;5,2;6,4;37,2;#NV;6,1;79;127;50;21;SK;NA;NA;NA;NA;NA;NA;closed;NA;NA;NA;-16.32;46.8;NA;40746;07_Jul;pre_repro;NA;C;NA;muri_ANP;261;96;626;1328;332;178;154;267;241;275;241;17852;4866;4;1179;12553;37;4932;37;muri_N;muri_N_SK;no
1368;70-11;JBA;adult;M;murinus;8;muri_N;22,5;16;36,5;22,3;18,8;6,7;6,6;41;23;9,1;90;124;57;24;AK;NA;NA;NA;NA;NA;NA;NA;NA;C 3;NA;-16.314793999999999;46.812100999999998;NA;42207;07_Jul;pre_repro;NA;NA;NA;muri_ANP;267;97;627;1316;338;184;154;272;247;281;247;17897;4870;4;1177;12570;38;4945;38;muri_N;muri_N_AK;no
1371;114-15;JBA;adult;M;murinus;8;muri_N;24;16;32;20,5;18,3;#NV;9,1;#NV;22,9;8,3;77;119;47;18;AK;NA;NA;NA;NA;NA;NA;NA;NA;Sud 5;NA;-16.314793999999999;46.812100999999998;NA;42243;08_Aug;repro;NA;NA;NA;muri_ANP;267;97;627;1316;338;184;154;272;247;281;247;17897;4870;4;1177;12570;38;4945;38;muri_N;muri_N_AK;no
1372;M08-13JBA;JBA;adult;M;murinus;8;muri_N;21,7;16,7;32,8;#NV;21,6;6,7;8,9;37,8;21,7;8,9;85;136;50;21;RZ;15.4;7.2;6.6;15.5;13.3;enlarged;NA;NA;NA;NA;-16.32;46.8;NA;41501;08_Aug;repro;NA;A2;NA;muri_ANP;261;96;626;1328;332;178;154;267;241;275;241;17852;4866;4;1179;12553;37;4932;37;muri_N;muri_N_RZ;no
1373;F57-13JBA;JBA;adult;F;murinus;8;muri_N;20;13,3;33,9;#NV;21,1;7,2;9,5;40,6;22,8;8,3;80;#NV;51;21;RZ;NA;NA;NA;NA;NA;NA;closed;NA;NA;NA;-16.32;46.8;NA;41506;08_Aug;repro;NA;B4;NA;muri_ANP;261;96;626;1328;332;178;154;267;241;275;241;17852;4866;4;1179;12553;37;4932;37;muri_N;muri_N_RZ;no
1374;M06-13JBA;JBA;adult;M;murinus;8;muri_N;21,7;16,1;33,9;#NV;20,6;6,7;8,3;36,7;20,6;9,4;85;131;51;23;RZ;16.600000000000001;7.8;8.3000000000000007;17.3;14.6;enlarged;NA;NA;NA;NA;-16.32;46.8;NA;41501;08_Aug;repro;NA;B3;NA;muri_ANP;261;96;626;1328;332;178;154;267;241;275;241;17852;4866;4;1179;12553;37;4932;37;muri_N;muri_N_RZ;no
1375;M44-13JBA;JBA;adult;M;murinus;8;muri_N;20,5;15,6;35,5;#NV;21,6;7,8;7,8;40,6;21,1;8,3;84;139;52;19;RZ;16.100000000000001;7.8;5.5;10.6;9.4;enlarged;NA;NA;NA;NA;-16.32;46.8;NA;41506;08_Aug;repro;NA;AB2;RADSEQ;muri_ANP;261;96;626;1328;332;178;154;267;241;275;241;17852;4866;4;1179;12553;37;4932;37;muri_N;muri_N_RZ;no
1376;M22-13JBA;JBA;adult;M;murinus;8;muri_N;24;13,6;31,7;#NV;20;6,1;6,8;39,5;20,8;7,3;77;129;52;22;RZ;14;6.8;8.6;13.7;13.1;enlarged;NA;NA;NA;NA;-16.32;46.8;NA;41504;08_Aug;repro;NA;AC;NA;muri_ANP;261;96;626;1328;332;178;154;267;241;275;241;17852;4866;4;1179;12553;37;4932;37;muri_N;muri_N_RZ;no
1377;50-13;JBA;adult;M;murinus;8;muri_N;20,8;14,9;33,5;20,7;#NV;5,6;6,9;36,3;21,9;8,9;90;120;53;21;AK;NA;NA;NA;NA;NA;NA;NA;NA;Sud 8;NA;-16.314793999999999;46.812100999999998;NA;42217;08_Aug;repro;NA;NA;NA;muri_ANP;267;97;627;1316;338;184;154;272;247;281;247;17897;4870;4;1177;12570;38;4945;38;muri_N;muri_N_AK;no
1378;M03-13JBA;JBA;adult;M;murinus;8;muri_N;21,1;15,5;34,2;#NV;21;5;8;37;23;9,2;72;130;54;22;RZ;17;9;8.1;14.1;15.4;enlarged;NA;NA;NA;NA;-16.32;46.8;NA;41501;08_Aug;repro;NA;A4;NA;muri_ANP;261;96;626;1328;332;178;154;267;241;275;241;17852;4866;4;1179;12553;37;4932;37;muri_N;muri_N_RZ;no
1379;F56-13JBA;JBA;adult;F;murinus;8;muri_N;21,7;16,6;36,1;#NV;#NV;7,2;8,9;41,6;22,8;8,3;82;138;56;19;RZ;NA;NA;NA;NA;NA;NA;closed;NA;NA;NA;-16.32;46.8;NA;41506;08_Aug;repro;NA;AC;RADSEQ;muri_ANP;261;96;626;1328;332;178;154;267;241;275;241;17852;4866;4;1179;12553;37;4932;37;muri_N;muri_N_RZ;no
1380;F05-13JBA;JBA;adult;F;murinus;8;muri_N;24,8;15,1;33,8;#NV;21,7;6;8;37,6;22;8,4;73;142;56;23;RZ;NA;NA;NA;NA;NA;NA;closed;NA;NA;NA;-16.32;46.8;NA;41501;08_Aug;repro;NA;A4;NA;muri_ANP;261;96;626;1328;332;178;154;267;241;275;241;17852;4866;4;1179;12553;37;4932;37;muri_N;muri_N_RZ;no
1381;112-15;JBA;adult;M;murinus;8;muri_N;21,9;14,5;34;20;19,1;#NV;8,5;37,4;23,3;7,5;90;111;57;22;AK;NA;NA;NA;NA;NA;NA;NA;NA;F west;NA;-16.314793999999999;46.812100999999998;NA;42243;08_Aug;repro;NA;NA;NA;muri_ANP;267;97;627;1316;338;184;154;272;247;281;247;17897;4870;4;1177;12570;38;4945;38;muri_N;muri_N_AK;no
1382;109-15;JBA;adult;M;murinus;8;muri_N;23,4;16,4;32,8;18,7;18,5;5,4;7;35,5;21,9;8;87;122;57;21;AK;NA;NA;NA;NA;NA;NA;NA;NA;G 2;NA;-16.314793999999999;46.812100999999998;NA;42241;08_Aug;repro;NA;NA;NA;muri_ANP;267;97;627;1316;338;184;154;272;247;281;247;17897;4870;4;1177;12570;38;4945;38;muri_N;muri_N_AK;no
1383;M53-11JBA;JBA;adult;M;murinus;8;muri_N;21,6;15,9;34,3;22,2;20,3;4,2;6,6;39,3;#NV;6,3;80;115;58;23;SK;13.5;6.9;6;11.1;9.8000000000000007;enlarged;NA;NA;NA;NA;-16.32;46.8;NA;40771;08_Aug;repro;NA;AD;NA;muri_ANP;261;96;626;1328;332;178;154;267;241;275;241;17852;4866;4;1179;12553;37;4932;37;muri_N;muri_N_SK;no
1384;113-15;JBA;adult;M;murinus;8;muri_N;22,7;#NV;33,9;20,8;20,4;6;6,1;38,7;21,5;8,4;84;117;61;22;AK;NA;NA;NA;NA;NA;NA;NA;NA;Sud 8;NA;-16.314793999999999;46.812100999999998;NA;42243;08_Aug;repro;NA;NA;NA;muri_ANP;267;97;627;1316;338;184;154;272;247;281;247;17897;4870;4;1177;12570;38;4945;38;muri_N;muri_N_AK;no
1387;119-15;JBA;adult;M;murinus;8;muri_N;23,1;17;#NV;21,9;20,8;6;8,6;37;22;8,1;75;117;48;16;AK;NA;NA;NA;NA;NA;NA;NA;NA;Sud 3;NA;-16.314793999999999;46.812100999999998;NA;42252;09_Sep;repro;NA;NA;NA;muri_ANP;267;97;627;1316;338;184;154;272;247;281;247;17897;4870;4;1177;12570;38;4945;38;muri_N;muri_N_AK;no
1388;125-15;JBA;adult;M;murinus;8;muri_N;22,1;15;32,1;22;20,1;6,8;6,1;40,2;21,9;9,1;72;120;49;22;AK;NA;NA;NA;NA;NA;NA;NA;NA;C west;NA;-16.314793999999999;46.812100999999998;NA;42276;09_Sep;repro;NA;NA;NA;muri_ANP;267;97;627;1316;338;184;154;272;247;281;247;17897;4870;4;1177;12570;38;4945;38;muri_N;muri_N_AK;no
1389;123-15;JBA;adult;M;murinus;8;muri_N;23,7;14,4;32,3;20,1;21,3;6,1;8;37,7;20,7;8,4;90;120;53;23;AK;NA;NA;NA;NA;NA;NA;NA;NA;G est;NA;-16.314793999999999;46.812100999999998;NA;42268;09_Sep;repro;NA;NA;NA;muri_ANP;267;97;627;1316;338;184;154;272;247;281;247;17897;4870;4;1177;12570;38;4945;38;muri_N;muri_N_AK;no
1390;M66-11JBA;JBA;adult;M;murinus;8;muri_N;23,7;16,4;33,3;22,4;19,8;5,7;6,8;35,3;#NV;#NV;72;115;54;19;SK;12.8;6.4;6;11.3;12.4;enlarged;NA;NA;NA;NA;-16.32;46.8;NA;40798;09_Sep;repro;NA;AB;NA;muri_ANP;261;96;626;1328;332;178;154;267;241;275;241;17852;4866;4;1179;12553;37;4932;37;muri_N;muri_N_SK;no
1391;M61-11JBA;JBA;adult;M;murinus;8;muri_N;21,2;14,5;34,6;21,6;20;5,4;6,1;35,9;#NV;#NV;77;126;56;22;SK;15.3;6.7;6.8;10;8.4;enlarged;NA;NA;NA;NA;-16.32;46.8;NA;40795;09_Sep;repro;NA;BC;NA;muri_ANP;261;96;626;1328;332;178;154;267;241;275;241;17852;4866;4;1179;12553;37;4932;37;muri_N;muri_N_SK;no
1392;120-15;JBA;adult;M;murinus;8;muri_N;24,4;#NV;35;22,2;20,4;7,2;6,5;36,5;20,6;8,5;75;125;57;23;AK;NA;NA;NA;NA;NA;NA;NA;NA;Sud est;NA;-16.314793999999999;46.812100999999998;NA;42252;09_Sep;repro;NA;NA;NA;muri_ANP;267;97;627;1316;338;184;154;272;247;281;247;17897;4870;4;1177;12570;38;4945;38;muri_N;muri_N_AK;no
1393;124-15;JBA;adult;F;murinus;8;muri_N;24,6;13,5;35,8;23,3;21,6;7,3;7,1;39;22,2;7,8;88;125;59;23;AK;NA;NA;NA;NA;NA;NA;NA;NA;Nord 5;NA;-16.314793999999999;46.812100999999998;NA;42276;09_Sep;repro;NA;NA;NA;muri_ANP;267;97;627;1316;338;184;154;272;247;281;247;17897;4870;4;1177;12570;38;4945;38;muri_N;muri_N_AK;no
1394;135-15;JBA;adult;M;murinus;8;muri_N;23,9;14,3;35,5;21,6;20,8;6,3;5,5;38,6;21,7;8,6;72;114;52;20;AK;NA;NA;NA;NA;NA;NA;NA;NA;Sud 2;NA;-16.314793999999999;46.812100999999998;NA;42301;10_Oct;repro;NA;NA;NA;muri_ANP;267;97;627;1316;338;184;154;272;247;281;247;17897;4870;4;1177;12570;38;4945;38;muri_N;muri_N_AK;no
1395;130-15;JBA;adult;F;murinus;8;muri_N;23,6;14,8;34,9;22,5;20;6,2;8,1;39,4;22,7;9,5;75;118;60;22;AK;NA;NA;NA;NA;NA;NA;NA;NA;Nord ouest;NA;-16.314793999999999;46.812100999999998;NA;42280;10_Oct;repro;NA;NA;NA;muri_ANP;267;97;627;1316;338;184;154;272;247;281;247;17897;4870;4;1177;12570;38;4945;38;muri_N;muri_N_AK;no
1402;16-13;JBB;adult;M;murinus;8;muri_N;21,9;15,3;34,1;21,7;21;6,4;7,4;#NV;21,9;7,8;81;117;60;22;AK;NA;NA;NA;NA;NA;NA;NA;NA;20;NA;-16.1344722199999;46.811527779999999;NA;42227;08_Aug;repro;NA;NA;NA;muri_ANP;270;97;636;1262;342;189;153;274;251;284;251;14974;4125;4;1181;10529;33;4110;33;muri_N;muri_N_AK;no
1413;0696AD0A;Kirindy;adult;M;murinus;8;muri_C;#NV;#NV;34,8;22,2;#NV;#NV;#NV;#NV;#NV;#NV;94;149;59;23;MD;NA;7;14.9;13.8;6.9;enlarged;NA;NA;NA;NA;-20.0459779799999;44.54847427;NA;39706;09_Sep;repro;NA;NA;NA;muri_Kir;261;108;641;1754;341;172;169;274;234;277;234;8919;3059;10;1338;6723;39;4709;39;muri_C;muri_C_MD;no
1414;01F142D3;Kirindy;adult;F;murinus;8;muri_C;#NV;#NV;35,4;22,2;#NV;#NV;#NV;#NV;#NV;#NV;115;156;68;30;MD;NA;NA;NA;NA;NA;NA;NA;NA;NA;NA;-20.0459779799999;44.54847427;NA;40078;09_Sep;repro;NA;NA;NA;muri_Kir;261;108;641;1754;341;172;169;274;234;277;234;8919;3059;10;1338;6723;39;4709;39;muri_C;muri_C_MD;no
1415;06965E1C;Kirindy;adult;M;murinus;8;muri_C;#NV;#NV;35,4;22,3;#NV;#NV;#NV;#NV;#NV;#NV;103;149;70;34;MD;NA;7.4;13.200000000000001;13.5;6.4;enlarged;NA;NA;NA;NA;-20.0459779799999;44.54847427;NA;39703;09_Sep;repro;NA;NA;NA;muri_Kir;261;108;641;1754;341;172;169;274;234;277;234;8919;3059;10;1338;6723;39;4709;39;muri_C;muri_C_MD;no
1416;06955E2A;Kirindy;adult;M;murinus;8;muri_C;#NV;#NV;35,8;22;#NV;#NV;#NV;#NV;#NV;#NV;107;182;71;28;MD;NA;8.1999999999999993;12.1;16.8;8.3000000000000007;enlarged;NA;NA;NA;NA;-20.0459779799999;44.54847427;NA;39703;09_Sep;repro;NA;NA;NA;muri_Kir;261;108;641;1754;341;172;169;274;234;277;234;8919;3059;10;1338;6723;39;4709;39;muri_C;muri_C_MD;no
1417;06963D07;Kirindy;adult;M;murinus;8;muri_C;#NV;#NV;35,8;22;#NV;#NV;#NV;#NV;#NV;#NV;110;136;73;21;MD;NA;7.4;13.200000000000001;15.3;6.4;enlarged;NA;NA;NA;NA;-20.0459779799999;44.54847427;NA;39703;09_Sep;repro;NA;NA;NA;muri_Kir;261;108;641;1754;341;172;169;274;234;277;234;8919;3059;10;1338;6723;39;4709;39;muri_C;muri_C_MD;no
1418;06956D64;Kirindy;adult;M;murinus;8;muri_C;#NV;#NV;35,9;22,6;#NV;#NV;#NV;#NV;#NV;#NV;110;#NV;80;26;MD;NA;9.3000000000000007;16;16.2;9.4;enlarged;NA;NA;NA;NA;-20.0459779799999;44.54847427;NA;39703;09_Sep;repro;NA;NA;NA;muri_Kir;261;108;641;1754;341;172;169;274;234;277;234;8919;3059;10;1338;6723;39;4709;39;muri_C;muri_C_MD;no
1419;04500311;Kirindy;adult;F;murinus;8;muri_C;#NV;#NV;32,6;19,7;#NV;#NV;#NV;#NV;#NV;#NV;78;129;42;17;MD;NA;NA;NA;NA;NA;NA;NA;NA;NA;NA;-20.0459779799999;44.54847427;NA;41191;10_Oct;repro;NA;NA;NA;muri_Kir;261;108;641;1754;341;172;169;274;234;277;234;8919;3059;10;1338;6723;39;4709;39;muri_C;muri_C_MD;no
1420;04508619;Kirindy;adult;F;murinus;8;muri_C;#NV;#NV;32,1;20,8;#NV;#NV;#NV;#NV;#NV;#NV;80;128;43;18;MD;NA;NA;NA;NA;NA;NA;NA;NA;NA;NA;-20.0459779799999;44.54847427;NA;41186;10_Oct;repro;NA;NA;NA;muri_Kir;261;108;641;1754;341;172;169;274;234;277;234;8919;3059;10;1338;6723;39;4709;39;muri_C;muri_C_MD;no
1421;04500189;Kirindy;adult;F;murinus;8;muri_C;#NV;#NV;33,8;20,8;#NV;#NV;#NV;#NV;#NV;#NV;88;132;45;22;MD;NA;NA;NA;NA;NA;NA;NA;NA;NA;NA;-20.0459779799999;44.54847427;NA;41186;10_Oct;repro;NA;NA;NA;muri_Kir;261;108;641;1754;341;172;169;274;234;277;234;8919;3059;10;1338;6723;39;4709;39;muri_C;muri_C_MD;no
1422;1140;Kirindy;adult;F;murinus;8;muri_C;#NV;#NV;36,2;19,5;#NV;#NV;#NV;#NV;20,2;#NV;98,8;127;48;33;TH;NA;NA;NA;NA;NA;NA;swollen;NA;grey;NA;-20.075489000000001;44.631041000000003;NA;34624;10_Oct;repro;NA;NA;NA;muri_Kir;259;111;649;1743;342;171;171;273;233;276;233;9685;3244;10;1313;7204;38;5107;38;muri_C;muri_C_TH;no
1423;04498077;Kirindy;adult;F;murinus;8;muri_C;#NV;#NV;33;20,9;#NV;#NV;#NV;#NV;#NV;#NV;87;143;50;19;MD;NA;NA;NA;NA;NA;NA;NA;NA;NA;NA;-20.0459779799999;44.54847427;NA;41186;10_Oct;repro;NA;NA;NA;muri_Kir;261;108;641;1754;341;172;169;274;234;277;234;8919;3059;10;1338;6723;39;4709;39;muri_C;muri_C_MD;no
1424;3A13;Kirindy;adult;F;murinus;8;muri_C;#NV;#NV;33;17,2;#NV;#NV;#NV;#NV;19,9;#NV;97;132;51;32;TH;NA;NA;NA;NA;NA;NA;swollen;NA;grey;NA;-20.075489000000001;44.631041000000003;NA;34624;10_Oct;repro;NA;NA;NA;muri_Kir;259;111;649;1743;342;171;171;273;233;276;233;9685;3244;10;1313;7204;38;5107;38;muri_C;muri_C_TH;no
1425;04494699;Kirindy;adult;M;murinus;8;muri_C;#NV;#NV;33,4;20,8;#NV;#NV;#NV;#NV;#NV;#NV;88;144;53;17;MD;NA;NA;NA;NA;NA;NA;NA;NA;NA;NA;-20.0459779799999;44.54847427;NA;41186;10_Oct;repro;NA;NA;NA;muri_Kir;261;108;641;1754;341;172;169;274;234;277;234;8919;3059;10;1338;6723;39;4709;39;muri_C;muri_C_MD;no
1426;04795662;Kirindy;adult;M;murinus;8;muri_C;#NV;#NV;33,3;21,4;#NV;#NV;#NV;#NV;#NV;#NV;94;135;53;18;MD;NA;NA;NA;NA;NA;NA;NA;NA;NA;NA;-20.0459779799999;44.54847427;NA;41193;10_Oct;repro;NA;NA;NA;muri_Kir;261;108;641;1754;341;172;169;274;234;277;234;8919;3059;10;1338;6723;39;4709;39;muri_C;muri_C_MD;no
1427;6C5A;Kirindy;adult;F;murinus;8;muri_C;#NV;#NV;33,4;20;#NV;#NV;#NV;#NV;20,6;#NV;87,6;120;54;NA;TH;NA;NA;NA;NA;NA;NA;open;NA;grey;NA;-20.075489000000001;44.631041000000003;NA;34624;10_Oct;repro;NA;NA;NA;muri_Kir;259;111;649;1743;342;171;171;273;233;276;233;9685;3244;10;1313;7204;38;5107;38;muri_C;muri_C_TH;no
1428;DB63;Kirindy;adult;M;murinus;8;muri_C;#NV;#NV;33,1;20,5;#NV;#NV;#NV;#NV;20;#NV;109,9;130;54;34;TH;14.8;NA;NA;10.9;NA;enlarged;NA;NA;grey;NA;-20.075489000000001;44.631041000000003;NA;34624;10_Oct;repro;NA;NA;NA;muri_Kir;259;111;649;1743;342;171;171;273;233;276;233;9685;3244;10;1313;7204;38;5107;38;muri_C;muri_C_TH;no
1429;04793545;Kirindy;adult;F;murinus;8;muri_C;#NV;#NV;34;21,2;#NV;#NV;#NV;#NV;#NV;#NV;90;144;54;19;MD;NA;NA;NA;NA;NA;NA;NA;NA;NA;NA;-20.0459779799999;44.54847427;NA;41186;10_Oct;repro;NA;NA;NA;muri_Kir;261;108;641;1754;341;172;169;274;234;277;234;8919;3059;10;1338;6723;39;4709;39;muri_C;muri_C_MD;no
1430;6BCBa;Kirindy;adult;M;murinus;8;muri_C;#NV;#NV;31;20,1;#NV;#NV;#NV;#NV;19,6;#NV;95;121;55;35;TH;8.1;NA;NA;9.6999999999999993;NA;enlarged;NA;NA;grey;NA;-20.075489000000001;44.631041000000003;NA;34624;10_Oct;repro;NA;NA;NA;muri_Kir;259;111;649;1743;342;171;171;273;233;276;233;9685;3244;10;1313;7204;38;5107;38;muri_C;muri_C_TH;no
1431;8CBE;Kirindy;adult;F;murinus;8;muri_C;#NV;#NV;34,7;21;#NV;#NV;#NV;#NV;22;#NV;111,3;142;#NV;25;TH;NA;NA;NA;NA;NA;NA;pregnant;55;grey;NA;-20.075489000000001;44.631041000000003;NA;34624;10_Oct;repro;NA;NA;NA;muri_Kir;259;111;649;1743;342;171;171;273;233;276;233;9685;3244;10;1313;7204;38;5107;38;muri_C;muri_C_TH;no
1432;295A;Kirindy;adult;F;murinus;8;muri_C;#NV;#NV;35,4;20;#NV;#NV;#NV;#NV;22,6;#NV;106,6;138;56;30;TH;NA;NA;NA;NA;NA;NA;closed;NA;grey;NA;-20.075489000000001;44.631041000000003;NA;34618;10_Oct;repro;NA;NA;NA;muri_Kir;259;111;649;1743;342;171;171;273;233;276;233;9685;3244;10;1313;7204;38;5107;38;muri_C;muri_C_TH;no
1433;DCE1;Kirindy;adult;F;murinus;8;muri_C;#NV;#NV;34,2;22,6;#NV;#NV;#NV;#NV;18,5;#NV;94,8;126;56;30;TH;NA;NA;NA;NA;NA;NA;open;NA;grey;NA;-20.075489000000001;44.631041000000003;NA;34624;10_Oct;repro;NA;NA;NA;muri_Kir;259;111;649;1743;342;171;171;273;233;276;233;9685;3244;10;1313;7204;38;5107;38;muri_C;muri_C_TH;no
1434;04497549;Kirindy;adult;F;murinus;8;muri_C;#NV;#NV;34;21,1;#NV;#NV;#NV;#NV;#NV;#NV;95;136;56;21;MD;NA;NA;NA;NA;NA;NA;NA;NA;NA;NA;-20.0459779799999;44.54847427;NA;41185;10_Oct;repro;NA;NA;NA;muri_Kir;261;108;641;1754;341;172;169;274;234;277;234;8919;3059;10;1338;6723;39;4709;39;muri_C;muri_C_MD;no
1435;04504174;Kirindy;adult;F;murinus;8;muri_C;#NV;#NV;35,1;21,9;#NV;#NV;#NV;#NV;#NV;#NV;94;152;56;18;MD;NA;NA;NA;NA;NA;NA;NA;NA;NA;NA;-20.0459779799999;44.54847427;NA;41194;10_Oct;repro;NA;NA;NA;muri_Kir;261;108;641;1754;341;172;169;274;234;277;234;8919;3059;10;1338;6723;39;4709;39;muri_C;muri_C_MD;no
1436;04795425;Kirindy;adult;M;murinus;8;muri_C;#NV;#NV;31,8;20,6;#NV;#NV;#NV;#NV;#NV;#NV;90;132;57;18;MD;NA;NA;NA;NA;NA;NA;NA;NA;NA;NA;-20.0459779799999;44.54847427;NA;41205;10_Oct;repro;NA;NA;NA;muri_Kir;261;108;641;1754;341;172;169;274;234;277;234;8919;3059;10;1338;6723;39;4709;39;muri_C;muri_C_MD;no
1437;4235;Kirindy;adult;M;murinus;8;muri_C;#NV;#NV;29,3;22,5;#NV;#NV;#NV;#NV;19,5;#NV;97,7;115;58;32;TH;8.4;NA;NA;9.8000000000000007;NA;enlarged;NA;NA;grey;NA;-20.075489000000001;44.631041000000003;NA;34624;10_Oct;repro;NA;NA;NA;muri_Kir;259;111;649;1743;342;171;171;273;233;276;233;9685;3244;10;1313;7204;38;5107;38;muri_C;muri_C_TH;no
1438;0656;Kirindy;adult;M;murinus;8;muri_C;#NV;#NV;33,7;22,3;#NV;#NV;#NV;#NV;20;#NV;92,3;126;58;27;TH;16.399999999999999;NA;NA;12.5;NA;enlarged;NA;NA;grey;NA;-20.075489000000001;44.631041000000003;NA;34619;10_Oct;repro;NA;NA;NA;muri_Kir;259;111;649;1743;342;171;171;273;233;276;233;9685;3244;10;1313;7204;38;5107;38;muri_C;muri_C_TH;no
1439;D892;Kirindy;adult;M;murinus;8;muri_C;#NV;#NV;32,3;19,5;#NV;#NV;#NV;#NV;21,4;#NV;102,7;126;59;33;TH;13.9;NA;NA;11;NA;enlarged;NA;NA;grey;NA;-20.075489000000001;44.631041000000003;NA;34624;10_Oct;repro;NA;NA;NA;muri_Kir;259;111;649;1743;342;171;171;273;233;276;233;9685;3244;10;1313;7204;38;5107;38;muri_C;muri_C_TH;no
1440;D64C;Kirindy;adult;F;murinus;8;muri_C;#NV;#NV;34,5;20,5;#NV;#NV;#NV;#NV;20,3;#NV;112,5;132;60;39;TH;NA;NA;NA;NA;NA;NA;open;NA;grey;NA;-20.075489000000001;44.631041000000003;NA;34624;10_Oct;repro;NA;NA;NA;muri_Kir;259;111;649;1743;342;171;171;273;233;276;233;9685;3244;10;1313;7204;38;5107;38;muri_C;muri_C_TH;no
1441;28BA;Kirindy;adult;M;murinus;8;muri_C;#NV;#NV;34,4;21;#NV;#NV;#NV;#NV;22,4;#NV;103,6;140;61;31;TH;13.8;NA;NA;13.850000000000001;NA;enlarged;NA;NA;grey;NA;-20.075489000000001;44.631041000000003;NA;34618;10_Oct;repro;NA;NA;NA;muri_Kir;259;111;649;1743;342;171;171;273;233;276;233;9685;3244;10;1313;7204;38;5107;38;muri_C;muri_C_TH;no
1442;054F;Kirindy;adult;F;murinus;8;muri_C;#NV;#NV;36;20,8;#NV;#NV;#NV;#NV;22,9;#NV;109;125;62;29;TH;NA;NA;NA;NA;NA;NA;closed;NA;grey;NA;-20.075489000000001;44.631041000000003;NA;34619;10_Oct;repro;NA;NA;NA;muri_Kir;259;111;649;1743;342;171;171;273;233;276;233;9685;3244;10;1313;7204;38;5107;38;muri_C;muri_C_TH;no
1443;04507812;Kirindy;adult;F;murinus;8;muri_C;#NV;#NV;34,3;22,2;#NV;#NV;#NV;#NV;#NV;#NV;103;135;62;26;MD;NA;NA;NA;NA;NA;NA;NA;NA;NA;NA;-20.0459779799999;44.54847427;NA;41192;10_Oct;repro;NA;NA;NA;muri_Kir;261;108;641;1754;341;172;169;274;234;277;234;8919;3059;10;1338;6723;39;4709;39;muri_C;muri_C_MD;no
1444;04793948;Kirindy;adult;M;murinus;8;muri_C;#NV;#NV;34,9;22,4;#NV;#NV;#NV;#NV;#NV;#NV;102;149;62;21;MD;NA;NA;NA;NA;NA;NA;NA;NA;NA;NA;-20.0459779799999;44.54847427;NA;41205;10_Oct;repro;NA;NA;NA;muri_Kir;261;108;641;1754;341;172;169;274;234;277;234;8919;3059;10;1338;6723;39;4709;39;muri_C;muri_C_MD;no
1445;04514976;Kirindy;adult;F;murinus;8;muri_C;#NV;#NV;33,4;22,1;#NV;#NV;#NV;#NV;#NV;#NV;100;156;63;21;MD;NA;NA;NA;NA;NA;NA;NA;NA;NA;NA;-20.0459779799999;44.54847427;NA;41205;10_Oct;repro;NA;NA;NA;muri_Kir;261;108;641;1754;341;172;169;274;234;277;234;8919;3059;10;1338;6723;39;4709;39;muri_C;muri_C_MD;no
1446;C995;Kirindy;adult;F;murinus;8;muri_C;#NV;#NV;34,7;20;#NV;#NV;#NV;#NV;20,5;#NV;113,3;135;64;41;TH;NA;NA;NA;NA;NA;NA;open;NA;grey;NA;-20.075489000000001;44.631041000000003;NA;34624;10_Oct;repro;NA;NA;NA;muri_Kir;259;111;649;1743;342;171;171;273;233;276;233;9685;3244;10;1313;7204;38;5107;38;muri_C;muri_C_TH;no
1447;F8F4;Kirindy;adult;M;murinus;8;muri_C;#NV;#NV;35,7;21;#NV;#NV;#NV;#NV;23,4;#NV;102,3;140;64;31;TH;14.2;NA;NA;12.55;NA;enlarged;NA;NA;grey;NA;-20.075489000000001;44.631041000000003;NA;34618;10_Oct;repro;NA;NA;NA;muri_Kir;259;111;649;1743;342;171;171;273;233;276;233;9685;3244;10;1313;7204;38;5107;38;muri_C;muri_C_TH;no
1448;0F95;Kirindy;adult;F;murinus;8;muri_C;#NV;#NV;28,3;18,5;#NV;#NV;#NV;#NV;21,1;#NV;105,7;120;65;29;TH;NA;NA;NA;NA;NA;NA;open;NA;grey;NA;-20.075489000000001;44.631041000000003;NA;34624;10_Oct;repro;NA;NA;NA;muri_Kir;259;111;649;1743;342;171;171;273;233;276;233;9685;3244;10;1313;7204;38;5107;38;muri_C;muri_C_TH;no
1449;47F2;Kirindy;adult;F;murinus;8;muri_C;#NV;#NV;36,1;20,9;#NV;#NV;#NV;#NV;22;#NV;105,9;138;65;33;TH;NA;NA;NA;NA;NA;NA;open;NA;grey;NA;-20.075489000000001;44.631041000000003;NA;34619;10_Oct;repro;NA;NA;NA;muri_Kir;259;111;649;1743;342;171;171;273;233;276;233;9685;3244;10;1313;7204;38;5107;38;muri_C;muri_C_TH;no
1450;31F3;Kirindy;adult;M;murinus;8;muri_C;#NV;#NV;34,3;20,4;#NV;#NV;#NV;#NV;21,6;#NV;102,7;139;66;26;TH;8.1;NA;NA;10.75;NA;enlarged;NA;NA;grey;NA;-20.075489000000001;44.631041000000003;NA;34624;10_Oct;repro;NA;NA;NA;muri_Kir;259;111;649;1743;342;171;171;273;233;276;233;9685;3244;10;1313;7204;38;5107;38;muri_C;muri_C_TH;no
1451;12F2;Kirindy;adult;M;murinus;8;muri_C;#NV;#NV;31;21,3;#NV;#NV;#NV;#NV;21,4;#NV;104;132;66;26;TH;10.7;NA;NA;10.8;NA;enlarged;NA;NA;grey;NA;-20.075489000000001;44.631041000000003;NA;34627;10_Oct;repro;NA;NA;NA;muri_Kir;259;111;649;1743;342;171;171;273;233;276;233;9685;3244;10;1313;7204;38;5107;38;muri_C;muri_C_TH;no
1452;64CB;Kirindy;adult;M;murinus;8;muri_C;#NV;#NV;33,6;19,9;#NV;#NV;#NV;#NV;24,6;#NV;93,4;145;67;35;TH;11.3;NA;NA;10.7;NA;enlarged;NA;NA;grey;NA;-20.075489000000001;44.631041000000003;NA;34624;10_Oct;repro;NA;NA;NA;muri_Kir;259;111;649;1743;342;171;171;273;233;276;233;9685;3244;10;1313;7204;38;5107;38;muri_C;muri_C_TH;no
1453;109C;Kirindy;adult;M;murinus;8;muri_C;#NV;#NV;28,4;22;#NV;#NV;#NV;#NV;20;#NV;114,6;135;67;36;TH;13.8;NA;NA;10.6;NA;enlarged;NA;NA;grey;NA;-20.075489000000001;44.631041000000003;NA;34624;10_Oct;repro;NA;NA;NA;muri_Kir;259;111;649;1743;342;171;171;273;233;276;233;9685;3244;10;1313;7204;38;5107;38;muri_C;muri_C_TH;no
1454;405A;Kirindy;adult;M;murinus;8;muri_C;#NV;#NV;33,3;17,3;#NV;#NV;#NV;#NV;22,5;#NV;94,7;122;69;37;TH;9.3000000000000007;NA;NA;12.149999999999999;NA;enlarged;NA;NA;grey;NA;-20.075489000000001;44.631041000000003;NA;34624;10_Oct;repro;NA;NA;NA;muri_Kir;259;111;649;1743;342;171;171;273;233;276;233;9685;3244;10;1313;7204;38;5107;38;muri_C;muri_C_TH;no
1455;3533;Kirindy;adult;M;murinus;8;muri_C;#NV;#NV;36,2;20,6;#NV;#NV;#NV;#NV;24,1;#NV;103,8;140;69;32;TH;14.7;NA;NA;12.8;NA;enlarged;NA;NA;grey;NA;-20.075489000000001;44.631041000000003;NA;34618;10_Oct;repro;NA;NA;NA;muri_Kir;259;111;649;1743;342;171;171;273;233;276;233;9685;3244;10;1313;7204;38;5107;38;muri_C;muri_C_TH;no
1456;107B;Kirindy;adult;M;murinus;8;muri_C;#NV;#NV;34,9;22,2;#NV;#NV;#NV;#NV;22,1;#NV;98,1;128;70;32;TH;13.7;NA;NA;11.7;NA;enlarged;NA;NA;grey;NA;-20.075489000000001;44.631041000000003;NA;34619;10_Oct;repro;NA;NA;NA;muri_Kir;259;111;649;1743;342;171;171;273;233;276;233;9685;3244;10;1313;7204;38;5107;38;muri_C;muri_C_TH;no
1457;3540;Kirindy;adult;M;murinus;8;muri_C;#NV;#NV;36,7;21,9;#NV;#NV;#NV;#NV;23,7;#NV;108,3;138;70;31;TH;15.2;NA;NA;13.3;NA;enlarged;NA;NA;grey;NA;-20.075489000000001;44.631041000000003;NA;34619;10_Oct;repro;NA;NA;NA;muri_Kir;259;111;649;1743;342;171;171;273;233;276;233;9685;3244;10;1313;7204;38;5107;38;muri_C;muri_C_TH;no
1458;45FE;Kirindy;adult;M;murinus;8;muri_C;#NV;#NV;28,5;21,1;#NV;#NV;#NV;#NV;20,4;#NV;108,5;130;72;37;TH;8.6;NA;NA;9.75;NA;enlarged;NA;NA;grey;NA;-20.075489000000001;44.631041000000003;NA;34624;10_Oct;repro;NA;NA;NA;muri_Kir;259;111;649;1743;342;171;171;273;233;276;233;9685;3244;10;1313;7204;38;5107;38;muri_C;muri_C_TH;no
1459;A68C;Kirindy;adult;M;murinus;8;muri_C;#NV;#NV;34,3;21,8;#NV;#NV;#NV;#NV;23;#NV;100,7;130;72;36;TH;16.600000000000001;NA;NA;14.2;NA;enlarged;NA;NA;grey;NA;-20.075489000000001;44.631041000000003;NA;34618;10_Oct;repro;NA;NA;NA;muri_Kir;259;111;649;1743;342;171;171;273;233;276;233;9685;3244;10;1313;7204;38;5107;38;muri_C;muri_C_TH;no
1460;04794424;Kirindy;adult;M;murinus;8;muri_C;#NV;#NV;34,4;21,9;#NV;#NV;#NV;#NV;#NV;#NV;105;143;72;23;MD;NA;NA;NA;NA;NA;NA;NA;NA;NA;NA;-20.0459779799999;44.54847427;NA;41186;10_Oct;repro;NA;NA;NA;muri_Kir;261;108;641;1754;341;172;169;274;234;277;234;8919;3059;10;1338;6723;39;4709;39;muri_C;muri_C_MD;no
1461;CF80;Kirindy;adult;M;murinus;8;muri_C;#NV;#NV;33,7;22;#NV;#NV;#NV;#NV;20,3;#NV;106,3;135;73;34;TH;16.100000000000001;NA;NA;12.6;NA;enlarged;NA;NA;grey;NA;-20.075489000000001;44.631041000000003;NA;34620;10_Oct;repro;NA;NA;NA;muri_Kir;259;111;649;1743;342;171;171;273;233;276;233;9685;3244;10;1313;7204;38;5107;38;muri_C;muri_C_TH;no
1462;293D;Kirindy;adult;M;murinus;8;muri_C;#NV;#NV;33,9;22,3;#NV;#NV;#NV;#NV;22,1;#NV;99,1;123;74;35;TH;14.2;NA;NA;11.05;NA;enlarged;NA;NA;grey;NA;-20.075489000000001;44.631041000000003;NA;34624;10_Oct;repro;NA;NA;NA;muri_Kir;259;111;649;1743;342;171;171;273;233;276;233;9685;3244;10;1313;7204;38;5107;38;muri_C;muri_C_TH;no
1463;9496;Kirindy;adult;M;murinus;8;muri_C;#NV;#NV;36;22,6;#NV;#NV;#NV;#NV;23,1;#NV;102;130;74;33;TH;17.600000000000001;NA;NA;14.8;NA;enlarged;NA;NA;grey;NA;-20.075489000000001;44.631041000000003;NA;34619;10_Oct;repro;NA;NA;NA;muri_Kir;259;111;649;1743;342;171;171;273;233;276;233;9685;3244;10;1313;7204;38;5107;38;muri_C;muri_C_TH;no
1464;_293Da;Kirindy;adult;M;murinus;8;muri_C;#NV;#NV;33;21,3;#NV;#NV;#NV;#NV;22;#NV;100;121;58;34;TH;13.4;NA;NA;9.9499999999999993;NA;enlarged;NA;NA;grey;NA;-20.075489000000001;44.631041000000003;NA;34656;11_Nov;repro;NA;NA;NA;muri_Kir;259;111;649;1743;342;171;171;273;233;276;233;9685;3244;10;1313;7204;38;5107;38;muri_C;muri_C_TH;no
1465;70F4;Kirindy;adult;M;murinus;8;muri_C;#NV;#NV;36;18,5;#NV;#NV;#NV;#NV;19,6;#NV;98;129;58;31;TH;11;NA;NA;10.149999999999999;NA;enlarged;NA;NA;grey;NA;-20.075489000000001;44.631041000000003;NA;34653;11_Nov;repro;NA;NA;NA;muri_Kir;259;111;649;1743;342;171;171;273;233;276;233;9685;3244;10;1313;7204;38;5107;38;muri_C;muri_C_TH;no
1466;0F34;Kirindy;adult;M;murinus;8;muri_C;#NV;#NV;28,4;23,2;#NV;#NV;#NV;#NV;22,7;#NV;103,6;137;59;31;TH;9;NA;NA;9.4;NA;enlarged;NA;NA;grey;NA;-20.075489000000001;44.631041000000003;NA;34646;11_Nov;repro;NA;NA;NA;muri_Kir;259;111;649;1743;342;171;171;273;233;276;233;9685;3244;10;1313;7204;38;5107;38;muri_C;muri_C_TH;no
1467;D1CB;Kirindy;adult;M;murinus;8;muri_C;#NV;#NV;33,8;22,6;#NV;#NV;#NV;#NV;22,8;#NV;106,2;134;59;30;TH;12.1;NA;NA;11.6;NA;enlarged;NA;NA;grey;NA;-20.075489000000001;44.631041000000003;NA;34654;11_Nov;repro;NA;NA;NA;muri_Kir;259;111;649;1743;342;171;171;273;233;276;233;9685;3244;10;1313;7204;38;5107;38;muri_C;muri_C_TH;no
1468;22EE;Kirindy;adult;M;murinus;8;muri_C;#NV;#NV;34,8;21,3;#NV;#NV;#NV;#NV;22,2;#NV;94,2;136;60;30;TH;10;NA;NA;10.65;NA;enlarged;NA;NA;grey;NA;-20.075489000000001;44.631041000000003;NA;34655;11_Nov;repro;NA;NA;NA;muri_Kir;259;111;649;1743;342;171;171;273;233;276;233;9685;3244;10;1313;7204;38;5107;38;muri_C;muri_C_TH;no
1469;unknown;Kirindy;adult;M;murinus;8;muri_C;#NV;#NV;34,3;21,8;#NV;#NV;#NV;#NV;23,3;#NV;106,7;135;60;30;TH;11.9;NA;NA;9.25;NA;enlarged;NA;NA;grey;NA;-20.075489000000001;44.631041000000003;NA;34653;11_Nov;repro;NA;NA;NA;muri_Kir;259;111;649;1743;342;171;171;273;233;276;233;9685;3244;10;1313;7204;38;5107;38;muri_C;muri_C_TH;no
1470;6AD4;Kirindy;adult;M;murinus;8;muri_C;#NV;#NV;35,5;21,7;#NV;#NV;#NV;#NV;22;#NV;99,5;139;63;34;TH;11.7;NA;NA;11.95;NA;enlarged;NA;NA;grey;NA;-20.075489000000001;44.631041000000003;NA;34653;11_Nov;repro;NA;NA;NA;muri_Kir;259;111;649;1743;342;171;171;273;233;276;233;9685;3244;10;1313;7204;38;5107;38;muri_C;muri_C_TH;no
1471;EEA8;Kirindy;adult;M;murinus;8;muri_C;#NV;#NV;36,3;18;#NV;#NV;#NV;#NV;23,4;#NV;111,7;126;68;34;TH;14.5;NA;NA;10.75;NA;enlarged;NA;NA;grey;NA;-20.075489000000001;44.631041000000003;NA;34648;11_Nov;repro;NA;NA;NA;muri_Kir;259;111;649;1743;342;171;171;273;233;276;233;9685;3244;10;1313;7204;38;5107;38;muri_C;muri_C_TH;no
1472;1263;Kirindy;adult;M;murinus;8;muri_C;#NV;#NV;33,4;23,9;#NV;#NV;#NV;#NV;25,7;#NV;109,6;144;72;33;TH;12.8;NA;NA;11.4;NA;enlarged;NA;NA;grey;NA;-20.075489000000001;44.631041000000003;NA;34654;11_Nov;repro;NA;NA;NA;muri_Kir;259;111;649;1743;342;171;171;273;233;276;233;9685;3244;10;1313;7204;38;5107;38;muri_C;muri_C_TH;no
1473;0E56;Kirindy;adult;F;murinus;8;muri_C;#NV;#NV;34,2;20;#NV;#NV;#NV;#NV;22,4;#NV;104,8;142;#NV;29;TH;NA;NA;NA;NA;NA;NA;pregnant;75;grey;NA;-20.075489000000001;44.631041000000003;NA;34656;11_Nov;repro;NA;NA;NA;muri_Kir;259;111;649;1743;342;171;171;273;233;276;233;9685;3244;10;1313;7204;38;5107;38;muri_C;muri_C_TH;no
1474;73D0;Kirindy;adult;F;murinus;8;muri_C;#NV;#NV;32,5;23,3;#NV;#NV;#NV;#NV;21,2;#NV;96,5;134;75;32;TH;NA;NA;NA;NA;NA;NA;closed;NA;grey;NA;-20.075489000000001;44.631041000000003;NA;34646;11_Nov;repro;NA;NA;NA;muri_Kir;259;111;649;1743;342;171;171;273;233;276;233;9685;3244;10;1313;7204;38;5107;38;muri_C;muri_C_TH;no
1475;CC24;Kirindy;adult;F;murinus;8;muri_C;#NV;#NV;36,7;21,8;#NV;#NV;#NV;#NV;22,7;#NV;100,3;139;#NV;32;TH;NA;NA;NA;NA;NA;NA;pregnant;76;grey;NA;-20.075489000000001;44.631041000000003;NA;34655;11_Nov;repro;NA;NA;NA;muri_Kir;259;111;649;1743;342;171;171;273;233;276;233;9685;3244;10;1313;7204;38;5107;38;muri_C;muri_C_TH;no
1476;649D;Kirindy;adult;F;murinus;8;muri_C;#NV;#NV;34,9;22,5;#NV;#NV;#NV;#NV;21,8;#NV;104,1;123;#NV;36;TH;NA;NA;NA;NA;NA;NA;pregnant;80;grey;NA;-20.075489000000001;44.631041000000003;NA;34655;11_Nov;repro;NA;NA;NA;muri_Kir;259;111;649;1743;342;171;171;273;233;276;233;9685;3244;10;1313;7204;38;5107;38;muri_C;muri_C_TH;no
1477;9DE1;Kirindy;adult;F;murinus;8;muri_C;#NV;#NV;36,8;23,2;#NV;#NV;#NV;#NV;20,8;#NV;103,2;130;#NV;34;TH;NA;NA;NA;NA;NA;NA;pregnant;82;grey;NA;-20.075489000000001;44.631041000000003;NA;34654;11_Nov;repro;NA;NA;NA;muri_Kir;259;111;649;1743;342;171;171;273;233;276;233;9685;3244;10;1313;7204;38;5107;38;muri_C;muri_C_TH;yes
1478;6BCB;Kirindy;adult;M;murinus;8;muri_C;#NV;#NV;24,7;25,2;#NV;#NV;#NV;#NV;21;#NV;78;115;50;18;TH;12.4;NA;NA;16.399999999999999;NA;enlarged;NA;NA;grey;NA;-20.075489000000001;44.631041000000003;NA;34322;12_Dec;post-repro;NA;NA;NA;muri_Kir;259;111;649;1743;342;171;171;273;233;276;233;9685;3244;10;1313;7204;38;5107;38;muri_C;muri_C_TH;no
1479;C417;Kirindy;adult;M;murinus;8;muri_C;#NV;#NV;27,6;23;#NV;#NV;#NV;#NV;21,5;#NV;74;130;50;19;TH;14.4;NA;NA;16.3;NA;enlarged;NA;NA;grey;NA;-20.075489000000001;44.631041000000003;NA;34322;12_Dec;post-repro;NA;NA;NA;muri_Kir;259;111;649;1743;342;171;171;273;233;276;233;9685;3244;10;1313;7204;38;5107;38;muri_C;muri_C_TH;no
1480;9027;Kirindy;adult;M;murinus;8;muri_C;#NV;#NV;33,6;29,3;#NV;#NV;#NV;#NV;18;#NV;73;133;52;22;TH;NA;NA;NA;NA;NA;NA;NA;NA;grey;NA;-20.075489000000001;44.631041000000003;NA;34319;12_Dec;post-repro;NA;NA;NA;muri_Kir;259;111;649;1743;342;171;171;273;233;276;233;9685;3244;10;1313;7204;38;5107;38;muri_C;muri_C_TH;no
1481;9CF6;Kirindy;adult;M;murinus;8;muri_C;#NV;#NV;35,4;23,7;#NV;#NV;#NV;#NV;23,3;#NV;80;125;58;18;TH;11.2;NA;NA;16;NA;enlarged;NA;NA;grey;NA;-20.075489000000001;44.631041000000003;NA;34324;12_Dec;post-repro;NA;NA;NA;muri_Kir;259;111;649;1743;342;171;171;273;233;276;233;9685;3244;10;1313;7204;38;5107;38;muri_C;muri_C_TH;no
1482;_A68C;Kirindy;adult;M;murinus;8;muri_C;#NV;#NV;29,1;22,3;#NV;#NV;#NV;#NV;22;#NV;70;135;58;21;TH;11.2;NA;NA;15;NA;enlarged;NA;NA;grey;NA;-20.075489000000001;44.631041000000003;NA;34319;12_Dec;post-repro;NA;NA;NA;muri_Kir;259;111;649;1743;342;171;171;273;233;276;233;9685;3244;10;1313;7204;38;5107;38;muri_C;muri_C_TH;no
1483;BFD2;Kirindy;adult;M;murinus;8;muri_C;#NV;#NV;32,8;20,5;#NV;#NV;#NV;#NV;18,6;#NV;68;127;60;18;TH;13;NA;NA;18.2;NA;enlarged;NA;NA;grey;NA;-20.075489000000001;44.631041000000003;NA;34320;12_Dec;post-repro;NA;NA;NA;muri_Kir;259;111;649;1743;342;171;171;273;233;276;233;9685;3244;10;1313;7204;38;5107;38;muri_C;muri_C_TH;no
1484;3F93;Kirindy;adult;M;murinus;8;muri_C;#NV;#NV;30,9;25,3;#NV;#NV;#NV;#NV;20;#NV;81;129;67;19;TH;15.9;NA;NA;17;NA;enlarged;NA;NA;grey;NA;-20.075489000000001;44.631041000000003;NA;34325;12_Dec;post-repro;NA;NA;NA;muri_Kir;259;111;649;1743;342;171;171;273;233;276;233;9685;3244;10;1313;7204;38;5107;38;muri_C;muri_C_TH;no
1485;E43D;Kirindy;adult;M;murinus;8;muri_C;#NV;#NV;36;29,5;#NV;#NV;#NV;#NV;25;#NV;91;144;68;23;TH;15.2;NA;NA;16.8;NA;enlarged;NA;NA;grey;NA;-20.075489000000001;44.631041000000003;NA;34318;12_Dec;post-repro;NA;NA;NA;muri_Kir;259;111;649;1743;342;171;171;273;233;276;233;9685;3244;10;1313;7204;38;5107;38;muri_C;muri_C_TH;no
1486;_3A13;Kirindy;adult;F;murinus;8;muri_C;#NV;#NV;33,9;21,5;#NV;#NV;#NV;#NV;21,8;#NV;92;125;74;25;TH;NA;NA;NA;NA;NA;NA;closed;NA;grey;NA;-20.075489000000001;44.631041000000003;NA;34322;12_Dec;post-repro;NA;NA;NA;muri_Kir;259;111;649;1743;342;171;171;273;233;276;233;9685;3244;10;1313;7204;38;5107;38;muri_C;muri_C_TH;no
1487;3A5B;Kirindy;adult;F;murinus;8;muri_C;#NV;#NV;30;25,6;#NV;#NV;#NV;#NV;21,6;#NV;94;126;76;22;TH;NA;NA;NA;NA;NA;NA;closed;NA;grey;NA;-20.075489000000001;44.631041000000003;NA;34321;12_Dec;post-repro;NA;NA;NA;muri_Kir;259;111;649;1743;342;171;171;273;233;276;233;9685;3244;10;1313;7204;38;5107;38;muri_C;muri_C_TH;no
1488;ECC5;Kirindy;adult;F;murinus;8;muri_C;#NV;#NV;34,2;25,4;#NV;#NV;#NV;#NV;19,8;#NV;93;132;#NV;23;TH;NA;NA;NA;NA;NA;NA;pregnant;84;grey;NA;-20.075489000000001;44.631041000000003;NA;34321;12_Dec;post-repro;NA;NA;NA;muri_Kir;259;111;649;1743;342;171;171;273;233;276;233;9685;3244;10;1313;7204;38;5107;38;muri_C;muri_C_TH;yes
1489;3B6C;Kirindy;adult;F;murinus;8;muri_C;#NV;#NV;30,3;22;#NV;#NV;#NV;#NV;18,2;#NV;103;115;#NV;18;TH;NA;NA;NA;NA;NA;NA;pregnant;96;grey;NA;-20.075489000000001;44.631041000000003;NA;34322;12_Dec;post-repro;NA;NA;NA;muri_Kir;259;111;649;1743;342;171;171;273;233;276;233;9685;3244;10;1313;7204;38;5107;38;muri_C;muri_C_TH;yes
1490;A20F;Kirindy;adult;F;murinus;8;muri_C;#NV;#NV;32,6;22,9;#NV;#NV;#NV;#NV;21,2;#NV;97;140;#NV;23;TH;NA;NA;NA;NA;NA;NA;pregnant;97;red;NA;-20.075489000000001;44.631041000000003;NA;34325;12_Dec;post-repro;NA;NA;NA;muri_Kir;259;111;649;1743;342;171;171;273;233;276;233;9685;3244;10;1313;7204;38;5107;38;muri_C;muri_C_TH;yes
1572;155-03;Mahajamba-Est;adult;F;murinus;8;muri_N;24,2;15,2;33,7;20,4;22,9;6,8;6,9;41,9;22,7;8,2;#NV;#NV;62;23;GO;NA;NA;NA;NA;NA;NA;open;NA;no_age_initially_given_in_raw_data;NA;-16.196435000000001;47.256968000000001;NA;37870;09_Sep;repro;NA;NA;no;muri_ANP_E;267;104;646;1298;342;181;161;272;247;282;247;19276;5090;5;1175;13493;39;5372;39;muri_N;muri_N_GO;no
1577;40-03;Mangatelo;adult;M;murinus;8;muri_N;19;13,1;34,3;21,3;18;6;7,8;34,6;21,4;8,1;84;128;45;26;GO;3;6.4;NA;NA;5.6;enlarged;NA;NA;no_age_initially_given_in_raw_data;NA;-16.410967809999899;46.991793309999998;NA;37797;06_Jun;pre_repro;NA;NA;no;muri_ANP_S;273;99;635;1309;346;191;155;277;253;287;253;16094;4286;4;1180;11325;32;4437;32;muri_N;muri_N_GO;no
1578;49-03;Mangatelo;adult;F;murinus;8;muri_N;18,7;12,7;32,2;19,8;19,9;7,1;7,9;39,1;22;7,8;89;135;49;26;GO;NA;NA;NA;NA;NA;NA;closed;NA;no_age_initially_given_in_raw_data;NA;-16.410967809999899;46.991793309999998;NA;37798;06_Jun;pre_repro;NA;NA;no;muri_ANP_S;273;99;635;1309;346;191;155;277;253;287;253;16094;4286;4;1180;11325;32;4437;32;muri_N;muri_N_GO;no
1579;42-03;Mangatelo;adult;M;murinus;8;muri_N;21,2;12,9;34,3;21,4;20,3;7,5;8,4;39,6;23,1;7,9;83;133;49;24;GO;4.3;6.5;NA;NA;5;enlarged;NA;NA;no_age_initially_given_in_raw_data;NA;-16.410967809999899;46.991793309999998;NA;37797;06_Jun;pre_repro;NA;NA;no;muri_ANP_S;273;99;635;1309;346;191;155;277;253;287;253;16094;4286;4;1180;11325;32;4437;32;muri_N;muri_N_GO;no
1580;28-03;Mangatelo;adult;M;murinus;8;muri_N;21,3;12;36,4;20,3;21,9;8;6,9;39,2;22,7;9,6;89;133;50;24;GO;4;7.7;NA;NA;7.3;enlarged;NA;NA;no_age_initially_given_in_raw_data;NA;-16.410967809999899;46.991793309999998;NA;37795;06_Jun;pre_repro;NA;NA;no;muri_ANP_S;273;99;635;1309;346;191;155;277;253;287;253;16094;4286;4;1180;11325;32;4437;32;muri_N;muri_N_GO;no
1581;36-03;Mangatelo;adult;F;murinus;8;muri_N;22,8;14,8;33,4;20,4;22,4;6,6;7,1;39,5;23,4;8,8;92;128;50;25;GO;NA;NA;NA;NA;NA;NA;closed;NA;no_age_initially_given_in_raw_data;NA;-16.410967809999899;46.991793309999998;NA;37796;06_Jun;pre_repro;NA;NA;no;muri_ANP_S;273;99;635;1309;346;191;155;277;253;287;253;16094;4286;4;1180;11325;32;4437;32;muri_N;muri_N_GO;no
1582;30-03;Mangatelo;adult;F;murinus;8;muri_N;23,7;12,8;34,2;21,3;19,8;7,3;7,4;35,8;22,4;8,4;86;132;50;21;GO;NA;NA;NA;NA;NA;NA;closed;NA;no_age_initially_given_in_raw_data;NA;-16.410967809999899;46.991793309999998;NA;37795;06_Jun;pre_repro;NA;NA;no;muri_ANP_S;273;99;635;1309;346;191;155;277;253;287;253;16094;4286;4;1180;11325;32;4437;32;muri_N;muri_N_GO;no
1583;43-03;Mangatelo;adult;M;murinus;8;muri_N;23,8;15,5;36,5;19,9;21;8,3;7,3;43,1;22,7;7,9;93;132;51;28;GO;5.8;7.5;NA;NA;5.8;enlarged;NA;NA;no_age_initially_given_in_raw_data;NA;-16.410967809999899;46.991793309999998;NA;37797;06_Jun;pre_repro;NA;NA;no;muri_ANP_S;273;99;635;1309;346;191;155;277;253;287;253;16094;4286;4;1180;11325;32;4437;32;muri_N;muri_N_GO;no
1584;35-03;Mangatelo;adult;M;murinus;8;muri_N;20,3;14,8;35,4;21,4;20,7;7,7;7,4;42;23;8,1;90;133;52;26;GO;4.2;6;NA;NA;5.6;enlarged;NA;NA;no_age_initially_given_in_raw_data;NA;-16.410967809999899;46.991793309999998;NA;37795;06_Jun;pre_repro;NA;NA;no;muri_ANP_S;273;99;635;1309;346;191;155;277;253;287;253;16094;4286;4;1180;11325;32;4437;32;muri_N;muri_N_GO;no
1585;27-03;Mangatelo;adult;M;murinus;8;muri_N;20,7;#NV;37,2;19;21,6;7,1;8,2;41;23,9;9,2;92;135;52;24;GO;5.4;4.9000000000000004;NA;NA;5.3;enlarged;NA;NA;no_age_initially_given_in_raw_data;NA;-16.410967809999899;46.991793309999998;NA;37795;06_Jun;pre_repro;NA;NA;no;muri_ANP_S;273;99;635;1309;346;191;155;277;253;287;253;16094;4286;4;1180;11325;32;4437;32;muri_N;muri_N_GO;no
1586;41-03;Mangatelo;adult;F;murinus;8;muri_N;21,2;#NV;35,2;20,4;20,2;8,4;9,1;38,5;22,6;8,2;89;129;52;27;GO;NA;NA;NA;NA;NA;NA;closed;NA;no_age_initially_given_in_raw_data;NA;-16.410967809999899;46.991793309999998;NA;37797;06_Jun;pre_repro;NA;NA;no;muri_ANP_S;273;99;635;1309;346;191;155;277;253;287;253;16094;4286;4;1180;11325;32;4437;32;muri_N;muri_N_GO;no
1587;33-03;Mangatelo;adult;M;murinus;8;muri_N;17,8;13,2;35,2;#NV;22,4;8,4;8,8;40,3;20,8;9,1;92;134;53;24;GO;4.8;6.2;NA;NA;6.4;enlarged;NA;NA;no_age_initially_given_in_raw_data;NA;-16.410967809999899;46.991793309999998;NA;37795;06_Jun;pre_repro;NA;NA;no;muri_ANP_S;273;99;635;1309;346;191;155;277;253;287;253;16094;4286;4;1180;11325;32;4437;32;muri_N;muri_N_GO;no
1588;37-03;Mangatelo;adult;M;murinus;8;muri_N;20,5;13,6;35;20,7;21,5;8,3;7,3;39,2;22,1;7,9;86;127;53;24;GO;5.2;7.1;NA;NA;7;enlarged;NA;NA;no_age_initially_given_in_raw_data;NA;-16.410967809999899;46.991793309999998;NA;37796;06_Jun;pre_repro;NA;NA;no;muri_ANP_S;273;99;635;1309;346;191;155;277;253;287;253;16094;4286;4;1180;11325;32;4437;32;muri_N;muri_N_GO;no
1589;26-03;Mangatelo;adult;F;murinus;8;muri_N;#NV;14;32,9;21;20,3;7,8;9,8;39,7;22,6;8,7;92;136;53;27;GO;NA;NA;NA;NA;NA;NA;closed;NA;no_age_initially_given_in_raw_data;NA;-16.410967809999899;46.991793309999998;NA;37794;06_Jun;pre_repro;NA;NA;no;muri_ANP_S;273;99;635;1309;346;191;155;277;253;287;253;16094;4286;4;1180;11325;32;4437;32;muri_N;muri_N_GO;no
1590;44-03;Mangatelo;adult;F;murinus;8;muri_N;20,5;14,2;35,1;20,8;19,1;7,3;7,9;40,6;23,2;8,5;89;142;54;29;GO;NA;NA;NA;NA;NA;NA;closed;NA;no_age_initially_given_in_raw_data;NA;-16.410967809999899;46.991793309999998;NA;37797;06_Jun;pre_repro;NA;NA;no;muri_ANP_S;273;99;635;1309;346;191;155;277;253;287;253;16094;4286;4;1180;11325;32;4437;32;muri_N;muri_N_GO;no
1591;24-03;Mangatelo;adult;F;murinus;8;muri_N;21,7;14;37,4;22,4;20,1;8,5;9,4;41;22,5;9;95;137;54;23;GO;NA;NA;NA;NA;NA;NA;closed;NA;no_age_initially_given_in_raw_data;NA;-16.410967809999899;46.991793309999998;NA;37794;06_Jun;pre_repro;NA;NA;no;muri_ANP_S;273;99;635;1309;346;191;155;277;253;287;253;16094;4286;4;1180;11325;32;4437;32;muri_N;muri_N_GO;no
1592;48-03;Mangatelo;adult;M;murinus;8;muri_N;21,5;14;35,5;21,2;20,9;6,7;9;40,8;22,7;8,7;93;141;55;28;GO;7;7.5;NA;NA;6.5;enlarged;NA;NA;no_age_initially_given_in_raw_data;NA;-16.410967809999899;46.991793309999998;NA;37798;06_Jun;pre_repro;NA;NA;no;muri_ANP_S;273;99;635;1309;346;191;155;277;253;287;253;16094;4286;4;1180;11325;32;4437;32;muri_N;muri_N_GO;no
1593;46-03;Mangatelo;adult;M;murinus;8;muri_N;21,8;13,1;37,3;21,4;21;7,7;7,5;43,1;21,5;8,9;91;137;55;28;GO;5.7;6;NA;NA;7.3;enlarged;NA;NA;no_age_initially_given_in_raw_data;NA;-16.410967809999899;46.991793309999998;NA;37798;06_Jun;pre_repro;NA;NA;no;muri_ANP_S;273;99;635;1309;346;191;155;277;253;287;253;16094;4286;4;1180;11325;32;4437;32;muri_N;muri_N_GO;no
1594;34-03;Mangatelo;adult;F;murinus;8;muri_N;18,3;13,4;36,1;22,8;21,4;8;7,3;42,7;24,2;8,2;96;132;56;28;GO;NA;NA;NA;NA;NA;NA;closed;NA;no_age_initially_given_in_raw_data;NA;-16.410967809999899;46.991793309999998;NA;37795;06_Jun;pre_repro;NA;NA;no;muri_ANP_S;273;99;635;1309;346;191;155;277;253;287;253;16094;4286;4;1180;11325;32;4437;32;muri_N;muri_N_GO;no
1595;38-03;Mangatelo;adult;M;murinus;8;muri_N;20,5;12,6;35,8;23,1;21;7,6;6,6;41,3;21,7;7,6;92;138;56;26;GO;3.9;7.5;NA;NA;5.6;enlarged;NA;NA;no_age_initially_given_in_raw_data;NA;-16.410967809999899;46.991793309999998;NA;37796;06_Jun;pre_repro;NA;NA;no;muri_ANP_S;273;99;635;1309;346;191;155;277;253;287;253;16094;4286;4;1180;11325;32;4437;32;muri_N;muri_N_GO;no
1596;50-03;Mangatelo;adult;M;murinus;8;muri_N;17,3;14,3;34,1;19,8;20;8;7,7;40,2;21,8;8,5;94;140;57;30;GO;7.4;8.6;NA;NA;8.6999999999999993;enlarged;NA;NA;no_age_initially_given_in_raw_data;NA;-16.410967809999899;46.991793309999998;NA;37798;06_Jun;pre_repro;NA;NA;no;muri_ANP_S;273;99;635;1309;346;191;155;277;253;287;253;16094;4286;4;1180;11325;32;4437;32;muri_N;muri_N_GO;no
1597;45-03;Mangatelo;adult;M;murinus;8;muri_N;23,1;13,6;36,2;22,5;21,3;7,9;7,6;41,3;21,3;7,5;94;127;57;26;GO;8.3000000000000007;8.6999999999999993;3.6;4;7.8;enlarged;NA;NA;no_age_initially_given_in_raw_data;NA;-16.410967809999899;46.991793309999998;NA;37797;06_Jun;pre_repro;NA;NA;no;muri_ANP_S;273;99;635;1309;346;191;155;277;253;287;253;16094;4286;4;1180;11325;32;4437;32;muri_N;muri_N_GO;no
1598;25-03;Mangatelo;adult;F;murinus;8;muri_N;22,1;15,6;36;23;21,2;7,3;7,6;36,5;22;7,2;96;134;58;26;GO;NA;NA;NA;NA;NA;NA;closed;NA;no_age_initially_given_in_raw_data;NA;-16.410967809999899;46.991793309999998;NA;37794;06_Jun;pre_repro;NA;NA;no;muri_ANP_S;273;99;635;1309;346;191;155;277;253;287;253;16094;4286;4;1180;11325;32;4437;32;muri_N;muri_N_GO;no
1599;29-03;Mangatelo;adult;F;murinus;8;muri_N;19,5;13,9;36,2;22;20,6;8,1;8,1;41,1;22,6;8,1;91;139;61;26;GO;NA;NA;NA;NA;NA;NA;closed;NA;no_age_initially_given_in_raw_data;NA;-16.410967809999899;46.991793309999998;NA;37795;06_Jun;pre_repro;NA;NA;no;muri_ANP_S;273;99;635;1309;346;191;155;277;253;287;253;16094;4286;4;1180;11325;32;4437;32;muri_N;muri_N_GO;no
1600;31-03;Mangatelo;adult;M;murinus;8;muri_N;19,6;12,7;33,1;22;22,5;8;7,9;36,9;22,7;7,7;95;131;61;28;GO;6.6;6.2;NA;NA;6.3;enlarged;NA;NA;no_age_initially_given_in_raw_data;NA;-16.410967809999899;46.991793309999998;NA;37795;06_Jun;pre_repro;NA;NA;no;muri_ANP_S;273;99;635;1309;346;191;155;277;253;287;253;16094;4286;4;1180;11325;32;4437;32;muri_N;muri_N_GO;no
1601;39-03;Mangatelo;adult;F;murinus;8;muri_N;22,6;15,2;37;20,9;20,6;7,8;9,8;41,3;22,3;8,8;97;133;66;29;GO;NA;NA;NA;NA;NA;NA;closed;NA;no_age_initially_given_in_raw_data;NA;-16.410967809999899;46.991793309999998;NA;37796;06_Jun;pre_repro;NA;NA;no;muri_ANP_S;273;99;635;1309;346;191;155;277;253;287;253;16094;4286;4;1180;11325;32;4437;32;muri_N;muri_N_GO;no
1602;47-03;Mangatelo;adult;F;murinus;8;muri_N;23,6;13;37;22,4;21,9;8,1;7,9;41,4;23,1;7,6;94;131;74;34;GO;NA;NA;NA;NA;NA;NA;closed;NA;no_age_initially_given_in_raw_data;NA;-16.410967809999899;46.991793309999998;NA;37798;06_Jun;pre_repro;NA;NA;no;muri_ANP_S;273;99;635;1309;346;191;155;277;253;287;253;16094;4286;4;1180;11325;32;4437;32;muri_N;muri_N_GO;no
1605;F27-14Mari;Mariarano;adult;F;murinus;8;muri_N;#NV;#NV;33,7;#NV;#NV;#NV;#NV;35,4;#NV;#NV;81;124;47;NA;UR;NA;NA;NA;NA;NA;NA;NA;NA;NA;NA;-15.466666666666667;46.8;NA;41815;06_Jun;pre_repro;NA;D;NA;muri_Mari;266;74;653;1070;319;206;113;272;250;275;250;14359;4365;7;1250;10532;39;6252;39;muri_N;muri_N_UR;no
1606;M78-18Mari;Mariarano;adult;M;murinus;8;muri_N;20,9;13,5;33,2;20,8;19,4;8,4;8,5;35;21,4;8;72;118;48;22;MBF;0;0;0;0;0;regressed;NA;NA;NA;NA;-15.303900000000001;46.435699999999997;45;43252;06_Jun;pre_repro;no;A4;NA;muri_Mari;#NV;#NV;#NV;#NV;#NV;#NV;#NV;#NV;#NV;#NV;#NV;#NV;#NV;#NV;#NV;#NV;#NV;#NV;#NV;muri_N;muri_N_MBF;no
1607;M18-14Mari;Mariarano;adult;M;murinus;8;muri_N;#NV;#NV;34,1;#NV;#NV;#NV;#NV;39,3;#NV;#NV;82;124;49;NA;UR;NA;NA;NA;NA;NA;NA;NA;NA;NA;NA;-15.466666666666667;46.8;NA;41815;06_Jun;pre_repro;NA;B;NA;muri_Mari;266;74;653;1070;319;206;113;272;250;275;250;14359;4365;7;1250;10532;39;6252;39;muri_N;muri_N_UR;no
1608;M130-18Mari;Mariarano;adult;M;murinus;8;muri_N;24,5;17,2;#NV;18;19,2;6,9;9,4;35,3;21,4;8,7;80;122;50;22;MBF;0;0;0;0;0;regressed;NA;NA;NA;NA;-15.303900000000001;46.435699999999997;45;43257;06_Jun;pre_repro;no;C2;RADSEQ;muri_Mari;#NV;#NV;#NV;#NV;#NV;#NV;#NV;#NV;#NV;#NV;#NV;#NV;#NV;#NV;#NV;#NV;#NV;#NV;#NV;muri_N;muri_N_MBF;no
1609;F23-14Mari;Mariarano;adult;F;murinus;8;muri_N;#NV;#NV;34,2;#NV;#NV;#NV;#NV;38,6;#NV;#NV;96;130;50;NA;UR;NA;NA;NA;NA;NA;NA;NA;NA;NA;NA;-15.466666666666667;46.8;NA;41815;06_Jun;pre_repro;NA;C;NA;muri_Mari;266;74;653;1070;319;206;113;272;250;275;250;14359;4365;7;1250;10532;39;6252;39;muri_N;muri_N_UR;no
1610;M100-18Mari;Mariarano;adult;M;murinus;8;muri_N;18,9;13,3;33;19,7;21,2;7,4;8,7;35,9;20,4;8,4;77;121;51;21;MBF;0;0;0;0;0;regressed;NA;NA;NA;NA;-15.303800000000001;46.4206;23;43254;06_Jun;pre_repro;no;D23;NA;muri_Mari;#NV;#NV;#NV;#NV;#NV;#NV;#NV;#NV;#NV;#NV;#NV;#NV;#NV;#NV;#NV;#NV;#NV;#NV;#NV;muri_N;muri_N_MBF;no
1611;M185-18Mari;Mariarano;adult;M;murinus;8;muri_N;20;13,3;33,6;#NV;#NV;7,2;8,8;36,2;23,2;9;80;116;51;25;MBF;0;0;0;0;0;regressed;NA;NA;NA;NA;-15.3019;46.414900000000003;19;43257;06_Jun;pre_repro;no;AD3;NA;muri_Mari;#NV;#NV;#NV;#NV;#NV;#NV;#NV;#NV;#NV;#NV;#NV;#NV;#NV;#NV;#NV;#NV;#NV;#NV;#NV;muri_N;muri_N_MBF;no
1612;M87-18Mari;Mariarano;adult;M;murinus;8;muri_N;20;15;#NV;18,9;#NV;7,8;9,6;37,7;20,1;8,9;81;122;51;24;MBF;0;0;0;0;0;regressed;NA;NA;NA;NA;-15.303900000000001;46.435699999999997;45;43252;06_Jun;pre_repro;no;C3;NA;muri_Mari;#NV;#NV;#NV;#NV;#NV;#NV;#NV;#NV;#NV;#NV;#NV;#NV;#NV;#NV;#NV;#NV;#NV;#NV;#NV;muri_N;muri_N_MBF;no
1613;M99-18Mari;Mariarano;adult;M;murinus;8;muri_N;21,4;13,8;33,9;21,3;20,7;7,5;7,4;37,9;22,6;7,9;85;123;51;25;MBF;0;0;0;0;0;regressed;NA;NA;NA;NA;-15.303800000000001;46.4206;23;43254;06_Jun;pre_repro;no;C34;NA;muri_Mari;#NV;#NV;#NV;#NV;#NV;#NV;#NV;#NV;#NV;#NV;#NV;#NV;#NV;#NV;#NV;#NV;#NV;#NV;#NV;muri_N;muri_N_MBF;no
1614;F189-18Mari;Mariarano;adult;F;murinus;8;muri_N;19,8;#NV;32,5;18,5;19,8;8,1;11;38,5;21,7;10;81;121;52;24;MBF;NA;NA;NA;NA;NA;NA;closed;NA;NA;NA;-15.3019;46.414900000000003;19;43257;06_Jun;pre_repro;no;AC3;NA;muri_Mari;#NV;#NV;#NV;#NV;#NV;#NV;#NV;#NV;#NV;#NV;#NV;#NV;#NV;#NV;#NV;#NV;#NV;#NV;#NV;muri_N;muri_N_MBF;no
1615;M187-18Mari;Mariarano;adult;M;murinus;8;muri_N;20,1;14,2;32,6;21,3;18,5;7,5;7,4;36,1;21;7,8;81;114;52;22;MBF;0;0;0;0;0;regressed;NA;NA;NA;NA;-15.3019;46.414900000000003;19;43257;06_Jun;pre_repro;no;AC3;RADSEQ;muri_Mari;#NV;#NV;#NV;#NV;#NV;#NV;#NV;#NV;#NV;#NV;#NV;#NV;#NV;#NV;#NV;#NV;#NV;#NV;#NV;muri_N;muri_N_MBF;no
1616;F21-14Mari;Mariarano;adult;F;murinus;8;muri_N;#NV;#NV;35,4;#NV;#NV;#NV;#NV;36,7;#NV;#NV;67;123;53;NA;UR;NA;NA;NA;NA;NA;NA;NA;NA;NA;NA;-15.466666666666667;46.8;NA;41815;06_Jun;pre_repro;NA;B;RADSEQ;muri_Mari;266;74;653;1070;319;206;113;272;250;275;250;14359;4365;7;1250;10532;39;6252;39;muri_N;muri_N_UR;no
1617;F33-14Mari;Mariarano;adult;F;murinus;8;muri_N;#NV;#NV;36,3;#NV;#NV;#NV;#NV;#NV;#NV;#NV;68;128;54;NA;UR;NA;NA;NA;NA;NA;NA;NA;NA;NA;NA;-15.466666666666667;46.8;NA;41815;06_Jun;pre_repro;NA;3;NA;muri_Mari;266;74;653;1070;319;206;113;272;250;275;250;14359;4365;7;1250;10532;39;6252;39;muri_N;muri_N_UR;no
1618;F98-18Mari;Mariarano;adult;F;murinus;8;muri_N;21,6;15,4;#NV;18,5;20,6;6,6;8,4;39,5;22;9,1;80;124;55;31;MBF;NA;NA;NA;NA;NA;NA;closed;NA;NA;NA;-15.303800000000001;46.4206;23;43254;06_Jun;pre_repro;no;B23;NA;muri_Mari;#NV;#NV;#NV;#NV;#NV;#NV;#NV;#NV;#NV;#NV;#NV;#NV;#NV;#NV;#NV;#NV;#NV;#NV;#NV;muri_N;muri_N_MBF;no
1619;M88-18Mari;Mariarano;adult;M;murinus;8;muri_N;20;13,2;#NV;21;#NV;7,2;9,3;37,8;20,5;7,1;81;130;56;27;MBF;0;0;0;0;0;regressed;NA;NA;NA;NA;-15.303900000000001;46.435699999999997;45;43252;06_Jun;pre_repro;no;A3;NA;muri_Mari;#NV;#NV;#NV;#NV;#NV;#NV;#NV;#NV;#NV;#NV;#NV;#NV;#NV;#NV;#NV;#NV;#NV;#NV;#NV;muri_N;muri_N_MBF;no
1620;M41-14Mari;Mariarano;adult;M;murinus;8;muri_N;#NV;#NV;32,6;#NV;#NV;#NV;#NV;40,3;#NV;#NV;85;129;56;NA;UR;NA;NA;NA;NA;NA;NA;NA;NA;NA;NA;-15.466666666666667;46.8;NA;41815;06_Jun;pre_repro;NA;1;NA;muri_Mari;266;74;653;1070;319;206;113;272;250;275;250;14359;4365;7;1250;10532;39;6252;39;muri_N;muri_N_UR;no
1621;M77-18Mari;Mariarano;adult;M;murinus;8;muri_N;24;15,6;34;19,7;19,8;#NV;10,4;37,9;23;8,8;79;123;57;28;MBF;0;0;0;0;0;regressed;NA;NA;NA;NA;-15.303900000000001;46.435699999999997;45;43252;06_Jun;pre_repro;no;A12;NA;muri_Mari;#NV;#NV;#NV;#NV;#NV;#NV;#NV;#NV;#NV;#NV;#NV;#NV;#NV;#NV;#NV;#NV;#NV;#NV;#NV;muri_N;muri_N_MBF;no
1622;F186-18Mari;Mariarano;adult;F;murinus;8;muri_N;23,5;15,2;31,7;19,1;#NV;7,8;8,9;35,8;21,7;8,2;79;121;57,5;28;MBF;NA;NA;NA;NA;NA;NA;closed;NA;NA;NA;-15.3019;46.414900000000003;19;43257;06_Jun;pre_repro;no;D14;NA;muri_Mari;#NV;#NV;#NV;#NV;#NV;#NV;#NV;#NV;#NV;#NV;#NV;#NV;#NV;#NV;#NV;#NV;#NV;#NV;#NV;muri_N;muri_N_MBF;no
1623;F184-18Mari;Mariarano;adult;F;murinus;8;muri_N;21,8;13,8;34,1;21,3;20,3;6,5;8,9;37,5;22,2;9,2;78;122;58,5;26;MBF;NA;NA;NA;NA;NA;NA;closed;NA;NA;NA;-15.3019;46.414900000000003;19;43257;06_Jun;pre_repro;no;AB4;NA;muri_Mari;#NV;#NV;#NV;#NV;#NV;#NV;#NV;#NV;#NV;#NV;#NV;#NV;#NV;#NV;#NV;#NV;#NV;#NV;#NV;muri_N;muri_N_MBF;no
1624;M17-14Mari;Mariarano;adult;M;murinus;8;muri_N;#NV;#NV;36;#NV;#NV;#NV;#NV;37,8;#NV;#NV;80;115;59;NA;UR;NA;NA;NA;NA;NA;NA;NA;NA;NA;NA;-15.466666666666667;46.8;NA;41813;06_Jun;pre_repro;NA;A;NA;muri_Mari;266;74;653;1070;319;206;113;272;250;275;250;14359;4365;7;1250;10532;39;6252;39;muri_N;muri_N_UR;no
1625;F116-18Mari;Mariarano;adult;F;murinus;8;muri_N;21,6;12,5;35,8;21,9;19;8,7;7,6;34,6;21,7;7,8;81;122;61;32;MBF;NA;NA;NA;NA;NA;NA;closed;NA;NA;NA;-15.303900000000001;46.435699999999997;45;43255;06_Jun;pre_repro;no;C1;RADSEQ;muri_Mari;#NV;#NV;#NV;#NV;#NV;#NV;#NV;#NV;#NV;#NV;#NV;#NV;#NV;#NV;#NV;#NV;#NV;#NV;#NV;muri_N;muri_N_MBF;no
1626;M83-18Mari;Mariarano;adult;M;murinus;8;muri_N;23;14;32,8;21,1;#NV;7,3;5,9;35,2;21,3;6,5;86;122;65;26;MBF;0;0;0;0;0;regressed;NA;NA;NA;NA;-15.303900000000001;46.435699999999997;45;43252;06_Jun;pre_repro;no;A2;NA;muri_Mari;#NV;#NV;#NV;#NV;#NV;#NV;#NV;#NV;#NV;#NV;#NV;#NV;#NV;#NV;#NV;#NV;#NV;#NV;#NV;muri_N;muri_N_MBF;no
1627;F37-14Mari;Mariarano;adult;F;murinus;8;muri_N;#NV;#NV;36;#NV;#NV;#NV;#NV;35,4;#NV;#NV;77;132;65;NA;UR;NA;NA;NA;NA;NA;NA;NA;NA;NA;NA;-15.466666666666667;46.8;NA;41815;06_Jun;pre_repro;NA;A1;NA;muri_Mari;266;74;653;1070;319;206;113;272;250;275;250;14359;4365;7;1250;10532;39;6252;39;muri_N;muri_N_UR;no
1628;F80-18Mari;Mariarano;adult;F;murinus;8;muri_N;19;14,2;34,2;20,7;17,5;6,6;8;36,5;21,6;8,1;80;130;74;34;MBF;NA;NA;NA;NA;NA;NA;closed;NA;NA;NA;-15.303900000000001;46.435699999999997;45;43252;06_Jun;pre_repro;no;A3;NA;muri_Mari;#NV;#NV;#NV;#NV;#NV;#NV;#NV;#NV;#NV;#NV;#NV;#NV;#NV;#NV;#NV;#NV;#NV;#NV;#NV;muri_N;muri_N_MBF;no
1629;F119-18Mari;Mariarano;adult;F;murinus;8;muri_N;20,6;13;33,8;20,5;16,9;7,2;8,9;40,4;21,9;7,8;82;123;79;33;MBF;NA;NA;NA;NA;NA;NA;closed;79;NA;NA;-15.303900000000001;46.435699999999997;45;43255;06_Jun;pre_repro;no;D1;NA;muri_Mari;#NV;#NV;#NV;#NV;#NV;#NV;#NV;#NV;#NV;#NV;#NV;#NV;#NV;#NV;#NV;#NV;#NV;#NV;#NV;muri_N;muri_N_MBF;no
1630;F97-18Mari;Mariarano;adult;F;murinus;8;muri_N;21,2;#NV;36,2;22,5;19,2;8,4;9;38,2;20,7;8,6;86;128;#NV;35;MBF;NA;NA;NA;NA;NA;NA;closed;NA;NA;NA;-15.303800000000001;46.4206;23;43254;06_Jun;pre_repro;no;AB2;NA;muri_Mari;#NV;#NV;#NV;#NV;#NV;#NV;#NV;#NV;#NV;#NV;#NV;#NV;#NV;#NV;#NV;#NV;#NV;#NV;#NV;muri_N;muri_N_MBF;NA
1631;F79-18Mari;Mariarano;adult;F;murinus;8;muri_N;19,5;13,7;34,5;20;18,7;#NV;10;40;21,6;7,9;87;132;#NV;NA;MBF;NA;NA;NA;NA;NA;NA;closed;NA;NA;NA;-15.303900000000001;46.435699999999997;45;43252;06_Jun;pre_repro;no;A1;NA;muri_Mari;#NV;#NV;#NV;#NV;#NV;#NV;#NV;#NV;#NV;#NV;#NV;#NV;#NV;#NV;#NV;#NV;#NV;#NV;#NV;muri_N;muri_N_MBF;NA
1633;M51-13Mari;Mariarano;adult;M;murinus;8;muri_N;#NV;14,3;33,1;19;#NV;#NV;#NV;37,2;24,3;#NV;75;#NV;46;NA;UR;NA;NA;NA;NA;NA;NA;NA;NA;NA;NA;-15.466666666666667;46.8;NA;41458;07_Jul;pre_repro;NA;C;NA;muri_Mari;266;74;653;1070;319;206;113;272;250;275;250;14359;4365;7;1250;10532;39;6252;39;muri_N;muri_N_UR;no
1634;F45-13Mari;Mariarano;adult;F;murinus;8;muri_N;#NV;14,5;33,7;20;#NV;#NV;#NV;38,2;21,6;#NV;85;120;48;NA;UR;NA;NA;NA;NA;NA;NA;NA;NA;NA;NA;-15.466666666666667;46.8;NA;41458;07_Jul;pre_repro;NA;B2;NA;muri_Mari;266;74;653;1070;319;206;113;272;250;275;250;14359;4365;7;1250;10532;39;6252;39;muri_N;muri_N_UR;no
1635;F59-13Mari;Mariarano;adult;F;murinus;8;muri_N;#NV;14;34,3;20,6;#NV;#NV;#NV;37,4;20,1;#NV;75;128;48;NA;UR;NA;NA;NA;NA;NA;NA;NA;NA;NA;NA;-15.466666666666667;46.8;NA;41460;07_Jul;pre_repro;NA;1;NA;muri_Mari;266;74;653;1070;319;206;113;272;250;275;250;14359;4365;7;1250;10532;39;6252;39;muri_N;muri_N_UR;no
1636;F56-13Mari;Mariarano;adult;F;murinus;8;muri_N;#NV;14,9;34,3;19,4;#NV;#NV;#NV;35,1;21,5;#NV;85;122;51;NA;UR;NA;NA;NA;NA;NA;NA;NA;NA;NA;NA;-15.466666666666667;46.8;NA;41458;07_Jul;pre_repro;NA;C;RADSEQ;muri_Mari;266;74;653;1070;319;206;113;272;250;275;250;14359;4365;7;1250;10532;39;6252;39;muri_N;muri_N_UR;no
1637;M73-13Mari;Mariarano;adult;M;murinus;8;muri_N;#NV;16,4;35;21,6;#NV;#NV;#NV;38,7;20,6;#NV;80;128;51;NA;UR;NA;NA;NA;NA;NA;NA;NA;NA;NA;NA;-15.466666666666667;46.8;NA;41460;07_Jul;pre_repro;NA;D;NA;muri_Mari;266;74;653;1070;319;206;113;272;250;275;250;14359;4365;7;1250;10532;39;6252;39;muri_N;muri_N_UR;no
1638;M48-13Mari;Mariarano;adult;F;murinus;8;muri_N;#NV;16,2;36,5;20,5;#NV;#NV;#NV;37,7;23;#NV;80;128;52;NA;UR;NA;NA;NA;NA;NA;NA;NA;NA;NA;NA;-15.466666666666667;46.8;NA;41458;07_Jul;pre_repro;NA;A;RADSEQ;muri_Mari;266;74;653;1070;319;206;113;272;250;275;250;14359;4365;7;1250;10532;39;6252;39;muri_N;muri_N_UR;no
1639;M75-13Mari;Mariarano;adult;M;murinus;8;muri_N;#NV;15,5;33,6;20,4;#NV;#NV;#NV;40,6;20,1;#NV;80;115;52;NA;UR;NA;NA;NA;NA;NA;NA;NA;NA;NA;NA;-15.466666666666667;46.8;NA;41460;07_Jul;pre_repro;NA;2;NA;muri_Mari;266;74;653;1070;319;206;113;272;250;275;250;14359;4365;7;1250;10532;39;6252;39;muri_N;muri_N_UR;no
1640;M47-13Mari;Mariarano;adult;M;murinus;8;muri_N;#NV;14,4;33,1;19,3;#NV;#NV;#NV;33,9;22,9;#NV;85;128;61;NA;UR;NA;NA;NA;NA;NA;NA;NA;NA;NA;NA;-15.466666666666667;46.8;NA;41458;07_Jul;pre_repro;NA;B;NA;muri_Mari;266;74;653;1070;319;206;113;272;250;275;250;14359;4365;7;1250;10532;39;6252;39;muri_N;muri_N_UR;no
1641;F152-14Mari;Mariarano;adult;F;murinus;8;muri_N;#NV;#NV;35,3;#NV;#NV;#NV;#NV;40,4;#NV;#NV;92;138;76;NA;UR;NA;NA;NA;NA;NA;NA;closed;76;NA;NA;-15.466666666666667;46.8;NA;41832;07_Jul;pre_repro;NA;B1;NA;muri_Mari;266;74;653;1070;319;206;113;272;250;275;250;14359;4365;7;1250;10532;39;6252;39;muri_N;muri_N_UR;no
1643;305-03;Maroakata;adult;M;murinus;8;muri_N;23,1;13,6;34,9;19;19,9;8;8,6;35,9;22,2;8;80;121;44;21;GO;13;12.9;6.8;8.8000000000000007;11.6;enlarged;NA;NA;no_age_initially_given_in_raw_data;NA;-16.086279999999999;47.30274;NA;37859;08_Aug;repro;NA;NA;no;muri_IRS2;263;104;648;1307;338;177;161;267;243;277;243;17608;4720;5;1190;12444;35;4843;35;muri_N;muri_N_GO;no
1644;302-03;Maroakata;adult;F;murinus;8;muri_N;20,9;14;32,7;19,4;19;6,9;7,1;37,7;22;9,2;89;120;45;18;GO;NA;NA;NA;NA;NA;NA;closed;NA;no_age_initially_given_in_raw_data;NA;-16.086279999999999;47.30274;NA;37859;08_Aug;repro;NA;NA;no;muri_IRS2;263;104;648;1307;338;177;161;267;243;277;243;17608;4720;5;1190;12444;35;4843;35;muri_N;muri_N_GO;no
1645;300-03;Maroakata;adult;F;murinus;8;muri_N;22,2;14;33,2;19,4;20,8;7,3;10,9;35,6;22,3;8,5;86;122;45;25;GO;NA;NA;NA;NA;NA;NA;closed;NA;no_age_initially_given_in_raw_data;NA;-16.086279999999999;47.30274;NA;37859;08_Aug;repro;NA;NA;no;muri_IRS2;263;104;648;1307;338;177;161;267;243;277;243;17608;4720;5;1190;12444;35;4843;35;muri_N;muri_N_GO;no
1646;315-03;Maroakata;adult;M;murinus;8;muri_N;21,8;14,5;34,7;19,6;20,4;7,8;7,1;38,1;22,5;7,7;91;132;47;21;GO;14.1;14.3;7;7.5;14.7;enlarged;NA;NA;no_age_initially_given_in_raw_data;NA;-16.086279999999999;47.30274;NA;37862;08_Aug;repro;NA;NA;no;muri_IRS2;263;104;648;1307;338;177;161;267;243;277;243;17608;4720;5;1190;12444;35;4843;35;muri_N;muri_N_GO;no
1647;321-03;Maroakata;adult;M;murinus;8;muri_N;20,9;14,7;32,5;20;20,5;6,9;8,7;34,5;22,8;8,5;75;132;48;19;GO;13.7;13.8;6.9;8.6;14.2;enlarged;NA;NA;no_age_initially_given_in_raw_data;NA;-16.086279999999999;47.30274;NA;37862;08_Aug;repro;NA;NA;no;muri_IRS2;263;104;648;1307;338;177;161;267;243;277;243;17608;4720;5;1190;12444;35;4843;35;muri_N;muri_N_GO;no
1648;310-03;Maroakata;adult;F;murinus;8;muri_N;21;15;32,9;20,1;19,7;7,9;7,7;39,3;22,3;9;84;126;50;21;GO;NA;NA;NA;NA;NA;NA;closed;NA;no_age_initially_given_in_raw_data;NA;-16.086279999999999;47.30274;NA;37860;08_Aug;repro;NA;NA;no;muri_IRS2;263;104;648;1307;338;177;161;267;243;277;243;17608;4720;5;1190;12444;35;4843;35;muri_N;muri_N_GO;no
1649;309-03;Maroakata;adult;F;murinus;8;muri_N;20,3;13;31,9;20,8;19,6;7,3;7,1;40,8;23,8;9,4;84;124;52;23;GO;NA;NA;NA;NA;NA;NA;closed;NA;no_age_initially_given_in_raw_data;NA;-16.086279999999999;47.30274;NA;37860;08_Aug;repro;NA;NA;no;muri_IRS2;263;104;648;1307;338;177;161;267;243;277;243;17608;4720;5;1190;12444;35;4843;35;muri_N;muri_N_GO;no
1650;303-03;Maroakata;adult;F;murinus;8;muri_N;20,7;#NV;35,1;18,9;20;7,5;9,5;38,7;21,9;8,5;92;127;55;22;GO;NA;NA;NA;NA;NA;NA;closed;NA;no_age_initially_given_in_raw_data;NA;-16.086279999999999;47.30274;NA;37859;08_Aug;repro;NA;NA;no;muri_IRS2;263;104;648;1307;338;177;161;267;243;277;243;17608;4720;5;1190;12444;35;4843;35;muri_N;muri_N_GO;no
1651;306-03;Maroakata;adult;M;murinus;8;muri_N;23,5;#NV;34,3;20,7;20,9;6,9;9,3;39,6;22,2;8,5;85;126;56;24;GO;15.9;17.600000000000001;8.1999999999999993;7.7;17.100000000000001;enlarged;NA;NA;no_age_initially_given_in_raw_data;NA;-16.086279999999999;47.30274;NA;37860;08_Aug;repro;NA;NA;no;muri_IRS2;263;104;648;1307;338;177;161;267;243;277;243;17608;4720;5;1190;12444;35;4843;35;muri_N;muri_N_GO;no
1652;304-03;Maroakata;adult;M;murinus;8;muri_N;22;#NV;33,4;20,5;21,4;8,4;7,4;38,9;23,5;8,6;98;134;59;23;GO;17;13.8;8;8;14.1;enlarged;NA;NA;no_age_initially_given_in_raw_data;NA;-16.086279999999999;47.30274;NA;37859;08_Aug;repro;NA;NA;no;muri_IRS2;263;104;648;1307;338;177;161;267;243;277;243;17608;4720;5;1190;12444;35;4843;35;muri_N;muri_N_GO;no
1655;337-03;Maroakata;adult;F;murinus;8;muri_N;24,7;14,8;33,1;20,6;19,7;6,9;7,8;38;24;8,8;86;124;50;20;GO;NA;NA;NA;NA;NA;NA;swollen;NA;no_age_initially_given_in_raw_data;NA;-16.086279999999999;47.30274;NA;37868;09_Sep;repro;NA;NA;no;muri_IRS2;263;104;648;1307;338;177;161;267;243;277;243;17608;4720;5;1190;12444;35;4843;35;muri_N;muri_N_GO;no
1656;322-03;Maroakata;adult;M;murinus;8;muri_N;24,3;12,8;32,7;22;21,8;7,5;7,5;39,8;22,9;9;88;132;54;20;GO;16.7;16.7;7.8;8.8000000000000007;16.399999999999999;enlarged;NA;NA;no_age_initially_given_in_raw_data;NA;-16.086279999999999;47.30274;NA;37865;09_Sep;repro;NA;NA;no;muri_IRS2;263;104;648;1307;338;177;161;267;243;277;243;17608;4720;5;1190;12444;35;4843;35;muri_N;muri_N_GO;no
1657;325-03;Maroakata;adult;M;murinus;8;muri_N;22,1;12,8;34,6;19,8;21,1;7,2;8;39,3;21,3;9,6;86;136;56;24;GO;17.5;16.8;7.5;7.5;15.7;enlarged;NA;NA;no_age_initially_given_in_raw_data;NA;-16.086279999999999;47.30274;NA;37865;09_Sep;repro;NA;NA;no;muri_IRS2;263;104;648;1307;338;177;161;267;243;277;243;17608;4720;5;1190;12444;35;4843;35;muri_N;muri_N_GO;no
1658;324-03;Maroakata;adult;M;murinus;8;muri_N;21,5;16,2;36;20,6;20,7;6,6;7,9;39,6;19,7;8,5;92;129;60;22;GO;16.399999999999999;16.2;9.1;8.8000000000000007;18.2;enlarged;NA;NA;no_age_initially_given_in_raw_data;NA;-16.086279999999999;47.30274;NA;37865;09_Sep;repro;NA;NA;no;muri_IRS2;263;104;648;1307;338;177;161;267;243;277;243;17608;4720;5;1190;12444;35;4843;35;muri_N;muri_N_GO;no
1659;336-03;Maroakata;adult;M;murinus;8;muri_N;22,8;13,2;33;22,2;19,8;6,4;7,5;35,9;22,3;7,2;87;121;61;23;GO;15.9;15.3;8.6;9.3000000000000007;17.899999999999999;enlarged;NA;NA;no_age_initially_given_in_raw_data;NA;-16.086279999999999;47.30274;NA;37868;09_Sep;repro;NA;NA;no;muri_IRS2;263;104;648;1307;338;177;161;267;243;277;243;17608;4720;5;1190;12444;35;4843;35;muri_N;muri_N_GO;no
1660;333-03;Maroakata;adult;F;murinus;8;muri_N;20,1;14,3;35,2;22,3;21,7;7,2;7,3;37,4;22,2;9,2;94;132;63;24;GO;NA;NA;NA;NA;NA;NA;closed;NA;no_age_initially_given_in_raw_data;NA;-16.086279999999999;47.30274;NA;37868;09_Sep;repro;NA;NA;no;muri_IRS2;263;104;648;1307;338;177;161;267;243;277;243;17608;4720;5;1190;12444;35;4843;35;muri_N;muri_N_GO;no
1661;335-03;Maroakata;adult;F;murinus;8;muri_N;22,6;15,7;35,1;21,5;20,4;6,9;7,2;37,4;22,7;8,3;91;125;63;22;GO;NA;NA;NA;NA;NA;NA;closed;NA;no_age_initially_given_in_raw_data;NA;-16.086279999999999;47.30274;NA;37868;09_Sep;repro;NA;NA;no;muri_IRS2;263;104;648;1307;338;177;161;267;243;277;243;17608;4720;5;1190;12444;35;4843;35;muri_N;muri_N_GO;no
1662;342-03;Maroakata;adult;F;murinus;8;muri_N;23,2;13,8;35,1;21,5;20,9;8,8;8,6;40,1;23,2;8,7;90;128;65;23;GO;NA;NA;NA;NA;NA;NA;swollen;NA;no_age_initially_given_in_raw_data;NA;-16.086279999999999;47.30274;NA;37869;09_Sep;repro;NA;NA;no;muri_IRS2;263;104;648;1307;338;177;161;267;243;277;243;17608;4720;5;1190;12444;35;4843;35;muri_N;muri_N_GO;no
1664;M04-15sely;Marosely;adult;M;murinus;8;muri_N;24;13,4;34,2;24;19;4,3;6,8;35,7;21,5;10;#NV;134;50;18;AMR;0;0;0;0;0;regressed;NA;NA;NA;NA;-15.65;47.566667000000002;NA;42194;07_Jul;pre_repro;NA;A;NA;muri_IRS2;254;101;660;1252;330;177;153;260;235;267;235;18237;5055;5;1209;13063;43;4954;43;muri_N;muri_N_AMR;no
1665;M09-15sely;Marosely;adult;M;murinus;8;muri_N;20;15,7;34,7;20,3;19,8;7,3;7,3;38,5;22,5;9,4;#NV;130;54;21;AMR;0;0;0;0;0;regressed;NA;NA;NA;NA;-15.65;47.583333000000003;NA;42198;07_Jul;pre_repro;NA;B;NA;muri_IRS2;259;101;660;1265;335;182;153;264;239;272;239;18134;5019;5;1208;12986;43;4930;43;muri_N;muri_N_AMR;no
1666;M10-15sely;Marosely;adult;M;murinus;8;muri_N;22;#NV;34,5;19,6;18,2;4,5;7;39,2;20;10;#NV;136;54;20;AMR;0;0;0;0;0;regressed;NA;NA;NA;NA;-15.65;47.583333000000003;NA;42198;07_Jul;pre_repro;NA;BD;NA;muri_IRS2;259;101;660;1265;335;182;153;264;239;272;239;18134;5019;5;1208;12986;43;4930;43;muri_N;muri_N_AMR;no
1667;M23-15sely;Marosely;adult;M;murinus;8;muri_N;21;13,3;34,6;22,8;15,3;5,8;6;39,5;21;9,3;#NV;135;62;19;AMR;0;0;0;0;0;regressed;NA;NA;NA;NA;-15.652150000000001;47.585349999999998;NA;42205;07_Jul;pre_repro;NA;CD;RADSEQ;muri_IRS2;265;101;656;1248;341;187;154;269;245;277;245;17856;4943;5;1209;12792;43;4851;43;muri_N;muri_N_AMR;no
1668;118-03;Tanambao;adult;M;murinus;8;muri_N;21,5;13,6;34,5;21,3;19,6;7,3;9,1;#NV;19,5;7,1;85;122;44;23;GO;11.7;12.1;4;4.0999999999999996;9.1999999999999993;enlarged;NA;NA;no_age_initially_given_in_raw_data;NA;-15.509042000000001;46.603281000000003;NA;37832;07_Jul;pre_repro;NA;NA;no;muri_Mari;264;75;655;1002;317;203;114;269;249;272;249;16213;5093;10;1270;12026;51;6950;51;muri_N;muri_N_GO;no
1669;110-03;Tanambao;adult;F;murinus;8;muri_N;18,9;15,1;34,6;19,9;18,7;6,3;7,3;36,6;21,6;8,5;86;129;46;21;GO;NA;NA;NA;NA;NA;NA;closed;NA;no_age_initially_given_in_raw_data;NA;-15.509042000000001;46.603281000000003;NA;37832;07_Jul;pre_repro;NA;NA;no;muri_Mari;264;75;655;1002;317;203;114;269;249;272;249;16213;5093;10;1270;12026;51;6950;51;muri_N;muri_N_GO;no
1670;126-03;Tanambao;adult;F;murinus;8;muri_N;19,8;12,4;34,1;19,7;19,8;6,7;9,3;37,4;20,8;7;74;127;41;24;GO;NA;NA;NA;NA;NA;NA;closed;NA;no_age_initially_given_in_raw_data;NA;-15.509042000000001;46.603281000000003;NA;37834;08_Aug;repro;NA;NA;no;muri_Mari;264;75;655;1002;317;203;114;269;249;272;249;16213;5093;10;1270;12026;51;6950;51;muri_N;muri_N_GO;no
1671;123-03;Tanambao;adult;M;murinus;8;muri_N;20;12,6;37,3;21,9;20;7,7;7,1;38,6;20,8;7,1;82;128;45;21;GO;6.7;8.6999999999999993;2.4;2.5;9.5;enlarged;NA;NA;no_age_initially_given_in_raw_data;NA;-15.509042000000001;46.603281000000003;NA;37834;08_Aug;repro;NA;NA;no;muri_Mari;264;75;655;1002;317;203;114;269;249;272;249;16213;5093;10;1270;12026;51;6950;51;muri_N;muri_N_GO;no
1672;124-03;Tanambao;adult;M;murinus;8;muri_N;21,8;14,6;35,9;20,1;19,7;7,6;9,2;39,9;21,2;8,3;80;124;49;21;GO;5;7.1;NA;NA;7;enlarged;NA;NA;no_age_initially_given_in_raw_data;NA;-15.509042000000001;46.603281000000003;NA;37834;08_Aug;repro;NA;NA;no;muri_Mari;264;75;655;1002;317;203;114;269;249;272;249;16213;5093;10;1270;12026;51;6950;51;muri_N;muri_N_GO;no
1673;141-03;Tanambao;adult;M;murinus;8;muri_N;23,8;14,5;34,1;20,5;19;6,6;7;35,3;21,9;8,6;92;135;50;21;GO;10;11.5;4.8;5.4;10.8;enlarged;NA;NA;no_age_initially_given_in_raw_data;NA;-15.509042000000001;46.603281000000003;NA;37837;08_Aug;repro;NA;NA;no;muri_Mari;264;75;655;1002;317;203;114;269;249;272;249;16213;5093;10;1270;12026;51;6950;51;muri_N;muri_N_GO;no
1674;142-03;Tanambao;adult;M;murinus;8;muri_N;22,8;15,2;32,8;20,8;21,5;7,2;9,8;36,5;24,3;8,6;93;134;52;24;GO;10.4;13.9;4.5;4.9000000000000004;14;enlarged;NA;NA;no_age_initially_given_in_raw_data;NA;-15.509042000000001;46.603281000000003;NA;37837;08_Aug;repro;NA;NA;no;muri_Mari;264;75;655;1002;317;203;114;269;249;272;249;16213;5093;10;1270;12026;51;6950;51;muri_N;muri_N_GO;no
1675;143-03;Tanambao;adult;M;murinus;8;muri_N;24;14,7;32,6;21,1;20;6,9;7,1;39,1;21,8;8,8;89;132;52;22;GO;10.5;10.4;4.5;5.6;11.5;enlarged;NA;NA;no_age_initially_given_in_raw_data;NA;-15.509042000000001;46.603281000000003;NA;37837;08_Aug;repro;NA;NA;no;muri_Mari;264;75;655;1002;317;203;114;269;249;272;249;16213;5093;10;1270;12026;51;6950;51;muri_N;muri_N_GO;no
1676;144-03;Tanambao;adult;F;murinus;8;muri_N;22,5;13,5;33,4;20,7;19,5;7,7;8,4;39,2;22;8;94;125;53;19;GO;NA;NA;NA;NA;NA;NA;closed;NA;no_age_initially_given_in_raw_data;NA;-15.509042000000001;46.603281000000003;NA;37837;08_Aug;repro;NA;NA;no;muri_Mari;264;75;655;1002;317;203;114;269;249;272;249;16213;5093;10;1270;12026;51;6950;51;muri_N;muri_N_GO;no
1677;146-03;Tanambao;adult;F;murinus;8;muri_N;22,3;14,6;35,9;20,8;20,8;7,5;9,5;37,6;24;8,6;94;134;61;24;GO;NA;NA;NA;NA;NA;NA;closed;NA;no_age_initially_given_in_raw_data;NA;-15.509042000000001;46.603281000000003;NA;37837;08_Aug;repro;NA;NA;no;muri_Mari;264;75;655;1002;317;203;114;269;249;272;249;16213;5093;10;1270;12026;51;6950;51;muri_N;muri_N_GO;no
1680;F75-04Tsin;Tsinjomitondraka;adult;F;murinus;8;muri_N;19,2;13,8;34,4;20,1;19,7;8;9,3;38,5;23,7;8,1;80;130;48;22;GO;NA;NA;NA;NA;NA;NA;closed;NA;NA;NA;-15.64396;47.131419999999999;NA;38219;08_Aug;repro;no;2A;NA;muri_IRS2;271;95;655;1109;343;198;145;274;254;282;254;15022;4276;4;1212;10778;34;3988;34;muri_N;muri_N_GO;no
1681;M61-04Tsin;Tsinjomitondraka;adult;M;murinus;8;muri_N;19,8;12,2;31;21,2;20,3;7,6;9,2;35,3;23,7;8,8;85;127;48;21;GO;19.5;8.1999999999999993;8;15.4;16.8;enlarged;NA;NA;NA;NA;-15.651070000000001;47.12724;NA;38216;08_Aug;repro;no;C3;NA;muri_IRS2;271;95;652;1113;343;197;146;274;253;282;253;15025;4275;4;1212;10779;34;3990;34;muri_N;muri_N_GO;no
1682;F77-04Tsin;Tsinjomitondraka;adult;F;murinus;8;muri_N;20,6;13,4;35,1;22;20,1;8,1;10,1;38;24,8;7,8;85;131;50;21;GO;NA;NA;NA;NA;NA;NA;closed;NA;NA;NA;-15.643890000000001;47.131160000000001;NA;38221;08_Aug;repro;no;D2;NA;muri_IRS2;271;95;655;1109;343;198;145;274;254;282;254;15022;4276;4;1212;10778;34;3988;34;muri_N;muri_N_GO;no
1683;F67-04Tsin;Tsinjomitondraka;adult;F;murinus;8;muri_N;20,7;13,8;35;21,9;20,9;7,5;8,4;39,7;22,8;7,7;85;138;52;22;GO;NA;NA;NA;NA;NA;NA;closed;NA;NA;NA;-15.64546;47.12912;NA;38217;08_Aug;repro;no;2C;NA;muri_IRS2;271;95;655;1109;343;198;145;274;254;282;254;15022;4276;4;1212;10778;34;3988;34;muri_N;muri_N_GO;no
1684;F76-04Tsin;Tsinjomitondraka;adult;F;murinus;8;muri_N;22,7;14,4;35,4;22,1;20,1;7,7;7,9;39,1;24,3;9;90;136;53;21;GO;NA;NA;NA;NA;NA;NA;closed;NA;NA;NA;-15.643789999999999;47.131740000000001;NA;38219;08_Aug;repro;no;1D;NA;muri_IRS2;271;95;655;1109;343;198;145;274;254;282;254;15022;4276;4;1212;10778;34;3988;34;muri_N;muri_N_GO;no
1685;M70-04Tsin;Tsinjomitondraka;adult;M;murinus;8;muri_N;21,2;15,7;33,8;20,6;21,2;7,5;8,3;38,9;22,8;9,3;84;131;54;24;GO;18.3;7.9;9.1;16.600000000000001;18;enlarged;NA;NA;NA;NA;-15.65091;47.127310000000001;NA;38218;08_Aug;repro;no;14;NA;muri_IRS2;271;95;652;1113;343;197;146;274;253;282;253;15025;4275;4;1212;10779;34;3990;34;muri_N;muri_N_GO;no
1686;M79-04Tsin;Tsinjomitondraka;adult;M;murinus;8;muri_N;22,9;13,3;35,6;21,6;19,8;7;8,9;37,8;22,8;8,5;88;126;54;23;GO;18.3;8.9;10.8;19.399999999999999;20.5;enlarged;NA;NA;NA;NA;-15.64902;47.125430000000001;NA;38223;08_Aug;repro;no;B2;NA;muri_IRS2;271;95;655;1109;343;198;145;274;254;282;254;15022;4276;4;1212;10778;34;3988;34;muri_N;muri_N_GO;no
1687;F62-04Tsin;Tsinjomitondraka;adult;F;murinus;8;muri_N;20,5;15,6;32,2;22,4;20,8;8;9,3;40,3;23,3;9,2;91;130;55;21;GO;NA;NA;NA;NA;NA;NA;closed;NA;NA;NA;-15.64589;47.126779999999997;NA;38217;08_Aug;repro;no;12;NA;muri_IRS2;271;95;655;1109;343;198;145;274;254;282;254;15022;4276;4;1212;10778;34;3988;34;muri_N;muri_N_GO;no
1688;M65-04Tsin;Tsinjomitondraka;adult;M;murinus;8;muri_N;19,6;15,1;34,6;21,3;22,7;8,4;9,3;39,7;23,5;9,2;89;138;56;24;GO;18.8;9.4;10.5;21.1;23.5;enlarged;NA;NA;NA;NA;-15.645820000000001;47.128439999999998;NA;38217;08_Aug;repro;no;24;NA;muri_IRS2;271;95;655;1109;343;198;145;274;254;282;254;15022;4276;4;1212;10778;34;3988;34;muri_N;muri_N_GO;no
1689;M63-04Tsin;Tsinjomitondraka;adult;M;murinus;8;muri_N;20,7;13,7;35;21,3;21,3;6,3;9,4;38,4;21,7;9;83;139;57;23;GO;17.600000000000001;9.1;9.3000000000000007;18.600000000000001;18.8;enlarged;NA;NA;NA;NA;-15.64593;47.127850000000002;NA;38217;08_Aug;repro;no;AC;NA;muri_IRS2;271;95;655;1109;343;198;145;274;254;282;254;15022;4276;4;1212;10778;34;3988;34;muri_N;muri_N_GO;no
1690;M74-04Tsin;Tsinjomitondraka;adult;M;murinus;8;muri_N;22,5;15,4;34,7;21,9;20,4;7,6;8;39,6;23,2;8,3;85;128;58;27;GO;18.2;9.1;10;19;19.3;enlarged;NA;NA;NA;NA;-15.643890000000001;47.131160000000001;NA;38219;08_Aug;repro;no;B1;NA;muri_IRS2;271;95;655;1109;343;198;145;274;254;282;254;15022;4276;4;1212;10778;34;3988;34;muri_N;muri_N_GO;no
1691;M78-04Tsin;Tsinjomitondraka;adult;M;murinus;8;muri_N;21,7;15,4;35,5;21,2;20,5;7,6;8,2;39,9;23,2;8,6;86;133;59;24;GO;17.8;9.6999999999999993;10.199999999999999;18.8;18.100000000000001;enlarged;NA;NA;NA;NA;-15.650309999999999;47.127490000000002;NA;38223;08_Aug;repro;no;4B;NA;muri_IRS2;271;95;652;1113;343;197;146;274;253;282;253;15025;4275;4;1212;10779;34;3990;34;muri_N;muri_N_GO;no
1692;M71-04Tsin;Tsinjomitondraka;adult;M;murinus;8;muri_N;23;16,1;35,3;21,3;21,1;7,3;8,1;40,5;20,9;8,1;89;132;59;22;GO;20.7;12.2;11.4;18;21.1;enlarged;NA;NA;NA;NA;-15.649430000000001;47.125410000000002;NA;38218;08_Aug;repro;no;13;RADSEQ;muri_IRS2;271;95;655;1109;343;198;145;274;254;282;254;15022;4276;4;1212;10778;34;3988;34;muri_N;muri_N_GO;no
1693;M73-04Tsin;Tsinjomitondraka;adult;M;murinus;8;muri_N;23,7;16,2;37,2;23,4;22,3;8,2;8,8;39,8;23,6;9,3;94;132;60;24;GO;22.9;10.3;12.2;19.5;20.8;enlarged;NA;NA;NA;NA;-15.64547;47.129040000000003;NA;38219;08_Aug;repro;no;AB;NA;muri_IRS2;271;95;655;1109;343;198;145;274;254;282;254;15022;4276;4;1212;10778;34;3988;34;muri_N;muri_N_GO;no
1694;F81-04Tsin;Tsinjomitondraka;adult;F;murinus;8;muri_N;22,1;15,9;35,1;24,4;20,6;7,3;6,9;40,3;#NV;9,1;94;140;61;26;GO;NA;NA;NA;NA;NA;NA;swollen;NA;NA;NA;-15.645709999999999;47.127510000000001;NA;38225;08_Aug;repro;no;23;NA;muri_IRS2;271;95;655;1109;343;198;145;274;254;282;254;15022;4276;4;1212;10778;34;3988;34;muri_N;muri_N_GO;no
1695;F72-04Tsin;Tsinjomitondraka;adult;F;murinus;8;muri_N;23,4;13,7;34,6;22,6;20,8;6;8,1;39;23,9;9,1;91;131;61;25;GO;NA;NA;NA;NA;NA;NA;closed;NA;NA;NA;-15.64578;47.127780000000001;NA;38219;08_Aug;repro;no;1A;NA;muri_IRS2;271;95;655;1109;343;198;145;274;254;282;254;15022;4276;4;1212;10778;34;3988;34;muri_N;muri_N_GO;no
1696;F64-04Tsin;Tsinjomitondraka;adult;F;murinus;8;muri_N;22,1;12,7;36,1;23,2;22;7,5;8,4;41,1;23,6;8,3;89;132;62;23;GO;NA;NA;NA;NA;NA;NA;closed;NA;NA;NA;-15.64594;47.128210000000003;NA;38217;08_Aug;repro;no;A3;NA;muri_IRS2;271;95;655;1109;343;198;145;274;254;282;254;15022;4276;4;1212;10778;34;3988;34;muri_N;muri_N_GO;no
1697;M69-04Tsin;Tsinjomitondraka;adult;M;murinus;8;muri_N;19,2;14,1;35,9;21,6;21,2;7,7;9,1;40;23,1;8;88;137;64;26;GO;21.3;9.1999999999999993;10.1;21.3;20.3;enlarged;NA;NA;NA;NA;-15.64396;47.131;NA;38217;08_Aug;repro;no;AB;NA;muri_IRS2;271;95;655;1109;343;198;145;274;254;282;254;15022;4276;4;1212;10778;34;3988;34;muri_N;muri_N_GO;no
1698;M66-04Tsin;Tsinjomitondraka;adult;M;murinus;8;muri_N;20,8;14,8;35,6;#NV;22,8;7,6;7,2;40,7;23,8;8,1;88;135;65;22;GO;19.5;9.9;10.9;20.399999999999999;21.5;enlarged;NA;NA;NA;NA;-15.645530000000001;47.128860000000003;NA;38217;08_Aug;repro;no;AD;NA;muri_IRS2;271;95;655;1109;343;198;145;274;254;282;254;15022;4276;4;1212;10778;34;3988;34;muri_N;muri_N_GO;no
1699;M82-04Tsin;Tsinjomitondraka;adult;M;murinus;8;muri_N;23;15,1;33,7;21,7;22,2;8,5;8,2;39,1;23,8;9;91;131;67;26;GO;20.100000000000001;11.2;10;23.2;22.2;enlarged;NA;NA;NA;NA;-15.64396;47.131419999999999;NA;38225;08_Aug;repro;no;C1;NA;muri_IRS2;271;95;655;1109;343;198;145;274;254;282;254;15022;4276;4;1212;10778;34;3988;34;muri_N;muri_N_GO;no
1703;08-03;Ankirihitra;adult;F;myoxinus;5;myox;21,1;12,5;34,5;19,6;19,5;6;7,3;35,4;21,6;8,9;80;150;51;20;GO;NA;NA;NA;NA;NA;NA;closed;NA;no_age_initially_given_in_raw_data;NA;-16.779399000000002;46.471311;NA;37876;09_Sep;repro;NA;NA;no;myox;269;99;621;1480;339;180;159;276;246;285;246;13479;3830;4;1198;9634;31;3712;31;myox;myox_GO;no
1704;05-03;Ankirihitra;adult;F;myoxinus;5;myox;20,7;11,6;34,3;20,6;19,6;5,1;7;37,2;21,8;7,6;85;145;53;20;GO;NA;NA;NA;NA;NA;NA;closed;NA;no_age_initially_given_in_raw_data;NA;-16.779399000000002;46.471311;NA;37876;09_Sep;repro;NA;NA;no;myox;269;99;621;1480;339;180;159;276;246;285;246;13479;3830;4;1198;9634;31;3712;31;myox;myox_GO;no
1708;F06-13Bom;Bombetoka;adult;M;myoxinus;5;myox;20,4;12,6;33,8;19,4;19,7;6,2;7,2;#NV;21,7;#NV;70;147;46;23;EZ;11.6;5.6;6.7;9.6999999999999993;8.6999999999999993;enlarged;NA;NA;NA;NA;-15.866666666666667;46.25;NA;41531;09_Sep;repro;no;B4;RADSEQ;myox;#NV;#NV;#NV;#NV;#NV;#NV;#NV;#NV;#NV;#NV;#NV;#NV;#NV;#NV;#NV;#NV;#NV;#NV;#NV;myox;myox_EZ;no
1709;M02-13Bom;Bombetoka;adult;M;myoxinus;5;myox;18,8;11,6;33,8;21,5;20,5;6,9;7,7;38,8;22,7;#NV;75;147;48;21;EZ;0;0;0;0;0;regressed;NA;NA;NA;NA;-15.866666666666667;46.25;NA;41531;09_Sep;repro;no;B1;NA;myox;#NV;#NV;#NV;#NV;#NV;#NV;#NV;#NV;#NV;#NV;#NV;#NV;#NV;#NV;#NV;#NV;#NV;#NV;#NV;myox;myox_EZ;no
1710;M17-13Bom;Bombetoka;adult;M;myoxinus;5;myox;19;12,8;30,6;19,9;19,4;5,7;7,5;35,1;18,1;#NV;76;135;49;22;EZ;10.6;5.8;5.0999999999999996;8.9;9.4;enlarged;NA;NA;NA;NA;-15.866666666666667;46.25;NA;41534;09_Sep;repro;no;A3;NA;myox;#NV;#NV;#NV;#NV;#NV;#NV;#NV;#NV;#NV;#NV;#NV;#NV;#NV;#NV;#NV;#NV;#NV;#NV;#NV;myox;myox_EZ;no
1711;F19-13Bom;Bombetoka;adult;F;myoxinus;5;myox;19,4;11,6;34,5;21,1;20,6;5,6;8,5;36,4;22,8;#NV;75;147;51;26;EZ;NA;NA;NA;NA;NA;NA;closed;NA;NA;NA;-15.866666666666667;46.25;NA;41533;09_Sep;repro;no;C;NA;myox;#NV;#NV;#NV;#NV;#NV;#NV;#NV;#NV;#NV;#NV;#NV;#NV;#NV;#NV;#NV;#NV;#NV;#NV;#NV;myox;myox_EZ;no
1712;M14-13Bom;Bombetoka;adult;M;myoxinus;5;myox;19,9;12,7;29,6;20;20,5;5,1;6,6;36,7;20,4;#NV;74;129;52;21;EZ;11.6;6.7;5.9;11.1;10.5;enlarged;NA;NA;NA;NA;-15.866666666666667;46.25;NA;42629;09_Sep;repro;no;A;NA;myox;#NV;#NV;#NV;#NV;#NV;#NV;#NV;#NV;#NV;#NV;#NV;#NV;#NV;#NV;#NV;#NV;#NV;#NV;#NV;myox;myox_EZ;no
1713;M03-13Bom;Bombetoka;adult;M;myoxinus;5;myox;17,8;12,7;31,6;19,9;19,5;4,9;6,7;37,7;19,9;#NV;72;153;53;20;EZ;11.7;5.6;5.7;10.7;10.4;enlarged;NA;NA;NA;NA;-15.866666666666667;46.25;NA;41531;09_Sep;repro;no;C;NA;myox;#NV;#NV;#NV;#NV;#NV;#NV;#NV;#NV;#NV;#NV;#NV;#NV;#NV;#NV;#NV;#NV;#NV;#NV;#NV;myox;myox_EZ;no
1714;F01-13Bom;Bombetoka;adult;F;myoxinus;5;myox;18,7;11,6;34,8;20,5;18,8;4,9;7,7;#NV;21,6;#NV;80;167;53;22;EZ;NA;NA;NA;NA;NA;NA;closed;NA;NA;NA;-15.866666666666667;46.25;NA;41530;09_Sep;repro;no;D;RADSEQ;myox;#NV;#NV;#NV;#NV;#NV;#NV;#NV;#NV;#NV;#NV;#NV;#NV;#NV;#NV;#NV;#NV;#NV;#NV;#NV;myox;myox_EZ;no
1715;M16-13Bom;Bombetoka;adult;M;myoxinus;5;myox;19,9;11,5;33,8;19,9;19,9;5,5;7,7;35,5;22,7;#NV;#NV;153;56;22;EZ;13.8;6.6;7.3;12.7;10.7;enlarged;NA;NA;NA;NA;-15.866666666666667;46.25;NA;41533;09_Sep;repro;no;A1;NA;myox;#NV;#NV;#NV;#NV;#NV;#NV;#NV;#NV;#NV;#NV;#NV;#NV;#NV;#NV;#NV;#NV;#NV;#NV;#NV;myox;myox_EZ;no
1716;F18-13Bom;Bombetoka;adult;F;myoxinus;5;myox;19,5;#NV;33,4;#NV;22,4;5,7;7,2;37,3;21,1;#NV;83;151;57;20;EZ;NA;NA;NA;NA;NA;NA;closed;NA;NA;NA;-15.866666666666667;46.25;NA;41533;09_Sep;repro;no;3;NA;myox;#NV;#NV;#NV;#NV;#NV;#NV;#NV;#NV;#NV;#NV;#NV;#NV;#NV;#NV;#NV;#NV;#NV;#NV;#NV;myox;myox_EZ;no
1717;F09-13Bom;Bombetoka;adult;F;myoxinus;5;myox;19,4;12;35;23,3;19,4;5,2;9,8;37,3;22,4;#NV;90;152;59;23;EZ;NA;NA;NA;NA;NA;NA;closed;NA;NA;NA;-15.866666666666667;46.25;NA;41532;09_Sep;repro;no;2;NA;myox;#NV;#NV;#NV;#NV;#NV;#NV;#NV;#NV;#NV;#NV;#NV;#NV;#NV;#NV;#NV;#NV;#NV;#NV;#NV;myox;myox_EZ;no
1723;M11-03Madi;Madirovalo;adult;M;myoxinus;5;myox;19;11,9;36,2;20,8;21,4;8,3;7,6;37,4;21,2;7,5;78;127;39;26;GO;4.5999999999999996;NA;NA;10;10;enlarged;NA;NA;NA;NA;-16.380579999999998;46.479579999999999;NA;37786;06_Jun;pre_repro;no;A3;NA;myox;268;96;630;1264;339;187;152;272;248;281;248;16678;4863;5;1199;11903;42;4599;42;myox;myox_GO;no
1724;M15-03Madi;Madirovalo;adult;M;myoxinus;5;myox;17,3;11,7;35,6;#NV;20,2;7,5;8;38,4;22,3;8,4;74;138;41;26;GO;0;0;0;0;0;regressed;NA;NA;NA;NA;-16.383510000000001;46.476419999999997;NA;37788;06_Jun;pre_repro;no;AB;NA;myox;267;96;630;1293;338;186;152;272;247;281;247;16660;4856;5;1199;11893;42;4595;42;myox;myox_GO;no
1725;M23-03Madi;Madirovalo;adult;M;myoxinus;5;myox;19;10,4;35,7;19,6;20,5;7,4;11,4;37,6;20,6;7,3;78;150;41;22;GO;5.7;NA;NA;10.3;10.3;enlarged;NA;NA;NA;NA;-16.385999999999999;46.475149999999999;NA;37789;06_Jun;pre_repro;no;BD;NA;myox;267;96;630;1293;338;186;152;272;247;281;247;16660;4856;5;1199;11893;42;4595;42;myox;myox_GO;no
1726;F05-03Madi;Madirovalo;adult;F;myoxinus;5;myox;18,4;11,2;34,8;20,1;22,8;6,1;10;#NV;18,9;9,7;75;139;42;22;GO;NA;NA;NA;NA;NA;NA;closed;NA;NA;NA;-16.383710000000001;46.477310000000003;NA;37780;06_Jun;pre_repro;no;A1;NA;myox;267;96;630;1293;338;186;152;272;247;281;247;16660;4856;5;1199;11893;42;4595;42;myox;myox_GO;no
1727;M22-03Madi;Madirovalo;adult;M;myoxinus;5;myox;16,8;10,6;35;19;21,6;7,8;9,9;39,2;20,1;9,7;77;137;43;25;GO;6;NA;NA;8.6999999999999993;8.6999999999999993;enlarged;NA;NA;NA;NA;-16.386610000000001;46.474719999999998;NA;37789;06_Jun;pre_repro;no;BC;NA;myox;266;96;630;1297;337;185;152;271;246;280;246;16804;4908;5;1200;12003;42;4634;42;myox;myox_GO;no
1728;M21-03Madi;Madirovalo;adult;M;myoxinus;5;myox;17,7;12,6;36;19,5;21;8,2;8,2;37,3;22,7;7,9;76;139;43;24;GO;0;0;0;0;0;regressed;NA;NA;NA;NA;-16.38589;46.475709999999999;NA;37789;06_Jun;pre_repro;no;AB(nat)C;NA;myox;267;96;630;1293;338;186;152;272;247;281;247;16660;4856;5;1199;11893;42;4595;42;myox;myox_GO;no
1729;F18-03Madi;Madirovalo;adult;F;myoxinus;5;myox;15,5;12,6;34,5;21,6;21,4;7,7;9,8;37,7;20,5;10,7;79;144;45;26;GO;NA;NA;NA;NA;NA;NA;closed;NA;NA;NA;-16.381519999999998;46.47925;NA;37788;06_Jun;pre_repro;no;B2;NA;myox;268;96;630;1264;339;187;152;272;248;281;248;16678;4863;5;1199;11903;42;4599;42;myox;myox_GO;no
1730;M9-03Madi;Madirovalo;adult;M;myoxinus;5;myox;17,9;12,2;34,2;21,3;21,8;6,6;6,8;37,8;22,2;8,2;92;133;45;24;GO;6.1;3.3;2.2000000000000002;9.5;11.5;enlarged;NA;NA;NA;NA;-16.386510000000001;46.474690000000002;NA;37785;06_Jun;pre_repro;no;14;NA;myox;266;96;630;1297;337;185;152;271;246;280;246;16804;4908;5;1200;12003;42;4634;42;myox;myox_GO;no
1731;F10-03Madi;Madirovalo;adult;F;myoxinus;5;myox;19,8;11;35,2;20,3;20,8;7,6;8,3;37,4;21,1;8,5;86;128;45;22;GO;NA;NA;NA;NA;NA;NA;closed;NA;NA;NA;-16.38353;46.476669999999999;NA;37786;06_Jun;pre_repro;no;A2;NA;myox;267;96;630;1293;338;186;152;272;247;281;247;16660;4856;5;1199;11893;42;4595;42;myox;myox_GO;no
1732;M14-03Madi;Madirovalo;adult;M;myoxinus;5;myox;18,5;11,5;39,4;24,2;21,8;7,9;10;37,5;22,9;8;79;156;47;24;GO;8.5;2.5;4.7;8.4;10.7;enlarged;NA;NA;NA;NA;-16.386510000000001;46.474690000000002;NA;37787;06_Jun;pre_repro;yes;34;NA;myox;266;96;630;1297;337;185;152;271;246;280;246;16804;4908;5;1200;12003;42;4634;42;myox;myox_GO;no
1733;F6-03Madi;Madirovalo;adult;F;myoxinus;5;myox;#NV;12,6;35,5;19,1;23;8,4;8;37,7;19,1;7,5;78;137;48;24;GO;NA;NA;NA;NA;NA;NA;closed;NA;NA;NA;-16.38307;46.477809999999998;NA;37782;06_Jun;pre_repro;no;14(nat. cut C);NA;myox;268;96;630;1264;339;187;152;272;248;281;248;16678;4863;5;1199;11903;42;4599;42;myox;myox_GO;no
1734;F13-03Madi;Madirovalo;adult;F;myoxinus;5;myox;17,4;11,6;36,2;20,7;20,3;7,7;8,4;38;23,2;8,5;88;152;51;28;GO;NA;NA;NA;NA;NA;NA;closed;NA;NA;NA;-16.386430000000001;46.474620000000002;NA;37787;06_Jun;pre_repro;yes;B1;NA;myox;266;96;630;1297;337;185;152;271;246;280;246;16804;4908;5;1200;12003;42;4634;42;myox;myox_GO;no
1735;F7-03Madi;Madirovalo;adult;F;myoxinus;5;myox;15,7;11,2;36,2;21,5;22,4;7,1;7,5;37,4;23,7;7,7;94;142;58;27;GO;NA;NA;NA;NA;NA;NA;closed;NA;NA;NA;-16.38307;46.477809999999998;NA;37784;06_Jun;pre_repro;no;AD(hole at C);NA;myox;268;96;630;1264;339;187;152;272;248;281;248;16678;4863;5;1199;11903;42;4599;42;myox;myox_GO;no
1896;M67-03Anko;Ankoririka;adult;M;ravelobensis;3;rave;23,6;15,2;36,2;20,4;19,7;7,8;7,3;41,9;25,2;#NV;82,5;161;#NV;20;RR;0;0;0;0;0;regressed;NA;NA;NA;NA;-16.255800000000001;47.036999999999999;NA;37786;06_Jun;pre_repro;no;A2;NA;rave_ANP_E;253;101;645;1255;327;171;156;258;234;267;234;20826;5526;6;1170;14548;47;5803;47;rave;rave_RR;no
1897;F53-03Anko;Ankoririka;adult;F;ravelobensis;3;rave;21;16,6;35,8;21,2;21,6;8,1;8;43,6;25,5;8,6;87,5;157;#NV;25;RR;NA;NA;NA;NA;NA;NA;closed;NA;NA;NA;-16.27;47.036999999999999;NA;37782;06_Jun;pre_repro;no;12;NA;rave_ANP_E;253;100;643;1255;327;171;156;258;234;267;234;20279;5383;6;1173;14198;45;5642;45;rave;rave_RR;no
1964;63-15;JBA;adult;M;ravelobensis;3;rave;19;#NV;35,5;19,6;21,5;7;7,5;40;24;7;65;158;47;16;AK;NA;NA;NA;NA;NA;NA;NA;NA;B 8;NA;-16.314793999999999;46.812100999999998;NA;42157;06_Jun;pre_repro;NA;NA;NA;rave_ANP;267;97;627;1316;338;184;154;272;247;281;247;17897;4870;4;1177;12570;38;4945;38;rave;rave_AK;no
1966;65-15;JBA;adult;F;ravelobensis;3;rave;21;#NV;37,2;18,4;20,5;6,4;7,8;39,1;22;8,1;70;160;48;21;AK;NA;NA;NA;NA;NA;NA;NA;NA;Nord est;NA;-16.314793999999999;46.812100999999998;NA;42157;06_Jun;pre_repro;NA;NA;NA;rave_ANP;267;97;627;1316;338;184;154;272;247;281;247;17897;4870;4;1177;12570;38;4945;38;rave;rave_AK;no
1967;67-15;JBA;adult;F;ravelobensis;3;rave;15,6;#NV;36,3;21,4;18,8;5,6;6,2;40,1;24,5;9,3;75;140;49;21;AK;NA;NA;NA;NA;NA;NA;NA;NA;D 7;NA;-16.314793999999999;46.812100999999998;NA;42159;06_Jun;pre_repro;NA;NA;NA;rave_ANP;267;97;627;1316;338;184;154;272;247;281;247;17897;4870;4;1177;12570;38;4945;38;rave;rave_AK;no
1968;84-15;JBA;adult;F;ravelobensis;3;rave;19,1;#NV;35,2;20,7;18,9;6,7;8,5;39,9;22,9;10,7;80;160;50;22;AK;NA;NA;NA;NA;NA;NA;NA;NA;B 2;NA;-16.314793999999999;46.812100999999998;NA;42173;06_Jun;pre_repro;NA;NA;NA;rave_ANP;267;97;627;1316;338;184;154;272;247;281;247;17897;4870;4;1177;12570;38;4945;38;rave;rave_AK;no
1969;59-15;JBA;adult;F;ravelobensis;3;rave;14,3;#NV;#NV;22,3;21,1;5,7;9,6;37,1;22;7,3;62;168;52;21;AK;NA;NA;NA;NA;NA;NA;NA;NA;D 3;NA;-16.314793999999999;46.812100999999998;NA;42157;06_Jun;pre_repro;NA;NA;NA;rave_ANP;267;97;627;1316;338;184;154;272;247;281;247;17897;4870;4;1177;12570;38;4945;38;rave;rave_AK;no
1970;77-15;JBA;adult;F;ravelobensis;3;rave;17,9;#NV;34,9;21,7;19,8;5,1;5,3;41,5;22;10,3;81;144;52;18;AK;NA;NA;NA;NA;NA;NA;NA;NA;A 8;NA;-16.314793999999999;46.812100999999998;NA;42161;06_Jun;pre_repro;NA;NA;NA;rave_ANP;267;97;627;1316;338;184;154;272;247;281;247;17897;4870;4;1177;12570;38;4945;38;rave;rave_AK;no
1971;83-15;JBA;adult;F;ravelobensis;3;rave;17;#NV;37,1;19,7;20,7;7,4;8,2;39;23,1;9,7;87;145;53;22;AK;NA;NA;NA;NA;NA;NA;NA;NA;D 6;NA;-16.314793999999999;46.812100999999998;NA;42173;06_Jun;pre_repro;NA;NA;NA;rave_ANP;267;97;627;1316;338;184;154;272;247;281;247;17897;4870;4;1177;12570;38;4945;38;rave;rave_AK;no
1972;87-15;JBA;adult;M;ravelobensis;3;rave;18,8;#NV;35,1;23,2;20,7;6,2;8,8;42,5;22,9;11,1;80;149;54;24;AK;NA;NA;NA;NA;NA;NA;NA;NA;Sud 4;NA;-16.314793999999999;46.812100999999998;NA;42175;06_Jun;pre_repro;NA;NA;NA;rave_ANP;267;97;627;1316;338;184;154;272;247;281;247;17897;4870;4;1177;12570;38;4945;38;rave;rave_AK;no
1973;74-15;JBA;adult;F;ravelobensis;3;rave;18,8;#NV;33,9;19,9;19,1;5,2;#NV;38,6;#NV;9,4;87;140;56;NA;AK;NA;NA;NA;NA;NA;NA;NA;NA;D 8;NA;-16.314793999999999;46.812100999999998;NA;42161;06_Jun;pre_repro;NA;NA;NA;rave_ANP;267;97;627;1316;338;184;154;272;247;281;247;17897;4870;4;1177;12570;38;4945;38;rave;rave_AK;no
1974;71-15;JBA;adult;M;ravelobensis;3;rave;19,5;#NV;#NV;19,5;21;8;6,7;41,1;23,4;9,1;85;140;56;20;AK;NA;NA;NA;NA;NA;NA;NA;NA;G 4;NA;-16.314793999999999;46.812100999999998;NA;42159;06_Jun;pre_repro;NA;NA;NA;rave_ANP;267;97;627;1316;338;184;154;272;247;281;247;17897;4870;4;1177;12570;38;4945;38;rave;rave_AK;no
1975;61-15;JBA;adult;M;ravelobensis;3;rave;21;#NV;38,7;18,7;21,9;4,7;9,3;43,1;21,5;10,3;79;160;56;22;AK;NA;NA;NA;NA;NA;NA;NA;NA;D 4;NA;-16.314793999999999;46.812100999999998;NA;42157;06_Jun;pre_repro;NA;NA;NA;rave_ANP;267;97;627;1316;338;184;154;272;247;281;247;17897;4870;4;1177;12570;38;4945;38;rave;rave_AK;no
1976;82-15;JBA;adult;M;ravelobensis;3;rave;19;#NV;37,1;22,1;22,1;6,2;7,7;37,3;21,9;10,4;90;159;58;22;AK;NA;NA;NA;NA;NA;NA;NA;NA;A 2;NA;-16.314793999999999;46.812100999999998;NA;42171;06_Jun;pre_repro;NA;NA;NA;rave_ANP;267;97;627;1316;338;184;154;272;247;281;247;17897;4870;4;1177;12570;38;4945;38;rave;rave_AK;no
1977;68-15;JBA;adult;F;ravelobensis;3;rave;15,1;#NV;35,2;22,4;19;7;7,7;38,9;24,5;9,7;78;155;59;22;AK;NA;NA;NA;NA;NA;NA;NA;NA;N 6;NA;-16.314793999999999;46.812100999999998;NA;42159;06_Jun;pre_repro;NA;NA;NA;rave_ANP;267;97;627;1316;338;184;154;272;247;281;247;17897;4870;4;1177;12570;38;4945;38;rave;rave_AK;no
1978;86-15;JBA;adult;F;ravelobensis;3;rave;16,4;#NV;35,8;22,2;20,8;6,5;7,7;39,1;22,9;9,3;93;152;59;23;AK;NA;NA;NA;NA;NA;NA;NA;NA;E 8;NA;-16.314793999999999;46.812100999999998;NA;42175;06_Jun;pre_repro;NA;NA;NA;rave_ANP;267;97;627;1316;338;184;154;272;247;281;247;17897;4870;4;1177;12570;38;4945;38;rave;rave_AK;no
1979;26-14;JBA;adult;F;ravelobensis;3;rave;18,7;#NV;37,7;24,6;19,6;5,7;7,5;40,5;#NV;8,8;90;144;59;27;AK;NA;NA;NA;NA;NA;NA;NA;NA;Nord 2;NA;-16.314793999999999;46.812100999999998;NA;42175;06_Jun;pre_repro;NA;NA;NA;rave_ANP;267;97;627;1316;338;184;154;272;247;281;247;17897;4870;4;1177;12570;38;4945;38;rave;rave_AK;no
1980;60-15;JBA;adult;M;ravelobensis;3;rave;18,3;#NV;38,2;25,7;24,4;6,6;8,2;36,7;23,1;9,8;68;150;62;28;AK;NA;NA;NA;NA;NA;NA;NA;NA;A 2;NA;-16.314793999999999;46.812100999999998;NA;42157;06_Jun;pre_repro;NA;NA;NA;rave_ANP;267;97;627;1316;338;184;154;272;247;281;247;17897;4870;4;1177;12570;38;4945;38;rave;rave_AK;no
1981;79-15;JBA;adult;F;ravelobensis;3;rave;19,3;#NV;#NV;25,2;20,2;6,3;7,9;42,1;25,6;11,7;95;169;71;23;AK;NA;NA;NA;NA;NA;NA;NA;NA;F 6;NA;-16.314793999999999;46.812100999999998;NA;42171;06_Jun;pre_repro;NA;NA;NA;rave_ANP;267;97;627;1316;338;184;154;272;247;281;247;17897;4870;4;1177;12570;38;4945;38;rave;rave_AK;no
1983;59-96;JBA;adult;M;ravelobensis;3;rave;#NV;14,46;#NV;#NV;22,55;7,23;9,57;36,11;25,05;#NV;95;140;#NV;NA;UR;NA;NA;NA;NA;NA;NA;NA;NA;NA;NA;-16.314793999999999;46.812100999999998;NA;34868;06_Jun;pre_repro;NA;NA;NA;rave_ANP;267;97;627;1316;338;184;154;272;247;281;247;17897;4870;4;1177;12570;38;4945;38;rave;rave_UR;NA
1984;11-96;JBA;adult;M;ravelobensis;3;rave;#NV;12,77;34,98;22,2;22,19;6,67;9,97;38,83;23,35;#NV;86;150;#NV;NA;UR;NA;NA;NA;NA;NA;NA;NA;NA;NA;NA;-16.314793999999999;46.812100999999998;NA;34868;06_Jun;pre_repro;NA;NA;NA;rave_ANP;267;97;627;1316;338;184;154;272;247;281;247;17897;4870;4;1177;12570;38;4945;38;rave;rave_UR;NA
1986;18-96;JBA;adult;F;ravelobensis;3;rave;#NV;15,5;34,9;21,5;22,4;7,8;10;38,9;21,4;#NV;80;138;#NV;NA;UR;NA;NA;NA;NA;NA;NA;NA;NA;NA;NA;-16.314793999999999;46.812100999999998;NA;34868;06_Jun;pre_repro;NA;NA;NA;rave_ANP;267;97;627;1316;338;184;154;272;247;281;247;17897;4870;4;1177;12570;38;4945;38;rave;rave_UR;NA
1988;127-96;JBA;adult;F;ravelobensis;3;rave;#NV;14,2;35;21,1;22,9;7,8;10,05;39,45;22;#NV;90;155;#NV;NA;UR;NA;NA;NA;NA;NA;NA;NA;NA;NA;NA;-16.314793999999999;46.812100999999998;NA;34868;06_Jun;pre_repro;NA;NA;NA;rave_ANP;267;97;627;1316;338;184;154;272;247;281;247;17897;4870;4;1177;12570;38;4945;38;rave;rave_UR;NA
1989;113-96;JBA;adult;M;ravelobensis;3;rave;#NV;15;36,2;21,1;#NV;7,2;11,2;43,1;25,9;#NV;75;165;#NV;NA;UR;NA;NA;NA;NA;NA;NA;NA;NA;NA;NA;-16.314793999999999;46.812100999999998;NA;34868;06_Jun;pre_repro;NA;NA;NA;rave_ANP;267;97;627;1316;338;184;154;272;247;281;247;17897;4870;4;1177;12570;38;4945;38;rave;rave_UR;NA
1992;17-96;JBA;adult;M;ravelobensis;3;rave;#NV;15,5;33,5;22,2;20,6;7,5;9,8;41;23,5;#NV;78;154;#NV;NA;UR;NA;NA;NA;NA;NA;NA;NA;NA;NA;NA;-16.314793999999999;46.812100999999998;NA;34868;06_Jun;pre_repro;NA;NA;NA;rave_ANP;267;97;627;1316;338;184;154;272;247;281;247;17897;4870;4;1177;12570;38;4945;38;rave;rave_UR;NA
1994;0-96;JBA;adult;M;ravelobensis;3;rave;#NV;16;34,5;21,5;20,5;7,5;9,3;43,4;25;#NV;78;155;#NV;NA;UR;NA;NA;NA;NA;NA;NA;NA;NA;NA;NA;-16.314793999999999;46.812100999999998;NA;34868;06_Jun;pre_repro;NA;NA;NA;rave_ANP;267;97;627;1316;338;184;154;272;247;281;247;17897;4870;4;1177;12570;38;4945;38;rave;rave_UR;NA
1995;16-96;JBA;adult;M;ravelobensis;3;rave;#NV;16,1;34,4;22,3;21;6,5;10,5;42,5;23,2;#NV;74;155;#NV;NA;UR;NA;NA;NA;NA;NA;NA;NA;NA;NA;NA;-16.314793999999999;46.812100999999998;NA;34868;06_Jun;pre_repro;NA;NA;NA;rave_ANP;267;97;627;1316;338;184;154;272;247;281;247;17897;4870;4;1177;12570;38;4945;38;rave;rave_UR;NA
1997;25-96;JBA;adult;F;ravelobensis;3;rave;#NV;14;38,6;20,3;22,5;#NV;11;42,5;23,4;#NV;95;162;#NV;NA;UR;NA;NA;NA;NA;NA;NA;NA;NA;NA;NA;-16.314793999999999;46.812100999999998;NA;34868;06_Jun;pre_repro;NA;NA;NA;rave_ANP;267;97;627;1316;338;184;154;272;247;281;247;17897;4870;4;1177;12570;38;4945;38;rave;rave_UR;NA
1998;15-96;JBA;adult;F;ravelobensis;3;rave;#NV;14,6;#NV;19,1;#NV;5,8;8,3;39,35;20,1;#NV;78;134;#NV;NA;UR;NA;NA;NA;NA;NA;NA;NA;NA;NA;NA;-16.314793999999999;46.812100999999998;NA;34868;06_Jun;pre_repro;NA;NA;NA;rave_ANP;267;97;627;1316;338;184;154;272;247;281;247;17897;4870;4;1177;12570;38;4945;38;rave;rave_UR;NA
1999;76-95;JBA;adult;F;ravelobensis;3;rave;#NV;13,3;37,5;22,9;20,1;7,4;8,5;40,9;22,3;#NV;85;157;#NV;NA;UR;NA;NA;NA;NA;NA;NA;NA;NA;NA;NA;-16.314793999999999;46.812100999999998;NA;34867;06_Jun;pre_repro;NA;NA;NA;rave_ANP;267;97;627;1316;338;184;154;272;247;281;247;17897;4870;4;1177;12570;38;4945;38;rave;rave_UR;NA
2000;62-96;JBA;adult;F;ravelobensis;3;rave;#NV;14,4;36;19,8;20,6;7,2;9,3;42,2;26,7;#NV;95;160;#NV;NA;UR;NA;NA;NA;NA;NA;NA;NA;NA;NA;NA;-16.314793999999999;46.812100999999998;NA;34868;06_Jun;pre_repro;NA;NA;NA;rave_ANP;267;97;627;1316;338;184;154;272;247;281;247;17897;4870;4;1177;12570;38;4945;38;rave;rave_UR;NA
2001;28-96;JBA;adult;M;ravelobensis;3;rave;#NV;15,6;34,5;22,5;20,4;6,2;10,5;43,6;24,2;#NV;86;154;#NV;NA;UR;NA;NA;NA;NA;NA;NA;NA;NA;NA;NA;-16.314793999999999;46.812100999999998;NA;34868;06_Jun;pre_repro;NA;NA;NA;rave_ANP;267;97;627;1316;338;184;154;272;247;281;247;17897;4870;4;1177;12570;38;4945;38;rave;rave_UR;NA
2002;109-96;JBA;adult;M;ravelobensis;3;rave;#NV;14,6;35,8;19,5;21,2;6,6;9,6;41,4;20,5;#NV;93;152;#NV;NA;UR;NA;NA;NA;NA;NA;NA;NA;NA;NA;NA;-16.314793999999999;46.812100999999998;NA;34868;06_Jun;pre_repro;NA;NA;NA;rave_ANP;267;97;627;1316;338;184;154;272;247;281;247;17897;4870;4;1177;12570;38;4945;38;rave;rave_UR;NA
2003;24-96;JBA;adult;M;ravelobensis;3;rave;#NV;16,8;36,15;22,2;21;6;8,8;43;22,8;#NV;84;160;#NV;NA;UR;NA;NA;NA;NA;NA;NA;NA;NA;NA;NA;-16.314793999999999;46.812100999999998;NA;34868;06_Jun;pre_repro;NA;NA;NA;rave_ANP;267;97;627;1316;338;184;154;272;247;281;247;17897;4870;4;1177;12570;38;4945;38;rave;rave_UR;NA
2005;22-96;JBA;adult;M;ravelobensis;3;rave;#NV;14,5;35,6;21,3;21,3;6,3;8,5;37,3;22,6;#NV;78;140;#NV;NA;UR;NA;NA;NA;NA;NA;NA;NA;NA;NA;NA;-16.314793999999999;46.812100999999998;NA;34868;06_Jun;pre_repro;NA;NA;NA;rave_ANP;267;97;627;1316;338;184;154;272;247;281;247;17897;4870;4;1177;12570;38;4945;38;rave;rave_UR;NA
2006;30-96;JBA;adult;F;ravelobensis;3;rave;#NV;14,2;32,8;20,1;20,4;5,3;10,5;41,9;23,3;#NV;85;152;#NV;NA;UR;NA;NA;NA;NA;NA;NA;NA;NA;NA;NA;-16.314793999999999;46.812100999999998;NA;34868;06_Jun;pre_repro;NA;NA;NA;rave_ANP;267;97;627;1316;338;184;154;272;247;281;247;17897;4870;4;1177;12570;38;4945;38;rave;rave_UR;NA
2007;131-96;JBA;adult;F;ravelobensis;3;rave;#NV;16,4;35,6;21,1;22;7,2;9,8;39;23,9;#NV;95;142;#NV;NA;UR;NA;NA;NA;NA;NA;NA;NA;NA;NA;NA;-16.314793999999999;46.812100999999998;NA;34868;06_Jun;pre_repro;NA;NA;NA;rave_ANP;267;97;627;1316;338;184;154;272;247;281;247;17897;4870;4;1177;12570;38;4945;38;rave;rave_UR;NA
2008;144-96;JBA;adult;F;ravelobensis;3;rave;#NV;14,1;36;22,3;21,5;7,6;9,3;43,7;23;#NV;90;160;#NV;NA;UR;NA;NA;NA;NA;NA;NA;NA;NA;NA;NA;-16.314793999999999;46.812100999999998;NA;34868;06_Jun;pre_repro;NA;NA;NA;rave_ANP;267;97;627;1316;338;184;154;272;247;281;247;17897;4870;4;1177;12570;38;4945;38;rave;rave_UR;NA
2009;61-96;JBA;adult;F;ravelobensis;3;rave;#NV;14,4;36,11;#NV;22,23;6,11;10,58;38,35;25,54;#NV;105;175;#NV;NA;UR;NA;NA;NA;NA;NA;NA;NA;NA;NA;NA;-16.314793999999999;46.812100999999998;NA;34868;06_Jun;pre_repro;NA;NA;NA;rave_ANP;267;97;627;1316;338;184;154;272;247;281;247;17897;4870;4;1177;12570;38;4945;38;rave;rave_UR;NA
2010;60-96;JBA;adult;M;ravelobensis;3;rave;#NV;15,57;38,53;#NV;21,53;6,17;9,53;35,59;25,6;#NV;90;160;#NV;NA;UR;NA;NA;NA;NA;NA;NA;NA;NA;NA;NA;-16.314793999999999;46.812100999999998;NA;34868;06_Jun;pre_repro;NA;NA;NA;rave_ANP;267;97;627;1316;338;184;154;272;247;281;247;17897;4870;4;1177;12570;38;4945;38;rave;rave_UR;NA
2011;19-96;JBA;adult;M;ravelobensis;3;rave;#NV;17,21;#NV;20,35;20,6;6,1;9,7;40,3;21,4;#NV;85;140;#NV;NA;UR;NA;NA;NA;NA;NA;NA;NA;NA;NA;NA;-16.314793999999999;46.812100999999998;NA;34868;06_Jun;pre_repro;NA;NA;NA;rave_ANP;267;97;627;1316;338;184;154;272;247;281;247;17897;4870;4;1177;12570;38;4945;38;rave;rave_UR;NA
2012;21-96;JBA;adult;M;ravelobensis;3;rave;#NV;15,6;34,8;23,9;22,3;6,3;9,3;42,5;23,35;#NV;85;163;#NV;NA;UR;NA;NA;NA;NA;NA;NA;NA;NA;NA;NA;-16.314793999999999;46.812100999999998;NA;34868;06_Jun;pre_repro;NA;NA;NA;rave_ANP;267;97;627;1316;338;184;154;272;247;281;247;17897;4870;4;1177;12570;38;4945;38;rave;rave_UR;NA
2013;151-96;JBA;adult;F;ravelobensis;3;rave;#NV;14;38,6;24,3;22,6;7,9;10,5;43,9;24;#NV;#NV;160;#NV;NA;UR;NA;NA;NA;NA;NA;NA;NA;NA;NA;NA;-16.314793999999999;46.812100999999998;NA;34868;06_Jun;pre_repro;NA;NA;NA;rave_ANP;267;97;627;1316;338;184;154;272;247;281;247;17897;4870;4;1177;12570;38;4945;38;rave;rave_UR;NA
2014;80-96;JBA;adult;F;ravelobensis;3;rave;#NV;14,7;38,4;23,5;22,2;7,1;11,1;40,3;23,1;#NV;100;150;#NV;NA;UR;NA;NA;NA;NA;NA;NA;NA;NA;NA;NA;-16.314793999999999;46.812100999999998;NA;34868;06_Jun;pre_repro;NA;NA;NA;rave_ANP;267;97;627;1316;338;184;154;272;247;281;247;17897;4870;4;1177;12570;38;4945;38;rave;rave_UR;NA
2015;14-96;JBA;adult;M;ravelobensis;3;rave;#NV;15,5;34,5;20,1;22,7;7,5;10,2;42;24,5;#NV;81;162;#NV;NA;UR;NA;NA;NA;NA;NA;NA;NA;NA;NA;NA;-16.314793999999999;46.812100999999998;NA;34868;06_Jun;pre_repro;NA;NA;NA;rave_ANP;267;97;627;1316;338;184;154;272;247;281;247;17897;4870;4;1177;12570;38;4945;38;rave;rave_UR;NA
2016;146-96;JBA;adult;F;ravelobensis;3;rave;#NV;15,1;38;23,2;22,4;8;9,3;44;23,4;#NV;100;167;#NV;NA;UR;NA;NA;NA;NA;NA;NA;NA;NA;NA;NA;-16.314793999999999;46.812100999999998;NA;34868;06_Jun;pre_repro;NA;NA;NA;rave_ANP;267;97;627;1316;338;184;154;272;247;281;247;17897;4870;4;1177;12570;38;4945;38;rave;rave_UR;NA
2017;27-96;JBA;adult;M;ravelobensis;3;rave;#NV;15;35,4;22,5;22;6,9;9,6;42,9;23;#NV;78;166;#NV;NA;UR;NA;NA;NA;NA;NA;NA;NA;NA;NA;NA;-16.314793999999999;46.812100999999998;NA;34868;06_Jun;pre_repro;NA;NA;NA;rave_ANP;267;97;627;1316;338;184;154;272;247;281;247;17897;4870;4;1177;12570;38;4945;38;rave;rave_UR;NA
2018;103-96;JBA;adult;M;ravelobensis;3;rave;#NV;14,3;35,7;20,7;22,1;8,3;11,1;35,8;23;#NV;80;153;#NV;NA;UR;NA;NA;NA;NA;NA;NA;NA;NA;NA;NA;-16.314793999999999;46.812100999999998;NA;34868;06_Jun;pre_repro;NA;NA;NA;rave_ANP;267;97;627;1316;338;184;154;272;247;281;247;17897;4870;4;1177;12570;38;4945;38;rave;rave_UR;NA
2019;134-96;JBA;adult;M;ravelobensis;3;rave;#NV;13,1;35,9;21;22,1;7,1;9,9;41,6;22,4;#NV;90;167;#NV;NA;UR;NA;NA;NA;NA;NA;NA;NA;NA;NA;NA;-16.314793999999999;46.812100999999998;NA;34868;06_Jun;pre_repro;NA;NA;NA;rave_ANP;267;97;627;1316;338;184;154;272;247;281;247;17897;4870;4;1177;12570;38;4945;38;rave;rave_UR;NA
2020;107-96;JBA;adult;M;ravelobensis;3;rave;#NV;13,3;35,7;21,7;21,1;6,7;9,4;36,7;23,2;#NV;80;165;#NV;NA;UR;NA;NA;NA;NA;NA;NA;NA;NA;NA;NA;-16.314793999999999;46.812100999999998;NA;34868;06_Jun;pre_repro;NA;NA;NA;rave_ANP;267;97;627;1316;338;184;154;272;247;281;247;17897;4870;4;1177;12570;38;4945;38;rave;rave_UR;NA
2021;64-96;JBA;adult;F;ravelobensis;3;rave;#NV;13,9;36;21,9;22,1;7,5;9,3;40,4;24,9;#NV;83;157;#NV;NA;UR;NA;NA;NA;NA;NA;NA;NA;NA;NA;NA;-16.314793999999999;46.812100999999998;NA;34868;06_Jun;pre_repro;NA;NA;NA;rave_ANP;267;97;627;1316;338;184;154;272;247;281;247;17897;4870;4;1177;12570;38;4945;38;rave;rave_UR;NA
2022;147-96;JBA;adult;M;ravelobensis;3;rave;#NV;14,1;38,2;23,1;22,6;#NV;8,4;44,2;24,3;#NV;90;160;#NV;NA;UR;NA;NA;NA;NA;NA;NA;NA;NA;NA;NA;-16.314793999999999;46.812100999999998;NA;34868;06_Jun;pre_repro;NA;NA;NA;rave_ANP;267;97;627;1316;338;184;154;272;247;281;247;17897;4870;4;1177;12570;38;4945;38;rave;rave_UR;NA
2023;83-96;JBA;adult;M;ravelobensis;3;rave;#NV;14,3;36,6;22,2;21,1;6,9;10,7;40,2;25,5;#NV;85;150;#NV;NA;UR;NA;NA;NA;NA;NA;NA;NA;NA;NA;NA;-16.314793999999999;46.812100999999998;NA;34868;06_Jun;pre_repro;NA;NA;NA;rave_ANP;267;97;627;1316;338;184;154;272;247;281;247;17897;4870;4;1177;12570;38;4945;38;rave;rave_UR;NA
2024;20-96;JBA;adult;M;ravelobensis;3;rave;#NV;17,5;#NV;25,1;21,04;7,1;10,35;42,8;23,8;#NV;88;171;#NV;NA;UR;NA;NA;NA;NA;NA;NA;NA;NA;NA;NA;-16.314793999999999;46.812100999999998;NA;34868;06_Jun;pre_repro;NA;NA;NA;rave_ANP;267;97;627;1316;338;184;154;272;247;281;247;17897;4870;4;1177;12570;38;4945;38;rave;rave_UR;NA
2025;82-96;JBA;adult;M;ravelobensis;3;rave;#NV;14,5;35,8;23;20,3;7;8,8;42,35;20,2;#NV;90;161;#NV;NA;UR;NA;NA;NA;NA;NA;NA;NA;NA;NA;NA;-16.314793999999999;46.812100999999998;NA;34868;06_Jun;pre_repro;NA;NA;NA;rave_ANP;267;97;627;1316;338;184;154;272;247;281;247;17897;4870;4;1177;12570;38;4945;38;rave;rave_UR;NA
2026;152-96;JBA;adult;M;ravelobensis;3;rave;#NV;15;37,2;22;21,7;7,8;10,8;41,7;23,3;#NV;85;150;#NV;NA;UR;NA;NA;NA;NA;NA;NA;NA;NA;NA;NA;-16.314793999999999;46.812100999999998;NA;34868;06_Jun;pre_repro;NA;NA;NA;rave_ANP;267;97;627;1316;338;184;154;272;247;281;247;17897;4870;4;1177;12570;38;4945;38;rave;rave_UR;NA
2027;154-96;JBA;adult;M;ravelobensis;3;rave;#NV;14,8;35,9;22,8;21,8;7,5;9,1;42,2;23;#NV;85;150;#NV;NA;UR;NA;NA;NA;NA;NA;NA;NA;NA;NA;NA;-16.314793999999999;46.812100999999998;NA;34868;06_Jun;pre_repro;NA;NA;NA;rave_ANP;267;97;627;1316;338;184;154;272;247;281;247;17897;4870;4;1177;12570;38;4945;38;rave;rave_UR;NA
2028;79-96;JBA;adult;M;ravelobensis;3;rave;#NV;15,2;37,7;23,1;20,8;7,3;10,2;40,5;25,8;#NV;100;148;#NV;NA;UR;NA;NA;NA;NA;NA;NA;NA;NA;NA;NA;-16.314793999999999;46.812100999999998;NA;34868;06_Jun;pre_repro;NA;NA;NA;rave_ANP;267;97;627;1316;338;184;154;272;247;281;247;17897;4870;4;1177;12570;38;4945;38;rave;rave_UR;NA
2038;92.15;JBA;adult;M;ravelobensis;3;rave;19,9;#NV;34,4;22,7;19,3;4,9;9,3;36,4;24,4;8,8;80;142;50;22;AK;NA;NA;NA;NA;NA;NA;NA;NA;G 2;NA;-16.314793999999999;46.812100999999998;NA;42188;07_Jul;repro;NA;NA;NA;rave_ANP;267;97;627;1316;338;184;154;272;247;281;247;17897;4870;4;1177;12570;38;4945;38;rave;rave_AK;no
2039;103-15;JBA;adult;M;ravelobensis;3;rave;22,5;#NV;38,6;21,9;19,7;6,4;7,2;42,2;24,3;9,8;82;160;51;22;AK;NA;NA;NA;NA;NA;NA;NA;NA;A 5;NA;-16.314793999999999;46.812100999999998;NA;42209;07_Jul;repro;NA;NA;NA;rave_ANP;267;97;627;1316;338;184;154;272;247;281;247;17897;4870;4;1177;12570;38;4945;38;rave;rave_AK;no
2040;99-15;JBA;adult;M;ravelobensis;3;rave;22,9;#NV;36,6;23,7;17,7;6,1;6,9;42,2;26,1;9,5;89;135;56;22;AK;NA;NA;NA;NA;NA;NA;NA;NA;Nord 3;NA;-16.314793999999999;46.812100999999998;NA;42207;07_Jul;repro;NA;NA;NA;rave_ANP;267;97;627;1316;338;184;154;272;247;281;247;17897;4870;4;1177;12570;38;4945;38;rave;rave_AK;no
2041;110-15;JBA;adult;F;ravelobensis;3;rave;21;#NV;35,5;20;18,3;6,2;8,3;42;24;9,2;86;127;46;20;AK;NA;NA;NA;NA;NA;NA;NA;NA;Nord 4;NA;-16.314793999999999;46.812100999999998;NA;42243;08_Aug;repro;NA;NA;NA;rave_ANP;267;97;627;1316;338;184;154;272;247;281;247;17897;4870;4;1177;12570;38;4945;38;rave;rave_AK;no
2042;111-15;JBA;adult;F;ravelobensis;3;rave;19,9;#NV;34,6;19,9;#NV;#NV;7,1;43,1;24,4;9,1;88;140;49;21;AK;NA;NA;NA;NA;NA;NA;NA;NA;E west;NA;-16.314793999999999;46.812100999999998;NA;42243;08_Aug;repro;NA;NA;NA;rave_ANP;267;97;627;1316;338;184;154;272;247;281;247;17897;4870;4;1177;12570;38;4945;38;rave;rave_AK;no
2043;107-15;JBA;adult;M;ravelobensis;3;rave;21;#NV;35,3;22,1;18,8;5,7;6,6;42,4;25,3;8,2;83;145;54;NA;AK;NA;NA;NA;NA;NA;NA;NA;NA;G ouest;NA;-16.314793999999999;46.812100999999998;NA;42219;08_Aug;repro;NA;NA;NA;rave_ANP;267;97;627;1316;338;184;154;272;247;281;247;17897;4870;4;1177;12570;38;4945;38;rave;rave_AK;no
2045;116-15;JBA;adult;M;ravelobensis;3;rave;21,9;#NV;35;20,2;19,2;6,4;9,8;36;23,9;7;85;155;46;NA;AK;NA;NA;NA;NA;NA;NA;NA;NA;E 7;NA;-16.314793999999999;46.812100999999998;NA;42250;09_Sep;repro;NA;NA;NA;rave_ANP;267;97;627;1316;338;184;154;272;247;281;247;17897;4870;4;1177;12570;38;4945;38;rave;rave_AK;no
2046;127-15;JBA;adult;F;ravelobensis;3;rave;20,7;#NV;33,3;23,6;19,6;5,3;8,1;36,1;23,9;7,2;78;148;51;18;AK;NA;NA;NA;NA;NA;NA;NA;NA;Sud 5;NA;-16.314793999999999;46.812100999999998;NA;42276;09_Sep;repro;NA;NA;NA;rave_ANP;267;97;627;1316;338;184;154;272;247;281;247;17897;4870;4;1177;12570;38;4945;38;rave;rave_AK;no
2047;121-15;JBA;adult;M;ravelobensis;3;rave;24,5;#NV;35,3;23,6;20,8;6,4;9,8;43,7;23,4;10,4;75;155;65;21;AK;NA;NA;NA;NA;NA;NA;NA;NA;F ouest;NA;-16.314793999999999;46.812100999999998;NA;42266;09_Sep;repro;NA;NA;NA;rave_ANP;267;97;627;1316;338;184;154;272;247;281;247;17897;4870;4;1177;12570;38;4945;38;rave;rave_AK;no
2048;118-15;JBA;adult;M;ravelobensis;3;rave;20,2;#NV;35,4;22,2;22;6,4;7,7;44,3;21,3;9,5;95;145;66;19;AK;NA;NA;NA;NA;NA;NA;NA;NA;G 7;NA;-16.314793999999999;46.812100999999998;NA;42252;09_Sep;repro;NA;NA;NA;rave_ANP;267;97;627;1316;338;184;154;272;247;281;247;17897;4870;4;1177;12570;38;4945;38;rave;rave_AK;no
2049;131-15;JBA;adult;F;ravelobensis;3;rave;22,7;#NV;33,2;20,9;19,6;6,7;6,4;39,6;24,6;9,3;73;151;45;16;AK;NA;NA;NA;NA;NA;NA;NA;NA;E 6;NA;-16.314793999999999;46.812100999999998;NA;42297;10_Oct;repro;NA;NA;NA;rave_ANP;267;97;627;1316;338;184;154;272;247;281;247;17897;4870;4;1177;12570;38;4945;38;rave;rave_AK;no
2050;129-15;JBA;adult;M;ravelobensis;3;rave;21,4;#NV;34,9;22,5;20,5;6,6;9,4;38,8;22,7;7,2;75;142;47;20;AK;NA;NA;NA;NA;NA;NA;NA;NA;F 7;NA;-16.314793999999999;46.812100999999998;NA;42278;10_Oct;repro;NA;NA;NA;rave_ANP;267;97;627;1316;338;184;154;272;247;281;247;17897;4870;4;1177;12570;38;4945;38;rave;rave_AK;no
2051;133-15;JBA;adult;M;ravelobensis;3;rave;22,5;#NV;35,2;21,6;21,2;6,1;8;41;23,4;9,3;78;141;53;18;AK;NA;NA;NA;NA;NA;NA;NA;NA;B 7;NA;-16.314793999999999;46.812100999999998;NA;42299;10_Oct;repro;NA;NA;NA;rave_ANP;267;97;627;1316;338;184;154;272;247;281;247;17897;4870;4;1177;12570;38;4945;38;rave;rave_AK;no
2052;128-15;JBA;adult;F;ravelobensis;3;rave;23,4;#NV;36,8;21,9;20,3;6,7;10;38,3;23,8;10;82;146;56;20;AK;NA;NA;NA;NA;NA;NA;NA;NA;G 6;NA;-16.314793999999999;46.812100999999998;NA;42278;10_Oct;repro;NA;NA;NA;rave_ANP;267;97;627;1316;338;184;154;272;247;281;247;17897;4870;4;1177;12570;38;4945;38;rave;rave_AK;no
2053;136-15;JBA;adult;M;ravelobensis;3;rave;22,2;#NV;33,1;20,7;20;6,4;7;38,5;23,8;8,6;69;152;47;18;AK;NA;NA;NA;NA;NA;NA;NA;NA;D 7;NA;-16.314793999999999;46.812100999999998;NA;42311;11_Nov;repro;NA;NA;NA;rave_ANP;267;97;627;1316;338;184;154;272;247;281;247;17897;4870;4;1177;12570;38;4945;38;rave;rave_AK;no
2071;23-15;JBB;adult;F;ravelobensis;3;rave;18,8;#NV;36,4;24,1;21;4,4;7,7;38,9;20;8,4;72;141;47;18;AK;NA;NA;NA;NA;NA;NA;NA;NA;26;NA;-16.1344722199999;46.811527779999999;NA;42156;06_Jun;pre_repro;NA;NA;NA;rave_ANP;270;97;636;1262;342;189;153;274;251;284;251;14974;4125;4;1181;10529;33;4110;33;rave;rave_AK;no
2072;36-15;JBB;adult;F;ravelobensis;3;rave;16,3;#NV;36,1;22;#NV;7,6;7;38,8;21,5;9;74;149;50;18;AK;NA;NA;NA;NA;NA;NA;NA;NA;45;NA;-16.1344722199999;46.811527779999999;NA;42163;06_Jun;pre_repro;NA;NA;NA;rave_ANP;270;97;636;1262;342;189;153;274;251;284;251;14974;4125;4;1181;10529;33;4110;33;rave;rave_AK;no
2073;25-15;JBB;adult;M;ravelobensis;3;rave;19,9;#NV;34,2;21,8;19,3;4,8;5,9;38,7;21,1;9,1;72;141;50;19;AK;NA;NA;NA;NA;NA;NA;NA;NA;42;NA;-16.1344722199999;46.811527779999999;NA;42156;06_Jun;pre_repro;NA;NA;NA;rave_ANP;270;97;636;1262;342;189;153;274;251;284;251;14974;4125;4;1181;10529;33;4110;33;rave;rave_AK;no
2074;28-15;JBB;adult;M;ravelobensis;3;rave;16,3;#NV;35,6;20,1;18,9;6,7;7;39,4;19;9,7;76;155;53;18;AK;NA;NA;NA;NA;NA;NA;NA;NA;46;NA;-16.1344722199999;46.811527779999999;NA;42156;06_Jun;pre_repro;NA;NA;NA;rave_ANP;270;97;636;1262;342;189;153;274;251;284;251;14974;4125;4;1181;10529;33;4110;33;rave;rave_AK;no
2075;42-15;JBB;adult;M;ravelobensis;3;rave;19,4;#NV;35,4;21,3;18,6;5,8;5,3;41,7;21,7;9,9;76;145;53;18;AK;NA;NA;NA;NA;NA;NA;NA;NA;35;NA;-16.1344722199999;46.811527779999999;NA;42163;06_Jun;pre_repro;NA;NA;NA;rave_ANP;270;97;636;1262;342;189;153;274;251;284;251;14974;4125;4;1181;10529;33;4110;33;rave;rave_AK;no
2076;32-15;JBB;adult;F;ravelobensis;3;rave;20,8;#NV;34,7;21,5;18,4;5,8;5,1;40,3;19,3;9,1;72;160;54;19;AK;NA;NA;NA;NA;NA;NA;NA;NA;NA;NA;-16.1344722199999;46.811527779999999;NA;42161;06_Jun;pre_repro;NA;NA;NA;rave_ANP;270;97;636;1262;342;189;153;274;251;284;251;14974;4125;4;1181;10529;33;4110;33;rave;rave_AK;no
2077;33-15;JBB;adult;M;ravelobensis;3;rave;15,4;#NV;34,3;21,3;20,6;5,8;5,7;37,7;21,9;9;73;148;55;NA;AK;NA;NA;NA;NA;NA;NA;NA;NA;55;NA;-16.1344722199999;46.811527779999999;NA;42161;06_Jun;pre_repro;NA;NA;NA;rave_ANP;270;97;636;1262;342;189;153;274;251;284;251;14974;4125;4;1181;10529;33;4110;33;rave;rave_AK;no
2078;27-15;JBB;adult;M;ravelobensis;3;rave;16,7;#NV;36,2;19,5;17,9;5;7,4;37,3;19,5;9,9;78;152;55;18;AK;NA;NA;NA;NA;NA;NA;NA;NA;62;NA;-16.1344722199999;46.811527779999999;NA;42156;06_Jun;pre_repro;NA;NA;NA;rave_ANP;270;97;636;1262;342;189;153;274;251;284;251;14974;4125;4;1181;10529;33;4110;33;rave;rave_AK;no
2079;34-15;JBB;adult;F;ravelobensis;3;rave;19,8;#NV;36,6;21,5;19,3;5,6;5,4;35,9;22,3;9,5;88;158;55;19;AK;NA;NA;NA;NA;NA;NA;NA;NA;71;NA;-16.1344722199999;46.811527779999999;NA;42161;06_Jun;pre_repro;NA;NA;NA;rave_ANP;270;97;636;1262;342;189;153;274;251;284;251;14974;4125;4;1181;10529;33;4110;33;rave;rave_AK;no
2080;38-15;JBB;adult;F;ravelobensis;3;rave;21,9;#NV;35,8;20,2;18,8;5,5;5,4;35,8;#NV;9,5;75;138;59;18;AK;NA;NA;NA;NA;NA;NA;NA;NA;26;NA;-16.1344722199999;46.811527779999999;NA;42163;06_Jun;pre_repro;NA;NA;NA;rave_ANP;270;97;636;1262;342;189;153;274;251;284;251;14974;4125;4;1181;10529;33;4110;33;rave;rave_AK;no
2081;39-15;JBB;adult;F;ravelobensis;3;rave;19,4;#NV;36,1;21,3;18,6;6,4;#NV;40,8;22,9;9,6;78;158;61;18;AK;NA;NA;NA;NA;NA;NA;NA;NA;21;NA;-16.1344722199999;46.811527779999999;NA;42163;06_Jun;pre_repro;NA;NA;NA;rave_ANP;270;97;636;1262;342;189;153;274;251;284;251;14974;4125;4;1181;10529;33;4110;33;rave;rave_AK;no
2082;24-15;JBB;adult;F;ravelobensis;3;rave;20,6;#NV;35,3;22,1;19,3;5,9;6,7;39,9;22,9;9,2;78;142;61;18;AK;NA;NA;NA;NA;NA;NA;NA;NA;72;NA;-16.1344722199999;46.811527779999999;NA;42156;06_Jun;pre_repro;NA;NA;NA;rave_ANP;270;97;636;1262;342;189;153;274;251;284;251;14974;4125;4;1181;10529;33;4110;33;rave;rave_AK;no
2083;37-15;JBB;adult;F;ravelobensis;3;rave;16,9;#NV;35,4;21,4;17,9;4,5;#NV;37,8;20,6;9,4;74;140;63;NA;AK;NA;NA;NA;NA;NA;NA;NA;NA;14;NA;-16.1344722199999;46.811527779999999;NA;42163;06_Jun;pre_repro;NA;NA;NA;rave_ANP;270;97;636;1262;342;189;153;274;251;284;251;14974;4125;4;1181;10529;33;4110;33;rave;rave_AK;no
2084;31-15;JBB;adult;F;ravelobensis;3;rave;24,7;#NV;37,2;23,2;20,5;6,3;5,8;42,4;19,3;8,7;83;143;65;19;AK;NA;NA;NA;NA;NA;NA;NA;NA;98;NA;-16.1344722199999;46.811527779999999;NA;42161;06_Jun;pre_repro;NA;NA;NA;rave_ANP;270;97;636;1262;342;189;153;274;251;284;251;14974;4125;4;1181;10529;33;4110;33;rave;rave_AK;no
2085;22-15;JBB;adult;F;ravelobensis;3;rave;18,5;#NV;34,4;20;19,2;5;7,2;39,4;22;9,8;74;150;66;17;AK;NA;NA;NA;NA;NA;NA;NA;NA;52;NA;-16.1344722199999;46.811527779999999;NA;42156;06_Jun;pre_repro;NA;NA;NA;rave_ANP;270;97;636;1262;342;189;153;274;251;284;251;14974;4125;4;1181;10529;33;4110;33;rave;rave_AK;no
2086;37-13;JBB;adult;M;ravelobensis;3;rave;19,9;#NV;36,6;21,9;21,2;5,1;#NV;39,2;21;8,6;82;141;70;18;AK;NA;NA;NA;NA;NA;NA;NA;NA;50;NA;-16.1344722199999;46.811527779999999;NA;42161;06_Jun;pre_repro;NA;NA;NA;rave_ANP;270;97;636;1262;342;189;153;274;251;284;251;14974;4125;4;1181;10529;33;4110;33;rave;rave_AK;no
2087;29-15;JBB;adult;M;ravelobensis;3;rave;20,8;#NV;36;21,2;20,8;6,6;5,6;42,2;22,6;9,5;86;152;70;17;AK;NA;NA;NA;NA;NA;NA;NA;NA;38;NA;-16.1344722199999;46.811527779999999;NA;42161;06_Jun;pre_repro;NA;NA;NA;rave_ANP;270;97;636;1262;342;189;153;274;251;284;251;14974;4125;4;1181;10529;33;4110;33;rave;rave_AK;no
2088;40-15;JBB;adult;F;ravelobensis;3;rave;19,6;#NV;37,4;22,5;18,9;5,3;5,7;38,7;20,9;8,7;80;145;73;20;AK;NA;NA;NA;NA;NA;NA;NA;NA;24;NA;-16.1344722199999;46.811527779999999;NA;42163;06_Jun;pre_repro;NA;NA;NA;rave_ANP;270;97;636;1262;342;189;153;274;251;284;251;14974;4125;4;1181;10529;33;4110;33;rave;rave_AK;no
2089;26-15;JBB;adult;F;ravelobensis;3;rave;18,6;#NV;36,7;22;20,7;6,8;7,2;40,1;19,1;9,1;88;#NV;75;NA;AK;NA;NA;NA;NA;NA;NA;NA;NA;95;NA;-16.1344722199999;46.811527779999999;NA;42156;06_Jun;pre_repro;NA;NA;NA;rave_ANP;270;97;636;1262;342;189;153;274;251;284;251;14974;4125;4;1181;10529;33;4110;33;rave;rave_AK;no
2090;41-15;JBB;adult;F;ravelobensis;3;rave;23,3;#NV;37,9;23,1;20,5;7,9;5,5;39,7;18,6;9,5;88;156;75;19;AK;NA;NA;NA;NA;NA;NA;NA;NA;38;NA;-16.1344722199999;46.811527779999999;NA;42163;06_Jun;pre_repro;NA;NA;NA;rave_ANP;270;97;636;1262;342;189;153;274;251;284;251;14974;4125;4;1181;10529;33;4110;33;rave;rave_AK;no
2092;138-96;JBB;adult;M;ravelobensis;3;rave;#NV;13,6;35,2;18,9;18,3;4,9;9,9;39,1;22,7;#NV;80;170;#NV;NA;UR;NA;NA;NA;NA;NA;NA;NA;NA;NA;NA;-16.1344722199999;46.811527779999999;NA;34868;06_Jun;pre_repro;NA;NA;NA;rave_ANP;270;97;636;1262;342;189;153;274;251;284;251;14974;4125;4;1181;10529;33;4110;33;rave;rave_UR;NA
2093;62-96;JBB;adult;F;ravelobensis;3;rave;#NV;13,4;35,6;22,7;20,3;5,3;11,7;34;24,6;#NV;85;160;#NV;NA;UR;NA;NA;NA;NA;NA;NA;NA;NA;NA;NA;-16.1344722199999;46.811527779999999;NA;34868;06_Jun;pre_repro;NA;NA;NA;rave_ANP;270;97;636;1262;342;189;153;274;251;284;251;14974;4125;4;1181;10529;33;4110;33;rave;rave_UR;NA
2094;47-96;JBB;adult;M;ravelobensis;3;rave;#NV;17,5;35,4;22,8;20,8;7,2;10,1;44,5;20,6;#NV;87;169;#NV;NA;UR;NA;NA;NA;NA;NA;NA;NA;NA;NA;NA;-16.1344722199999;46.811527779999999;NA;34868;06_Jun;pre_repro;NA;NA;NA;rave_ANP;270;97;636;1262;342;189;153;274;251;284;251;14974;4125;4;1181;10529;33;4110;33;rave;rave_UR;NA
2095;69-96;JBB;adult;F;ravelobensis;3;rave;#NV;14,6;#NV;23,9;21,5;6,3;9;37,3;24,1;#NV;92;145;#NV;NA;UR;NA;NA;NA;NA;NA;NA;NA;NA;NA;NA;-16.1344722199999;46.811527779999999;NA;34868;06_Jun;pre_repro;NA;NA;NA;rave_ANP;270;97;636;1262;342;189;153;274;251;284;251;14974;4125;4;1181;10529;33;4110;33;rave;rave_UR;NA
2096;67-96;JBB;adult;F;ravelobensis;3;rave;#NV;15,6;35,3;#NV;22;7,3;10,3;43,6;23,6;#NV;85;155;#NV;NA;UR;NA;NA;NA;NA;NA;NA;NA;NA;NA;NA;-16.1344722199999;46.811527779999999;NA;34868;06_Jun;pre_repro;NA;NA;NA;rave_ANP;270;97;636;1262;342;189;153;274;251;284;251;14974;4125;4;1181;10529;33;4110;33;rave;rave_UR;NA
2097;53-96;JBB;adult;F;ravelobensis;3;rave;#NV;16,4;37,5;21,5;20,5;6,8;9,5;42,85;22,7;#NV;86;165;#NV;NA;UR;NA;NA;NA;NA;NA;NA;NA;NA;NA;NA;-16.1344722199999;46.811527779999999;NA;34868;06_Jun;pre_repro;NA;NA;NA;rave_ANP;270;97;636;1262;342;189;153;274;251;284;251;14974;4125;4;1181;10529;33;4110;33;rave;rave_UR;NA
2098;91-96;JBB;adult;F;ravelobensis;3;rave;#NV;15,3;35,2;19,7;22,3;7,5;10,3;37,4;24,9;#NV;90;155;#NV;NA;UR;NA;NA;NA;NA;NA;NA;NA;NA;NA;NA;-16.1344722199999;46.811527779999999;NA;35234;06_Jun;pre_repro;NA;NA;NA;rave_ANP;270;97;636;1262;342;189;153;274;251;284;251;14974;4125;4;1181;10529;33;4110;33;rave;rave_UR;NA
2099;92-96;JBB;adult;F;ravelobensis;3;rave;#NV;14,1;35,6;19,1;20,4;7,4;10,3;42,5;25,1;#NV;80;152;#NV;NA;UR;NA;NA;NA;NA;NA;NA;NA;NA;NA;NA;-16.1344722199999;46.811527779999999;NA;34868;06_Jun;pre_repro;NA;NA;NA;rave_ANP;270;97;636;1262;342;189;153;274;251;284;251;14974;4125;4;1181;10529;33;4110;33;rave;rave_UR;NA
2102;53-95;JBB;adult;F;ravelobensis;3;rave;#NV;14,7;32,7;21,4;21,51;#NV;11,7;38,5;25,5;#NV;74;170;#NV;NA;UR;NA;NA;NA;NA;NA;NA;NA;NA;NA;NA;-16.1344722199999;46.811527779999999;NA;34867;06_Jun;pre_repro;NA;NA;NA;rave_ANP;270;97;636;1262;342;189;153;274;251;284;251;14974;4125;4;1181;10529;33;4110;33;rave;rave_UR;NA
2103;54-96;JBB;adult;F;ravelobensis;3;rave;#NV;16,25;35,1;24,1;21,2;7,2;9,25;40,7;22,55;#NV;82;156;#NV;NA;UR;NA;NA;NA;NA;NA;NA;NA;NA;NA;NA;-16.1344722199999;46.811527779999999;NA;34868;06_Jun;pre_repro;NA;NA;NA;rave_ANP;270;97;636;1262;342;189;153;274;251;284;251;14974;4125;4;1181;10529;33;4110;33;rave;rave_UR;NA
2104;50-95;JBB;adult;M;ravelobensis;3;rave;#NV;15,5;33,9;21,4;21,2;7,5;9,8;38,1;25,5;#NV;70;155;#NV;NA;UR;NA;NA;NA;NA;NA;NA;NA;NA;NA;NA;-16.1344722199999;46.811527779999999;NA;34867;06_Jun;pre_repro;NA;NA;NA;rave_ANP;270;97;636;1262;342;189;153;274;251;284;251;14974;4125;4;1181;10529;33;4110;33;rave;rave_UR;NA
2105;52-95;JBB;adult;F;ravelobensis;3;rave;#NV;14,1;35,5;22,2;19,4;7,5;10,5;44,5;24,3;#NV;73;165;#NV;NA;UR;NA;NA;NA;NA;NA;NA;NA;NA;NA;NA;-16.1344722199999;46.811527779999999;NA;34867;06_Jun;pre_repro;NA;NA;NA;rave_ANP;270;97;636;1262;342;189;153;274;251;284;251;14974;4125;4;1181;10529;33;4110;33;rave;rave_UR;NA
2107;57-96;JBB;adult;F;ravelobensis;3;rave;#NV;17,2;37,5;22,5;23;6,4;10,2;45,5;25,7;#NV;87;172;#NV;NA;UR;NA;NA;NA;NA;NA;NA;NA;NA;NA;NA;-16.1344722199999;46.811527779999999;NA;34868;06_Jun;pre_repro;NA;NA;NA;rave_ANP;270;97;636;1262;342;189;153;274;251;284;251;14974;4125;4;1181;10529;33;4110;33;rave;rave_UR;NA
2108;32-96;JBB;adult;M;ravelobensis;3;rave;#NV;16,3;34,9;22,5;20,6;7,2;9,6;42,8;23,7;#NV;81;168;#NV;NA;UR;NA;NA;NA;NA;NA;NA;NA;NA;NA;NA;-16.1344722199999;46.811527779999999;NA;34868;06_Jun;pre_repro;NA;NA;NA;rave_ANP;270;97;636;1262;342;189;153;274;251;284;251;14974;4125;4;1181;10529;33;4110;33;rave;rave_UR;NA
2109;48-96;JBB;adult;M;ravelobensis;3;rave;#NV;15,6;36,12;22,2;21,2;7,2;9,4;39,7;23,9;#NV;75;155;#NV;NA;UR;NA;NA;NA;NA;NA;NA;NA;NA;NA;NA;-16.1344722199999;46.811527779999999;NA;34868;06_Jun;pre_repro;NA;NA;NA;rave_ANP;270;97;636;1262;342;189;153;274;251;284;251;14974;4125;4;1181;10529;33;4110;33;rave;rave_UR;NA
2110;45-96;JBB;adult;M;ravelobensis;3;rave;#NV;15,8;35;23,1;22,5;7,1;10,5;42,15;24,2;#NV;86;165;#NV;NA;UR;NA;NA;NA;NA;NA;NA;NA;NA;NA;NA;-16.1344722199999;46.811527779999999;NA;34868;06_Jun;pre_repro;NA;NA;NA;rave_ANP;270;97;636;1262;342;189;153;274;251;284;251;14974;4125;4;1181;10529;33;4110;33;rave;rave_UR;NA
2111;51-96;JBB;adult;F;ravelobensis;3;rave;#NV;16,2;36,4;#NV;22,7;7,5;10,5;43,9;24,8;#NV;86;172;#NV;NA;UR;NA;NA;NA;NA;NA;NA;NA;NA;NA;NA;-16.1344722199999;46.811527779999999;NA;34868;06_Jun;pre_repro;NA;NA;NA;rave_ANP;270;97;636;1262;342;189;153;274;251;284;251;14974;4125;4;1181;10529;33;4110;33;rave;rave_UR;NA
2112;54-95;JBB;adult;F;ravelobensis;3;rave;#NV;14,65;35,3;20;21,2;7,8;9,3;38,9;24,5;#NV;70;145;#NV;NA;UR;NA;NA;NA;NA;NA;NA;NA;NA;NA;NA;-16.1344722199999;46.811527779999999;NA;34867;06_Jun;pre_repro;NA;NA;NA;rave_ANP;270;97;636;1262;342;189;153;274;251;284;251;14974;4125;4;1181;10529;33;4110;33;rave;rave_UR;NA
2113;87-96;JBB;adult;F;ravelobensis;3;rave;#NV;14,5;32,3;20,6;21,4;5,6;9,3;41;23,8;#NV;90;160;#NV;NA;UR;NA;NA;NA;NA;NA;NA;NA;NA;NA;NA;-16.1344722199999;46.811527779999999;NA;34868;06_Jun;pre_repro;NA;NA;NA;rave_ANP;270;97;636;1262;342;189;153;274;251;284;251;14974;4125;4;1181;10529;33;4110;33;rave;rave_UR;NA
2115;142-96;JBB;adult;F;ravelobensis;3;rave;#NV;15;38,8;24,1;21;8,1;9,5;37,1;23,3;#NV;80;155;#NV;NA;UR;NA;NA;NA;NA;NA;NA;NA;NA;NA;NA;-16.1344722199999;46.811527779999999;NA;34868;06_Jun;pre_repro;NA;NA;NA;rave_ANP;270;97;636;1262;342;189;153;274;251;284;251;14974;4125;4;1181;10529;33;4110;33;rave;rave_UR;NA
2116;38-96;JBB;adult;M;ravelobensis;3;rave;#NV;15,9;#NV;23,9;20,2;7,4;9,3;45;25,6;#NV;85;175;#NV;NA;UR;NA;NA;NA;NA;NA;NA;NA;NA;NA;NA;-16.1344722199999;46.811527779999999;NA;34868;06_Jun;pre_repro;NA;NA;NA;rave_ANP;270;97;636;1262;342;189;153;274;251;284;251;14974;4125;4;1181;10529;33;4110;33;rave;rave_UR;NA
2117;56-96;JBB;adult;F;ravelobensis;3;rave;#NV;15;36,2;21,05;20,4;7,7;10;42,6;23,2;#NV;85;162;#NV;NA;UR;NA;NA;NA;NA;NA;NA;NA;NA;NA;NA;-16.1344722199999;46.811527779999999;NA;34868;06_Jun;pre_repro;NA;NA;NA;rave_ANP;270;97;636;1262;342;189;153;274;251;284;251;14974;4125;4;1181;10529;33;4110;33;rave;rave_UR;NA
2118;88-96;JBB;adult;F;ravelobensis;3;rave;#NV;14,7;#NV;21,3;21;7,5;10,4;43,8;27;#NV;95;165;#NV;NA;UR;NA;NA;NA;NA;NA;NA;NA;NA;NA;NA;-16.1344722199999;46.811527779999999;NA;34868;06_Jun;pre_repro;NA;NA;NA;rave_ANP;270;97;636;1262;342;189;153;274;251;284;251;14974;4125;4;1181;10529;33;4110;33;rave;rave_UR;NA
2119;42-96;JBB;adult;M;ravelobensis;3;rave;#NV;16,1;35,9;26,1;20,5;6,5;9,9;40,4;24,2;#NV;78;155;#NV;NA;UR;NA;NA;NA;NA;NA;NA;NA;NA;NA;NA;-16.1344722199999;46.811527779999999;NA;34868;06_Jun;pre_repro;NA;NA;NA;rave_ANP;270;97;636;1262;342;189;153;274;251;284;251;14974;4125;4;1181;10529;33;4110;33;rave;rave_UR;NA
2120;39-96;JBB;adult;M;ravelobensis;3;rave;#NV;17,2;36,1;23,25;21,15;6,6;9,5;43,25;23,8;#NV;88;168;#NV;NA;UR;NA;NA;NA;NA;NA;NA;NA;NA;NA;NA;-16.1344722199999;46.811527779999999;NA;34868;06_Jun;pre_repro;NA;NA;NA;rave_ANP;270;97;636;1262;342;189;153;274;251;284;251;14974;4125;4;1181;10529;33;4110;33;rave;rave_UR;NA
2121;85-96;JBB;adult;F;ravelobensis;3;rave;#NV;15;#NV;18,6;21,5;7;10,5;39,4;24,7;#NV;82;155;#NV;NA;UR;NA;NA;NA;NA;NA;NA;NA;NA;NA;NA;-16.1344722199999;46.811527779999999;NA;35234;06_Jun;pre_repro;NA;NA;NA;rave_ANP;270;97;636;1262;342;189;153;274;251;284;251;14974;4125;4;1181;10529;33;4110;33;rave;rave_UR;NA
2122;52-96;JBB;adult;F;ravelobensis;3;rave;#NV;11,1;33,5;22,6;20,35;6,4;8,5;41,8;24,9;#NV;75;161;#NV;NA;UR;NA;NA;NA;NA;NA;NA;NA;NA;NA;NA;-16.1344722199999;46.811527779999999;NA;34868;06_Jun;pre_repro;NA;NA;NA;rave_ANP;270;97;636;1262;342;189;153;274;251;284;251;14974;4125;4;1181;10529;33;4110;33;rave;rave_UR;NA
2123;89-96;JBB;adult;M;ravelobensis;3;rave;#NV;15,1;36,8;20,6;22,7;8;9,8;40,6;24,8;#NV;85;160;#NV;NA;UR;NA;NA;NA;NA;NA;NA;NA;NA;NA;NA;-16.1344722199999;46.811527779999999;NA;34868;06_Jun;pre_repro;NA;NA;NA;rave_ANP;270;97;636;1262;342;189;153;274;251;284;251;14974;4125;4;1181;10529;33;4110;33;rave;rave_UR;NA
2124;37-96;JBB;adult;M;ravelobensis;3;rave;#NV;17,15;#NV;21,85;20,55;7,15;9,25;43,8;22,1;#NV;88;170;#NV;NA;UR;NA;NA;NA;NA;NA;NA;NA;NA;NA;NA;-16.1344722199999;46.811527779999999;NA;34868;06_Jun;pre_repro;NA;NA;NA;rave_ANP;270;97;636;1262;342;189;153;274;251;284;251;14974;4125;4;1181;10529;33;4110;33;rave;rave_UR;NA
2125;58-95;JBB;adult;F;ravelobensis;3;rave;#NV;15;34,35;20,3;#NV;8,3;#NV;36;24;#NV;60;145;#NV;NA;UR;NA;NA;NA;NA;NA;NA;NA;NA;NA;NA;-16.1344722199999;46.811527779999999;NA;34867;06_Jun;pre_repro;NA;NA;NA;rave_ANP;270;97;636;1262;342;189;153;274;251;284;251;14974;4125;4;1181;10529;33;4110;33;rave;rave_UR;NA
2126;73-95;JBB;adult;M;ravelobensis;3;rave;#NV;14,1;37,8;20,3;22,2;8,2;10,9;42,1;25,4;#NV;88;173;#NV;NA;UR;NA;NA;NA;NA;NA;NA;NA;NA;NA;NA;-16.1344722199999;46.811527779999999;NA;34867;06_Jun;pre_repro;NA;NA;NA;rave_ANP;270;97;636;1262;342;189;153;274;251;284;251;14974;4125;4;1181;10529;33;4110;33;rave;rave_UR;NA
2127;44-96;JBB;adult;M;ravelobensis;3;rave;#NV;16,3;36,2;24;20,2;7,2;10,3;42;23,2;#NV;85;162;#NV;NA;UR;NA;NA;NA;NA;NA;NA;NA;NA;NA;NA;-16.1344722199999;46.811527779999999;NA;34868;06_Jun;pre_repro;NA;NA;NA;rave_ANP;270;97;636;1262;342;189;153;274;251;284;251;14974;4125;4;1181;10529;33;4110;33;rave;rave_UR;NA
2128;76-96;JBB;adult;M;ravelobensis;3;rave;#NV;15,8;35,2;22,2;21,1;5;8,7;42,1;24,3;#NV;95;154;#NV;NA;UR;NA;NA;NA;NA;NA;NA;NA;NA;NA;NA;-16.1344722199999;46.811527779999999;NA;34868;06_Jun;pre_repro;NA;NA;NA;rave_ANP;270;97;636;1262;342;189;153;274;251;284;251;14974;4125;4;1181;10529;33;4110;33;rave;rave_UR;NA
2130;55-95;JBB;adult;F;ravelobensis;3;rave;#NV;14,2;35,9;22,3;20,9;7,7;8,8;41,9;24,5;#NV;67;143;#NV;NA;UR;NA;NA;NA;NA;NA;NA;NA;NA;NA;NA;-16.1344722199999;46.811527779999999;NA;34867;06_Jun;pre_repro;NA;NA;NA;rave_ANP;270;97;636;1262;342;189;153;274;251;284;251;14974;4125;4;1181;10529;33;4110;33;rave;rave_UR;NA
2131;73-96;JBB;adult;F;ravelobensis;3;rave;#NV;14,5;37,6;22,9;20,9;6,2;10,6;44;25,4;#NV;105;157;#NV;NA;UR;NA;NA;NA;NA;NA;NA;NA;NA;NA;NA;-16.1344722199999;46.811527779999999;NA;34868;06_Jun;pre_repro;NA;NA;NA;rave_ANP;270;97;636;1262;342;189;153;274;251;284;251;14974;4125;4;1181;10529;33;4110;33;rave;rave_UR;NA
2132;93-96;JBB;adult;F;ravelobensis;3;rave;#NV;16,6;35,7;19;23,4;8;10,3;41,1;24;#NV;90;165;#NV;NA;UR;NA;NA;NA;NA;NA;NA;NA;NA;NA;NA;-16.1344722199999;46.811527779999999;NA;34868;06_Jun;pre_repro;NA;NA;NA;rave_ANP;270;97;636;1262;342;189;153;274;251;284;251;14974;4125;4;1181;10529;33;4110;33;rave;rave_UR;NA
2133;34-96;JBB;adult;M;ravelobensis;3;rave;#NV;17,25;37,2;22,54;22,1;7,6;9,4;44,2;23,35;#NV;82;166;#NV;NA;UR;NA;NA;NA;NA;NA;NA;NA;NA;NA;NA;-16.1344722199999;46.811527779999999;NA;34868;06_Jun;pre_repro;NA;NA;NA;rave_ANP;270;97;636;1262;342;189;153;274;251;284;251;14974;4125;4;1181;10529;33;4110;33;rave;rave_UR;NA
2134;72-96;JBB;adult;F;ravelobensis;3;rave;#NV;15,8;34,6;22;21,3;6,2;10,8;39,7;22,7;#NV;90;170;#NV;NA;UR;NA;NA;NA;NA;NA;NA;NA;NA;NA;NA;-16.1344722199999;46.811527779999999;NA;34868;06_Jun;pre_repro;NA;NA;NA;rave_ANP;270;97;636;1262;342;189;153;274;251;284;251;14974;4125;4;1181;10529;33;4110;33;rave;rave_UR;NA
2135;86-96;JBB;adult;F;ravelobensis;3;rave;#NV;14,6;35,2;18,3;20;7,1;8,4;39,2;24,1;#NV;85;157;#NV;NA;UR;NA;NA;NA;NA;NA;NA;NA;NA;NA;NA;-16.1344722199999;46.811527779999999;NA;34868;06_Jun;pre_repro;NA;NA;NA;rave_ANP;270;97;636;1262;342;189;153;274;251;284;251;14974;4125;4;1181;10529;33;4110;33;rave;rave_UR;NA
2136;35-96;JBB;adult;M;ravelobensis;3;rave;#NV;16,25;34,3;21,75;21;7;8,7;43,75;24;#NV;82;165;#NV;NA;UR;NA;NA;NA;NA;NA;NA;NA;NA;NA;NA;-16.1344722199999;46.811527779999999;NA;34868;06_Jun;pre_repro;NA;NA;NA;rave_ANP;270;97;636;1262;342;189;153;274;251;284;251;14974;4125;4;1181;10529;33;4110;33;rave;rave_UR;NA
2137;75-96;JBB;adult;F;ravelobensis;3;rave;#NV;14,8;34,7;18,2;18,8;6;8,4;38;22,5;#NV;85;155;#NV;NA;UR;NA;NA;NA;NA;NA;NA;NA;NA;NA;NA;-16.1344722199999;46.811527779999999;NA;34868;06_Jun;pre_repro;NA;NA;NA;rave_ANP;270;97;636;1262;342;189;153;274;251;284;251;14974;4125;4;1181;10529;33;4110;33;rave;rave_UR;NA
2138;41-96;JBB;adult;M;ravelobensis;3;rave;#NV;15,7;35,7;24,75;19,5;7,1;9,6;42,8;23,1;#NV;84;167;#NV;NA;UR;NA;NA;NA;NA;NA;NA;NA;NA;NA;NA;-16.1344722199999;46.811527779999999;NA;34868;06_Jun;pre_repro;NA;NA;NA;rave_ANP;270;97;636;1262;342;189;153;274;251;284;251;14974;4125;4;1181;10529;33;4110;33;rave;rave_UR;NA
2139;50-96;JBB;adult;F;ravelobensis;3;rave;#NV;16;37,5;24,9;22,5;7;9;46,6;25,5;#NV;89;172;#NV;NA;UR;NA;NA;NA;NA;NA;NA;NA;NA;NA;NA;-16.1344722199999;46.811527779999999;NA;34868;06_Jun;pre_repro;NA;NA;NA;rave_ANP;270;97;636;1262;342;189;153;274;251;284;251;14974;4125;4;1181;10529;33;4110;33;rave;rave_UR;NA
2140;40-96;JBB;adult;M;ravelobensis;3;rave;#NV;11,05;35,2;23;20,5;6,8;7,8;43,3;25;#NV;84;162;#NV;NA;UR;NA;NA;NA;NA;NA;NA;NA;NA;NA;NA;-16.1344722199999;46.811527779999999;NA;34868;06_Jun;pre_repro;NA;NA;NA;rave_ANP;270;97;636;1262;342;189;153;274;251;284;251;14974;4125;4;1181;10529;33;4110;33;rave;rave_UR;NA
2141;71-96;JBB;adult;F;ravelobensis;3;rave;#NV;15;35,3;23,9;20;6,5;10,3;38,4;23,8;#NV;100;160;#NV;NA;UR;NA;NA;NA;NA;NA;NA;NA;NA;NA;NA;-16.1344722199999;46.811527779999999;NA;34868;06_Jun;pre_repro;NA;NA;NA;rave_ANP;270;97;636;1262;342;189;153;274;251;284;251;14974;4125;4;1181;10529;33;4110;33;rave;rave_UR;NA
2142;97-96;JBB;adult;M;ravelobensis;3;rave;#NV;15,3;35;24,7;21,1;7,1;9;38,6;24;#NV;70;155;#NV;NA;UR;NA;NA;NA;NA;NA;NA;NA;NA;NA;NA;-16.1344722199999;46.811527779999999;NA;34868;06_Jun;pre_repro;NA;NA;NA;rave_ANP;270;97;636;1262;342;189;153;274;251;284;251;14974;4125;4;1181;10529;33;4110;33;rave;rave_UR;NA
2143;143-96;JBB;adult;M;ravelobensis;3;rave;#NV;16,1;35,3;24,4;21,3;7,8;9,4;36,2;24,9;#NV;80;150;#NV;NA;UR;NA;NA;NA;NA;NA;NA;NA;NA;NA;NA;-16.1344722199999;46.811527779999999;NA;34868;06_Jun;pre_repro;NA;NA;NA;rave_ANP;270;97;636;1262;342;189;153;274;251;284;251;14974;4125;4;1181;10529;33;4110;33;rave;rave_UR;NA
2144;49-96;JBB;adult;F;ravelobensis;3;rave;#NV;15,4;35,5;21,5;#NV;6,7;9,2;40,4;23,8;#NV;85;156;#NV;NA;UR;NA;NA;NA;NA;NA;NA;NA;NA;NA;NA;-16.1344722199999;46.811527779999999;NA;34868;06_Jun;pre_repro;NA;NA;NA;rave_ANP;270;97;636;1262;342;189;153;274;251;284;251;14974;4125;4;1181;10529;33;4110;33;rave;rave_UR;NA
2145;43-96;JBB;adult;M;ravelobensis;3;rave;#NV;16,8;37,1;22,5;23,1;7,7;10,7;43,2;24,8;#NV;86;170;#NV;NA;UR;NA;NA;NA;NA;NA;NA;NA;NA;NA;NA;-16.1344722199999;46.811527779999999;NA;34868;06_Jun;pre_repro;NA;NA;NA;rave_ANP;270;97;636;1262;342;189;153;274;251;284;251;14974;4125;4;1181;10529;33;4110;33;rave;rave_UR;NA
2146;49-95;JBB;adult;F;ravelobensis;3;rave;#NV;17;36,5;22,7;20,5;7;8,5;41,5;24,6;#NV;86;165;#NV;NA;UR;NA;NA;NA;NA;NA;NA;NA;NA;NA;NA;-16.1344722199999;46.811527779999999;NA;34867;06_Jun;pre_repro;NA;NA;NA;rave_ANP;270;97;636;1262;342;189;153;274;251;284;251;14974;4125;4;1181;10529;33;4110;33;rave;rave_UR;NA
2147;55-96;JBB;adult;F;ravelobensis;3;rave;#NV;15,5;35,4;22,2;20,2;7,2;#NV;40,2;24,2;#NV;72;155;#NV;NA;UR;NA;NA;NA;NA;NA;NA;NA;NA;NA;NA;-16.1344722199999;46.811527779999999;NA;34868;06_Jun;pre_repro;NA;NA;NA;rave_ANP;270;97;636;1262;342;189;153;274;251;284;251;14974;4125;4;1181;10529;33;4110;33;rave;rave_UR;NA
2148;100-96;JBB;adult;F;ravelobensis;3;rave;#NV;16,1;36,1;23,6;22,3;7,6;10;38,1;#NV;#NV;95;153;#NV;NA;UR;NA;NA;NA;NA;NA;NA;NA;NA;NA;NA;-16.1344722199999;46.811527779999999;NA;34868;06_Jun;pre_repro;NA;NA;NA;rave_ANP;270;97;636;1262;342;189;153;274;251;284;251;14974;4125;4;1181;10529;33;4110;33;rave;rave_UR;NA
2149;98-96;JBB;adult;M;ravelobensis;3;rave;#NV;16;36,8;23,6;19,3;5,4;9,6;39,3;24,4;#NV;90;157;#NV;NA;UR;NA;NA;NA;NA;NA;NA;NA;NA;NA;NA;-16.1344722199999;46.811527779999999;NA;34868;06_Jun;pre_repro;NA;NA;NA;rave_ANP;270;97;636;1262;342;189;153;274;251;284;251;14974;4125;4;1181;10529;33;4110;33;rave;rave_UR;NA
2150;99-96;JBB;adult;F;ravelobensis;3;rave;#NV;17;37,7;23,3;20,8;7,4;9;45,9;26,2;#NV;105;172;#NV;NA;UR;NA;NA;NA;NA;NA;NA;NA;NA;NA;NA;-16.1344722199999;46.811527779999999;NA;34868;06_Jun;pre_repro;NA;NA;NA;rave_ANP;270;97;636;1262;342;189;153;274;251;284;251;14974;4125;4;1181;10529;33;4110;33;rave;rave_UR;NA
2151;48-95;JBB;adult;M;ravelobensis;3;rave;#NV;14,1;34,8;22,5;22,3;7,4;10;37,65;26,6;#NV;90;173;#NV;NA;UR;NA;NA;NA;NA;NA;NA;NA;NA;NA;NA;-16.1344722199999;46.811527779999999;NA;34867;06_Jun;pre_repro;NA;NA;NA;rave_ANP;270;97;636;1262;342;189;153;274;251;284;251;14974;4125;4;1181;10529;33;4110;33;rave;rave_UR;NA
2152;66-96;JBB;adult;F;ravelobensis;3;rave;#NV;14,8;#NV;21,2;22,2;#NV;10,6;43,4;24,4;#NV;95;160;#NV;NA;UR;NA;NA;NA;NA;NA;NA;NA;NA;NA;NA;-16.1344722199999;46.811527779999999;NA;34868;06_Jun;pre_repro;NA;NA;NA;rave_ANP;270;97;636;1262;342;189;153;274;251;284;251;14974;4125;4;1181;10529;33;4110;33;rave;rave_UR;NA
2154;68-96;JBB;adult;F;ravelobensis;3;rave;#NV;15;35,4;#NV;20,8;6,8;8,7;43;24,9;#NV;80;155;#NV;NA;UR;NA;NA;NA;NA;NA;NA;NA;NA;NA;NA;-16.1344722199999;46.811527779999999;NA;34868;06_Jun;pre_repro;NA;NA;NA;rave_ANP;270;97;636;1262;342;189;153;274;251;284;251;14974;4125;4;1181;10529;33;4110;33;rave;rave_UR;NA
2155;84-96;JBB;adult;M;ravelobensis;3;rave;#NV;15,8;35,5;20,8;20,1;7,5;9,3;41,2;24;#NV;85;155;#NV;NA;UR;NA;NA;NA;NA;NA;NA;NA;NA;NA;NA;-16.1344722199999;46.811527779999999;NA;34868;06_Jun;pre_repro;NA;NA;NA;rave_ANP;270;97;636;1262;342;189;153;274;251;284;251;14974;4125;4;1181;10529;33;4110;33;rave;rave_UR;NA
2156;70-96;JBB;adult;M;ravelobensis;3;rave;#NV;14,7;39,1;23,5;19,5;6,2;10,2;40,9;25,3;#NV;95;158;#NV;NA;UR;NA;NA;NA;NA;NA;NA;NA;NA;NA;NA;-16.1344722199999;46.811527779999999;NA;34868;06_Jun;pre_repro;NA;NA;NA;rave_ANP;270;97;636;1262;342;189;153;274;251;284;251;14974;4125;4;1181;10529;33;4110;33;rave;rave_UR;NA
2159;51-15;JBB;adult;F;ravelobensis;3;rave;22,8;#NV;37,8;21,2;18,5;6,5;8,4;41,1;24,9;9,3;77;154;49;20;AK;NA;NA;NA;NA;NA;NA;NA;NA;67;NA;-16.1344722199999;46.811527779999999;NA;42202;07_Jul;repro;NA;NA;NA;rave_ANP;270;97;636;1262;342;189;153;274;251;284;251;14974;4125;4;1181;10529;33;4110;33;rave;rave_AK;no
2160;45-15;JBB;adult;F;ravelobensis;3;rave;22,1;#NV;35,9;22,3;18,4;5,6;7,8;41,1;24,9;9,9;85;155;50;22;AK;NA;NA;NA;NA;NA;NA;NA;NA;entrance;NA;-16.1344722199999;46.811527779999999;NA;42198;07_Jul;repro;NA;NA;NA;rave_ANP;270;97;636;1262;342;189;153;274;251;284;251;14974;4125;4;1181;10529;33;4110;33;rave;rave_AK;no
2161;44-15;JBB;adult;F;ravelobensis;3;rave;23,4;#NV;36,5;21,1;19,5;5,5;8,6;42,7;26,1;10,3;90;142;50;23;AK;NA;NA;NA;NA;NA;NA;NA;NA;90;NA;-16.1344722199999;46.811527779999999;NA;42198;07_Jul;repro;NA;NA;NA;rave_ANP;270;97;636;1262;342;189;153;274;251;284;251;14974;4125;4;1181;10529;33;4110;33;rave;rave_AK;no
2162;47-15;JBB;adult;F;ravelobensis;3;rave;21,6;#NV;35,9;24,9;19,7;4,9;7,9;40,8;23,4;9,4;80;144;51;22;AK;NA;NA;NA;NA;NA;NA;NA;NA;39;NA;-16.1344722199999;46.811527779999999;NA;42198;07_Jul;repro;NA;NA;NA;rave_ANP;270;97;636;1262;342;189;153;274;251;284;251;14974;4125;4;1181;10529;33;4110;33;rave;rave_AK;no
2163;50-15;JBB;adult;F;ravelobensis;3;rave;23,5;#NV;34,2;20,8;19,4;6,8;8,2;40,3;24,6;9,2;80;162;53;21;AK;NA;NA;NA;NA;NA;NA;NA;NA;49;NA;-16.1344722199999;46.811527779999999;NA;42202;07_Jul;repro;NA;NA;NA;rave_ANP;270;97;636;1262;342;189;153;274;251;284;251;14974;4125;4;1181;10529;33;4110;33;rave;rave_AK;no
2164;41-13;JBB;adult;F;ravelobensis;3;rave;21,5;#NV;32,3;23,3;20,6;6,5;8,3;42,1;25,8;10,8;93;159;56;20;AK;NA;NA;NA;NA;NA;NA;NA;NA;45;NA;-16.1344722199999;46.811527779999999;NA;42200;07_Jul;repro;NA;NA;NA;rave_ANP;270;97;636;1262;342;189;153;274;251;284;251;14974;4125;4;1181;10529;33;4110;33;rave;rave_AK;no
2165;39-13;JBB;adult;F;ravelobensis;3;rave;19,3;#NV;36,1;22,9;18,3;5,3;9,4;46,3;26,1;9;95;154;63;26;AK;NA;NA;NA;NA;NA;NA;NA;NA;61;NA;-16.1344722199999;46.811527779999999;NA;42198;07_Jul;repro;NA;NA;NA;rave_ANP;270;97;636;1262;342;189;153;274;251;284;251;14974;4125;4;1181;10529;33;4110;33;rave;rave_AK;no
2166;58-15;JBB;adult;F;ravelobensis;3;rave;21,9;#NV;35,7;20,8;19,3;7,3;7,7;40,4;25,2;9,2;85;143;49;19;AK;NA;NA;NA;NA;NA;NA;NA;NA;89;NA;-16.1344722199999;46.811527779999999;NA;42231;08_Aug;repro;NA;NA;NA;rave_ANP;270;97;636;1262;342;189;153;274;251;284;251;14974;4125;4;1181;10529;33;4110;33;rave;rave_AK;no
2167;F20-13JBB;JBB;adult;F;ravelobensis;3;rave;20,6;15;35,6;20,5;20,5;7,2;10,6;40,6;23,9;7,2;90;150;51;18;RZ;NA;NA;NA;NA;NA;NA;closed_recently;NA;NA;NA;-16.1344722199999;46.811527779999999;NA;41503;08_Aug;repro;NA;C4;NA;rave_ANP;270;97;636;1262;342;189;153;274;251;284;251;14974;4125;4;1181;10529;33;4110;33;rave;rave_RZ;no
2168;M42-13JBB;JBB;adult;M;ravelobensis;3;rave;22;13,6;35,1;20;21;7,3;8,5;41,2;23;8,5;81;173;52;21;RZ;6;3.4;3;9.1;8;enlarged;NA;NA;NA;NA;-16.1344722199999;46.811527779999999;NA;41505;08_Aug;repro;NA;D1;NA;rave_ANP;270;97;636;1262;342;189;153;274;251;284;251;14974;4125;4;1181;10529;33;4110;33;rave;rave_RZ;no
2169;F12-13JBB;JBB;adult;F;ravelobensis;3;rave;22,8;17,2;35;22,2;21,1;6,7;8,9;42,8;25;8,9;80;155;53;20;RZ;NA;NA;NA;NA;NA;NA;closed;NA;NA;NA;-16.1344722199999;46.811527779999999;NA;41503;08_Aug;repro;NA;B3;NA;rave_ANP;270;97;636;1262;342;189;153;274;251;284;251;14974;4125;4;1181;10529;33;4110;33;rave;rave_RZ;no
2170;F07-13JBB;JBB;adult;F;ravelobensis;3;rave;20,6;14,4;35,6;20;22,8;7,8;9,5;40,5;20,6;7,9;85;154;54;20;RZ;NA;NA;NA;NA;NA;NA;closed;NA;NA;NA;-16.1344722199999;46.811527779999999;NA;41503;08_Aug;repro;NA;A2;NA;rave_ANP;270;97;636;1262;342;189;153;274;251;284;251;14974;4125;4;1181;10529;33;4110;33;rave;rave_RZ;no
2171;M15-13JBB;JBB;adult;M;ravelobensis;3;rave;23,4;14,3;34,6;22,6;21,3;6,6;7,4;44,2;22,5;8,6;89;153;54;21;RZ;11;5.4;6.6;11.7;11;enlarged;NA;NA;NA;NA;-16.1344722199999;46.811527779999999;NA;41503;08_Aug;repro;NA;B2;NA;rave_ANP;270;97;636;1262;342;189;153;274;251;284;251;14974;4125;4;1181;10529;33;4110;33;rave;rave_RZ;no
2172;M21-13JBB;JBB;adult;M;ravelobensis;3;rave;25,2;15;35,1;21,5;20,5;6,1;8,3;40,4;24;8,1;88;162;55;21;RZ;12.6;6;6.5;11.4;10.1;enlarged;NA;NA;NA;NA;-16.1344722199999;46.811527779999999;NA;41503;08_Aug;repro;NA;C2;NA;rave_ANP;270;97;636;1262;342;189;153;274;251;284;251;14974;4125;4;1181;10529;33;4110;33;rave;rave_RZ;no
2173;55-15;JBB;adult;M;ravelobensis;3;rave;24,7;#NV;36,2;22,6;20,8;7,3;8,3;41,1;23,6;9,5;88;150;56;18;AK;NA;NA;NA;NA;NA;NA;NA;NA;33;NA;-16.1344722199999;46.811527779999999;NA;42229;08_Aug;repro;NA;NA;NA;rave_ANP;270;97;636;1262;342;189;153;274;251;284;251;14974;4125;4;1181;10529;33;4110;33;rave;rave_AK;no
2174;F14-13JBB;JBB;adult;F;ravelobensis;3;rave;24,4;16,6;35;20;22,2;7,8;9,2;42,8;24,4;10;87,5;171;57;20;RZ;NA;NA;NA;NA;NA;NA;closed;NA;NA;NA;-16.1344722199999;46.811527779999999;NA;41503;08_Aug;repro;NA;B2;NA;rave_ANP;270;97;636;1262;342;189;153;274;251;284;251;14974;4125;4;1181;10529;33;4110;33;rave;rave_RZ;no
2175;F36-13JBB;JBB;adult;F;ravelobensis;3;rave;22,2;12,8;37,2;20,5;21,7;8,3;10;42,8;24,4;8,9;92;171;58;20;RZ;NA;NA;NA;NA;NA;NA;closed;NA;NA;NA;-16.1344722199999;46.811527779999999;NA;41505;08_Aug;repro;NA;AC;NA;rave_ANP;270;97;636;1262;342;189;153;274;251;284;251;14974;4125;4;1181;10529;33;4110;33;rave;rave_RZ;no
2176;078-15;JBB;adult;M;ravelobensis;3;rave;23,4;#NV;33,7;20,3;18,8;#NV;#NV;44,3;21,9;9,9;74;158;58;21;AK;NA;NA;NA;NA;NA;NA;NA;NA;71;NA;-16.1344722199999;46.811527779999999;NA;42229;08_Aug;repro;NA;NA;NA;rave_ANP;270;97;636;1262;342;189;153;274;251;284;251;14974;4125;4;1181;10529;33;4110;33;rave;rave_AK;no
2177;F18-13JBB;JBB;adult;F;ravelobensis;3;rave;22,2;15,5;36,7;20;22,2;7,2;10;45;24,4;9,4;90;158;60;22;RZ;NA;NA;NA;NA;NA;NA;closed_recently;NA;NA;NA;-16.1344722199999;46.811527779999999;NA;41503;08_Aug;repro;NA;B1;NA;rave_ANP;270;97;636;1262;342;189;153;274;251;284;251;14974;4125;4;1181;10529;33;4110;33;rave;rave_RZ;no
2178;M09-13JBB;JBB;adult;M;ravelobensis;3;rave;21,6;16,1;36,1;20;22,2;6,6;7,2;41,1;24,4;9,4;90;165;62;19;RZ;20;9.9;8.3000000000000007;12.2;12.2;enlarged;NA;NA;NA;NA;-16.1344722199999;46.811527779999999;NA;41503;08_Aug;repro;NA;A4;NA;rave_ANP;270;97;636;1262;342;189;153;274;251;284;251;14974;4125;4;1181;10529;33;4110;33;rave;rave_RZ;no
2179;57-15;JBB;adult;F;ravelobensis;3;rave;22,8;#NV;37,1;22,8;21,1;7,4;10,1;44,3;26,7;9,8;#NV;170;63;20;AK;NA;NA;NA;NA;NA;NA;NA;NA;42;NA;-16.1344722199999;46.811527779999999;NA;42229;08_Aug;repro;NA;NA;NA;rave_ANP;270;97;636;1262;342;189;153;274;251;284;251;14974;4125;4;1181;10529;33;4110;33;rave;rave_AK;no
2180;M19-13JBB;JBB;adult;M;ravelobensis;3;rave;23,6;13,3;34,4;21;22,3;7;8,7;42,2;24,2;8,8;85;166;63;21;RZ;15.4;7;8.8000000000000007;11.4;13.5;enlarged;NA;NA;NA;NA;-16.1344722199999;46.811527779999999;NA;41503;08_Aug;repro;NA;B1;NA;rave_ANP;270;97;636;1262;342;189;153;274;251;284;251;14974;4125;4;1181;10529;33;4110;33;rave;rave_RZ;no
2181;M10-13JBB;JBB;adult;M;ravelobensis;3;rave;24,4;16,1;37;25;21,8;5,4;6,4;42,3;25;9,1;80;170;68;26;RZ;18.2;6;12.8;16.600000000000001;21.7;enlarged;NA;NA;NA;NA;-16.1344722199999;46.811527779999999;NA;41503;08_Aug;repro;NA;BD4;RADSEQ;rave_ANP;270;97;636;1262;342;189;153;274;251;284;251;14974;4125;4;1181;10529;33;4110;33;rave;rave_RZ;no
2182;F11-13JBB;JBB;adult;F;ravelobensis;3;rave;24,6;16,6;36,6;24,7;23,6;6,8;8,3;41,4;24;8,7;93;174;68;25;RZ;NA;NA;NA;NA;NA;NA;closed;NA;NA;NA;-16.1344722199999;46.811527779999999;NA;41503;08_Aug;repro;NA;A3;NA;rave_ANP;270;97;636;1262;342;189;153;274;251;284;251;14974;4125;4;1181;10529;33;4110;33;rave;rave_RZ;no
2183;F13-13JBB;JBB;adult;F;ravelobensis;3;rave;24,7;16;34;23,3;22;6,8;7,4;43,2;24;8,5;87;158;68;23;RZ;NA;NA;NA;NA;NA;NA;closed;NA;NA;NA;-16.1344722199999;46.811527779999999;NA;41503;08_Aug;repro;NA;C3;NA;rave_ANP;270;97;636;1262;342;189;153;274;251;284;251;14974;4125;4;1181;10529;33;4110;33;rave;rave_RZ;no
2184;F39-13JBB;JBB;adult;F;ravelobensis;3;rave;25,4;14;34,7;21,5;21;6;8;44,4;25,1;9,1;85;162;72;23;RZ;NA;NA;NA;NA;NA;NA;closed;NA;NA;NA;-16.1344722199999;46.811527779999999;NA;41505;08_Aug;repro;NA;A4;NA;rave_ANP;270;97;636;1262;342;189;153;274;251;284;251;14974;4125;4;1181;10529;33;4110;33;rave;rave_RZ;no
2185;60-15;JBB;adult;M;ravelobensis;3;rave;23;#NV;35,8;22,9;22;7,3;11,7;40,7;21;9,1;75;150;64;20;AK;NA;NA;NA;NA;NA;NA;NA;NA;44;NA;-16.1344722199999;46.811527779999999;NA;42258;09_Sep;repro;NA;NA;NA;rave_ANP;270;97;636;1262;342;189;153;274;251;284;251;14974;4125;4;1181;10529;33;4110;33;rave;rave_AK;no
2356;148-03;Mahajamba-Est;adult;F;ravelobensis;3;rave;24,6;15,1;35,5;21,8;21,5;7,7;7,4;42;26,1;9,4;#NV;#NV;58;22;GO;NA;NA;NA;NA;NA;NA;closed;NA;no_age_initially_given_in_raw_data;NA;-16.196435000000001;47.256968000000001;NA;37863;08_Aug;repro;NA;NA;no;rave_ANP_E;267;104;646;1298;342;181;161;272;247;282;247;19276;5090;5;1175;13493;39;5372;39;rave;rave_GO;no
2357;150-03;Mahajamba-Est;adult;M;ravelobensis;3;rave;25,1;15,3;36,8;22;22,1;7,9;9,9;43,4;24,7;9,3;#NV;#NV;63;26;GO;15.8;12.3;9.1999999999999993;7.2;12.5;enlarged;NA;NA;no_age_initially_given_in_raw_data;NA;-16.196435000000001;47.256968000000001;NA;37863;08_Aug;repro;NA;NA;no;rave_ANP_E;267;104;646;1298;342;181;161;272;247;282;247;19276;5090;5;1175;13493;39;5372;39;rave;rave_GO;no
2358;149-03;Mahajamba-Est;adult;F;ravelobensis;3;rave;24,9;15,8;37,8;20,9;22,8;8;10,6;42;24,9;8,5;#NV;#NV;72;27;GO;NA;NA;NA;NA;NA;NA;open;NA;no_age_initially_given_in_raw_data;NA;-16.196435000000001;47.256968000000001;NA;37863;08_Aug;repro;NA;NA;no;rave_ANP_E;267;104;646;1298;342;181;161;272;247;282;247;19276;5090;5;1175;13493;39;5372;39;rave;rave_GO;no
2359;154-03;Mahajamba-Est;adult;F;ravelobensis;3;rave;22,2;14,2;35,8;18,6;21,4;7;7,1;#NV;22,8;8,2;#NV;#NV;49;19;GO;NA;NA;NA;NA;NA;NA;closed;NA;no_age_initially_given_in_raw_data;NA;-16.196435000000001;47.256968000000001;NA;37868;09_Sep;repro;NA;NA;no;rave_ANP_E;267;104;646;1298;342;181;161;272;247;282;247;19276;5090;5;1175;13493;39;5372;39;rave;rave_GO;no
2360;152-03;Mahajamba-Est;adult;F;ravelobensis;3;rave;21,9;16,6;36,6;19;21,7;6,3;8,3;37,9;24,2;8,1;#NV;#NV;62;21;GO;NA;NA;NA;NA;NA;NA;open;NA;no_age_initially_given_in_raw_data;NA;-16.196435000000001;47.256968000000001;NA;37868;09_Sep;repro;NA;NA;no;rave_ANP_E;267;104;646;1298;342;181;161;272;247;282;247;19276;5090;5;1175;13493;39;5372;39;rave;rave_GO;no
2361;153-03;Mahajamba-Est;adult;F;ravelobensis;3;rave;20,8;15,7;36,7;18,1;21,3;7,4;7,1;39,9;23,6;8,4;#NV;#NV;70;21;GO;NA;NA;NA;NA;NA;NA;closed;NA;no_age_initially_given_in_raw_data;NA;-16.196435000000001;47.256968000000001;NA;37868;09_Sep;repro;NA;NA;no;rave_ANP_E;267;104;646;1298;342;181;161;272;247;282;247;19276;5090;5;1175;13493;39;5372;39;rave;rave_GO;no
2362;32-03;Mangatelo;adult;F;ravelobensis;8;rave;20,9;#NV;37,8;21,1;21,4;7,9;9,2;39,5;23,6;9;99;146;58;29;GO;NA;NA;NA;NA;NA;NA;closed;NA;no_age_initially_given_in_raw_data;initially misclassified as murinus;-16.410967809999899;46.991793309999998;NA;37795;06_Jun;pre_repro;NA;NA;no;rave_ANP;273;99;635;1309;346;191;155;277;253;287;253;16094;4286;4;1180;11325;32;4437;32;rave;rave_GO;no
2363;M48-14Mari;Mariarano;adult;M;ravelobensis;3;rave;#NV;#NV;34,8;#NV;#NV;#NV;#NV;35,4;#NV;#NV;69;145;52;NA;UR;NA;NA;NA;NA;NA;NA;NA;NA;NA;NA;-15.49;46.7;NA;41818;06_Jun;pre_repro;NA;D;NA;rave_Mari;265;75;651;1045;318;203;115;270;249;273;249;15155;4663;8;1254;11137;45;6562;45;rave;rave_UR;no
2364;M50-14Mari;Mariarano;adult;M;ravelobensis;3;rave;#NV;#NV;33,4;#NV;#NV;#NV;#NV;40,4;#NV;#NV;83;144;53;NA;UR;NA;NA;NA;NA;NA;NA;NA;NA;NA;NA;-15.47;46.7;NA;41819;06_Jun;pre_repro;NA;A1;NA;rave_Mari;265;73;655;1033;316;205;111;271;250;274;250;14833;4579;8;1257;10913;45;6422;45;rave;rave_UR;no
2365;M52-14Mari;Mariarano;adult;M;ravelobensis;3;rave;#NV;#NV;35;#NV;#NV;#NV;#NV;39,8;#NV;#NV;72;154;54;NA;UR;NA;NA;NA;NA;NA;NA;NA;NA;NA;NA;-15.47;46.7;NA;41819;06_Jun;pre_repro;NA;A2;NA;rave_Mari;265;73;655;1033;316;205;111;271;250;274;250;14833;4579;8;1257;10913;45;6422;45;rave;rave_UR;no
2366;F23-13Mari;Mariarano;adult;F;ravelobensis;3;rave;#NV;#NV;35,1;#NV;#NV;#NV;#NV;40;#NV;#NV;78;148;57;NA;UR;NA;NA;NA;NA;NA;NA;NA;NA;NA;NA;-15.47;46.7;NA;41819;06_Jun;pre_repro;NA;C1;NA;rave_Mari;265;73;655;1033;316;205;111;271;250;274;250;14833;4579;8;1257;10913;45;6422;45;rave;rave_UR;no
2367;F21-13Mari;Mariarano;adult;F;ravelobensis;3;rave;#NV;#NV;34,6;#NV;#NV;#NV;#NV;39;#NV;#NV;78;151;58;NA;UR;NA;NA;NA;NA;NA;NA;NA;NA;NA;NA;-15.47;46.7;NA;41819;06_Jun;pre_repro;NA;B2;NA;rave_Mari;265;73;655;1033;316;205;111;271;250;274;250;14833;4579;8;1257;10913;45;6422;45;rave;rave_UR;no
2368;M56-14Mari;Mariarano;adult;M;ravelobensis;3;rave;#NV;#NV;36,1;#NV;#NV;#NV;#NV;40,3;#NV;#NV;87;160;58;NA;UR;NA;NA;NA;NA;NA;NA;NA;NA;NA;NA;-15.47;46.7;NA;41819;06_Jun;pre_repro;NA;A4;NA;rave_Mari;265;73;655;1033;316;205;111;271;250;274;250;14833;4579;8;1257;10913;45;6422;45;rave;rave_UR;no
2369;F06-13Mari;Mariarano;adult;F;ravelobensis;3;rave;#NV;#NV;35,2;#NV;#NV;#NV;#NV;40;#NV;#NV;76;148;61;NA;UR;NA;NA;NA;NA;NA;NA;NA;NA;NA;NA;-15.47;46.7;NA;41819;06_Jun;pre_repro;NA;C;NA;rave_Mari;265;73;655;1033;316;205;111;271;250;274;250;14833;4579;8;1257;10913;45;6422;45;rave;rave_UR;no
2370;F44-14Mari;Mariarano;adult;M;ravelobensis;3;rave;#NV;#NV;35,9;#NV;#NV;#NV;#NV;36,7;#NV;#NV;87;163;67;NA;UR;NA;NA;NA;NA;NA;NA;NA;NA;NA;NA;-15.49;46.7;NA;41818;06_Jun;pre_repro;NA;A3;NA;rave_Mari;265;75;651;1045;318;203;115;270;249;273;249;15155;4663;8;1254;11137;45;6562;45;rave;rave_UR;no
2382;51-03;Mariarano;adult;F;ravelobensis;3;rave;18,1;13;35,4;20;19,9;7;7,5;38,8;23,8;8;74;143;41;22;GO;NA;NA;NA;NA;NA;NA;closed;NA;no_age_initially_given_in_raw_data;NA;-15.47;46.7;NA;37809;07_Jul;repro;NA;NA;no;rave_Mari;265;73;655;1033;316;205;111;271;250;274;250;14833;4579;8;1257;10913;45;6422;45;rave;rave_GO;no
2383;106-03;Mariarano;adult;M;ravelobensis;3;rave;18,5;11,4;36,1;21,4;19;7,1;8,4;41,4;23,7;7,6;74;144;41;20;GO;2.2999999999999998;NA;NA;NA;NA;NA;NA;NA;no_age_initially_given_in_raw_data;NA;-15.47;46.7;NA;37817;07_Jul;repro;NA;NA;no;rave_Mari;265;73;655;1033;316;205;111;271;250;274;250;14833;4579;8;1257;10913;45;6422;45;rave;rave_GO;no
2384;60-03;Mariarano;adult;F;ravelobensis;3;rave;19,5;12,3;37,5;22,1;19,3;7,1;8,3;36,9;21,9;8,4;80;143;42;20;GO;NA;NA;NA;NA;NA;NA;closed;NA;no_age_initially_given_in_raw_data;NA;-15.47;46.7;NA;37809;07_Jul;repro;NA;NA;no;rave_Mari;265;73;655;1033;316;205;111;271;250;274;250;14833;4579;8;1257;10913;45;6422;45;rave;rave_GO;no
2385;61-03;Mariarano;adult;F;ravelobensis;3;rave;21;11,4;34,8;20,1;19,9;6,7;11;37,6;23,4;8,5;72;145;42;20;GO;NA;NA;NA;NA;NA;NA;closed;NA;no_age_initially_given_in_raw_data;NA;-15.47;46.7;NA;37810;07_Jul;repro;NA;NA;no;rave_Mari;265;73;655;1033;316;205;111;271;250;274;250;14833;4579;8;1257;10913;45;6422;45;rave;rave_GO;no
2386;97-03;Mariarano;adult;F;ravelobensis;3;rave;21,2;11,5;35,6;21,3;19;6,9;8,6;38,8;24,2;8,1;85;154;42;21;GO;NA;NA;NA;NA;NA;NA;closed;NA;no_age_initially_given_in_raw_data;NA;-15.47;46.7;NA;37815;07_Jul;repro;NA;NA;no;rave_Mari;265;73;655;1033;316;205;111;271;250;274;250;14833;4579;8;1257;10913;45;6422;45;rave;rave_GO;no
2387;90-03;Mariarano;adult;F;ravelobensis;3;rave;22,4;12,3;35,4;22,2;21,3;8,6;9,5;38,7;34,9;9,2;84;162;42;22;GO;NA;NA;NA;NA;NA;NA;closed;NA;no_age_initially_given_in_raw_data;NA;-15.47;46.7;NA;37811;07_Jul;repro;NA;NA;no;rave_Mari;265;73;655;1033;316;205;111;271;250;274;250;14833;4579;8;1257;10913;45;6422;45;rave;rave_GO;no
2388;62-03;Mariarano;adult;M;ravelobensis;3;rave;23,7;12,3;34,9;20,2;19,1;6,2;8,1;38,6;23,7;8;74;152;42;19;GO;4.3;8.1;2.1;3.3;8.1999999999999993;enlarged;NA;NA;no_age_initially_given_in_raw_data;NA;-15.47;46.7;NA;37810;07_Jul;repro;NA;NA;no;rave_Mari;265;73;655;1033;316;205;111;271;250;274;250;14833;4579;8;1257;10913;45;6422;45;rave;rave_GO;no
2389;101-03;Mariarano;adult;F;ravelobensis;3;rave;20,5;13;36,4;21;19;6,2;8,9;38,1;24,4;8,7;79;152;44;19;GO;NA;NA;NA;NA;NA;NA;closed;NA;no_age_initially_given_in_raw_data;NA;-15.47;46.7;NA;37817;07_Jul;repro;NA;NA;no;rave_Mari;265;73;655;1033;316;205;111;271;250;274;250;14833;4579;8;1257;10913;45;6422;45;rave;rave_GO;no
2390;87-03;Mariarano;adult;M;ravelobensis;3;rave;20,6;13,1;37,7;20;20,3;5,7;9,7;39,8;23,2;8,8;78;150;44;22;GO;6.1;9;NA;NA;7.5;enlarged;NA;NA;no_age_initially_given_in_raw_data;NA;-15.47;46.7;NA;37811;07_Jul;repro;NA;NA;no;rave_Mari;265;73;655;1033;316;205;111;271;250;274;250;14833;4579;8;1257;10913;45;6422;45;rave;rave_GO;no
2391;58-03;Mariarano;adult;M;ravelobensis;3;rave;21,1;11,9;36,9;21,9;19,9;7,2;8,4;38,6;23,4;9,2;73;152;45;22;GO;5.4;7.5;2.2000000000000002;1.7;9.8000000000000007;enlarged;NA;NA;no_age_initially_given_in_raw_data;NA;-15.47;46.7;NA;37809;07_Jul;repro;NA;NA;no;rave_Mari;265;73;655;1033;316;205;111;271;250;274;250;14833;4579;8;1257;10913;45;6422;45;rave;rave_GO;no
2392;52-03;Mariarano;adult;F;ravelobensis;3;rave;22;13,1;35,4;22,2;20,5;7,1;8,3;41,4;23,7;7,1;81;157;45;21;GO;6.5;9.4;2.8;3;7.3;NA;NA;NA;no_age_initially_given_in_raw_data;NA;-15.47;46.7;NA;37809;07_Jul;repro;NA;NA;no;rave_Mari;265;73;655;1033;316;205;111;271;250;274;250;14833;4579;8;1257;10913;45;6422;45;rave;rave_GO;no
2393;104-03;Mariarano;adult;F;ravelobensis;3;rave;20,1;12,2;35,1;20,6;19,3;8;10,7;37,4;22,1;9,3;86;150;46;20;GO;NA;NA;NA;NA;NA;NA;closed;NA;no_age_initially_given_in_raw_data;NA;-15.47;46.7;NA;37817;07_Jul;repro;NA;NA;no;rave_Mari;265;73;655;1033;316;205;111;271;250;274;250;14833;4579;8;1257;10913;45;6422;45;rave;rave_GO;no
2394;109-03;Mariarano;adult;F;ravelobensis;3;rave;21,2;12,3;35,6;23,5;19,4;7,5;8,6;40;24;#NV;84;146;46;20;GO;NA;NA;NA;NA;NA;NA;closed;NA;no_age_initially_given_in_raw_data;NA;-15.47;46.7;NA;37818;07_Jul;repro;NA;NA;no;rave_Mari;265;73;655;1033;316;205;111;271;250;274;250;14833;4579;8;1257;10913;45;6422;45;rave;rave_GO;no
2395;53-03;Mariarano;adult;F;ravelobensis;3;rave;19,7;12,9;35,5;24,5;19;6,9;8,6;37,3;23,5;8,5;77;157;47;21;GO;NA;NA;NA;NA;NA;NA;closed;NA;no_age_initially_given_in_raw_data;NA;-15.47;46.7;NA;37809;07_Jul;repro;NA;NA;no;rave_Mari;265;73;655;1033;316;205;111;271;250;274;250;14833;4579;8;1257;10913;45;6422;45;rave;rave_GO;no
2396;99-03;Mariarano;adult;F;ravelobensis;3;rave;19,9;13,2;#NV;21,9;19,4;7,1;8,3;40;23;7,2;86;148;47;21;GO;NA;NA;NA;NA;NA;NA;closed;NA;no_age_initially_given_in_raw_data;NA;-15.47;46.7;NA;37815;07_Jul;repro;NA;NA;no;rave_Mari;265;73;655;1033;316;205;111;271;250;274;250;14833;4579;8;1257;10913;45;6422;45;rave;rave_GO;no
2397;54-03;Mariarano;adult;M;ravelobensis;3;rave;21;11,8;34,1;23,2;19,9;6,9;8,3;39;22,5;8,7;83;158;47;23;GO;2.5;NA;NA;NA;NA;NA;NA;NA;no_age_initially_given_in_raw_data;NA;-15.47;46.7;NA;37809;07_Jul;repro;NA;NA;no;rave_Mari;265;73;655;1033;316;205;111;271;250;274;250;14833;4579;8;1257;10913;45;6422;45;rave;rave_GO;no
2398;74-03;Mariarano;adult;M;ravelobensis;3;rave;#NV;#NV;#NV;#NV;#NV;#NV;#NV;#NV;#NV;#NV;#NV;#NV;47;NA;GO;5.7;7.4;NA;NA;7.3;enlarged;NA;NA;no_age_initially_given_in_raw_data;NA;-15.47;46.7;NA;37811;07_Jul;repro;NA;NA;no;rave_Mari;265;73;655;1033;316;205;111;271;250;274;250;14833;4579;8;1257;10913;45;6422;45;rave;rave_GO;no
2399;83-03;Mariarano;adult;M;ravelobensis;3;rave;#NV;#NV;#NV;#NV;#NV;#NV;#NV;#NV;#NV;#NV;#NV;#NV;47;NA;GO;8.5;10.8;4;4.4000000000000004;9.6999999999999993;enlarged;NA;NA;no_age_initially_given_in_raw_data;NA;-15.47;46.7;NA;37811;07_Jul;repro;NA;NA;no;rave_Mari;265;73;655;1033;316;205;111;271;250;274;250;14833;4579;8;1257;10913;45;6422;45;rave;rave_GO;no
2400;71-03;Mariarano;adult;F;ravelobensis;3;rave;#NV;#NV;#NV;#NV;#NV;#NV;#NV;#NV;#NV;#NV;#NV;#NV;49;NA;GO;NA;NA;NA;NA;NA;NA;closed;NA;no_age_initially_given_in_raw_data;NA;-15.47;46.7;NA;37811;07_Jul;repro;NA;NA;no;rave_Mari;265;73;655;1033;316;205;111;271;250;274;250;14833;4579;8;1257;10913;45;6422;45;rave;rave_GO;no
2401;65-03;Mariarano;adult;F;ravelobensis;3;rave;21,4;13,5;38,5;21,6;19,4;7,3;9;38,6;23,4;9,8;84;161;50;24;GO;NA;NA;NA;NA;NA;NA;closed;NA;no_age_initially_given_in_raw_data;NA;-15.47;46.7;NA;37810;07_Jul;repro;NA;NA;no;rave_Mari;265;73;655;1033;316;205;111;271;250;274;250;14833;4579;8;1257;10913;45;6422;45;rave;rave_GO;no
2402;93-03;Mariarano;adult;M;ravelobensis;3;rave;24;12,7;35,1;21,1;20,8;6,7;8,5;41,5;23,1;9;88;146;50;24;GO;9.4;10.6;3.7;5.4;11.3;enlarged;NA;NA;no_age_initially_given_in_raw_data;NA;-15.47;46.7;NA;37811;07_Jul;repro;NA;NA;no;rave_Mari;265;73;655;1033;316;205;111;271;250;274;250;14833;4579;8;1257;10913;45;6422;45;rave;rave_GO;no
2403;107-03;Mariarano;adult;F;ravelobensis;3;rave;19,5;13,9;36,1;21,2;19,1;7,4;8,5;40,3;24,7;7,9;93;159;51;23;GO;NA;NA;NA;NA;NA;NA;closed;NA;no_age_initially_given_in_raw_data;NA;-15.47;46.7;NA;37817;07_Jul;repro;NA;NA;no;rave_Mari;265;73;655;1033;316;205;111;271;250;274;250;14833;4579;8;1257;10913;45;6422;45;rave;rave_GO;no
2404;92-03;Mariarano;adult;F;ravelobensis;3;rave;#NV;#NV;#NV;#NV;#NV;#NV;#NV;#NV;#NV;#NV;#NV;#NV;51;NA;GO;NA;NA;NA;NA;NA;NA;closed;NA;no_age_initially_given_in_raw_data;NA;-15.47;46.7;NA;37811;07_Jul;repro;NA;NA;no;rave_Mari;265;73;655;1033;316;205;111;271;250;274;250;14833;4579;8;1257;10913;45;6422;45;rave;rave_GO;no
2405;98-03;Mariarano;adult;M;ravelobensis;3;rave;29,2;12,8;36,7;20,6;19,1;6,4;8,4;39,5;20,2;7,5;88;147;52;23;GO;14.4;16.5;6.5;9.6;15.2;enlarged;NA;NA;no_age_initially_given_in_raw_data;NA;-15.47;46.7;NA;37815;07_Jul;repro;NA;NA;no;rave_Mari;265;73;655;1033;316;205;111;271;250;274;250;14833;4579;8;1257;10913;45;6422;45;rave;rave_GO;no
2406;88-03;Mariarano;adult;F;ravelobensis;3;rave;#NV;#NV;#NV;#NV;#NV;#NV;#NV;#NV;#NV;#NV;#NV;#NV;52;NA;GO;NA;NA;NA;NA;NA;NA;closed;NA;no_age_initially_given_in_raw_data;NA;-15.47;46.7;NA;37811;07_Jul;repro;NA;NA;no;rave_Mari;265;73;655;1033;316;205;111;271;250;274;250;14833;4579;8;1257;10913;45;6422;45;rave;rave_GO;no
2407;M108-14Mari;Mariarano;adult;M;ravelobensis;3;rave;#NV;#NV;35;#NV;#NV;#NV;#NV;38,6;#NV;#NV;81;146;52;NA;UR;NA;NA;NA;NA;NA;NA;NA;NA;NA;NA;-15.49;46.7;NA;41827;07_Jul;repro;NA;A13;NA;rave_Mari;265;75;651;1045;318;203;115;270;249;273;249;15155;4663;8;1254;11137;45;6562;45;rave;rave_UR;no
2408;M178-14Mari;Mariarano;adult;M;ravelobensis;3;rave;#NV;#NV;35;#NV;#NV;#NV;#NV;41,5;#NV;#NV;90;134;52;NA;UR;NA;NA;NA;NA;NA;NA;NA;NA;NA;NA;-15.47;46.7;NA;41834;07_Jul;repro;NA;A2;RADSEQ;rave_Mari;265;73;655;1033;316;205;111;271;250;274;250;14833;4579;8;1257;10913;45;6422;45;rave;rave_UR;no
2409;63-03;Mariarano;adult;M;ravelobensis;3;rave;23,5;12,5;35,8;21,5;20,6;7,7;10,5;40,1;24,8;10,3;82;164;54;26;GO;11.3;11.6;4.5;5.0999999999999996;11;enlarged;NA;NA;no_age_initially_given_in_raw_data;NA;-15.47;46.7;NA;37810;07_Jul;repro;NA;NA;no;rave_Mari;265;73;655;1033;316;205;111;271;250;274;250;14833;4579;8;1257;10913;45;6422;45;rave;rave_GO;no
2410;69-03;Mariarano;adult;M;ravelobensis;3;rave;23,6;13;36,4;21;20,5;8;9,4;40;23,8;8;92;141;54;24;GO;6.7;10;2.7;2.7;10;enlarged;NA;NA;no_age_initially_given_in_raw_data;NA;-15.47;46.7;NA;37810;07_Jul;repro;NA;NA;no;rave_Mari;265;73;655;1033;316;205;111;271;250;274;250;14833;4579;8;1257;10913;45;6422;45;rave;rave_GO;no
2411;94-03;Mariarano;adult;M;ravelobensis;3;rave;#NV;#NV;#NV;#NV;#NV;#NV;#NV;#NV;#NV;#NV;#NV;#NV;54;NA;GO;6.9;8.8000000000000007;NA;NA;8.5;enlarged;NA;NA;no_age_initially_given_in_raw_data;NA;-15.47;46.7;NA;37811;07_Jul;repro;NA;NA;no;rave_Mari;265;73;655;1033;316;205;111;271;250;274;250;14833;4579;8;1257;10913;45;6422;45;rave;rave_GO;no
2412;59-03;Mariarano;adult;M;ravelobensis;3;rave;21,3;11,7;37,3;22;21,4;7,8;9,3;41,4;22,1;7,8;88;161;55;26;GO;6.4;7.6;3.3;3.1;9.1;enlarged;NA;NA;no_age_initially_given_in_raw_data;NA;-15.47;46.7;NA;37809;07_Jul;repro;NA;NA;no;rave_Mari;265;73;655;1033;316;205;111;271;250;274;250;14833;4579;8;1257;10913;45;6422;45;rave;rave_GO;no
2413;78-03;Mariarano;adult;F;ravelobensis;3;rave;#NV;#NV;#NV;#NV;#NV;#NV;#NV;#NV;#NV;#NV;#NV;#NV;55;NA;GO;NA;NA;NA;NA;NA;NA;closed;NA;no_age_initially_given_in_raw_data;NA;-15.47;46.7;NA;37811;07_Jul;repro;NA;NA;no;rave_Mari;265;73;655;1033;316;205;111;271;250;274;250;14833;4579;8;1257;10913;45;6422;45;rave;rave_GO;no
2414;91-03;Mariarano;adult;M;ravelobensis;3;rave;#NV;#NV;#NV;#NV;#NV;#NV;#NV;#NV;#NV;#NV;#NV;#NV;55;NA;GO;10.1;10.9;4.4000000000000004;4.9000000000000004;12.3;enlarged;NA;NA;no_age_initially_given_in_raw_data;NA;-15.47;46.7;NA;37811;07_Jul;repro;NA;NA;no;rave_Mari;265;73;655;1033;316;205;111;271;250;274;250;14833;4579;8;1257;10913;45;6422;45;rave;rave_GO;no
2415;F65-14Mari;Mariarano;adult;F;ravelobensis;3;rave;#NV;#NV;34,6;#NV;#NV;#NV;#NV;41,1;#NV;#NV;86;145;55;NA;UR;NA;NA;NA;NA;NA;NA;NA;NA;NA;NA;-15.47;46.7;NA;41822;07_Jul;repro;NA;B4;NA;rave_Mari;265;73;655;1033;316;205;111;271;250;274;250;14833;4579;8;1257;10913;45;6422;45;rave;rave_UR;no
2416;64-03;Mariarano;adult;F;ravelobensis;3;rave;20,5;13,4;38,7;21,3;20;7,7;#NV;41,1;24,1;9,5;86;168;56;21;GO;NA;NA;NA;NA;NA;NA;closed;NA;no_age_initially_given_in_raw_data;NA;-15.47;46.7;NA;37810;07_Jul;repro;NA;NA;no;rave_Mari;265;73;655;1033;316;205;111;271;250;274;250;14833;4579;8;1257;10913;45;6422;45;rave;rave_GO;no
2417;100-03;Mariarano;adult;M;ravelobensis;3;rave;21,3;12,3;38,7;23,1;19,6;7,3;9,4;41,8;27,3;8,8;89;152;56;21;GO;8;9.4;4.0999999999999996;4.4000000000000004;9.6999999999999993;enlarged;NA;NA;no_age_initially_given_in_raw_data;NA;-15.47;46.7;NA;37815;07_Jul;repro;NA;NA;no;rave_Mari;265;73;655;1033;316;205;111;271;250;274;250;14833;4579;8;1257;10913;45;6422;45;rave;rave_GO;no
2418;89-03;Mariarano;adult;F;ravelobensis;3;rave;#NV;#NV;#NV;#NV;#NV;#NV;#NV;#NV;#NV;#NV;#NV;#NV;56;NA;GO;NA;NA;NA;NA;NA;NA;closed;NA;no_age_initially_given_in_raw_data;NA;-15.47;46.7;NA;37811;07_Jul;repro;NA;NA;no;rave_Mari;265;73;655;1033;316;205;111;271;250;274;250;14833;4579;8;1257;10913;45;6422;45;rave;rave_GO;no
2419;F115-14Mari;Mariarano;adult;F;ravelobensis;3;rave;#NV;#NV;37,5;#NV;#NV;#NV;#NV;39,7;#NV;#NV;83;144;56;NA;UR;NA;NA;NA;NA;NA;NA;NA;NA;NA;NA;-15.49;46.7;NA;41827;07_Jul;repro;NA;B14;NA;rave_Mari;265;75;651;1045;318;203;115;270;249;273;249;15155;4663;8;1254;11137;45;6562;45;rave;rave_UR;no
2420;70-03;Mariarano;adult;F;ravelobensis;3;rave;21,4;14,1;35,9;22,2;21,1;7,4;9;38,5;23,6;8,4;83;156;57;27;GO;NA;NA;NA;NA;NA;NA;closed;NA;no_age_initially_given_in_raw_data;NA;-15.47;46.7;NA;37811;07_Jul;repro;NA;NA;no;rave_Mari;265;73;655;1033;316;205;111;271;250;274;250;14833;4579;8;1257;10913;45;6422;45;rave;rave_GO;no
2421;82-03;Mariarano;adult;F;ravelobensis;3;rave;22,3;12,7;37,8;21,7;19,5;7,3;8,8;39,4;22,9;8,8;91;156;57;21;GO;NA;NA;NA;NA;NA;NA;closed;NA;no_age_initially_given_in_raw_data;NA;-15.47;46.7;NA;37811;07_Jul;repro;NA;NA;no;rave_Mari;265;73;655;1033;316;205;111;271;250;274;250;14833;4579;8;1257;10913;45;6422;45;rave;rave_GO;no
2422;77-03;Mariarano;adult;M;ravelobensis;3;rave;#NV;#NV;#NV;#NV;#NV;#NV;#NV;#NV;#NV;#NV;#NV;#NV;57;NA;GO;9.6;12.6;4.5;4.8;10.7;enlarged;NA;NA;no_age_initially_given_in_raw_data;NA;-15.47;46.7;NA;37811;07_Jul;repro;NA;NA;no;rave_Mari;265;73;655;1033;316;205;111;271;250;274;250;14833;4579;8;1257;10913;45;6422;45;rave;rave_GO;no
2423;F63-14Mari;Mariarano;adult;F;ravelobensis;3;rave;#NV;#NV;34,7;#NV;#NV;#NV;#NV;37,2;#NV;#NV;82;157;57;NA;UR;NA;NA;NA;NA;NA;NA;NA;NA;NA;NA;-15.47;46.7;NA;41822;07_Jul;repro;NA;1;RADSEQ;rave_Mari;265;73;655;1033;316;205;111;271;250;274;250;14833;4579;8;1257;10913;45;6422;45;rave;rave_UR;no
2424;108-03;Mariarano;adult;F;ravelobensis;3;rave;21,1;11,2;33,7;21,3;20,1;7,1;8,5;40,7;23;7,5;96;151;58;20;GO;NA;NA;NA;NA;NA;NA;closed;NA;no_age_initially_given_in_raw_data;NA;-15.47;46.7;NA;37818;07_Jul;repro;NA;NA;no;rave_Mari;265;73;655;1033;316;205;111;271;250;274;250;14833;4579;8;1257;10913;45;6422;45;rave;rave_GO;no
2425;56-03;Mariarano;adult;F;ravelobensis;3;rave;21,3;12,9;38,2;22,9;19,6;6,1;8,3;40,7;24;7,2;91;161;58;26;GO;NA;NA;NA;NA;NA;NA;closed;NA;no_age_initially_given_in_raw_data;NA;-15.47;46.7;NA;37809;07_Jul;repro;NA;NA;no;rave_Mari;265;73;655;1033;316;205;111;271;250;274;250;14833;4579;8;1257;10913;45;6422;45;rave;rave_GO;no
2426;72-03;Mariarano;adult;F;ravelobensis;3;rave;#NV;#NV;#NV;#NV;#NV;#NV;#NV;#NV;#NV;#NV;#NV;#NV;58;NA;GO;NA;NA;NA;NA;NA;NA;closed;NA;no_age_initially_given_in_raw_data;NA;-15.47;46.7;NA;37811;07_Jul;repro;NA;NA;no;rave_Mari;265;73;655;1033;316;205;111;271;250;274;250;14833;4579;8;1257;10913;45;6422;45;rave;rave_GO;no
2427;M125-14Mari;Mariarano;adult;M;ravelobensis;3;rave;#NV;#NV;34,6;#NV;#NV;#NV;#NV;37,4;#NV;#NV;81;155;58;NA;UR;NA;NA;NA;NA;NA;NA;NA;NA;NA;NA;-15.49;46.7;NA;41827;07_Jul;repro;NA;A14;RADSEQ;rave_Mari;265;75;651;1045;318;203;115;270;249;273;249;15155;4663;8;1254;11137;45;6562;45;rave;rave_UR;no
2428;84-03;Mariarano;adult;M;ravelobensis;3;rave;19,4;13,7;36,5;20,8;20,5;7,5;7,8;40,4;24,2;7,9;93;158;59;26;GO;11.6;12.7;5.7;4.7;12.6;enlarged;NA;NA;no_age_initially_given_in_raw_data;NA;-15.47;46.7;NA;37811;07_Jul;repro;NA;NA;no;rave_Mari;265;73;655;1033;316;205;111;271;250;274;250;14833;4579;8;1257;10913;45;6422;45;rave;rave_GO;no
2429;73-03;Mariarano;adult;F;ravelobensis;3;rave;21,4;11,7;36,1;21,5;20,6;7,6;9,6;41,1;24;7,4;89;151;59;22;GO;NA;NA;NA;NA;NA;NA;closed;NA;no_age_initially_given_in_raw_data;NA;-15.47;46.7;NA;37811;07_Jul;repro;NA;NA;no;rave_Mari;265;73;655;1033;316;205;111;271;250;274;250;14833;4579;8;1257;10913;45;6422;45;rave;rave_GO;no
2430;96-03;Mariarano;adult;F;ravelobensis;3;rave;22,1;14,2;#NV;21,8;22,2;7,7;8,7;41,9;24,4;9,1;94;167;59;26;GO;NA;NA;NA;NA;NA;NA;closed;NA;no_age_initially_given_in_raw_data;NA;-15.47;46.7;NA;37815;07_Jul;repro;NA;NA;no;rave_Mari;265;73;655;1033;316;205;111;271;250;274;250;14833;4579;8;1257;10913;45;6422;45;rave;rave_GO;no
2431;F136-14Mari;Mariarano;adult;F;ravelobensis;3;rave;#NV;#NV;35,6;#NV;#NV;#NV;#NV;38,6;#NV;#NV;94;158;59;NA;UR;NA;NA;NA;NA;NA;NA;NA;NA;NA;NA;-15.47;46.7;NA;41828;07_Jul;repro;NA;BD;NA;rave_Mari;265;73;655;1033;316;205;111;271;250;274;250;14833;4579;8;1257;10913;45;6422;45;rave;rave_UR;no
2432;F64-14Mari;Mariarano;adult;F;ravelobensis;3;rave;#NV;#NV;35;#NV;#NV;#NV;#NV;37,4;#NV;#NV;85;156;59;NA;UR;NA;NA;NA;NA;NA;NA;NA;NA;NA;NA;-15.47;46.7;NA;41822;07_Jul;repro;NA;C2;NA;rave_Mari;265;73;655;1033;316;205;111;271;250;274;250;14833;4579;8;1257;10913;45;6422;45;rave;rave_UR;no
2433;102-03;Mariarano;adult;F;ravelobensis;3;rave;22,2;11,6;#NV;23,9;21,8;7,9;10,2;44,4;25,2;7,8;98;163;60;24;GO;NA;NA;NA;NA;NA;NA;closed;NA;no_age_initially_given_in_raw_data;NA;-15.47;46.7;NA;37817;07_Jul;repro;NA;NA;no;rave_Mari;265;73;655;1033;316;205;111;271;250;274;250;14833;4579;8;1257;10913;45;6422;45;rave;rave_GO;no
2434;105-03;Mariarano;adult;F;ravelobensis;3;rave;22,4;13,3;37,2;23,4;22,2;6,9;8,1;40,6;23,2;8;94;156;61;26;GO;NA;NA;NA;NA;NA;NA;closed;NA;no_age_initially_given_in_raw_data;NA;-15.47;46.7;NA;37817;07_Jul;repro;NA;NA;no;rave_Mari;265;73;655;1033;316;205;111;271;250;274;250;14833;4579;8;1257;10913;45;6422;45;rave;rave_GO;no
2435;55-03;Mariarano;adult;F;ravelobensis;3;rave;24,4;13,6;37,5;23,3;20,3;6,5;9,4;40,1;23,6;9,3;91;161;61;23;GO;NA;NA;NA;NA;NA;NA;closed;NA;no_age_initially_given_in_raw_data;NA;-15.47;46.7;NA;37809;07_Jul;repro;NA;NA;no;rave_Mari;265;73;655;1033;316;205;111;271;250;274;250;14833;4579;8;1257;10913;45;6422;45;rave;rave_GO;no
2436;F112-14Mari;Mariarano;adult;F;ravelobensis;3;rave;#NV;#NV;36;#NV;#NV;#NV;#NV;40,4;#NV;#NV;84;154;61;NA;UR;NA;NA;NA;NA;NA;NA;NA;NA;NA;NA;-15.49;46.7;NA;41827;07_Jul;repro;NA;A14;NA;rave_Mari;265;75;651;1045;318;203;115;270;249;273;249;15155;4663;8;1254;11137;45;6562;45;rave;rave_UR;no
2437;F173-14Mari;Mariarano;adult;F;ravelobensis;3;rave;#NV;#NV;36,4;#NV;#NV;#NV;#NV;41,3;#NV;#NV;87;155;61;NA;UR;NA;NA;NA;NA;NA;NA;NA;NA;NA;NA;-15.47;46.7;NA;41834;07_Jul;repro;NA;D1;NA;rave_Mari;265;73;655;1033;316;205;111;271;250;274;250;14833;4579;8;1257;10913;45;6422;45;rave;rave_UR;no
2438;M174-14Mari;Mariarano;adult;M;ravelobensis;3;rave;#NV;#NV;36,2;#NV;#NV;#NV;#NV;41,9;#NV;#NV;88;147;62;NA;UR;NA;NA;NA;NA;NA;NA;NA;NA;NA;NA;-15.47;46.7;NA;41834;07_Jul;repro;NA;C3;NA;rave_Mari;265;73;655;1033;316;205;111;271;250;274;250;14833;4579;8;1257;10913;45;6422;45;rave;rave_UR;no
2439;M175-14Mari;Mariarano;adult;M;ravelobensis;3;rave;#NV;#NV;36,7;#NV;#NV;#NV;#NV;42,4;#NV;#NV;81;158;62;NA;UR;NA;NA;NA;NA;NA;NA;NA;NA;NA;NA;-15.47;46.7;NA;41834;07_Jul;repro;NA;AB;NA;rave_Mari;265;73;655;1033;316;205;111;271;250;274;250;14833;4579;8;1257;10913;45;6422;45;rave;rave_UR;no
2440;68-03;Mariarano;adult;F;ravelobensis;3;rave;23,7;12,5;36,1;22;20,5;#NV;9;40,5;23,6;9;96;158;63;21;GO;NA;NA;NA;NA;NA;NA;closed;NA;no_age_initially_given_in_raw_data;NA;-15.47;46.7;NA;37810;07_Jul;repro;NA;NA;no;rave_Mari;265;73;655;1033;316;205;111;271;250;274;250;14833;4579;8;1257;10913;45;6422;45;rave;rave_GO;no
2441;F118-147Mari;Mariarano;adult;F;ravelobensis;3;rave;#NV;#NV;36,1;#NV;#NV;#NV;#NV;42,2;#NV;#NV;75;150;63;NA;UR;NA;NA;NA;NA;NA;NA;NA;NA;NA;NA;-15.49;46.7;NA;41827;07_Jul;repro;NA;D13;NA;rave_Mari;265;75;651;1045;318;203;115;270;249;273;249;15155;4663;8;1254;11137;45;6562;45;rave;rave_UR;no
2442;76-03;Mariarano;adult;M;ravelobensis;3;rave;22;13,1;#NV;22,3;20,3;7,2;9,6;41;24,9;8;90;159;64;20;GO;8.4;12.6;4.2;4.4000000000000004;11.1;enlarged;NA;NA;no_age_initially_given_in_raw_data;NA;-15.47;46.7;NA;37811;07_Jul;repro;NA;NA;no;rave_Mari;265;73;655;1033;316;205;111;271;250;274;250;14833;4579;8;1257;10913;45;6422;45;rave;rave_GO;no
2443;95-03;Mariarano;adult;F;ravelobensis;3;rave;23,2;14,2;34,9;22,1;22;7,5;10,5;39,3;24,1;8,4;95;161;66;25;GO;NA;NA;NA;NA;NA;NA;closed;NA;no_age_initially_given_in_raw_data;NA;-15.47;46.7;NA;37815;07_Jul;repro;NA;NA;no;rave_Mari;265;73;655;1033;316;205;111;271;250;274;250;14833;4579;8;1257;10913;45;6422;45;rave;rave_GO;no
2445;113-03;Tanambao;adult;F;ravelobensis;3;rave;23,2;13,5;34,9;22;21,3;8,4;9,6;42;23,7;9,1;81;160;48;22;GO;NA;NA;NA;NA;NA;NA;closed;NA;no_age_initially_given_in_raw_data;NA;-15.509042000000001;46.603281000000003;NA;37832;07_Jul;repro;NA;NA;no;rave_Mari;264;75;655;1002;317;203;114;269;249;272;249;16213;5093;10;1270;12026;51;6950;51;rave;rave_GO;no
2446;120-03;Tanambao;adult;M;ravelobensis;3;rave;22,7;13,9;36;20,5;20;6,7;10,1;40,9;24,5;8,5;89;165;49;21;GO;8.5;11.1;4;5.2;10.5;enlarged;NA;NA;no_age_initially_given_in_raw_data;NA;-15.509042000000001;46.603281000000003;NA;37832;07_Jul;repro;NA;NA;no;rave_Mari;264;75;655;1002;317;203;114;269;249;272;249;16213;5093;10;1270;12026;51;6950;51;rave;rave_GO;no
2447;116-03;Tanambao;adult;F;ravelobensis;3;rave;20;12,1;35,5;21,5;19,8;7,1;10,4;39;22;9,7;93;163;51;25;GO;NA;NA;NA;NA;NA;NA;closed;NA;no_age_initially_given_in_raw_data;NA;-15.509042000000001;46.603281000000003;NA;37832;07_Jul;repro;NA;NA;no;rave_Mari;264;75;655;1002;317;203;114;269;249;272;249;16213;5093;10;1270;12026;51;6950;51;rave;rave_GO;no
2448;114-03;Tanambao;adult;F;ravelobensis;3;rave;21,2;11,6;34,3;21,6;19;6,8;8,4;39,5;22;8,6;94;152;51;22;GO;NA;NA;NA;NA;NA;NA;closed;NA;no_age_initially_given_in_raw_data;NA;-15.509042000000001;46.603281000000003;NA;37832;07_Jul;repro;NA;NA;no;rave_Mari;264;75;655;1002;317;203;114;269;249;272;249;16213;5093;10;1270;12026;51;6950;51;rave;rave_GO;no
2449;119-03;Tanambao;adult;F;ravelobensis;3;rave;18,3;13,5;37,4;20,7;21,1;#NV;11,8;40;23,9;8,3;97;156;57;24;GO;NA;NA;NA;NA;NA;NA;closed;NA;no_age_initially_given_in_raw_data;NA;-15.509042000000001;46.603281000000003;NA;37832;07_Jul;repro;NA;NA;no;rave_Mari;264;75;655;1002;317;203;114;269;249;272;249;16213;5093;10;1270;12026;51;6950;51;rave;rave_GO;no
2450;115-03;Tanambao;adult;F;ravelobensis;3;rave;21,9;12,3;37,1;24,6;19,5;#NV;9,1;41,6;24,4;9,8;99;166;62;28;GO;NA;NA;NA;NA;NA;NA;closed;NA;no_age_initially_given_in_raw_data;NA;-15.509042000000001;46.603281000000003;NA;37832;07_Jul;repro;NA;NA;no;rave_Mari;264;75;655;1002;317;203;114;269;249;272;249;16213;5093;10;1270;12026;51;6950;51;rave;rave_GO;no
2451;111-03;Tanambao;adult;F;ravelobensis;3;rave;23,5;13,7;37,3;23;21,2;8,1;10,6;41,8;24,3;9,1;94;164;62;24;GO;NA;NA;NA;NA;NA;NA;closed;NA;no_age_initially_given_in_raw_data;NA;-15.509042000000001;46.603281000000003;NA;37832;07_Jul;repro;NA;NA;no;rave_Mari;264;75;655;1002;317;203;114;269;249;272;249;16213;5093;10;1270;12026;51;6950;51;rave;rave_GO;no
2452;112-03;Tanambao;adult;F;ravelobensis;3;rave;22,4;13,4;37,9;21,8;21,9;8;9,7;44,7;23;9,6;104;159;64;25;GO;NA;NA;NA;NA;NA;NA;closed;NA;no_age_initially_given_in_raw_data;NA;-15.509042000000001;46.603281000000003;NA;37832;07_Jul;repro;NA;NA;no;rave_Mari;264;75;655;1002;317;203;114;269;249;272;249;16213;5093;10;1270;12026;51;6950;51;rave;rave_GO;no
2457;139-03;Tanambao;adult;F;ravelobensis;3;rave;21,7;13,1;34,7;21,8;18,5;6,9;9,1;38,8;21,8;10,1;82;156;40;18;GO;NA;NA;NA;NA;NA;NA;closed;NA;no_age_initially_given_in_raw_data;NA;-15.509042000000001;46.603281000000003;NA;37835;08_Aug;repro;NA;NA;no;rave_Mari;264;75;655;1002;317;203;114;269;249;272;249;16213;5093;10;1270;12026;51;6950;51;rave;rave_GO;no
2458;147-03;Tanambao;adult;M;ravelobensis;3;rave;20,4;13,9;34,9;19,5;19,4;7,3;8,6;38;22,7;8,6;84;156;42;18;GO;7.1;8.1;NA;NA;8.4;enlarged;NA;NA;no_age_initially_given_in_raw_data;NA;-15.509042000000001;46.603281000000003;NA;37842;08_Aug;repro;NA;NA;no;rave_Mari;264;75;655;1002;317;203;114;269;249;272;249;16213;5093;10;1270;12026;51;6950;51;rave;rave_GO;no
2459;133-03;Tanambao;adult;F;ravelobensis;3;rave;21,1;13,2;35;21,1;#NV;7,1;8,1;40,2;23,6;9,8;79;154;43;23;GO;NA;NA;NA;NA;NA;NA;closed;NA;no_age_initially_given_in_raw_data;NA;-15.509042000000001;46.603281000000003;NA;37835;08_Aug;repro;NA;NA;no;rave_Mari;264;75;655;1002;317;203;114;269;249;272;249;16213;5093;10;1270;12026;51;6950;51;rave;rave_GO;no
2460;131-03;Tanambao;adult;M;ravelobensis;3;rave;20,8;13,5;34,6;20,7;18,7;7,2;9,9;40;24,7;8,1;79;151;44;22;GO;6.5;8.1999999999999993;NA;NA;9.1;enlarged;NA;NA;no_age_initially_given_in_raw_data;NA;-15.509042000000001;46.603281000000003;NA;37835;08_Aug;repro;NA;NA;no;rave_Mari;264;75;655;1002;317;203;114;269;249;272;249;16213;5093;10;1270;12026;51;6950;51;rave;rave_GO;no
2461;140-03;Tanambao;adult;M;ravelobensis;3;rave;22;12,7;36,1;21,1;19,9;6,9;9,2;39,1;24,2;7,5;81;156;46;20;GO;10;9.8000000000000007;3.6;4.0999999999999996;9.6;enlarged;NA;NA;no_age_initially_given_in_raw_data;NA;-15.509042000000001;46.603281000000003;NA;37835;08_Aug;repro;NA;NA;no;rave_Mari;264;75;655;1002;317;203;114;269;249;272;249;16213;5093;10;1270;12026;51;6950;51;rave;rave_GO;no
2462;134-03;Tanambao;adult;M;ravelobensis;3;rave;23,8;11,6;35,2;21;19,8;7,9;9,9;43;24,1;#NV;88;166;46;25;GO;9.3000000000000007;10.4;4.3;5.5;9.9;enlarged;NA;NA;no_age_initially_given_in_raw_data;NA;-15.509042000000001;46.603281000000003;NA;37835;08_Aug;repro;NA;NA;no;rave_Mari;264;75;655;1002;317;203;114;269;249;272;249;16213;5093;10;1270;12026;51;6950;51;rave;rave_GO;no
2463;132-03;Tanambao;adult;M;ravelobensis;3;rave;23,3;11,7;35,8;21,8;19,3;7,2;8,5;39,5;23,5;8,3;89;156;48;21;GO;8.8000000000000007;8.6;3;4.5;9.6;enlarged;NA;NA;no_age_initially_given_in_raw_data;NA;-15.509042000000001;46.603281000000003;NA;37835;08_Aug;repro;NA;NA;no;rave_Mari;264;75;655;1002;317;203;114;269;249;272;249;16213;5093;10;1270;12026;51;6950;51;rave;rave_GO;no
2464;127-03;Tanambao;adult;M;ravelobensis;3;rave;20,5;12,7;36;20,5;20,3;7,2;10,4;41;23,7;8,7;90;152;49;18;GO;8.1;9.6999999999999993;3.3;3.2;8.8000000000000007;enlarged;NA;NA;no_age_initially_given_in_raw_data;NA;-15.509042000000001;46.603281000000003;NA;37834;08_Aug;repro;NA;NA;no;rave_Mari;264;75;655;1002;317;203;114;269;249;272;249;16213;5093;10;1270;12026;51;6950;51;rave;rave_GO;no
2465;138-03;Tanambao;adult;F;ravelobensis;3;rave;24,6;15;36,3;21;20,9;6,6;9,4;41,4;23,7;10,6;92;158;51;27;GO;NA;NA;NA;NA;NA;NA;closed;NA;no_age_initially_given_in_raw_data;NA;-15.509042000000001;46.603281000000003;NA;37835;08_Aug;repro;NA;NA;no;rave_Mari;264;75;655;1002;317;203;114;269;249;272;249;16213;5093;10;1270;12026;51;6950;51;rave;rave_GO;no
2466;125-03;Tanambao;adult;M;ravelobensis;3;rave;20,6;13,2;38,5;22,6;#NV;7,5;11,1;40,2;22,6;10,2;92;164;52;21;GO;13.1;14.1;5.4;4.8;14;enlarged;NA;NA;no_age_initially_given_in_raw_data;NA;-15.509042000000001;46.603281000000003;NA;37834;08_Aug;repro;NA;NA;no;rave_Mari;264;75;655;1002;317;203;114;269;249;272;249;16213;5093;10;1270;12026;51;6950;51;rave;rave_GO;no
2467;136-03;Tanambao;adult;F;ravelobensis;3;rave;19,1;12,7;36,9;23,5;18,7;7;10,3;41,8;24;10,5;92;152;54;23;GO;NA;NA;NA;NA;NA;NA;closed;NA;no_age_initially_given_in_raw_data;NA;-15.509042000000001;46.603281000000003;NA;37835;08_Aug;repro;NA;NA;no;rave_Mari;264;75;655;1002;317;203;114;269;249;272;249;16213;5093;10;1270;12026;51;6950;51;rave;rave_GO;no
2468;128-03;Tanambao;adult;M;ravelobensis;3;rave;23;13;35,8;23,5;20,9;7,4;8,7;43;25;7,7;97;161;56;26;GO;12.3;15.7;8;7.1;15;enlarged;NA;NA;no_age_initially_given_in_raw_data;NA;-15.509042000000001;46.603281000000003;NA;37834;08_Aug;repro;NA;NA;no;rave_Mari;264;75;655;1002;317;203;114;269;249;272;249;16213;5093;10;1270;12026;51;6950;51;rave;rave_GO;no
2469;122-03;Tanambao;adult;F;ravelobensis;3;rave;19,7;13;37,8;21,4;21,9;8,4;10;43,1;23,1;10,7;96;178;60;22;GO;NA;NA;NA;NA;NA;NA;closed;NA;no_age_initially_given_in_raw_data;NA;-15.509042000000001;46.603281000000003;NA;37834;08_Aug;repro;NA;NA;no;rave_Mari;264;75;655;1002;317;203;114;269;249;272;249;16213;5093;10;1270;12026;51;6950;51;rave;rave_GO;no
2470;145-03;Tanambao;adult;M;ravelobensis;3;rave;21,8;13,9;35,8;22,1;18,9;6,9;9,3;40;24,1;10,3;97;154;63;20;GO;15.5;13.6;5.3;5.8;13.6;enlarged;NA;NA;no_age_initially_given_in_raw_data;NA;-15.509042000000001;46.603281000000003;NA;37837;08_Aug;repro;NA;NA;no;rave_Mari;264;75;655;1002;317;203;114;269;249;272;249;16213;5093;10;1270;12026;51;6950;51;rave;rave_GO;no
2471;130-03;Tanambao;adult;F;ravelobensis;3;rave;22,5;13,6;37,5;20,8;19,7;7,1;11,4;42,3;24,7;9,5;98;157;66;26;GO;NA;NA;NA;NA;NA;NA;closed;NA;no_age_initially_given_in_raw_data;NA;-15.509042000000001;46.603281000000003;NA;37835;08_Aug;repro;NA;NA;no;rave_Mari;264;75;655;1002;317;203;114;269;249;272;249;16213;5093;10;1270;12026;51;6950;51;rave;rave_GO;no
2472;362-03;Tsiaramaso;adult;M;ravelobensis;3;rave;19,7;14,3;36,8;20,9;19,5;7,8;7,1;40,1;24,9;9,2;85;161;53;22;GO;14.9;15.7;7;8;13.9;enlarged;NA;NA;no_age_initially_given_in_raw_data;NA;-15.831709729999901;47.09158584;NA;37907;10_Oct;repro;NA;NA;no;rave_ANP_E;271;100;651;1155;346;193;153;274;253;284;253;15163;4226;4;1196;10762;32;4109;32;rave;rave_GO;no
2473;366-03;Tsiaramaso;adult;F;ravelobensis;3;rave;23,1;13,1;36,1;20,9;20,8;7,2;9,6;41,7;25,1;9,2;88;155;53;25;GO;NA;NA;NA;NA;NA;NA;open;NA;no_age_initially_given_in_raw_data;NA;-15.831709729999901;47.09158584;NA;37911;10_Oct;repro;NA;NA;no;rave_ANP_E;271;100;651;1155;346;193;153;274;253;284;253;15163;4226;4;1196;10762;32;4109;32;rave;rave_GO;no
2474;365-03;Tsiaramaso;adult;F;ravelobensis;3;rave;23,2;11,4;35,7;20,6;20,3;7,9;8,7;42,9;26;8,9;89;162;#NV;21;GO;NA;NA;NA;NA;NA;NA;pregnant;53;no_age_initially_given_in_raw_data;NA;-15.831709729999901;47.09158584;NA;37911;10_Oct;repro;NA;NA;no;rave_ANP_E;271;100;651;1155;346;193;153;274;253;284;253;15163;4226;4;1196;10762;32;4109;32;rave;rave_GO;no
2475;358-03;Tsiaramaso;adult;F;ravelobensis;3;rave;22,5;12,5;36,5;20,7;19,2;7,2;9,1;40,4;26,1;9,5;88;170;#NV;22;GO;NA;NA;NA;NA;NA;NA;pregnant;54;no_age_initially_given_in_raw_data;NA;-15.831709729999901;47.09158584;NA;37904;10_Oct;repro;NA;NA;no;rave_ANP_E;271;100;651;1155;346;193;153;274;253;284;253;15163;4226;4;1196;10762;32;4109;32;rave;rave_GO;no
2476;367-03;Tsiaramaso;adult;F;ravelobensis;3;rave;19,1;14;#NV;22,1;20,7;8;8,6;42,6;25,6;10,4;89;162;59;25;GO;NA;NA;NA;NA;NA;NA;open;NA;no_age_initially_given_in_raw_data;NA;-15.831709729999901;47.09158584;NA;37911;10_Oct;repro;NA;NA;no;rave_ANP_E;271;100;651;1155;346;193;153;274;253;284;253;15163;4226;4;1196;10762;32;4109;32;rave;rave_GO;no
2477;360-03;Tsiaramaso;adult;M;ravelobensis;3;rave;22,2;12,4;35,2;20,4;21,5;8,4;7,5;41,3;25,7;9,4;89;154;59;22;GO;16.399999999999999;16.100000000000001;5.8;7.6;17.100000000000001;enlarged;NA;NA;no_age_initially_given_in_raw_data;NA;-15.831709729999901;47.09158584;NA;37905;10_Oct;repro;NA;NA;no;rave_ANP_E;271;100;651;1155;346;193;153;274;253;284;253;15163;4226;4;1196;10762;32;4109;32;rave;rave_GO;no
2478;361-03;Tsiaramaso;adult;M;ravelobensis;3;rave;21,7;14,6;37,2;21;21,5;7,9;9,8;42,4;27;10,1;78;161;62;21;GO;14;13.9;8.3000000000000007;8.3000000000000007;12.8;enlarged;NA;NA;no_age_initially_given_in_raw_data;NA;-15.831709729999901;47.09158584;NA;37905;10_Oct;repro;NA;NA;no;rave_ANP_E;271;100;651;1155;346;193;153;274;253;284;253;15163;4226;4;1196;10762;32;4109;32;rave;rave_GO;no
2479;364-03;Tsiaramaso;adult;F;ravelobensis;3;rave;22,2;13,8;36,8;22,1;20,1;7,1;7,8;41,6;24;9,2;97;158;66;25;GO;NA;NA;NA;NA;NA;NA;closed;NA;no_age_initially_given_in_raw_data;NA;-15.831709729999901;47.09158584;NA;37907;10_Oct;repro;NA;NA;no;rave_ANP_E;271;100;651;1155;346;193;153;274;253;284;253;15163;4226;4;1196;10762;32;4109;32;rave;rave_GO;no
2480;370-03;Tsiaramaso;adult;F;ravelobensis;3;rave;22,8;12,4;37,2;21,9;22,5;7,7;9,2;41,3;25,4;8,2;91;154;70;24;GO;NA;NA;NA;NA;NA;NA;closed;NA;no_age_initially_given_in_raw_data;NA;-15.831709729999901;47.09158584;NA;37912;10_Oct;repro;NA;NA;no;rave_ANP_E;271;100;651;1155;346;193;153;274;253;284;253;15163;4226;4;1196;10762;32;4109;32;rave;rave_GO;no
2481;371-03;Tsiaramaso;adult;F;ravelobensis;3;rave;19,9;14,1;37,4;22;21,8;7,7;9,7;42,5;23,9;10;84;151;74;25;GO;NA;NA;NA;NA;NA;NA;open;NA;no_age_initially_given_in_raw_data;NA;-15.831709729999901;47.09158584;NA;37913;10_Oct;repro;NA;NA;no;rave_ANP_E;271;100;651;1155;346;193;153;274;253;284;253;15163;4226;4;1196;10762;32;4109;32;rave;rave_GO;no
2482;359-03;Tsiaramaso;adult;F;ravelobensis;3;rave;21,7;13,2;38,2;23;21,3;7,3;9,9;37,8;25,1;8,7;96;153;75;26;GO;NA;NA;NA;NA;NA;NA;open;NA;no_age_initially_given_in_raw_data;NA;-15.831709729999901;47.09158584;NA;37904;10_Oct;repro;NA;NA;no;rave_ANP_E;271;100;651;1155;346;193;153;274;253;284;253;15163;4226;4;1196;10762;32;4109;32;rave;rave_GO;no
2483;369-03;Tsiaramaso;adult;F;ravelobensis;3;rave;23,6;12,1;36,1;23,4;23,1;7;10;42,1;25,5;9,1;98;159;76;26;GO;NA;NA;NA;NA;NA;NA;closed;NA;no_age_initially_given_in_raw_data;NA;-15.831709729999901;47.09158584;NA;37912;10_Oct;repro;NA;NA;no;rave_ANP_E;271;100;651;1155;346;193;153;274;253;284;253;15163;4226;4;1196;10762;32;4109;32;rave;rave_GO;no
2484;363-03;Tsiaramaso;adult;F;ravelobensis;3;rave;18,5;13,3;37,7;22,3;21,8;8;9,3;41,2;26;10;90;167;77;26;GO;NA;NA;NA;NA;NA;NA;closed;NA;no_age_initially_given_in_raw_data;NA;-15.831709729999901;47.09158584;NA;37907;10_Oct;repro;NA;NA;no;rave_ANP_E;271;100;651;1155;346;193;153;274;253;284;253;15163;4226;4;1196;10762;32;4109;32;rave;rave_GO;no
2485;372-03;Tsiaramaso;adult;F;ravelobensis;3;rave;20,1;13,1;37,9;22,7;22,3;8,3;9,7;42;26,1;8,3;88;156;81;25;GO;NA;NA;NA;NA;NA;NA;open;NA;no_age_initially_given_in_raw_data;NA;-15.831709729999901;47.09158584;NA;37914;10_Oct;repro;NA;NA;no;rave_ANP_E;271;100;651;1155;346;193;153;274;253;284;253;15163;4226;4;1196;10762;32;4109;32;rave;rave_GO;no
2486;368-03;Tsiaramaso;adult;F;ravelobensis;3;rave;19,5;13,7;36,6;21,8;23,7;7;9,2;41,1;23,6;8,3;101;159;83;26.5;GO;NA;NA;NA;NA;NA;NA;closed;NA;no_age_initially_given_in_raw_data;NA;-15.831709729999901;47.09158584;NA;37912;10_Oct;repro;NA;NA;no;rave_ANP_E;271;100;651;1155;346;193;153;274;253;284;253;15163;4226;4;1196;10762;32;4109;32;rave;rave_GO;no
2488;081-880-268;Ranomafana;adult;F;rufus;5;rufu;17,8;#NV;34,85;#NV;#NV;#NV;9,2;#NV;#NV;#NV;#NV;111;35;NA;MBB;NA;NA;NA;NA;NA;NA;NA;NA;smaller morphotype;Talatakely;-21.259678999999998;47.422139000000001;990;39016;10_Oct;repro;NA;NA;NA;rufu;181;74;518;2504;246;104;142;209;149;209;146;22744;4145;649;648;11050;2251;10969;2315;rufu;rufu_MBB;no
2489;081-846-042;Ranomafana;adult;F;rufus;5;rufu;14,9;#NV;35,8;#NV;#NV;#NV;8,3;#NV;#NV;#NV;#NV;118,6;35,5;NA;MBB;NA;NA;NA;NA;NA;NA;NA;NA;smaller morphotype;Talatakely;-21.259678999999998;47.422139000000001;990;39005;10_Oct;repro;NA;NA;NA;rufu;181;74;518;2504;246;104;142;209;149;209;146;22744;4145;649;648;11050;2251;10969;2315;rufu;rufu_MBB;no
2490;081-836-868;Ranomafana;adult;M;rufus;5;rufu;20;#NV;32,6;#NV;#NV;#NV;8,9;#NV;#NV;#NV;#NV;100,9;37;NA;MBB;NA;NA;NA;NA;NA;NA;NA;NA;smaller morphotype;Talatakely;-21.259678999999998;47.422139000000001;990;39020;10_Oct;repro;NA;NA;NA;rufu;181;74;518;2504;246;104;142;209;149;209;146;22744;4145;649;648;11050;2251;10969;2315;rufu;rufu_MBB;no
2491;Napolean;Ranomafana;adult;M;rufus;5;rufu;18,26;#NV;34,29;#NV;#NV;#NV;10,26;#NV;#NV;#NV;#NV;114,27;38;NA;MBB;NA;NA;NA;NA;8.3000000000000007;enlarged;NA;NA;NA;Talatakely;-21.259678999999998;47.422139000000001;990;39379;10_Oct;repro;NA;NA;NA;rufu;181;74;518;2504;246;104;142;209;149;209;146;22744;4145;649;648;11050;2251;10969;2315;rufu;rufu_MBB;no
2492;081-870-858;Ranomafana;adult;M;rufus;5;rufu;18,3;#NV;33,4;#NV;#NV;#NV;8,1;#NV;#NV;#NV;#NV;109;38,5;NA;MBB;NA;NA;NA;NA;NA;NA;NA;NA;smaller morphotype;Talatakely;-21.259678999999998;47.422139000000001;990;39007;10_Oct;repro;NA;NA;NA;rufu;181;74;518;2504;246;104;142;209;149;209;146;22744;4145;649;648;11050;2251;10969;2315;rufu;rufu_MBB;no
2493;081-843-118;Ranomafana;adult;F;rufus;5;rufu;15,7;#NV;35;#NV;#NV;#NV;9,5;#NV;#NV;#NV;#NV;132,6;39;NA;MBB;NA;NA;NA;NA;NA;NA;NA;NA;larger morphotype;Talatakely;-21.259678999999998;47.422139000000001;990;39016;10_Oct;repro;NA;NA;NA;rufu;181;74;518;2504;246;104;142;209;149;209;146;22744;4145;649;648;11050;2251;10969;2315;rufu;rufu_MBB;no
2494;081-869-628;Ranomafana;adult;M;rufus;5;rufu;17,1;#NV;36,7;#NV;#NV;#NV;9,9;#NV;#NV;#NV;#NV;125,3;44;NA;MBB;NA;NA;NA;NA;NA;NA;NA;NA;smaller morphotype;Talatakely;-21.259678999999998;47.422139000000001;990;39007;10_Oct;repro;NA;NA;NA;rufu;181;74;518;2504;246;104;142;209;149;209;146;22744;4145;649;648;11050;2251;10969;2315;rufu;rufu_MBB;no
2495;081-836-856;Ranomafana;adult;F;rufus;5;rufu;17,6;#NV;35,6;#NV;#NV;#NV;9,9;#NV;#NV;#NV;#NV;111,5;44;NA;MBB;NA;NA;NA;NA;NA;NA;NA;NA;smaller morphotype;Talatakely;-21.259678999999998;47.422139000000001;990;39015;10_Oct;repro;NA;NA;NA;rufu;181;74;518;2504;246;104;142;209;149;209;146;22744;4145;649;648;11050;2251;10969;2315;rufu;rufu_MBB;no
2496;081-870-632;Ranomafana;adult;F;rufus;5;rufu;17,6;#NV;36;#NV;#NV;#NV;9,5;#NV;#NV;#NV;#NV;130,4;46;NA;MBB;NA;NA;NA;NA;NA;NA;NA;NA;larger morphotype;Talatakely;-21.259678999999998;47.422139000000001;990;39007;10_Oct;repro;NA;NA;NA;rufu;181;74;518;2504;246;104;142;209;149;209;146;22744;4145;649;648;11050;2251;10969;2315;rufu;rufu_MBB;no
2497;081-870-632;Ranomafana;adult;M;rufus;5;rufu;16,8;#NV;33,9;#NV;#NV;#NV;8,9;#NV;#NV;#NV;#NV;105;46,5;NA;MBB;NA;NA;NA;NA;NA;NA;NA;NA;smaller morphotype;Talatakely;-21.259678999999998;47.422139000000001;990;39007;10_Oct;repro;NA;NA;NA;rufu;181;74;518;2504;246;104;142;209;149;209;146;22744;4145;649;648;11050;2251;10969;2315;rufu;rufu_MBB;no
2498;081-873-892;Ranomafana;adult;M;rufus;5;rufu;18,5;#NV;35,6;#NV;#NV;#NV;10;#NV;#NV;#NV;#NV;120,9;46,5;NA;MBB;NA;NA;NA;NA;NA;NA;NA;NA;smaller morphotype;Talatakely;-21.259678999999998;47.422139000000001;990;39008;10_Oct;repro;NA;NA;NA;rufu;181;74;518;2504;246;104;142;209;149;209;146;22744;4145;649;648;11050;2251;10969;2315;rufu;rufu_MBB;no
2499;0 92121857;Ranomafana;adult;M;rufus;5;rufu;#NV;#NV;43,2;#NV;#NV;#NV;9,09;#NV;#NV;#NV;#NV;106,57;50;NA;MBB;NA;NA;NA;NA;18.34;enlarged;NA;NA;NA;Talatakely;-21.259678999999998;47.422139000000001;990;39373;10_Oct;repro;NA;NA;NA;rufu;181;74;518;2504;246;104;142;209;149;209;146;22744;4145;649;648;11050;2251;10969;2315;rufu;rufu_MBB;no
2500;145225173A;Ranomafana;adult;M;rufus;5;rufu;17,47;#NV;33,15;#NV;#NV;#NV;9,74;#NV;#NV;#NV;#NV;115,3;51;NA;MBB;NA;NA;NA;NA;NA;NA;NA;NA;NA;Talatakely;-21.259678999999998;47.422139000000001;990;39375;10_Oct;repro;NA;NA;NA;rufu;181;74;518;2504;246;104;142;209;149;209;146;22744;4145;649;648;11050;2251;10969;2315;rufu;rufu_MBB;no
2501;081-873-771;Ranomafana;adult;F;rufus;5;rufu;17,5;#NV;37,2;#NV;#NV;#NV;11,22;#NV;#NV;#NV;#NV;136;53;NA;MBB;NA;NA;NA;NA;NA;NA;NA;NA;larger morphotype;Talatakely;-21.259678999999998;47.422139000000001;990;39385;10_Oct;repro;NA;NA;NA;rufu;181;74;518;2504;246;104;142;209;149;209;146;22744;4145;649;648;11050;2251;10969;2315;rufu;rufu_MBB;no
2502;0 81877566;Ranomafana;adult;M;rufus;5;rufu;16,59;#NV;34,44;#NV;#NV;#NV;9,84;#NV;#NV;#NV;#NV;118,93;58;NA;MBB;NA;NA;NA;NA;14.74;enlarged;NA;NA;NA;Talatakely;-21.259678999999998;47.422139000000001;990;39380;10_Oct;repro;NA;NA;NA;rufu;181;74;518;2504;246;104;142;209;149;209;146;22744;4145;649;648;11050;2251;10969;2315;rufu;rufu_MBB;no
2503;081-877-566;Ranomafana;adult;M;rufus;5;rufu;17,5;#NV;37;#NV;#NV;#NV;10,2;#NV;#NV;#NV;#NV;126,2;58;NA;MBB;NA;NA;NA;NA;NA;NA;NA;NA;larger morphotype;Talatakely;-21.259678999999998;47.422139000000001;990;39380;10_Oct;repro;NA;NA;NA;rufu;181;74;518;2504;246;104;142;209;149;209;146;22744;4145;649;648;11050;2251;10969;2315;rufu;rufu_MBB;no
2504;081-874-119;Ranomafana;adult;M;rufus;5;rufu;18,86;#NV;36,12;#NV;#NV;#NV;9,7;#NV;#NV;#NV;#NV;126,06;65;NA;MBB;NA;NA;NA;NA;NA;NA;NA;NA;larger morphotype;Talatakely;-21.259678999999998;47.422139000000001;990;39380;10_Oct;repro;NA;NA;NA;rufu;181;74;518;2504;246;104;142;209;149;209;146;22744;4145;649;648;11050;2251;10969;2315;rufu;rufu_MBB;no
2505;081-848-348;Ranomafana;adult;F;rufus;5;rufu;17,5;#NV;34,7;#NV;#NV;#NV;10,6;#NV;#NV;#NV;#NV;116;37;NA;MBB;NA;NA;NA;NA;NA;NA;NA;NA;smaller morphotype;Talatakely;-21.259678999999998;47.422139000000001;990;39022;11_Nov;repro;NA;NA;NA;rufu;181;74;518;2504;246;104;142;209;149;209;146;22744;4145;649;648;11050;2251;10969;2315;rufu;rufu_MBB;no
2506;0 81871065;Ranomafana;adult;M;rufus;5;rufu;18,7;#NV;35,24;#NV;#NV;#NV;8,62;#NV;#NV;#NV;#NV;110,55;44,3;NA;MBB;NA;NA;NA;NA;7.41;enlarged;NA;NA;NA;Talatakely;-21.259678999999998;47.422139000000001;990;39392;11_Nov;repro;NA;NA;NA;rufu;181;74;518;2504;246;104;142;209;149;209;146;22744;4145;649;648;11050;2251;10969;2315;rufu;rufu_MBB;no
2507;0 81881568;Ranomafana;adult;F;rufus;5;rufu;17,58;#NV;33,66;#NV;#NV;#NV;9,62;#NV;#NV;#NV;#NV;127,55;44,5;NA;MBB;NA;NA;NA;NA;NA;NA;NA;NA;open vagina,all top incisors mising,parasites, humpback, top of right ear missing;Talatakely;-21.259678999999998;47.422139000000001;990;39405;11_Nov;repro;NA;NA;NA;rufu;181;74;518;2504;246;104;142;209;149;209;146;22744;4145;649;648;11050;2251;10969;2315;rufu;rufu_MBB;no
2508;081-881-606;Ranomafana;adult;F;rufus;5;rufu;16,45;#NV;35,7;#NV;#NV;#NV;9,5;#NV;#NV;#NV;#NV;124,7;46;NA;MBB;NA;NA;NA;NA;NA;NA;NA;NA;larger morphotype;Talatakely;-21.259678999999998;47.422139000000001;990;39028;11_Nov;repro;NA;NA;NA;rufu;181;74;518;2504;246;104;142;209;149;209;146;22744;4145;649;648;11050;2251;10969;2315;rufu;rufu_MBB;no
2509;0 81877830;Ranomafana;adult;F;rufus;5;rufu;18,96;#NV;35,26;#NV;#NV;#NV;10,11;#NV;#NV;#NV;#NV;121,52;47,5;NA;MBB;NA;NA;NA;NA;NA;NA;NA;NA;NA;Talatakely;-21.259678999999998;47.422139000000001;990;39405;11_Nov;repro;NA;NA;NA;rufu;181;74;518;2504;246;104;142;209;149;209;146;22744;4145;649;648;11050;2251;10969;2315;rufu;rufu_MBB;no
2510;092-356-306;Ranomafana;adult;F;rufus;5;rufu;18;#NV;36,3;#NV;#NV;#NV;9,8;#NV;#NV;#NV;#NV;130,6;50,5;NA;MBB;NA;NA;NA;NA;NA;NA;NA;NA;larger morphotype;Talatakely;-21.259678999999998;47.422139000000001;990;39030;11_Nov;repro;NA;NA;NA;rufu;181;74;518;2504;246;104;142;209;149;209;146;22744;4145;649;648;11050;2251;10969;2315;rufu;rufu_MBB;no
2511;0 81869608;Ranomafana;adult;F;rufus;5;rufu;18,85;#NV;34,04;#NV;#NV;#NV;8,5;#NV;#NV;#NV;#NV;128,41;52;NA;MBB;NA;NA;NA;NA;NA;NA;NA;NA;NA;Talatakely;-21.259678999999998;47.422139000000001;990;39388;11_Nov;repro;NA;NA;NA;rufu;181;74;518;2504;246;104;142;209;149;209;146;22744;4145;649;648;11050;2251;10969;2315;rufu;rufu_MBB;no
2512;0 72065043;Ranomafana;adult;M;rufus;5;rufu;18,36;#NV;35,53;#NV;#NV;#NV;10,44;#NV;#NV;#NV;#NV;112,45;55,6;NA;MBB;NA;NA;NA;NA;7.51;enlarged;NA;NA;parasites on both ears, old looking teeth;Talatakely;-21.259678999999998;47.422139000000001;990;39405;11_Nov;repro;NA;NA;NA;rufu;181;74;518;2504;246;104;142;209;149;209;146;22744;4145;649;648;11050;2251;10969;2315;rufu;rufu_MBB;no
2513;081-877-552;Ranomafana;adult;F;rufus;5;rufu;19,6;#NV;34,8;#NV;#NV;#NV;10,8;#NV;#NV;#NV;#NV;126,9;57,5;NA;MBB;NA;NA;NA;NA;NA;NA;NA;NA;larger morphotype;Talatakely;-21.259678999999998;47.422139000000001;990;39022;11_Nov;repro;NA;NA;NA;rufu;181;74;518;2504;246;104;142;209;149;209;146;22744;4145;649;648;11050;2251;10969;2315;rufu;rufu_MBB;no
2514;0 81878299;Ranomafana;adult;M;rufus;5;rufu;18,58;#NV;36,99;#NV;#NV;#NV;11,48;#NV;#NV;#NV;#NV;118,91;57,6;NA;MBB;NA;NA;NA;NA;5.93;enlarged;NA;NA;NA;Talatakely;-21.259678999999998;47.422139000000001;990;39405;11_Nov;repro;NA;NA;NA;rufu;181;74;518;2504;246;104;142;209;149;209;146;22744;4145;649;648;11050;2251;10969;2315;rufu;rufu_MBB;no
2515;081-877-355;Ranomafana;adult;M;rufus;5;rufu;17,7;#NV;34,8;#NV;#NV;#NV;10,2;#NV;#NV;#NV;#NV;120,2;44,5;NA;MBB;NA;NA;NA;NA;NA;NA;NA;NA;smaller morphotype;Talatakely;-21.259678999999998;47.422139000000001;990;39059;12_Dec;repro;NA;NA;NA;rufu;181;74;518;2504;246;104;142;209;149;209;146;22744;4145;649;648;11050;2251;10969;2315;rufu;rufu_MBB;no
2516;081-881-365;Ranomafana;adult;M;rufus;5;rufu;15,7;#NV;32,7;#NV;#NV;#NV;8,9;#NV;#NV;#NV;#NV;112,5;46;NA;MBB;NA;NA;NA;NA;NA;NA;NA;NA;smaller morphotype;Talatakely;-21.259678999999998;47.422139000000001;990;39065;12_Dec;repro;NA;NA;NA;rufu;181;74;518;2504;246;104;142;209;149;209;146;22744;4145;649;648;11050;2251;10969;2315;rufu;rufu_MBB;no
2517;081-875-818;Ranomafana;adult;F;rufus;5;rufu;16,6;#NV;33,35;#NV;#NV;#NV;8,3;#NV;#NV;#NV;#NV;109,7;48;NA;MBB;NA;NA;NA;NA;NA;NA;NA;NA;smaller morphotype;Talatakely;-21.259678999999998;47.422139000000001;990;39069;12_Dec;repro;NA;NA;NA;rufu;181;74;518;2504;246;104;142;209;149;209;146;22744;4145;649;648;11050;2251;10969;2315;rufu;rufu_MBB;no
2521;M05-05mamy;Ambongomany;adult;M;sambiranensis;6;samb;14,7;11,8;31,7;18,5;21,1;6,5;8,4;34,5;21,1;8,5;70;129;38;19;GO;16.3;9.6999999999999993;8.5;18.5;19.3;enlarged;NA;NA;NA;NA;-14.444270399999899;48.220066729999999;NA;38625;09_Sep;repro;yes;A1;NA;samb_S;260;92;674;1048;331;195;136;264;244;270;244;17782;4702;13;1169;12316;75;4690;75;samb;samb_GO;no
2522;F03-05mamy;Ambongomany;adult;F;sambiranensis;6;samb;#NV;9,4;33,1;18,9;20,1;7,8;9,5;34,7;20;9,6;74;139;39;19;GO;NA;NA;NA;NA;NA;NA;open;NA;NA;NA;-14.444270399999899;48.220066729999999;NA;38624;09_Sep;repro;no;A3;NA;samb_S;262;92;675;1045;333;196;137;265;245;271;245;17736;4680;13;1167;12267;75;4684;75;samb;samb_GO;no
2523;F04-05mamy;Ambongomany;adult;F;sambiranensis;6;samb;17,2;11,8;33,2;21;21,5;7,2;9,9;34,7;20;10,5;82;#NV;42;15;GO;NA;NA;NA;NA;NA;NA;closed;NA;NA;NA;-14.444270399999899;48.220066729999999;NA;38624;09_Sep;repro;no;C4;NA;samb_S;262;92;675;1045;333;196;137;265;245;271;245;17736;4680;13;1167;12267;75;4684;75;samb;samb_GO;no
2524;M11-05mamy;Ambongomany;adult;M;sambiranensis;6;samb;#NV;11,3;34,3;19,1;21,9;7,3;8,7;36,5;21,4;8,9;71;134;35;19;GO;17.7;9.8000000000000007;9.9;17.8;18;enlarged;NA;NA;NA;NA;-14.444270399999899;48.220066729999999;NA;38627;10_Oct;repro;no;B3;NA;samb_S;260;92;674;1048;331;195;136;264;244;270;244;17782;4702;13;1169;12316;75;4690;75;samb;samb_GO;no
2525;M12-05mamy;Ambongomany;adult;M;sambiranensis;6;samb;16,5;11,5;32,7;20,2;21,6;6,9;8,1;34,2;21,3;9,1;68;131;36;16;GO;16.100000000000001;9.8000000000000007;9.3000000000000007;16.7;17;enlarged;NA;NA;NA;NA;-14.444270399999899;48.220066729999999;NA;38629;10_Oct;repro;no;C1;NA;samb_S;260;92;674;1048;331;195;136;264;244;270;244;17782;4702;13;1169;12316;75;4690;75;samb;samb_GO;no
2526;M10-05mamy;Ambongomany;adult;M;sambiranensis;6;samb;14,9;10,5;31,5;18,3;22,2;8,1;8,7;36;21,1;8,1;72;137;39;20;GO;18.2;8.3000000000000007;10.199999999999999;17.899999999999999;18.2;enlarged;NA;NA;NA;NA;-14.444270399999899;48.220066729999999;NA;38627;10_Oct;repro;no;B3;NA;samb_S;260;92;674;1048;331;195;136;264;244;270;244;17782;4702;13;1169;12316;75;4690;75;samb;samb_GO;no
2527;M09-05mamy;Ambongomany;adult;M;sambiranensis;6;samb;16,5;9,2;33;18,7;20,7;5,9;8,2;36,1;21,8;9,3;63;137;39;19;GO;16.600000000000001;9.9;9.1;16.600000000000001;16.8;enlarged;NA;NA;NA;NA;-14.444270399999899;48.220066729999999;NA;38626;10_Oct;repro;no;13;NA;samb_S;262;92;675;1045;333;196;137;265;245;271;245;17736;4680;13;1167;12267;75;4684;75;samb;samb_GO;no
2528;M13-05mamy;Ambongomany;adult;M;sambiranensis;6;samb;16,2;11,2;33,5;#NV;21,3;7,5;9,1;37,7;21,1;7,7;75;139;40;19;GO;17;9.6;7.5;17.3;18.5;enlarged;NA;NA;NA;NA;-14.444270399999899;48.220066729999999;NA;38630;10_Oct;repro;no;23;NA;samb_S;262;92;675;1045;333;196;137;265;245;271;245;17736;4680;13;1167;12267;75;4684;75;samb;samb_GO;no
2529;F07-05mamy;Ambongomany;adult;F;sambiranensis;6;samb;16,5;10,8;34;21,2;21,7;7,4;9,9;36,1;20,7;10,4;72;144;40;22;GO;NA;NA;NA;NA;NA;NA;closed;NA;NA;NA;-14.444270399999899;48.220066729999999;NA;38627;10_Oct;repro;no;A3;NA;samb_S;260;92;674;1048;331;195;136;264;244;270;244;17782;4702;13;1169;12316;75;4690;75;samb;samb_GO;no
2530;F06-05mamy;Ambongomany;adult;F;sambiranensis;6;samb;18,3;10;34;20,1;20;6,2;9,1;36,1;20,8;7,8;75;143;43;22;GO;NA;NA;NA;NA;NA;NA;swollen;NA;NA;NA;-14.444270399999899;48.220066729999999;NA;38626;10_Oct;repro;yes;AB;RADSEQ;samb_S;260;92;674;1048;331;195;136;264;244;270;244;17782;4702;13;1169;12316;75;4690;75;samb;samb_GO;no
2531;M08-05mamy;Ambongomany;adult;M;sambiranensis;6;samb;16;10,6;32,6;20,5;21,3;6;#NV;34,7;21,1;#NV;65;132;#NV;19;GO;15.3;7.7;8;18.399999999999999;18.3;enlarged;NA;NA;NA;NA;-14.444270399999899;48.220066729999999;NA;38628;10_Oct;repro;no;BC;NA;samb_S;260;92;674;1048;331;195;136;264;244;270;244;17782;4702;13;1169;12316;75;4690;75;samb;samb_GO;NA
2536;F04-02Mah;Mahilaka;adult;F;sambiranensis;6;samb;#NV;12,4;33,6;18,6;19,7;5,3;#NV;32,5;21,2;6,9;70;145;36;18.5;BR;NA;NA;NA;NA;NA;NA;closed;NA;NA;NA;-14.286666666666667;48.227222222222224;NA;37425;06_Jun;pre_repro;NA;3;NA;samb_N;248;95;728;1013;308;177;131;256;233;257;233;25415;5352;112;946;14871;433;10771;433;samb;samb_BR;no
2537;F06-02Mah;Mahilaka;adult;F;sambiranensis;6;samb;#NV;11,2;33,2;19,5;19,3;5,8;#NV;35,6;21,2;7,4;75;130;37;18;BR;NA;NA;NA;NA;NA;NA;closed;NA;NA;NA;-14.286666666666667;48.227222222222224;NA;37427;06_Jun;pre_repro;NA;C3;RADSEQ;samb_N;248;95;728;1013;308;177;131;256;233;257;233;25415;5352;112;946;14871;433;10771;433;samb;samb_BR;no
2538;F12-02Mah;Mahilaka;adult;F;sambiranensis;6;samb;#NV;11,6;32,2;19,6;18,8;5,3;#NV;35,8;20,6;7;75;145;40;19;BR;NA;NA;NA;NA;NA;NA;closed;NA;NA;NA;-14.286666666666667;48.227222222222224;NA;37429;06_Jun;pre_repro;NA;14;NA;samb_N;248;95;728;1013;308;177;131;256;233;257;233;25415;5352;112;946;14871;433;10771;433;samb;samb_BR;no
2539;F02-02Mah;Mahilaka;adult;F;sambiranensis;6;samb;#NV;11,2;33,7;18,3;20,7;5,5;#NV;35,5;22,5;7,4;75;145;40;20;BR;NA;NA;NA;NA;NA;NA;closed;NA;NA;NA;-14.286666666666667;48.227222222222224;NA;37423;06_Jun;pre_repro;NA;1;NA;samb_N;248;95;728;1013;308;177;131;256;233;257;233;25415;5352;112;946;14871;433;10771;433;samb;samb_BR;no
2540;M13-02Mah;Mahilaka;adult;M;sambiranensis;6;samb;#NV;11,2;34,7;19,9;18,7;5,4;#NV;33,6;19,8;6,7;75;132;40;20;BR;8.3000000000000007;4.5;4;6.8;5.7;enlarged;NA;NA;NA;NA;-14.286666666666667;48.227222222222224;NA;37431;06_Jun;pre_repro;NA;AB;NA;samb_N;248;95;728;1013;308;177;131;256;233;257;233;25415;5352;112;946;14871;433;10771;433;samb;samb_BR;no
2541;M11-02Mah;Mahilaka;adult;M;sambiranensis;6;samb;#NV;12,8;33,6;18,4;19,8;6;#NV;34,7;20,4;8;75;138;43;19;BR;14.9;7.7;8.3000000000000007;11;12.4;enlarged;NA;NA;NA;NA;-14.286666666666667;48.227222222222224;NA;37429;06_Jun;pre_repro;NA;13;NA;samb_N;248;95;728;1013;308;177;131;256;233;257;233;25415;5352;112;946;14871;433;10771;433;samb;samb_BR;no
2542;F01-02Mah;Mahilaka;adult;F;sambiranensis;6;samb;#NV;12,4;33,8;20,2;20,3;6,4;#NV;34,3;20,1;7,7;75;140;44;19;BR;NA;NA;NA;NA;NA;NA;closed;NA;NA;NA;-14.286666666666667;48.227222222222224;NA;37423;06_Jun;pre_repro;NA;A;NA;samb_N;248;95;728;1013;308;177;131;256;233;257;233;25415;5352;112;946;14871;433;10771;433;samb;samb_BR;no
2543;M14-02Mah;Mahilaka;adult;M;sambiranensis;6;samb;#NV;11;32;19,9;19;7;#NV;34,4;18,8;6,3;75;132;45;19;BR;14.8;7.8;7.5;11.2;12.7;enlarged;NA;NA;NA;NA;-14.286666666666667;48.227222222222224;NA;37431;06_Jun;pre_repro;NA;BC;NA;samb_N;248;95;728;1013;308;177;131;256;233;257;233;25415;5352;112;946;14871;433;10771;433;samb;samb_BR;no
2544;F08-02Mah;Mahilaka;adult;F;sambiranensis;6;samb;#NV;12,9;35,1;18,7;18;6;#NV;37;20,4;8,5;78;140;48;18;BR;NA;NA;NA;NA;NA;NA;closed;NA;NA;NA;-14.286666666666667;48.227222222222224;NA;37427;06_Jun;pre_repro;NA;D;NA;samb_N;248;95;728;1013;308;177;131;256;233;257;233;25415;5352;112;946;14871;433;10771;433;samb;samb_BR;no
2545;F03-02Mah;Mahilaka;adult;F;sambiranensis;6;samb;#NV;12,4;33,8;20,8;21;5,8;#NV;35,2;19,8;8,5;80;142;49;19;BR;NA;NA;NA;NA;NA;NA;closed;NA;NA;NA;-14.286666666666667;48.227222222222224;NA;37423;06_Jun;pre_repro;NA;C;NA;samb_N;248;95;728;1013;308;177;131;256;233;257;233;25415;5352;112;946;14871;433;10771;433;samb;samb_BR;no
2546;F07-02Mah;Mahilaka;adult;F;sambiranensis;6;samb;#NV;12;34,8;20,9;19,4;5,2;#NV;34,1;20,5;8,5;75;140;51;19;BR;NA;NA;NA;NA;NA;NA;closed;NA;NA;NA;-14.286666666666667;48.227222222222224;NA;37427;06_Jun;pre_repro;NA;AC;RADSEQ;samb_N;248;95;728;1013;308;177;131;256;233;257;233;25415;5352;112;946;14871;433;10771;433;samb;samb_BR;no
2547;F09-02Mah;Mahilaka;adult;F;sambiranensis;6;samb;#NV;12,4;34,7;19,2;19;5,7;#NV;37,1;20;7,7;80;145;#NV;19;BR;NA;NA;NA;NA;NA;NA;lactating;53;NA;NA;-14.286666666666667;48.227222222222224;NA;37427;06_Jun;pre_repro;NA;4;NA;samb_N;248;95;728;1013;308;177;131;256;233;257;233;25415;5352;112;946;14871;433;10771;433;samb;samb_BR;yes
2548;F15-02Mah;Mahilaka;adult;F;sambiranensis;6;samb;#NV;11,7;35;21;20,6;7;#NV;38;20,7;8,3;80;150;#NV;19;BR;NA;NA;NA;NA;NA;NA;lactating;58;NA;NA;-14.286666666666667;48.227222222222224;NA;37433;06_Jun;pre_repro;NA;CD;RADSEQ;samb_N;248;95;728;1013;308;177;131;256;233;257;233;25415;5352;112;946;14871;433;10771;433;samb;samb_BR;yes
2549;A3;Ambodiriana;adult;F;simmonsi;2;simm;#NV;11,51;35,08;#NV;22,24;6,79;10,97;#NV;22,68;#NV;80;130;#NV;NA;AM;NA;NA;NA;NA;NA;NA;closed;NA;NA;NA;-16.674231120000002;49.701283009999997;NA;41811;06_Jun;pre_repro;NA;A3;RADSEQ;simm_N;231;30;366;1878;272;189;83;249;223;253;206;44609;5558;1631;363;15967;5120;15411;8893;simm;simm_AM;no
2550;A2;Ambodiriana;adult;F;simmonsi;2;simm;#NV;12,35;33,74;#NV;22,09;5,99;10,52;#NV;#NV;#NV;#NV;121;#NV;NA;AM;NA;NA;NA;NA;NA;NA;closed;NA;NA;NA;-16.673121609999999;49.698892319999999;NA;41808;06_Jun;pre_repro;NA;A23;RADSEQ;simm_N;228;31;369;1914;270;185;85;247;220;251;203;45091;5621;1652;363;16130;5180;15603;8993;simm;simm_AM;no
2551;A1;Ambodiriana;adult;F;simmonsi;2;simm;#NV;12,92;35,53;#NV;22,15;7,5;11,9;#NV;23,29;#NV;#NV;148;#NV;NA;AM;NA;NA;NA;NA;NA;NA;closed;NA;NA;NA;-16.67490746;49.70225765;NA;41808;06_Jun;pre_repro;NA;A1;RADSEQ;simm_N;231;30;366;1878;272;189;83;249;223;253;206;44609;5558;1631;363;15967;5120;15411;8893;simm;simm_AM;no
2552;A5;Ambodiriana;adult;M;simmonsi;2;simm;#NV;11,5;34,55;#NV;21,92;5,73;7,3;#NV;20,59;#NV;85;120;#NV;NA;AM;NA;NA;NA;NA;NA;enlarged;NA;NA;enlarged testes;NA;-16.673396790000002;49.699760519999998;NA;41822;07_Jul;repro;NA;A3;NA;simm_N;228;31;369;1914;270;185;85;247;220;251;203;45091;5621;1652;363;16130;5180;15603;8993;simm;simm_AM;no
2553;A8;Ambodiriana;adult;M;simmonsi;2;simm;#NV;12,42;35,82;#NV;23,44;6,41;10,5;#NV;22,26;#NV;87;135;#NV;NA;AM;NA;NA;NA;NA;NA;enlarged;NA;NA;enlarged testes;NA;-16.673482450000002;49.700184810000003;NA;41837;07_Jul;repro;NA;C1;RADSEQ;simm_N;231;30;366;1878;272;189;83;249;223;253;206;44609;5558;1631;363;15967;5120;15411;8893;simm;simm_AM;no
2554;A6;Ambodiriana;adult;M;simmonsi;2;simm;#NV;12,67;35,08;#NV;22,36;6,24;7,36;#NV;22,66;#NV;93;123;#NV;NA;AM;NA;NA;NA;NA;NA;enlarged;NA;NA;enlarged testes;NA;-16.67474678;49.701901669999998;NA;41837;07_Jul;repro;NA;A23;NA;simm_N;231;30;366;1878;272;189;83;249;223;253;206;44609;5558;1631;363;15967;5120;15411;8893;simm;simm_AM;no
2555;A7;Ambodiriana;adult;M;simmonsi;2;simm;#NV;14,36;36,04;#NV;23,74;7,14;10,24;#NV;23,14;#NV;95;130;#NV;NA;AM;NA;NA;NA;NA;NA;enlarged;NA;NA;enlarged testes;NA;-16.67393264;49.70078831;NA;41837;07_Jul;repro;NA;B1;NA;simm_N;231;30;366;1878;272;189;83;249;223;253;206;44609;5558;1631;363;15967;5120;15411;8893;simm;simm_AM;no
2556;A4;Ambodiriana;adult;M;simmonsi;2;simm;#NV;12,75;36,77;#NV;23;6,44;11,48;#NV;22,28;#NV;95;138;#NV;NA;AM;NA;NA;NA;NA;NA;enlarged;NA;NA;enlarged testes;NA;-16.673994839999999;49.70091437;NA;41822;07_Jul;repro;NA;A1;NA;simm_N;231;30;366;1878;272;189;83;249;223;253;206;44609;5558;1631;363;15967;5120;15411;8893;simm;simm_AM;no
2557;12Msp118;Antara;adult;F;simmonsi;2;simm;16,8;12,2;38,4;23,5;23,7;7,6;10,7;43,8;24,6;9,9;106,2;#NV;#NV;NA;TVE;NA;NA;NA;NA;NA;NA;closed;83;NA;NA;-16.864683999999901;49.186171000000002;NA;2022;01_Jan;repro;NA;NA;NA;NA;205;62;491;2365;272;145;127;233;197;233;174;37230;4976;1567;378;14363;4908;14363;8314;simm;simm_TVE;yes
2558;12Msp017;Antara;adult;F;simmonsi;2;simm;16,6;11,7;37,3;22,5;25,3;7,1;7,9;40,2;20,9;10,4;104,4;#NV;#NV;NA;TVE;NA;NA;NA;NA;NA;NA;closed;92;NA;NA;-16.867352999999898;49.184066999999999;NA;2022;01_Jan;repro;NA;NA;NA;NA;205;62;495;2386;272;146;126;234;197;234;174;37606;5006;1585;375;14465;4962;14465;8434;simm;simm_TVE;yes
2559;12Msp025;Antara;adult;F;simmonsi;2;simm;16,6;11,1;36,6;23,6;23,9;#NV;8,6;40,2;22,7;9,9;104,9;131,9;#NV;NA;DS;NA;NA;NA;NA;NA;NA;pregnant;90;NA;NA;-16.8623639999999;49.177855999999998;NA;2022;01_Jan;repro;NA;NA;NA;NA;204;62;495;2384;271;145;126;233;196;233;173;37421;5029;1570;382;14504;4926;14504;8303;simm;simm_DS;yes
2560;15Msp102;Befotaka;adult;F;simmonsi;2;simm;18;12,1;36,6;21,6;22,4;7,7;8,1;40;22,8;10,5;96,4;#NV;67;NA;TVE;NA;NA;NA;NA;NA;NA;closed;NA;NA;NA;-17.090626999999898;48.983333000000002;NA;2022;01_Jan;repro;NA;NA;NA;NA;193;63;493;2430;260;132;128;222;185;222;162;31681;4504;1320;433;13057;4229;13057;6380;simm;simm_TVE;no
2561;15Msp105;Befotaka;adult;M;simmonsi;2;simm;17;13,2;37,5;21,1;21,9;7,6;8,5;39,6;22,3;9,9;97,2;#NV;59;NA;TVE;NA;NA;NA;NA;NA;NA;NA;NA;NA;NA;-17.092301999999901;48.983511;NA;2022;01_Jan;repro;NA;NA;NA;NA;195;63;493;2439;262;134;128;224;187;224;163;32114;4568;1342;433;13238;4294;13238;6461;simm;simm_TVE;no
2562;15Msp008;Befotaka;adult;F;simmonsi;2;simm;17;12;37,9;21;22,7;8,4;10,7;40,4;23,2;10,7;93,5;#NV;55;NA;TVE;NA;NA;NA;NA;NA;NA;closed;NA;NA;NA;-17.0994169999999;48.983046999999999;NA;2022;01_Jan;repro;NA;NA;NA;NA;192;64;492;2443;259;130;129;220;183;220;160;31958;4554;1332;435;13201;4276;13201;6397;simm;simm_TVE;no
2563;15Msp014;Befotaka;adult;M;simmonsi;2;simm;15,7;13,1;36,9;22,3;22,8;8,4;9,1;40,7;20,4;8,4;104,3;#NV;74;NA;TVE;NA;NA;NA;NA;NA;NA;NA;NA;NA;NA;-17.086420999999898;48.964207000000002;NA;2022;01_Jan;repro;NA;NA;NA;NA;196;64;495;2442;263;134;129;225;188;225;164;31368;4478;1299;439;12997;4199;12997;6231;simm;simm_TVE;no
2565;11Msp008;Sasomanga;adult;F;simmonsi;2;simm;16,1;11,5;37,4;21,6;24,5;#NV;9,7;38,3;24,1;9,2;97,6;124,2;61;NA;DS;NA;NA;NA;NA;NA;NA;closed;NA;NA;NA;-16.648892999999902;49.448242;NA;2022;01_Jan;repro;NA;NA;NA;NA;211;59;491;2257;275;154;121;238;204;238;182;35902;4744;1480;358;13383;4573;13383;8398;simm;simm_DS;no
2566;11Msp009;Sasomanga;adult;M;simmonsi;2;simm;14,2;12,1;35,9;22,3;24,1;#NV;10,5;39,8;22,1;9,6;81,6;140,3;55;NA;DS;NA;NA;NA;NA;NA;NA;NA;NA;NA;NA;-16.646787999999901;49.444271000000001;NA;2022;01_Jan;repro;NA;NA;NA;NA;211;59;491;2257;275;154;121;238;204;238;182;35902;4744;1480;358;13383;4573;13383;8398;simm;simm_DS;no
2567;11Msp011;Sasomanga;adult;M;simmonsi;2;simm;17,6;12,3;37,7;21,6;24,5;#NV;9,8;41,4;21,9;10;91,5;128,8;56;NA;DS;NA;NA;NA;NA;NA;NA;NA;NA;NA;NA;-16.646759999999901;49.444018;NA;2022;01_Jan;repro;NA;NA;NA;NA;211;59;491;2257;275;154;121;238;204;238;182;35902;4744;1480;358;13383;4573;13383;8398;simm;simm_DS;no
2570;AMBH_D08_2013;Ambohitrandrina;adult;M;sp1;7;sp1;19,51;11,94;34,55;20,51;#NV;7,25;#NV;#NV;21,35;#NV;83;145;45,5;22;DSAO;large;NA;NA;NA;NA;enlarged;NA;NA;NA;NA;-13.64791883;50.068798110000003;NA;41569;10_Oct;repro;NA;AB1;RADSEQ;sp1_south;248;52;543;1557;295;200;95;265;242;265;226;17396;2689;660;476;7367;2346;7367;2725;sp1;sp1_DSAO;no
2571;AMBH_D07_2013;Ambohitrandrina;adult;F;sp1;7;sp1;17,48;#NV;34,02;20,32;#NV;7,02;#NV;#NV;20,03;#NV;82;140;#NV;22;DSAO;NA;NA;NA;NA;NA;NA;closed;65;NA;NA;-13.649688169999999;50.068451019999998;NA;41569;10_Oct;repro;NA;AB1;RADSEQ;sp1_south;248;52;543;1557;295;200;95;265;242;265;226;17396;2689;660;476;7367;2346;7367;2725;sp1;sp1_DSAO;yes
2572;AMBH_D09_2013;Ambohitrandrina;adult;F;sp1;7;sp1;20,45;#NV;34,81;20,21;#NV;7,01;#NV;#NV;21,77;#NV;85;143;#NV;23;DSAO;NA;NA;NA;NA;NA;NA;closed;65;NA;NA;-13.6481148;50.070469459999998;NA;41569;10_Oct;repro;NA;AB2;RADSEQ;sp1_south;248;52;543;1557;295;200;95;265;242;265;226;17396;2689;660;476;7367;2346;7367;2725;sp1;sp1_DSAO;yes
2576;ANALV_A68_2013;Analalava;adult;F;sp1;7;sp1;16,95;12,64;32,27;21,06;20,9;5,6;6,63;#NV;20,66;#NV;82;137;39;17;BLP;NA;NA;NA;NA;NA;NA;closed;NA;NA;NA;-13.632569139999999;49.981991020000002;NA;41502;08_Aug;pre_repro;NA;AC4;RADSEQ;sp1_south;238;62;597;1591;290;186;104;255;222;255;216;16240;2975;505;624;7776;1848;7763;2033;sp1;sp1_BLP;no
2577;ANALV_A73_2013;Analalava;adult;F;sp1;7;sp1;#NV;11,38;34,2;20,15;20,45;6,86;7,92;#NV;20,76;#NV;72;144;39;19;JS;NA;NA;NA;NA;NA;NA;closed;NA;NA;NA;-13.61552219;49.998288870000003;NA;41502;08_Aug;pre_repro;NA;AB1;RADSEQ;sp1_south;244;59;586;1577;294;193;101;261;228;261;222;16932;2974;552;589;7870;2014;7870;2241;sp1;sp1_JS;no
2578;ANALV_A51_2013;Analalava;adult;F;sp1;7;sp1;16,58;#NV;34,77;19,96;#NV;6,41;#NV;#NV;19,5;#NV;82;142;40;19;DSAO;NA;NA;NA;NA;NA;NA;closed;NA;NA;NA;-13.614589280000001;49.991321409999998;NA;41500;08_Aug;pre_repro;NA;A13;RADSEQ;sp1_south;239;60;584;1560;291;188;103;256;224;256;218;16694;2981;533;604;7855;1949;7849;2158;sp1;sp1_DSAO;no
2579;ANALV_A66_2013;Analalava;adult;F;sp1;7;sp1;16,36;11,68;33,36;20,68;#NV;6,31;#NV;#NV;20,74;#NV;82;146;41;21;DSAO;NA;NA;NA;NA;NA;NA;closed;NA;NA;NA;-13.61633104;49.985073630000002;NA;41502;08_Aug;pre_repro;NA;B13;NA;sp1_south;239;60;584;1560;291;188;103;256;224;256;218;16694;2981;533;604;7855;1949;7849;2158;sp1;sp1_DSAO;no
2580;ANALV_A74_2013;Analalava;adult;F;sp1;7;sp1;#NV;12,03;33,7;20,46;20,94;6,95;10,72;35,33;20,16;#NV;82;137;41;21;JS;NA;NA;NA;NA;NA;NA;closed;NA;NA;NA;-13.612180990000001;49.998766140000001;NA;41502;08_Aug;pre_repro;NA;AB2;NA;sp1_south;244;59;586;1577;294;193;101;261;228;261;222;16932;2974;552;589;7870;2014;7870;2241;sp1;sp1_JS;no
2581;ANALV_A69_2013;Analalava;adult;M;sp1;7;sp1;18,26;12,69;34,4;20,4;20,25;5,4;7,65;#NV;20,14;#NV;84;143;41;18;BLP;large;NA;NA;NA;NA;enlarged;NA;NA;NA;NA;-13.61192971;49.996311249999998;NA;41502;08_Aug;pre_repro;NA;AB2;NA;sp1_south;244;59;586;1577;294;193;101;261;228;261;222;16932;2974;552;589;7870;2014;7870;2241;sp1;sp1_BLP;no
2582;ANALV_A20_2013;Analalava;adult;M;sp1;7;sp1;19,06;11,47;36,72;20,77;#NV;7,76;#NV;#NV;19,8;#NV;#NV;146;44;21;DSAO;large;NA;NA;NA;NA;enlarged;NA;NA;NA;NA;-13.61879474;49.993703969999999;NA;41496;08_Aug;pre_repro;NA;A12;NA;sp1_south;243;60;586;1568;294;192;102;260;227;260;221;16952;2991;551;592;7899;2009;7899;2234;sp1;sp1_DSAO;no
2583;ANALV_A52_2013;Analalava;adult;F;sp1;7;sp1;16,34;11,56;33,82;20,35;#NV;5,69;#NV;#NV;18,37;#NV;72;125;45;21;DSAO;NA;NA;NA;NA;NA;NA;closed;NA;NA;NA;-13.613186320000001;49.990891759999997;NA;41500;08_Aug;pre_repro;NA;B12;NA;sp1_south;239;60;584;1560;291;188;103;256;224;256;218;16694;2981;533;604;7855;1949;7849;2158;sp1;sp1_DSAO;no
2584;ANALV_A36_2013;Analalava;adult;M;sp1;7;sp1;18;11,74;34,72;21,24;#NV;7,21;#NV;#NV;20,85;#NV;88;140;45,5;23;DSAO;large;NA;NA;NA;NA;enlarged;NA;NA;NA;NA;-13.622756860000001;49.988337039999998;NA;41499;08_Aug;pre_repro;NA;B12;NA;sp1_south;239;61;589;1577;290;187;103;256;223;256;217;16682;2993;531;607;7866;1941;7864;2148;sp1;sp1_DSAO;no
2585;ANALV_A30_2013;Analalava;adult;M;sp1;7;sp1;#NV;12,4;38,2;20,5;20,41;7,01;8,23;#NV;20,37;#NV;80;147;47;20;JS;large;NA;NA;NA;NA;enlarged;NA;NA;NA;NA;-13.616442770000001;49.994157680000001;NA;41498;08_Aug;pre_repro;NA;A13;NA;sp1_south;244;59;586;1577;294;193;101;261;228;261;222;16932;2974;552;589;7870;2014;7870;2241;sp1;sp1_JS;no
2586;ANALV_A19_2013;Analalava;adult;F;sp1;7;sp1;#NV;11,6;#NV;20,05;#NV;7,27;#NV;#NV;20,68;#NV;#NV;#NV;48;24;DSAO;NA;NA;NA;NA;NA;NA;closed;NA;NA;NA;-13.607927009999999;49.997425540000002;NA;41496;08_Aug;pre_repro;NA;A12;RADSEQ;sp1_south;242;59;580;1552;293;192;101;259;226;259;221;16836;2945;550;587;7809;2008;7809;2236;sp1;sp1_DSAO;no
2587;G78_2015;Analavelona;adult;F;sp1;7;sp1;20,62;10,87;#NV;19,56;22,56;6,7;7,32;38,76;20,06;#NV;80;128;56;20;GMS;NA;NA;NA;NA;NA;NA;NA;NA;nipples well developed, grey-red-brown head, grey-red-brown back , yellowish belly, red face, dorsal stripe;previously_arnholdi;-13.35996274;49.442538429999999;801;42295;10_Oct;repro;NA;AB1;RADSEQ;sp1_north;208;97;701;1391;279;140;139;220;189;220;187;16716;4752;95;1181;11796;343;11443;357;sp1;sp1_GMS;no
2589;A45_2014;Andravory;adult;F;sp1;7;sp1;20,07;14,02;35,69;20,96;20,3;4,41;10,2;35,91;20,8;#NV;71;125;44;19;BLP;NA;NA;NA;NA;NA;NA;NA;NA;brown-red head, red face, yellowish belly, brown back;NA;-13.78868074;49.514024669999998;961;41877;08_Aug;pre_repro;NA;BC3;RADSEQ;sp1_south;188;87;642;1901;254;119;135;209;162;209;162;17013;3788;333;872;9950;1206;9534;1206;sp1;sp1_BLP;no
2590;E15_2014;Andravory_east;adult;M;sp1;7;sp1;18,35;15,41;35,05;20,39;20,97;5,29;10,45;38,08;20,68;#NV;68;134;52;21;BLP;large;NA;NA;NA;NA;enlarged;NA;NA;red head, red face, yellowish belly, silver-red back, dorsal line;well developped testis;-13.75207479;49.597572040000003;967;41957;11_Nov;repro;NA;BC2;RADSEQ;sp1_south;187;85;631;1877;253;119;134;207;161;208;161;19530;4385;392;868;11386;1413;10925;1413;sp1;sp1_BLP;no
2591;E35_2014;Andravory_east;adult;F;sp1;7;sp1;20,64;13,11;36,74;20,02;22,88;6,72;10,43;38,75;18,46;#NV;71;132;#NV;19;BLP;NA;NA;NA;NA;NA;NA;closed;71;black tip of the tail, red head, red face, yellowish belly, silver-brown back, dorsal line;NA;-13.752027849999999;49.595132739999997;967;41960;11_Nov;repro;NA;BC3;RADSEQ;sp1_south;187;85;631;1877;253;119;134;207;161;208;161;19530;4385;392;868;11386;1413;10925;1413;sp1;sp1_BLP;yes
2592;E23_2014;Andravory_east;adult;F;sp1;7;sp1;20,26;14,81;37,98;21,87;21,23;5,97;10,2;40,42;20,34;#NV;70;133;#NV;20;BLP;NA;NA;NA;NA;NA;NA;closed;72;parasites + black tip of the tail, red head, red face, yellowish belly, silver-brown back, dorsal line;NA;-13.768235519999999;49.612812859999998;874;41959;11_Nov;repro;NA;BC2;RADSEQ;sp1_south;192;84;632;1855;258;125;133;212;167;213;167;19577;4333;409;851;11279;1473;10826;1473;sp1;sp1_BLP;yes
2595;A25_2014;Andravory_west;adult;F;sp1;7;sp1;17,88;11,14;33,05;19,3;19,31;4,95;9,44;36,06;17,89;#NV;#NV;140;38;18;BLP;NA;NA;NA;NA;NA;NA;NA;NA;red head, red back , yellowish belly, red-brown face, dorsal stripe;NA;-13.748123140000001;49.518476550000003;1054;41868;08_Aug;pre_repro;NA;AC1;NA;sp1_south;183;87;643;1884;249;114;135;203;157;204;157;17739;3995;333;887;10478;1203;10038;1203;sp1;sp1_BLP;no
2596;A39_2014;Andravory_west;adult;F;sp1;7;sp1;18,92;15,92;35,96;20,68;20,78;7,41;10,8;38,09;20,17;#NV;75;124;43;17;BLP;NA;NA;NA;NA;NA;NA;NA;NA;brown-red head, red face, yellowish belly,  brown back;NA;-13.77639488;49.520671180000001;1002;41875;08_Aug;pre_repro;NA;AB1;RADSEQ;sp1_south;186;86;635;1909;252;116;136;206;159;207;159;17511;3929;341;876;10272;1236;9850;1236;sp1;sp1_BLP;no
2597;A24_2014;Andravory_west;adult;M;sp1;7;sp1;19,73;12,45;33,47;19,13;19,52;#NV;9,59;36,26;#NV;#NV;70;131;44;19;BLP;large;NA;NA;NA;NA;enlarged;NA;NA;red head, red back , yellowish belly, red-brown face, dorsal stripe;well developped testis;-13.748027759999999;49.518595490000003;1054;41868;08_Aug;pre_repro;NA;AB2;NA;sp1_south;183;87;643;1884;249;114;135;203;157;204;157;17739;3995;333;887;10478;1203;10038;1203;sp1;sp1_BLP;no
2598;A26_2014;Andravory_west;adult;F;sp1;7;sp1;17,7;11,64;34,45;19,91;20,07;5,18;9,05;39,65;19,68;#NV;83;136;46;19;BLP;NA;NA;NA;NA;NA;NA;NA;NA;brown-red head, red face, white-grey belly, brown-red back, dorsal line;NA;-13.748327659999999;49.518226849999998;1054;41868;08_Aug;pre_repro;NA;AC2;RADSEQ;sp1_south;183;87;643;1884;249;114;135;203;157;204;157;17739;3995;333;887;10478;1203;10038;1203;sp1;sp1_BLP;no
2599;A37_2014;Andravory_west;adult;M;sp1;7;sp1;20,74;15,62;34,88;20,78;21,84;7,47;10,24;35,21;20,56;#NV;70;144;46;21;BLP;large;NA;NA;NA;NA;enlarged;NA;NA;red head, red back , yellowish belly, red-brown face;well developped testis;-13.773452669999999;49.518854070000003;926;41875;08_Aug;pre_repro;NA;AB1;NA;sp1_south;191;86;640;1887;256;121;135;211;165;211;165;17561;3945;338;879;10321;1226;9895;1226;sp1;sp1_BLP;no
2600;A20_2014;Andravory_west;adult;F;sp1;7;sp1;17,68;12,21;34,4;22,02;21,85;4,4;9,05;34,42;19,87;#NV;88;140;47;17;BLP;NA;NA;NA;NA;NA;NA;NA;NA;parasite, red-brown head, red back , yellowish belly, grey-red face, dorsal stripe;NA;-13.7548399;49.521830649999998;1019;41868;08_Aug;pre_repro;NA;AB1;NA;sp1_south;185;87;641;1884;251;116;135;205;159;206;159;17698;3983;335;884;10437;1212;10001;1212;sp1;sp1_BLP;no
2601;A23_2014;Andravory_west;adult;F;sp1;7;sp1;17,75;12,71;35,66;20,81;19,44;5,89;9,59;35,28;17,51;#NV;73;130;47;21;BLP;NA;NA;NA;NA;NA;NA;NA;NA;red head, red back , yellowish belly, red face, dorsal stripe;NA;-13.747712509999999;49.518945520000003;1054;41868;08_Aug;pre_repro;NA;AB4;NA;sp1_south;183;87;643;1884;249;114;135;203;157;204;157;17739;3995;333;887;10478;1203;10038;1203;sp1;sp1_BLP;no
2602;A18_2014;Andravory_west;adult;M;sp1;7;sp1;16,31;12,58;34,64;20,34;20,26;6,4;9,24;39,48;20,03;#NV;72;140;48;23;BLP;large;NA;NA;NA;NA;enlarged;NA;NA;parasites, brown-red head, red face, white-grey belly, brown back, dorsal line;well developped testis;-13.75369577;49.52029383;1019;41866;08_Aug;pre_repro;NA;AB1;RADSEQ;sp1_south;185;87;641;1884;251;116;135;205;159;206;159;17698;3983;335;884;10437;1212;10001;1212;sp1;sp1_BLP;no
2603;A21_2014;Andravory_west;adult;F;sp1;7;sp1;20,6;13,31;33,27;21,09;20,53;4,4;9,88;37,09;19,34;#NV;86;143;51;18;BLP;NA;NA;NA;NA;NA;NA;NA;NA;parasites + black tip of the tail, brown-red head, red face, white-grey belly, grey-red back, dorsal line;NA;-13.75711718;49.518875440000002;1019;41868;08_Aug;pre_repro;NA;AB2;RADSEQ;sp1_south;185;87;641;1884;251;116;135;205;159;206;159;17698;3983;335;884;10437;1212;10001;1212;sp1;sp1_BLP;no
2604;A22_2014;Andravory_west;adult;F;sp1;7;sp1;16,17;12,36;36,74;19,78;21,7;4,49;10,1;39,75;20,01;#NV;88;136;54;21;BLP;NA;NA;NA;NA;NA;NA;NA;NA;red head, red back , yellowish belly, red face, dorsal stripe;NA;-13.75728507;49.518740659999999;1019;41868;08_Aug;pre_repro;NA;AB3;NA;sp1_south;185;87;641;1884;251;116;135;205;159;206;159;17698;3983;335;884;10437;1212;10001;1212;sp1;sp1_BLP;no
2605;A27_2014;Andravory_west;adult;F;sp1;7;sp1;17,63;11,07;34,06;20,1;20,76;4,4;8,46;#NV;19,83;#NV;87;130;54;21;BLP;NA;NA;NA;NA;NA;NA;NA;NA;red head, red back , yellowish belly, red-brown face, dorsal stripe;NA;-13.748385409999999;49.518157530000003;1054;41868;08_Aug;pre_repro;NA;AC3;NA;sp1_south;183;87;643;1884;249;114;135;203;157;204;157;17739;3995;333;887;10478;1203;10038;1203;sp1;sp1_BLP;no
2607;F76_2015;Antongonaomby;adult;F;sp1;7;sp1;18,2;15,98;34,72;20,77;21,29;6,51;10,4;38,65;20,03;#NV;76;118;38;17;BLP;NA;NA;NA;NA;NA;NA;NA;NA;red head, red back , yellowish belly, silver grey-brown face, dorsal stripe;previously_arnholdi;-13.54971754;49.547931480000003;1026;42259;09_Sep;repro;NA;B14;NA;sp1_north;189;88;669;1689;254;122;132;206;166;206;165;16358;4057;211;1006;10438;754;9997;760;sp1;sp1_BLP;no
2608;F58_2015;Antongonaomby;adult;M;sp1;7;sp1;18,43;12,32;34,9;18,88;21,46;7;10,35;38,11;#NV;#NV;81;134;43;18;TNR;large;NA;NA;NA;NA;enlarged;NA;NA;grey red-brown head, red-brown back , yellowish belly, grey-brown face, dorsal stripe;previously_arnholdi;-13.54797495;49.549694860000002;1026;42257;09_Sep;repro;NA;C14;NA;sp1_north;189;88;669;1689;254;122;132;206;166;206;165;16358;4057;211;1006;10438;754;9997;760;sp1;sp1_TNR;no
2609;F68_2015;Antongonaomby;adult;M;sp1;7;sp1;21,73;15,5;33,07;22,11;20,36;5,91;7,42;38,71;19,19;#NV;70;124;46;16;BLP;large;NA;NA;NA;NA;enlarged;NA;NA;red-brown head, grey-brown back , yellowish belly, red face, dorsal stripe;previously_arnholdi;-13.54518989;49.550464320000003;976;42258;09_Sep;repro;NA;B23;RADSEQ;sp1_north;192;88;672;1673;257;126;131;209;169;209;168;16397;4057;215;1002;10441;767;9996;772;sp1;sp1_BLP;no
2610;F59_2015;Antongonaomby;adult;F;sp1;7;sp1;19,3;12,94;35,09;18,95;23,8;7,12;9,97;38,77;#NV;#NV;86;145;47;19;TNR;NA;NA;NA;NA;NA;NA;NA;NA;red-brown head, grey-brown back , yellowish belly, red face, dorsal stripe;previously_arnholdi;-13.54801116;49.549692520000001;1026;42257;09_Sep;repro;NA;B23;RADSEQ;sp1_north;189;88;669;1689;254;122;132;206;166;206;165;16358;4057;211;1006;10438;754;9997;760;sp1;sp1_TNR;no
2611;F77_2015;Antongonaomby;adult;F;sp1;7;sp1;20,96;14,86;35,32;21,38;22,07;7,13;10,36;40,03;18,44;#NV;76;138;47;16;BLP;NA;NA;NA;NA;NA;NA;NA;NA;red head, silver-grey-brown back , yellowish belly, red face, dorsal stripe;previously_arnholdi;-13.54957606;49.547578850000001;1026;42259;09_Sep;repro;NA;B13;RADSEQ;sp1_north;189;88;669;1689;254;122;132;206;166;206;165;16358;4057;211;1006;10438;754;9997;760;sp1;sp1_BLP;no
2612;F74_2015;Antongonaomby;adult;M;sp1;7;sp1;20,98;13,19;35,31;20,65;20,15;6,29;8,63;40,27;18,17;#NV;64;131;48;18;BLP;large;NA;NA;NA;NA;enlarged;NA;NA;red head, red back , yellowish belly, silver grey-brown face, dorsal stripe;previously_arnholdi;-13.547945439999999;49.55094519;976;42259;09_Sep;repro;NA;B14;NA;sp1_north;192;88;672;1673;257;126;131;209;169;209;168;16397;4057;215;1002;10441;767;9996;772;sp1;sp1_BLP;no
2613;F79_2015;Antongonaomby;adult;M;sp1;7;sp1;#NV;12,84;35,84;20;23,76;6,45;7,12;36,85;18,84;#NV;79;132;49;19;ERD;large;NA;NA;NA;NA;enlarged;NA;NA;brown-red head, silver-grey-brown back , yellowish belly, red face, dorsal stripe;previously_arnholdi;-13.53488677;49.546050579999999;1036;42259;09_Sep;repro;NA;AD2;RADSEQ;sp1_north;188;89;671;1673;254;122;132;205;165;205;164;16362;4085;206;1013;10488;736;10050;743;sp1;sp1_ERD;no
2614;F61_2015;Antongonaomby;adult;F;sp1;7;sp1;16,9;11,77;36,96;21,07;23,01;7,55;8,31;36,45;#NV;#NV;94;129;51;18;TNR;NA;NA;NA;NA;NA;NA;NA;NA;grey-red-brown head, grey-brown back , yellowish belly, red face, dorsal stripe;previously_arnholdi;-13.539892610000001;49.531530859999997;988;42257;09_Sep;repro;NA;D23;RADSEQ;sp1_north;191;89;676;1649;257;125;132;208;169;208;168;16096;4031;197;1020;10358;705;9931;712;sp1;sp1_TNR;no
2615;F75_2015;Antongonaomby;adult;M;sp1;7;sp1;20,14;13,43;35,86;20,02;20,04;6,3;7,35;40,59;20,03;#NV;79;134;51;18;BLP;large;NA;NA;NA;NA;enlarged;NA;NA;red head, grey-brown back , yellowish belly, red face, dorsal stripe;previously_arnholdi;-13.547842259999999;49.550884920000001;976;42259;09_Sep;repro;NA;B13;RADSEQ;sp1_north;192;88;672;1673;257;126;131;209;169;209;168;16397;4057;215;1002;10441;767;9996;772;sp1;sp1_BLP;no
2616;F57_2015;Antongonaomby;adult;F;sp1;7;sp1;20,67;13,45;35,99;19,29;22,52;7,4;10,59;40,51;#NV;#NV;82;133;52;19;TNR;NA;NA;NA;NA;NA;NA;NA;NA;red-brown head, red back , yellowish belly, grey-brown face, dorsal stripe;previously_arnholdi;-13.548045350000001;49.549697039999998;1026;42257;09_Sep;repro;NA;C23;NA;sp1_north;189;88;669;1689;254;122;132;206;166;206;165;16358;4057;211;1006;10438;754;9997;760;sp1;sp1_TNR;no
2617;F56_2015;Antongonaomby;adult;M;sp1;7;sp1;20,35;14,07;35,02;19,75;24,34;7,72;7,17;37,61;#NV;#NV;78;135;53;19;TNR;large;NA;NA;NA;NA;enlarged;NA;NA;red-brown head, red back , yellowish belly, grey-brown face, dorsal stripe;previously_arnholdi;-13.54812347;49.549696619999999;1026;42257;09_Sep;repro;NA;C13;NA;sp1_north;189;88;669;1689;254;122;132;206;166;206;165;16358;4057;211;1006;10438;754;9997;760;sp1;sp1_TNR;no
2618;F80_2015;Antongonaomby;adult;F;sp1;7;sp1;#NV;12,35;35,56;20,62;23,64;6,16;7,24;37,54;19,81;#NV;94;135;55;19;ERD;NA;NA;NA;NA;NA;NA;NA;NA;grey red-brown head, red back , yellowish belly, silver grey-brown face, dorsal stripe;previously_arnholdi;-13.535058940000001;49.546028700000001;1036;42259;09_Sep;repro;NA;AD3;NA;sp1_north;188;89;671;1673;254;122;132;205;165;205;164;16362;4085;206;1013;10488;736;10050;743;sp1;sp1_ERD;no
2619;F60_2015;Antongonaomby;adult;M;sp1;7;sp1;20,58;14,6;34,18;19,7;23,94;7,95;10,22;40,76;#NV;#NV;85;141;56;20;TNR;large;NA;NA;NA;NA;enlarged;NA;NA;grey-red-brown head, grey-brown back , yellowish belly, red face, dorsal stripe;previously_arnholdi;-13.55642147;49.539340860000003;1049;42257;09_Sep;repro;NA;C23;RADSEQ;sp1_north;187;89;666;1672;253;120;133;204;164;205;164;16290;4018;213;1001;10366;761;9925;767;sp1;sp1_TNR;no
2620;B22_2014;Antsahabe_Ambalasoa;adult;F;sp1;7;sp1;20,75;13,82;35,11;20,08;20,35;5,9;11,66;36,35;20,69;#NV;69;121;41;19;BLP;NA;NA;NA;NA;NA;NA;NA;NA;red head, red back , yellowish belly, silver-brown face, dorsal stripe;NA;-13.886911619999999;49.444810099999998;1040;41925;10_Oct;repro;NA;A13;NA;sp1_south;184;88;639;1927;250;112;138;204;157;205;157;18122;3782;382;826;10264;1387;9783;1387;sp1;sp1_BLP;no
2621;B74_2014;Antsahabe_Ambalasoa;adult;M;sp1;7;sp1;20,38;13,01;32,84;#NV;22,46;#NV;8,35;38,2;20,84;#NV;72;143;42;19;BLP;large;NA;NA;NA;NA;enlarged;NA;NA;brown-red head, red face, yellowish belly, silver-brown back, dorsal line;well developped testis;-13.91468002;49.422868289999997;1075;41933;10_Oct;repro;NA;BC2;RADSEQ;sp1_south;182;89;643;1938;249;111;138;203;155;203;155;18794;3973;384;839;10743;1390;10250;1390;sp1;sp1_BLP;no
2622;B50_2014;Antsahabe_Ambalasoa;adult;M;sp1;7;sp1;17,45;14,87;36,3;20,68;20,04;5,86;8,18;36,71;20,4;#NV;64;131;45;22;BLP;large;NA;NA;NA;NA;enlarged;NA;NA;brown-red head, red face, yellowish belly, silver-brown back, dorsal line;well developped testis;-13.896666979999999;49.432771080000002;897;41928;10_Oct;repro;NA;A12;RADSEQ;sp1_south;194;89;646;1894;260;122;138;214;167;214;167;18202;3813;376;833;10359;1363;9873;1363;sp1;sp1_BLP;no
2623;B14_2014;Antsahabe_Ambalasoa;adult;F;sp1;7;sp1;19,46;14,74;37,74;21;22,78;6,68;8,04;38,21;19,64;#NV;76;127;46;19;BLP;NA;NA;NA;NA;NA;NA;NA;NA;red head, red face, yellowish belly, red back, dorsal line;NA;-13.890139319999999;49.437752789999998;977;41924;10_Oct;repro;NA;A12;RADSEQ;sp1_south;189;89;642;1901;255;117;138;209;162;209;162;18034;3771;376;830;10243;1363;9763;1363;sp1;sp1_BLP;no
2624;B77_2014;Antsahabe_Ambalasoa;adult;M;sp1;7;sp1;#NV;15,79;35,2;20,6;20,22;5,51;10,4;39,42;18,19;#NV;79;132;50;19;BLP;large;NA;NA;NA;NA;enlarged;NA;NA;brown head, brown face, yellowish belly, silver-brown back, dorsal line;well developped testis;-13.901578689999999;49.422301079999997;979;41934;10_Oct;repro;NA;C12;RADSEQ;sp1_south;189;89;647;1904;255;117;138;209;162;209;162;18458;3884;377;838;10537;1366;10046;1366;sp1;sp1_BLP;no
2625;B36_2014;Antsahabe_Ambalasoa;adult;F;sp1;7;sp1;21,8;15,74;35,21;20,02;21,3;5,8;8,49;38,08;20,27;#NV;70;136;#NV;21;BLP;NA;NA;NA;NA;NA;NA;NA;57;parasite, red head, red back , yellowish belly, silver-brown face, dorsal stripe;NA;-13.900459290000001;49.441119960000002;1061;41927;10_Oct;repro;NA;B23;NA;sp1_south;182;89;642;1962;249;111;138;203;155;204;155;18551;3888;390;829;10528;1412;10042;1412;sp1;sp1_BLP;yes
2627;F15_2015;Antsahabe_Ambaliha;adult;M;sp1;7;sp1;15,09;#NV;33,78;#NV;20,7;5,72;7,35;37,88;19,65;#NV;75;131;45;18;ANR;large;NA;NA;NA;NA;enlarged;NA;NA;brown-red head, brown back , yellowish belly, red face, dorsal stripe;previously_arnholdi;-13.65477883;49.556877569999997;1018;42246;08_Aug;pre_repro;NA;B23;RADSEQ;sp1_north;186;87;651;1812;252;119;133;206;161;206;161;17405;4148;284;945;10679;1013;10244;1013;sp1;sp1_ANR;no
2628;F29_2015;Antsahabe_Ambaliha;adult;F;sp1;7;sp1;21,11;12,01;33,6;20,11;21,04;6,75;7,35;37,06;19,53;#NV;63;137;48;21;BLP;NA;NA;NA;NA;NA;NA;NA;NA;red head, grey-brown back , yellowish belly, red face, dorsal stripe;previously_arnholdi;-13.64517158;49.55379713;988;42248;09_Sep;repro;NA;A13;RADSEQ;sp1_north;188;87;653;1773;254;121;133;207;164;207;164;17703;4251;283;952;10913;1011;10473;1011;sp1;sp1_BLP;no
2629;F28_2015;Antsahabe_Ambaliha;adult;F;sp1;7;sp1;20,56;13,89;35,16;18,31;21,8;6,25;10,34;38,85;21,07;#NV;71;136;50;19;BLP;NA;NA;NA;NA;NA;NA;NA;NA;brown-red head, brown back , yellowish belly, red face, dorsal stripe;previously_arnholdi;-13.65206963;49.5467741;997;42248;09_Sep;repro;NA;A12;RADSEQ;sp1_north;188;87;653;1786;253;120;133;207;163;207;163;17317;4123;281;945;10630;1004;10195;1004;sp1;sp1_BLP;no
2630;A81_2014;Belongoza;adult;M;sp1;7;sp1;20,58;14,97;35,83;20,56;20,21;6,66;10,4;37,05;20,87;#NV;65;123;42;20;BLP;large;NA;NA;NA;NA;enlarged;NA;NA;brown-red head, red face, yellowish belly, brown back, dorsal line;well developped testis;-13.75533066;49.405564939999998;1213;41893;09_Sep;repro;NA;AD2;RADSEQ;sp1_south;176;93;667;1786;244;104;140;195;151;195;151;18049;4462;258;994;11417;925;11012;925;sp1;sp1_BLP;no
2631;A85_2014;Belongoza;adult;M;sp1;7;sp1;20,14;13,02;35,69;20,71;20,4;5,48;10,37;38,38;20,85;#NV;72;133;44;18;BLP;large;NA;NA;NA;NA;enlarged;NA;NA;brown-red head, red back , yellowish belly, silver-brown face, dorsal stripe;well developped testis;-13.754205969999999;49.411587920000002;1074;41893;09_Sep;repro;NA;B23;NA;sp1_south;186;92;665;1776;253;114;139;204;160;204;160;18396;4503;271;982;11555;973;11137;973;sp1;sp1_BLP;no
2632;A84_2014;Belongoza;adult;F;sp1;7;sp1;20,28;13,45;35,6;20,02;18,87;6,61;11,05;37,4;18,08;#NV;71;124;44;24;BLP;NA;NA;NA;NA;NA;NA;NA;NA;brown-red head, red back , yellowish belly, silver-brown face, dorsal stripe;NA;-13.75438451;49.41189009;1074;41893;09_Sep;repro;NA;B23;NA;sp1_south;186;92;665;1776;253;114;139;204;160;204;160;18396;4503;271;982;11555;973;11137;973;sp1;sp1_BLP;no
2633;A83_2014;Belongoza;adult;M;sp1;7;sp1;20,84;13,98;32,68;20,87;20,05;5,37;10,78;37,65;20,1;#NV;65;135;44;20;BLP;large;NA;NA;NA;NA;enlarged;NA;NA;brown-red head, red face, yellowish belly, silver-brown back, dorsal line;well developped testis;-13.75464577;49.41223978;1074;41893;09_Sep;repro;NA;AD3;RADSEQ;sp1_south;186;92;665;1776;253;114;139;204;160;204;160;18396;4503;271;982;11555;973;11137;973;sp1;sp1_BLP;no
2634;A100_2014;Belongoza;adult;M;sp1;7;sp1;18,95;12,14;33,57;20,17;21,28;4,42;11,82;38,68;18,9;#NV;86;126;45;21;BLP;large;NA;NA;NA;NA;enlarged;NA;NA;red head, red face, yellowish belly, silver-brown-red back, dorsal line;well developped testis;-13.768720330000001;49.414583360000002;974;41896;09_Sep;repro;NA;AC4;RADSEQ;sp1_south;192;92;664;1776;259;120;139;210;166;210;166;17925;4304;275;964;11132;987;10713;987;sp1;sp1_BLP;no
2635;A55_2014;Belongoza;adult;M;sp1;7;sp1;20,12;14,15;35,95;20,47;21,67;7,84;10,87;37,72;19,34;#NV;69;135;45;18;BLP;large;NA;NA;NA;NA;enlarged;NA;NA;brown-red head, red face, yellowish belly, silver-red back, dorsal line;well developped testis;-13.76000357;49.40826869;1195;41889;09_Sep;repro;NA;BC3;RADSEQ;sp1_south;189;92;664;1769;256;117;139;207;164;207;164;18133;4402;272;975;11335;976;10917;976;sp1;sp1_BLP;no
2636;A65_2014;Belongoza;adult;F;sp1;7;sp1;18,55;14,79;35,83;20,1;21,88;4,49;11,24;40,23;20,66;#NV;72;137;46;18;BLP;NA;NA;NA;NA;NA;NA;NA;NA;red head, red back , yellowish belly, brown-red face, dorsal stripe;NA;-13.7608224;49.410960449999997;1014;41889;09_Sep;repro;NA;BC2;NA;sp1_south;189;92;664;1769;256;117;139;207;164;207;164;18133;4402;272;975;11335;976;10917;976;sp1;sp1_BLP;no
2637;A61_2014;Belongoza;adult;M;sp1;7;sp1;20,02;16,44;36,85;20,25;21,01;4,83;10,72;37,81;20,72;#NV;73;125;47;17;BLP;large;NA;NA;NA;NA;enlarged;NA;NA;brown-red head, red face, yellowish belly, brown-red back, dorsal line;well developped testis;-13.763869809999999;49.409533850000003;1014;41889;09_Sep;repro;NA;BC2;RADSEQ;sp1_south;189;92;664;1769;256;117;139;207;164;207;164;18133;4402;272;975;11335;976;10917;976;sp1;sp1_BLP;no
2638;A98_2014;Belongoza;adult;M;sp1;7;sp1;21,63;13,5;34,29;20,25;20,52;#NV;10,04;36,98;20,01;#NV;88;130;47;20;BLP;large;NA;NA;NA;NA;enlarged;NA;NA;red head, red face, yellowish belly, silver-brown-red back, dorsal line;well developped testis;-13.78450505;49.400949779999998;1109;41895;09_Sep;repro;NA;AC3;RADSEQ;sp1_south;183;92;664;1812;250;111;139;201;157;201;157;17296;4085;272;951;10652;976;10237;976;sp1;sp1_BLP;no
2639;A77_2014;Belongoza;adult;F;sp1;7;sp1;18,95;12,13;35,55;20,96;21,39;7,7;10,71;38,58;18,37;#NV;76;135;48;22;BLP;NA;NA;NA;NA;NA;NA;NA;NA;red head, red back , yellowish belly, silver-brown-red face, dorsal stripe;NA;-13.760584100000001;49.412443879999998;1014;41891;09_Sep;repro;NA;BC4;NA;sp1_south;189;92;664;1769;256;117;139;207;164;207;164;18133;4402;272;975;11335;976;10917;976;sp1;sp1_BLP;no
2640;A72_2014;Belongoza;adult;M;sp1;7;sp1;20,5;14,15;35,75;20,54;21,65;6,94;10,05;37,15;20,68;#NV;75;135;48;18;BLP;large;NA;NA;NA;NA;enlarged;NA;NA;red head, red back , yellowish belly, silver-brown-red face, dorsal stripe;well developped testis;-13.76021429;49.413496649999999;1014;41891;09_Sep;repro;NA;BC3;NA;sp1_south;189;92;664;1769;256;117;139;207;164;207;164;18133;4402;272;975;11335;976;10917;976;sp1;sp1_BLP;no
2641;A62_2014;Belongoza;adult;M;sp1;7;sp1;20,74;14,31;35,21;20,36;21,1;5,85;10,16;39,49;18,08;#NV;#NV;125;48;23;BLP;large;NA;NA;NA;NA;enlarged;NA;NA;grey-red head, red back , yellowish belly, grey face, dorsal stripe;well developped testis;-13.763840800000001;49.40954902;1014;41889;09_Sep;repro;NA;BC4;NA;sp1_south;189;92;664;1769;256;117;139;207;164;207;164;18133;4402;272;975;11335;976;10917;976;sp1;sp1_BLP;no
2642;A70_2014;Belongoza;adult;F;sp1;7;sp1;16,89;12,21;36,57;20,1;20,46;7,76;11,12;36,33;20,05;#NV;69;131;49;22;BLP;NA;NA;NA;NA;NA;NA;NA;NA;red head, red back , yellowish belly, silver brown-red face, dorsal stripe;NA;-13.759682959999999;49.411909029999997;1014;41891;09_Sep;repro;NA;BC2;NA;sp1_south;189;92;664;1769;256;117;139;207;164;207;164;18133;4402;272;975;11335;976;10917;976;sp1;sp1_BLP;no
2643;A63_2014;Belongoza;adult;M;sp1;7;sp1;18,36;13,34;36,58;19,39;20,77;6,37;10,08;40,05;20,04;#NV;69;139;49;21;BLP;large;NA;NA;NA;NA;enlarged;NA;NA;brown-red head, red back , yellowish belly, brown face, dorsal stripe;well developped testis;-13.761652290000001;49.408766489999998;1014;41889;09_Sep;repro;NA;BC1;NA;sp1_south;189;92;664;1769;256;117;139;207;164;207;164;18133;4402;272;975;11335;976;10917;976;sp1;sp1_BLP;no
2644;A86_2014;Belongoza;adult;F;sp1;7;sp1;19,3;13,91;36,64;20,79;21,67;6,26;10,45;38,37;18,52;#NV;74;130;49;20;BLP;NA;NA;NA;NA;NA;NA;NA;NA;brown-red head, red face, yellowish belly, silver-brown back, dorsal line;NA;-13.75264308;49.409148870000003;1074;41893;09_Sep;repro;NA;B24;RADSEQ;sp1_south;186;92;665;1776;253;114;139;204;160;204;160;18396;4503;271;982;11555;973;11137;973;sp1;sp1_BLP;no
2645;A71_2014;Belongoza;adult;M;sp1;7;sp1;20,15;15,84;32,02;18,3;21,52;6,17;10,83;36,53;17,19;#NV;#NV;130;49;21;BLP;large;NA;NA;NA;NA;enlarged;NA;NA;red head, red face, yellowish belly, silver-brown-red back, dorsal line;well developped testis;-13.75932665;49.413283749999998;1014;41891;09_Sep;repro;NA;BC2;RADSEQ;sp1_south;189;92;664;1769;256;117;139;207;164;207;164;18133;4402;272;975;11335;976;10917;976;sp1;sp1_BLP;no
2646;A82_2014;Belongoza;adult;F;sp1;7;sp1;20,02;14,56;33,64;19,55;21;6,26;10,44;37,89;20,72;#NV;69;130;51;19;BLP;NA;NA;NA;NA;NA;NA;NA;NA;brown-red head, red back , yellowish belly, silver-brown face, dorsal stripe;NA;-13.75472439;49.412298450000002;1074;41893;09_Sep;repro;NA;BC1;NA;sp1_south;186;92;665;1776;253;114;139;204;160;204;160;18396;4503;271;982;11555;973;11137;973;sp1;sp1_BLP;no
2647;A76_2014;Belongoza;adult;M;sp1;7;sp1;20,21;14,28;33,65;20,82;21,08;7,28;10,34;39,54;20,29;#NV;64;132;51;22;BLP;large;NA;NA;NA;NA;enlarged;NA;NA;red head, red back , yellowish belly, silver-brown-red face, dorsal stripe;well developped testis;-13.76062576;49.412499199999999;1014;41891;09_Sep;repro;NA;BC4;NA;sp1_south;189;92;664;1769;256;117;139;207;164;207;164;18133;4402;272;975;11335;976;10917;976;sp1;sp1_BLP;no
2648;A64_2014;Belongoza;adult;F;sp1;7;sp1;20,33;14,9;37,63;21,1;21,29;6,83;11,8;37,63;18,76;#NV;71;147;51;26;BLP;NA;NA;NA;NA;NA;NA;NA;NA;brown-red head, red back , yellowish belly, brown face, dorsal stripe;NA;-13.760791469999999;49.410946199999998;1014;41889;09_Sep;repro;NA;BC3;NA;sp1_south;189;92;664;1769;256;117;139;207;164;207;164;18133;4402;272;975;11335;976;10917;976;sp1;sp1_BLP;no
2649;A87_2014;Belongoza;adult;F;sp1;7;sp1;20,77;12,6;34,15;20,29;22,26;6,7;10,86;36,74;20,22;#NV;86;132;53;24;BLP;NA;NA;NA;NA;NA;NA;NA;NA;brown-red head, red back , yellowish belly, silver-brown face, dorsal stripe;NA;-13.75282153;49.408786020000001;1074;41893;09_Sep;repro;NA;B24;NA;sp1_south;186;92;665;1776;253;114;139;204;160;204;160;18396;4503;271;982;11555;973;11137;973;sp1;sp1_BLP;no
2650;A66_2014;Belongoza;adult;F;sp1;7;sp1;20,46;14,86;35,86;20,2;22,99;6,05;10,92;38;20,46;#NV;94;140;54;22;BLP;NA;NA;NA;NA;NA;NA;NA;NA;brown-red head, red back , yellowish belly, grey-brown face, dorsal stripe;NA;-13.760645200000001;49.411537289999998;1014;41889;09_Sep;repro;NA;BC4;NA;sp1_south;189;92;664;1769;256;117;139;207;164;207;164;18133;4402;272;975;11335;976;10917;976;sp1;sp1_BLP;no
2651;A88_2014;Belongoza;adult;F;sp1;7;sp1;21,1;14,38;36,02;#NV;20,29;6,95;10,91;38,16;20,21;#NV;79;139;56;21;BLP;NA;NA;NA;NA;NA;NA;NA;NA;brown-red head, red back , yellowish belly, silver-brown face, dorsal stripe;NA;-13.7528725;49.408600190000001;1074;41893;09_Sep;repro;NA;C23;NA;sp1_south;186;92;665;1776;253;114;139;204;160;204;160;18396;4503;271;982;11555;973;11137;973;sp1;sp1_BLP;no
2656;BEZAV_C43_2013;Bezavona;adult;M;sp1;7;sp1;19,07;10,1;33,57;20,94;20,1;5,42;7,24;35,25;20,47;#NV;74;129;37;22;VG;large;NA;NA;NA;NA;enlarged;NA;NA;NA;previously_arnholdi;-13.55779083;49.896590230000001;NA;41540;09_Sep;repro;NA;A34;NA;sp1_north;227;67;618;1555;281;173;108;243;212;243;205;17105;3654;420;773;9262;1580;9101;1660;sp1;sp1_VG;no
2659;BEZAV_C50_2013;Bezavona;adult;F;sp1;7;sp1;21;11,36;34,91;21,62;#NV;6,34;#NV;#NV;20,81;#NV;90;146;44;23;DSAO;NA;NA;NA;NA;NA;NA;closed;NA;NA;previously_arnholdi;-13.55726042;49.89097185;NA;41542;09_Sep;repro;NA;B13;NA;sp1_north;233;68;625;1528;287;179;108;249;218;249;212;17064;3703;408;789;9349;1539;9177;1607;sp1;sp1_DSAO;no
2660;BEZAV_C30_2013;Bezavona;adult;M;sp1;7;sp1;19,53;10,21;34,47;20,52;#NV;6,64;#NV;#NV;20,32;#NV;70;135;45;20;DSAO;large;NA;NA;NA;NA;enlarged;NA;NA;NA;previously_arnholdi;-13.552369240000001;49.895946000000002;NA;41540;09_Sep;repro;NA;A14;RADSEQ;sp1_north;227;67;618;1555;281;173;108;243;212;243;205;17105;3654;420;773;9262;1580;9101;1660;sp1;sp1_DSAO;no
2661;BEZAV_C33_2013;Bezavona;adult;F;sp1;7;sp1;17,3;11,79;35,22;20,81;#NV;7,25;#NV;#NV;19,98;#NV;81;133;46;21;DSAO;NA;NA;NA;NA;NA;NA;closed;NA;NA;previously_arnholdi;-13.5511195;49.895751959999998;NA;41540;09_Sep;repro;NA;A23;NA;sp1_north;227;67;618;1555;281;173;108;243;212;243;205;17105;3654;420;773;9262;1580;9101;1660;sp1;sp1_DSAO;no
2662;BEZAV_C14_2013;Bezavona;adult;F;sp1;7;sp1;19,81;11,59;33,81;20,96;#NV;5,99;#NV;#NV;20,79;#NV;71;123;47;22;DSAO;NA;NA;NA;NA;NA;NA;closed;NA;NA;previously_arnholdi;-13.55088321;49.896515219999998;NA;41540;09_Sep;repro;NA;A12;NA;sp1_north;227;67;618;1555;281;173;108;243;212;243;205;17105;3654;420;773;9262;1580;9101;1660;sp1;sp1_DSAO;no
2663;BEZAV_C22_2013;Bezavona;adult;F;sp1;7;sp1;17,12;11,37;35,11;20,95;#NV;7,46;#NV;#NV;19,51;#NV;77;137;49;21;DSAO;NA;NA;NA;NA;NA;NA;closed;NA;NA;previously_arnholdi;-13.55340541;49.896245649999997;NA;41540;09_Sep;repro;NA;A14;NA;sp1_north;227;67;618;1555;281;173;108;243;212;243;205;17105;3654;420;773;9262;1580;9101;1660;sp1;sp1_DSAO;no
2664;BEZAV_C06_2013;Bezavona;adult;M;sp1;7;sp1;20,34;11,1;33,24;19,75;#NV;5,9;#NV;#NV;20,87;#NV;77;#NV;49;21;DSAO;large;NA;NA;NA;NA;enlarged;NA;NA;NA;previously_arnholdi;-13.556383500000001;49.898059670000002;NA;41539;09_Sep;repro;NA;A12;NA;sp1_north;227;67;618;1555;281;173;108;243;212;243;205;17105;3654;420;773;9262;1580;9101;1660;sp1;sp1_DSAO;no
2665;BEZAV_C18_2013;Bezavona;adult;F;sp1;7;sp1;19,57;10,92;35,15;#NV;#NV;5,92;#NV;#NV;20,66;#NV;87;132;50;21;DSAO;NA;NA;NA;NA;NA;NA;closed;NA;NA;previously_arnholdi;-13.55289848;49.89610098;NA;41540;09_Sep;repro;NA;A13;NA;sp1_north;227;67;618;1555;281;173;108;243;212;243;205;17105;3654;420;773;9262;1580;9101;1660;sp1;sp1_DSAO;no
2666;BEZAV_C25_2013;Bezavona;adult;M;sp1;7;sp1;21,57;12,39;35,71;21,03;#NV;7,46;#NV;#NV;21,12;#NV;82;152;56;21;DSAO;large;NA;NA;NA;NA;enlarged;NA;NA;NA;previously_arnholdi;-13.55700846;49.900575830000001;NA;41540;09_Sep;repro;NA;A13;RADSEQ;sp1_north;231;66;614;1552;285;178;107;248;216;248;210;17033;3572;431;756;9101;1616;8952;1708;sp1;sp1_DSAO;no
2669;BF46_2017;Binara;adult;M;sp1;7;sp1;18,15;12,73;33,12;#NV;20,87;6,01;8,04;38,19;19,54;#NV;73;124;42;17;BLP;large;NA;NA;NA;NA;enlarged;NA;NA;grey-brown head, grey-brown face, yellowish belly, red back, dorsal line;previously_arnholdi;-13.287934999999999;49.599926000000004;859;42950;08_Aug;pre_repro;NA;BD23;RADSEQ;sp1_north;209;88;701;1420;274;148;126;223;189;223;189;15105;4263;117;1148;10486;434;10132;453;sp1;sp1_BLP;no
2670;BF39_2017;Binara;adult;F;sp1;7;sp1;18,31;12,41;34,04;20,51;20,17;#NV;8,05;38,24;19,42;#NV;70;126;42;17;BLP;NA;NA;NA;NA;NA;NA;NA;NA;red head, grey-brown-red face, yellowish belly, red back, dorsal line;previously_arnholdi;-13.28804643;49.601436849999999;767;42948;08_Aug;pre_repro;NA;BC13;RADSEQ;sp1_north;209;88;701;1420;274;148;126;223;189;223;189;15105;4263;117;1148;10486;434;10132;453;sp1;sp1_BLP;no
2672;BIN.S_K65_2011;Binara_sud;adult;F;sp1;7;sp1;17,35;10,64;#NV;21,13;23,15;7,39;7,72;36,78;20,19;#NV;82;126;49;15;GMS;NA;NA;NA;NA;NA;NA;closed;NA;NA;previously_arnholdi;-13.296834499999999;49.606882300000002;NA;40842;10_Oct;repro;NA;A1;RADSEQ;sp1_north;217;89;703;1400;282;156;126;230;197;230;197;14736;4133;116;1142;10196;430;10196;448;sp1;sp1_GMS;no
2677;SALAF_B70_2013;Salafaina;adult;F;sp1;7;sp1;18,08;10,62;34,21;18,38;#NV;5,9;#NV;#NV;20,36;#NV;70;130;39;20;DSAO;NA;NA;NA;NA;NA;NA;closed;NA;NA;previously_arnholdi;-13.44828377;49.721990920000003;NA;41523;09_Sep;repro;NA;A23;NA;sp1_north;231;82;681;1433;294;173;121;246;212;246;211;14442;3624;212;988;9112;788;9112;809;sp1;sp1_DSAO;no
2678;SALAF_B104_2013;Salafaina;adult;M;sp1;7;sp1;19,35;12,86;34,43;20,72;#NV;5,56;#NV;#NV;21,8;#NV;77;142;39;19;DSAO;small;NA;NA;NA;NA;regressed;NA;NA;NA;previously_arnholdi;-13.432168900000001;49.707707480000003;NA;41525;09_Sep;repro;NA;C13;NA;sp1_north;219;83;678;1476;283;160;123;234;199;234;198;14591;3688;202;1003;9298;749;9298;769;sp1;sp1_DSAO;no
2679;SALAF_B46_2013;Salafaina;adult;F;sp1;7;sp1;19,7;12,73;32,34;19,14;#NV;6,87;#NV;#NV;20,11;#NV;77;135;39;17;DSAO;NA;NA;NA;NA;NA;NA;closed;NA;NA;previously_arnholdi;-13.44205191;49.721557660000002;NA;41521;09_Sep;repro;NA;B13;NA;sp1_north;231;82;681;1433;294;173;121;246;212;246;211;14442;3624;212;988;9112;788;9112;809;sp1;sp1_DSAO;no
2680;SALAF_B68_2013;Salafaina;adult;M;sp1;7;sp1;17,94;10,24;32,84;19,85;#NV;8,67;#NV;#NV;19,62;#NV;78;127;40;19;DSAO;large;NA;NA;NA;NA;enlarged;NA;NA;NA;previously_arnholdi;-13.44852107;49.72182806;NA;41523;09_Sep;repro;NA;A14;NA;sp1_north;231;82;681;1433;294;173;121;246;212;246;211;14442;3624;212;988;9112;788;9112;809;sp1;sp1_DSAO;no
2681;SALAF_B77_2013;Salafaina;adult;M;sp1;7;sp1;18,95;10,15;33,09;19,75;#NV;6,36;#NV;#NV;19,72;#NV;74;132;40;22;DSAO;large;NA;NA;NA;NA;enlarged;NA;NA;NA;previously_arnholdi;-13.44977265;49.704056909999998;NA;41523;09_Sep;repro;NA;AB1;RADSEQ;sp1_north;212;84;673;1511;276;152;124;228;191;228;191;14178;3593;198;1002;9030;731;8680;749;sp1;sp1_DSAO;no
2682;SALAF_B102_2013;Salafaina;adult;M;sp1;7;sp1;19,13;11,99;32,05;19,74;#NV;6,45;#NV;#NV;20,23;#NV;78;141;40;19;DSAO;large;NA;NA;NA;NA;enlarged;NA;NA;NA;previously_arnholdi;-13.432088179999999;49.707293;NA;41525;09_Sep;repro;NA;C12;RADSEQ;sp1_north;219;83;678;1476;283;160;123;234;199;234;198;14591;3688;202;1003;9298;749;9298;769;sp1;sp1_DSAO;no
2683;SALAF_B67_2013;Salafaina;adult;F;sp1;7;sp1;20,54;10,96;32,94;20,89;#NV;5,69;#NV;#NV;20,52;#NV;86;131;41,5;21;DSAO;NA;NA;NA;NA;NA;NA;closed;NA;NA;previously_arnholdi;-13.448216800000001;49.721991340000002;NA;41523;09_Sep;repro;NA;B12;RADSEQ;sp1_north;231;82;681;1433;294;173;121;246;212;246;211;14442;3624;212;988;9112;788;9112;809;sp1;sp1_DSAO;no
2684;SALAF_B85_2013;Salafaina;adult;M;sp1;7;sp1;20,94;11,72;34,43;20,69;#NV;6,44;#NV;#NV;19,72;#NV;78;138;41,5;21;DSAO;large;NA;NA;NA;NA;enlarged;NA;NA;NA;previously_arnholdi;-13.4326594;49.709765240000003;NA;41525;09_Sep;repro;NA;A24;NA;sp1_north;222;83;680;1462;285;163;122;237;202;237;201;14738;3711;209;996;9352;778;9352;800;sp1;sp1_DSAO;no
2685;SALAF_B100_2013;Salafaina;adult;M;sp1;7;sp1;22,05;11,84;32,71;20,36;#NV;5,74;#NV;#NV;21;#NV;78;135;41,5;21;DSAO;large;NA;NA;NA;NA;enlarged;NA;NA;NA;previously_arnholdi;-13.43226353;49.7080068;NA;41525;09_Sep;repro;NA;D12;NA;sp1_north;219;83;678;1476;283;160;123;234;199;234;198;14591;3688;202;1003;9298;749;9298;769;sp1;sp1_DSAO;no
2686;SALAF_B57_2013;Salafaina;adult;M;sp1;7;sp1;19,48;11,12;34,16;19,96;#NV;7,26;#NV;#NV;19,7;#NV;79;127;43;21;DSAO;large;NA;NA;NA;NA;enlarged;NA;NA;NA;previously_arnholdi;-13.44544818;49.72110034;NA;41522;09_Sep;repro;NA;A13;NA;sp1_north;231;82;681;1433;294;173;121;246;212;246;211;14442;3624;212;988;9112;788;9112;809;sp1;sp1_DSAO;no
2687;SALAF_B98_2013;Salafaina;adult;F;sp1;7;sp1;19,73;11,91;34,53;21,09;#NV;6,29;#NV;#NV;21,85;#NV;81;146;45;22;DSAO;NA;NA;NA;NA;NA;NA;closed;NA;NA;previously_arnholdi;-13.43202179;49.707263580000003;NA;41525;09_Sep;repro;NA;AB4;NA;sp1_north;219;83;678;1476;283;160;123;234;199;234;198;14591;3688;202;1003;9298;749;9298;769;sp1;sp1_DSAO;no
2688;SALAF_B66_2013;Salafaina;adult;M;sp1;7;sp1;19,99;11,83;34,54;20,02;#NV;5,83;#NV;#NV;20,26;#NV;69;122;45;17;DSAO;large;NA;NA;NA;NA;enlarged;NA;NA;NA;previously_arnholdi;-13.43561646;49.719402080000002;NA;41523;09_Sep;repro;NA;B12;RADSEQ;sp1_north;229;82;681;1433;292;171;121;244;210;244;209;14710;3689;215;988;9285;801;9285;824;sp1;sp1_DSAO;no
2689;SALAF_B83_2013;Salafaina;adult;M;sp1;7;sp1;20,85;11,35;31,46;18,54;#NV;5,86;#NV;#NV;19,25;#NV;72;123;45;18;DSAO;large;NA;NA;NA;NA;enlarged;NA;NA;NA;previously_arnholdi;-13.446407150000001;49.709843020000001;NA;41525;09_Sep;repro;NA;B13;RADSEQ;sp1_north;219;83;677;1479;282;159;123;234;198;234;198;14342;3619;205;995;9094;760;9094;780;sp1;sp1_DSAO;no
2690;SALAF_B84_2013;Salafaina;adult;M;sp1;7;sp1;19,02;11,78;34,71;20,86;#NV;6,22;#NV;#NV;21,1;#NV;81;132;46;18;DSAO;large;NA;NA;NA;NA;enlarged;NA;NA;NA;previously_arnholdi;-13.43265203;49.709795829999997;NA;41525;09_Sep;repro;NA;A12;NA;sp1_north;222;83;680;1462;285;163;122;237;202;237;201;14738;3711;209;996;9352;778;9352;800;sp1;sp1_DSAO;no
2691;SALAF_B69_2013;Salafaina;adult;M;sp1;7;sp1;21,34;12,79;35,16;20,06;#NV;5,48;#NV;#NV;22,32;#NV;74;133;46;18;DSAO;large;NA;NA;NA;NA;enlarged;NA;NA;NA;previously_arnholdi;-13.44891778;49.721169660000001;NA;41523;09_Sep;repro;NA;A23;NA;sp1_north;231;82;681;1433;294;173;121;246;212;246;211;14442;3624;212;988;9112;788;9112;809;sp1;sp1_DSAO;no
2692;SALAF_B45_2013;Salafaina;adult;F;sp1;7;sp1;18,07;10,78;#NV;19,96;#NV;6,46;#NV;#NV;21,81;#NV;85;140;54;21;DSAO;NA;NA;NA;NA;NA;NA;closed;NA;NA;previously_arnholdi;-13.44232835;49.721739800000002;NA;41521;09_Sep;repro;NA;BC13;NA;sp1_north;231;82;681;1433;294;173;121;246;212;246;211;14442;3624;212;988;9112;788;9112;809;sp1;sp1_DSAO;no
2695;A17_2014;Tsihomanaomby;adult;F;sp1;7;sp1;20,87;12,02;35,92;#NV;22,59;5,29;10,29;37,83;22,92;#NV;70;141;46;22;BLP;NA;NA;NA;NA;NA;NA;NA;NA;red head, brown-red face, red belly, red back, dorsal line;NA;-14.0928062;50.012235099999998;248;41858;08_Aug;pre_repro;NA;AB1;RADSEQ;sp1_south;230;63;556;1826;286;173;113;251;212;251;205;19767;3000;755;479;8360;2730;8360;2943;sp1;sp1_BLP;no
2696;AND6.4;Andohahela;adult;F;tanosi;10;tano;#NV;10;#NV;#NV;#NV;#NV;#NV;#NV;#NV;#NV;82,2;#NV;#NV;NA;EEL;NA;NA;NA;NA;NA;NA;NA;NA;NA;NA;-24.764944444444446;46.862333333333332;252;38883;06_Jun;repro;NA;NA;NA;tano;210;93;569;2586;292;128;164;241;175;241;175;24113;3480;872;479;10015;3129;10015;3129;tano;tano_EEL;no
2697;AND6.1;Andohahela;adult;F;tanosi;10;tano;17,5;10,2;#NV;#NV;#NV;#NV;11,2;#NV;#NV;#NV;92,6;#NV;#NV;NA;EEL;NA;NA;NA;NA;NA;NA;NA;NA;"Reddish orange body and head; dark orange diffuse dorsal midline (entire length of back); Whitish-cream venter that extends to ventral surface of muzzle (mandible); under fur is dark grayish-black to brown; and white patch in the inter-orbital region, starting just proximal to soft portion of nostril to the level of the corner of the eye.";NA;-24.770027777777777;46.863416666666666;145;38881;06_Jun;repro;NA;NA;NA;tano;217;92;570;2552;298;136;162;247;182;247;182;23090;3326;838;477;9570;3013;9570;3013;tano;tano_EEL;no
2714;SHR_51;Nahampoana;adult;M;tanosi;10;tano;#NV;9,6;36,1;20,4;#NV;3,9;12,2;#NV;#NV;#NV;#NV;136;62,4;8.3000000000000007;SHR;5.7;NA;NA;13.5;NA;enlarged;NA;NA;NA;NA;-24.969411000000001;46.976844;10;43624;06_Jun;repro;NA;NA;NA;tano;227;52;469;2105;282;172;110;253;210;253;200;25434;3229;1099;369;9490;3599;9490;4261;tano;tano_SHR;no
2715;SHR_52;Nahampoana;adult;F;tanosi;10;tano;#NV;11,2;39,3;22,9;#NV;3,6;12,5;#NV;#NV;#NV;#NV;145;#NV;9.6999999999999993;SHR;NA;NA;NA;NA;NA;NA;NA;73.6;NA;NA;-24.969411000000001;46.976844;14;43624;06_Jun;repro;NA;NA;NA;tano;227;52;469;2105;282;172;110;253;210;253;200;25434;3229;1099;369;9490;3599;9490;4261;tano;tano_SHR;yes
2725;SHR_30;Sainte_Luce;adult;F;tanosi;10;tano;#NV;11,6;36,5;27;#NV;4,6;15,1;#NV;#NV;#NV;#NV;136;62,2;8.9;SHR;NA;NA;NA;NA;NA;NA;NA;NA;NA;NA;-24.976973000000001;47.096823999999998;13;43335;08_Aug;repro;NA;NA;NA;tano;#NV;#NV;#NV;#NV;#NV;#NV;#NV;#NV;#NV;#NV;#NV;#NV;#NV;#NV;#NV;#NV;#NV;#NV;#NV;tano;tano_SHR;no
2726;SHR_10;Sainte_Luce;adult;M;tanosi;10;tano;#NV;11,09;40,99;27,57;#NV;4,1;14,17;#NV;#NV;#NV;#NV;153,81;64;10.75;SHR;14.29;NA;NA;21.66;NA;enlarged;NA;NA;NA;NA;-24.976973000000001;47.096823999999998;7;42961;08_Aug;repro;NA;NA;NA;tano;#NV;#NV;#NV;#NV;#NV;#NV;#NV;#NV;#NV;#NV;#NV;#NV;#NV;#NV;#NV;#NV;#NV;#NV;#NV;tano;tano_SHR;no
2727;SHR_28;Sainte_Luce;adult;M;tanosi;10;tano;#NV;12,7;37,2;24,6;#NV;4,2;#NV;#NV;#NV;#NV;#NV;139;67;14;SHR;12;NA;NA;25;NA;enlarged;NA;NA;NA;NA;-24.976973000000001;47.096823999999998;20;43333;08_Aug;repro;NA;NA;NA;tano;#NV;#NV;#NV;#NV;#NV;#NV;#NV;#NV;#NV;#NV;#NV;#NV;#NV;#NV;#NV;#NV;#NV;#NV;#NV;tano;tano_SHR;no
2728;SHR_13;Sainte_Luce;adult;M;tanosi;10;tano;#NV;10,47;38,62;26,22;#NV;4,4;11,78;#NV;#NV;#NV;#NV;141,32;71;11.55;SHR;12.74;NA;NA;24.28;NA;enlarged;NA;NA;NA;NA;-24.976973000000001;47.096823999999998;9;42965;08_Aug;repro;NA;NA;NA;tano;#NV;#NV;#NV;#NV;#NV;#NV;#NV;#NV;#NV;#NV;#NV;#NV;#NV;#NV;#NV;#NV;#NV;#NV;#NV;tano;tano_SHR;no
2729;SHR_12;Sainte_Luce;adult;F;tanosi;10;tano;#NV;10,69;#NV;21,41;#NV;3,6;10,08;#NV;#NV;#NV;#NV;150,98;72;10.55;SHR;NA;NA;NA;NA;NA;NA;NA;NA;NA;NA;-24.976973000000001;47.096823999999998;5;42965;08_Aug;repro;NA;NA;NA;tano;#NV;#NV;#NV;#NV;#NV;#NV;#NV;#NV;#NV;#NV;#NV;#NV;#NV;#NV;#NV;#NV;#NV;#NV;#NV;tano;tano_SHR;no
2734;SHR_35;Sainte_Luce;adult;F;tanosi;10;tano;#NV;10,2;36,1;23,5;#NV;4,1;15,1;#NV;#NV;#NV;#NV;113;62;10;SHR;NA;NA;NA;NA;NA;NA;NA;NA;NA;NA;-24.976973000000001;47.096823999999998;15;43352;09_Sep;repro;NA;NA;NA;tano;#NV;#NV;#NV;#NV;#NV;#NV;#NV;#NV;#NV;#NV;#NV;#NV;#NV;#NV;#NV;#NV;#NV;#NV;#NV;tano;tano_SHR;no
2735;SHR_33;Sainte_Luce;adult;F;tanosi;10;tano;#NV;8,2;36;23,3;#NV;4;13;#NV;#NV;#NV;#NV;130;62,1;9;SHR;NA;NA;NA;NA;NA;NA;NA;NA;NA;NA;-24.976973000000001;47.096823999999998;20;43350;09_Sep;repro;NA;NA;NA;tano;#NV;#NV;#NV;#NV;#NV;#NV;#NV;#NV;#NV;#NV;#NV;#NV;#NV;#NV;#NV;#NV;#NV;#NV;#NV;tano;tano_SHR;no
2736;SHR_32;Sainte_Luce;adult;F;tanosi;10;tano;#NV;11,2;35,1;26,7;#NV;4;14,4;#NV;#NV;#NV;#NV;140;63,1;11;SHR;NA;NA;NA;NA;NA;NA;NA;NA;NA;NA;-24.976973000000001;47.096823999999998;24;43348;09_Sep;repro;NA;NA;NA;tano;#NV;#NV;#NV;#NV;#NV;#NV;#NV;#NV;#NV;#NV;#NV;#NV;#NV;#NV;#NV;#NV;#NV;#NV;#NV;tano;tano_SHR;no
2737;SHR_1;Sainte_Luce;adult;F;tanosi;10;tano;#NV;#NV;#NV;#NV;#NV;#NV;#NV;#NV;#NV;#NV;#NV;132,7;63,5;10.65;SHR;NA;NA;NA;NA;NA;NA;NA;NA;NA;NA;-24.976973000000001;47.096823999999998;24;42253;09_Sep;repro;NA;NA;NA;tano;#NV;#NV;#NV;#NV;#NV;#NV;#NV;#NV;#NV;#NV;#NV;#NV;#NV;#NV;#NV;#NV;#NV;#NV;#NV;tano;tano_SHR;no
2738;SHR_4;Sainte_Luce;adult;F;tanosi;10;tano;#NV;8,68;#NV;#NV;#NV;4,1;11,65;#NV;#NV;#NV;#NV;123,73;65;7.85;SHR;NA;NA;NA;NA;NA;NA;NA;NA;NA;NA;-24.976973000000001;47.096823999999998;9;42622;09_Sep;repro;NA;NA;NA;tano;#NV;#NV;#NV;#NV;#NV;#NV;#NV;#NV;#NV;#NV;#NV;#NV;#NV;#NV;#NV;#NV;#NV;#NV;#NV;tano;tano_SHR;no
2739;SHR_21;Sainte_Luce;adult;M;tanosi;10;tano;#NV;9,96;39,87;25,51;#NV;4;10,13;#NV;#NV;#NV;#NV;128,76;65;7.11;SHR;10.32;NA;NA;21.22;NA;enlarged;NA;NA;NA;NA;-24.976973000000001;47.096823999999998;21;42990;09_Sep;repro;NA;NA;NA;tano;#NV;#NV;#NV;#NV;#NV;#NV;#NV;#NV;#NV;#NV;#NV;#NV;#NV;#NV;#NV;#NV;#NV;#NV;#NV;tano;tano_SHR;no
2740;SHR_18;Sainte_Luce;adult;M;tanosi;10;tano;#NV;10,93;37,69;25,58;#NV;4,6;10,82;#NV;#NV;#NV;#NV;139,97;69;12.54;SHR;13.78;NA;NA;21.37;NA;enlarged;NA;NA;NA;NA;-24.976973000000001;47.096823999999998;20;42983;09_Sep;repro;NA;NA;NA;tano;#NV;#NV;#NV;#NV;#NV;#NV;#NV;#NV;#NV;#NV;#NV;#NV;#NV;#NV;#NV;#NV;#NV;#NV;#NV;tano;tano_SHR;no
2741;SHR_3;Sainte_Luce;adult;F;tanosi;10;tano;#NV;#NV;#NV;#NV;#NV;#NV;#NV;#NV;#NV;#NV;#NV;124,2;69,4;11.22;SHR;NA;NA;NA;NA;NA;NA;NA;NA;NA;NA;-24.976973000000001;47.096823999999998;24;42256;09_Sep;repro;NA;NA;NA;tano;#NV;#NV;#NV;#NV;#NV;#NV;#NV;#NV;#NV;#NV;#NV;#NV;#NV;#NV;#NV;#NV;#NV;#NV;#NV;tano;tano_SHR;no
2742;SHR_36;Sainte_Luce;adult;F;tanosi;10;tano;#NV;11;36,7;25;#NV;4,1;14,4;#NV;#NV;#NV;#NV;120;71;11;SHR;NA;NA;NA;NA;NA;NA;NA;NA;NA;NA;-24.976973000000001;47.096823999999998;25;43369;09_Sep;repro;NA;NA;NA;tano;#NV;#NV;#NV;#NV;#NV;#NV;#NV;#NV;#NV;#NV;#NV;#NV;#NV;#NV;#NV;#NV;#NV;#NV;#NV;tano;tano_SHR;no
2743;SHR_19;Sainte_Luce;adult;M;tanosi;10;tano;#NV;10,49;#NV;20,89;#NV;4;10,38;#NV;#NV;#NV;#NV;127,5;72;9.83;SHR;10.76;NA;NA;22.15;NA;enlarged;NA;NA;NA;NA;-24.976973000000001;47.096823999999998;20;42983;09_Sep;repro;NA;NA;NA;tano;#NV;#NV;#NV;#NV;#NV;#NV;#NV;#NV;#NV;#NV;#NV;#NV;#NV;#NV;#NV;#NV;#NV;#NV;#NV;tano;tano_SHR;no
2744;SHR_20;Sainte_Luce;adult;F;tanosi;10;tano;#NV;11,87;38,6;30,04;#NV;3,9;9,47;#NV;#NV;#NV;#NV;143,5;#NV;11.94;SHR;NA;NA;NA;NA;NA;NA;NA;78.5;NA;NA;-24.976973000000001;47.096823999999998;23;42990;09_Sep;repro;NA;NA;NA;tano;#NV;#NV;#NV;#NV;#NV;#NV;#NV;#NV;#NV;#NV;#NV;#NV;#NV;#NV;#NV;#NV;#NV;#NV;#NV;tano;tano_SHR;yes
2749;SHR_37;Sainte_Luce;adult;F;tanosi;10;tano;#NV;10;36;23;#NV;4;13,5;#NV;#NV;#NV;#NV;133;63,5;12;SHR;NA;NA;NA;NA;NA;NA;NA;NA;NA;NA;-24.976973000000001;47.096823999999998;18;43394;10_Oct;repro;NA;NA;NA;tano;#NV;#NV;#NV;#NV;#NV;#NV;#NV;#NV;#NV;#NV;#NV;#NV;#NV;#NV;#NV;#NV;#NV;#NV;#NV;tano;tano_SHR;no
2755;SHR_7;Sainte_Luce;adult;F;tanosi;10;tano;#NV;11,1;39,4;26,1;#NV;4,3;13,15;#NV;#NV;#NV;#NV;127,2;62;8.99;SHR;NA;NA;NA;NA;NA;NA;NA;NA;NA;NA;-24.976973000000001;47.096823999999998;17;42677;11_Nov;repro;NA;NA;NA;tano;#NV;#NV;#NV;#NV;#NV;#NV;#NV;#NV;#NV;#NV;#NV;#NV;#NV;#NV;#NV;#NV;#NV;#NV;#NV;tano;tano_SHR;no
2756;SHR_26;Sainte_Luce;adult;M;tanosi;10;tano;#NV;9,21;38,43;25,62;#NV;4,2;14,01;#NV;#NV;#NV;#NV;106,1;63;10.56;SHR;8.67;NA;NA;16.95;NA;enlarged;NA;NA;NA;NA;-24.976973000000001;47.096823999999998;16;43058;11_Nov;repro;NA;NA;NA;tano;#NV;#NV;#NV;#NV;#NV;#NV;#NV;#NV;#NV;#NV;#NV;#NV;#NV;#NV;#NV;#NV;#NV;#NV;#NV;tano;tano_SHR;no
2757;SHR_25;Sainte_Luce;adult;F;tanosi;10;tano;#NV;8,81;38,6;21,33;#NV;4,1;11,74;#NV;#NV;#NV;#NV;137,14;72;11.41;SHR;NA;NA;NA;NA;NA;NA;NA;NA;NA;NA;-24.976973000000001;47.096823999999998;16;43058;11_Nov;repro;NA;NA;NA;tano;#NV;#NV;#NV;#NV;#NV;#NV;#NV;#NV;#NV;#NV;#NV;#NV;#NV;#NV;#NV;#NV;#NV;#NV;#NV;tano;tano_SHR;no
2759;AMBI_J50_2011;Ambilondambo;adult;F;tavaratra;12;tavC;20,28;12,08;33,9;20,13;20,74;5,18;7,29;#NV;21,38;#NV;87;164;59;20;ANR;NA;NA;NA;NA;NA;NA;closed;NA;NA;NA;-13.155668349999999;49.654889259999997;NA;40835;10_Oct;repro;NA;C1;RADSEQ;tava_Bina;239;83;692;1317;302;182;120;251;220;251;220;11627;3052;117;1078;7770;467;7770;502;tava;tava_ANR;no
2760;AMBO_F20_2011;Ambohitsitondroina;adult;F;tavaratra;12;tavC;20,66;12,1;33,75;20,35;20,1;5,62;7,49;38,61;20,81;#NV;87;165;45;22;GMS;NA;NA;NA;NA;NA;NA;NA;NA;NA;NA;-13.124065399999999;49.435248299999998;NA;40755;07_Jul;pre_repro;NA;A;NA;tava_Bina;249;97;721;1178;321;186;135;258;233;260;231;11774;3377;52;1209;8450;201;5495;217;tava;tava_GMS;no
2761;AMBO_F19_2011;Ambohitsitondroina;adult;F;tavaratra;12;tavC;20,7;12,71;33,61;19,75;20,04;5,06;7,21;37,34;20,6;#NV;87;162;47,5;23;GMS;NA;NA;NA;NA;NA;NA;NA;NA;NA;NA;-13.130371999999999;49.437566500000003;NA;40755;07_Jul;pre_repro;NA;1;NA;tava_Bina;249;97;713;1165;322;186;136;258;233;260;232;11854;3405;52;1210;8512;201;5532;217;tava;tava_GMS;no
2763;AMBO_F37_2011;Ambohitsitondroina;adult;F;tavaratra;12;tavC;20,6;12,17;33,1;20,35;20,12;5,3;7,19;39,4;20,65;#NV;85;165;47;20;NA;NA;NA;NA;NA;NA;NA;NA;NA;NA;NA;-13.1246875;49.440813499999997;NA;40757;08_Aug;repro;NA;B;NA;tava_Bina;249;97;721;1178;321;186;135;258;233;260;231;11774;3377;52;1209;8450;201;5495;217;tava;tava_NA;no
2764;AMBO_F29_2011;Ambohitsitondroina;adult;M;tavaratra;12;tavC;20,9;12,76;33,81;20,41;20,15;5,13;7,53;40,52;21,05;#NV;88;170;49;23;GMS;NA;NA;NA;NA;NA;NA;NA;NA;NA;NA;-13.122154500000001;49.435691300000002;NA;40756;08_Aug;repro;NA;1;NA;tava_Bina;249;97;721;1178;321;186;135;258;233;260;231;11774;3377;52;1209;8450;201;5495;217;tava;tava_GMS;no
2765;AMBO_F69.2_2011;Ambohitsitondroina;adult;F;tavaratra;12;tavC;20,13;12,63;32,42;19,49;20,58;4,81;7,81;39,21;21,13;#NV;85;169;50;22;MB;NA;NA;NA;NA;NA;NA;NA;NA;NA;NA;-13.1264664;49.473530699999998;NA;40760;08_Aug;repro;NA;A3;NA;tava_Bina;247;95;711;1210;318;184;134;257;230;258;229;12423;3574;59;1206;8904;228;5776;245;tava;tava_MB;no
2766;AMBO_F30_2011;Ambohitsitondroina;adult;F;tavaratra;12;tavC;20,65;12,5;33,61;20,18;20,07;5,07;7,19;38,36;20,8;#NV;88;163;50;22;NA;NA;NA;NA;NA;NA;NA;NA;NA;NA;NA;-13.1248819;49.438260900000003;NA;40756;08_Aug;repro;NA;2;RADSEQ;tava_Bina;249;97;721;1178;321;186;135;258;233;260;231;11774;3377;52;1209;8450;201;5495;217;tava;tava_NA;no
2767;AMBO_F68.2_2011;Ambohitsitondroina;adult;F;tavaratra;12;tavC;20,71;12,2;33,31;20,31;21,29;5,5;7,62;39,9;21,66;#NV;89;162;50;23;ANR;NA;NA;NA;NA;NA;NA;NA;NA;NA;NA;-13.123616;49.436996200000003;NA;40760;08_Aug;repro;NA;A1;NA;tava_Bina;249;97;721;1178;321;186;135;258;233;260;231;11774;3377;52;1209;8450;201;5495;217;tava;tava_ANR;no
2768;AMBO_F69_2011;Ambohitsitondroina;adult;F;tavaratra;12;tavC;21,53;12,91;32,42;19,9;23,22;4,6;6,82;40,34;22,11;#NV;85;169;50;22;MB;NA;NA;NA;NA;NA;NA;NA;NA;NA;NA;-13.1264664;49.473530699999998;NA;40760;08_Aug;repro;NA;A3;NA;tava_Bina;247;95;711;1210;318;184;134;257;230;258;229;12423;3574;59;1206;8904;228;5776;245;tava;tava_MB;no
2769;AMBO_G21_2011;Ambohitsitondroina;adult;M;tavaratra;12;tavC;#NV;14,36;34,88;20,4;21,17;6,42;8,34;37,41;22,65;#NV;80;145;50;20;JS;NA;NA;NA;NA;NA;NA;NA;NA;NA;NA;-13.128297999999999;49.475169100000002;NA;40763;08_Aug;repro;NA;B1;NA;tava_Bina;242;95;717;1216;312;180;132;253;225;254;224;12574;3614;61;1204;9002;236;5841;254;tava;tava_JS;no
2770;AMBO_G03_2011;Ambohitsitondroina;adult;M;tavaratra;12;tavC;20,74;12,42;33,5;20,95;20,55;5,53;7,39;39,01;20,38;#NV;83;170;52;20;ANR;NA;NA;NA;NA;NA;NA;NA;NA;NA;NA;-13.1318634;49.466103199999999;NA;40761;08_Aug;repro;NA;A2;NA;tava_Bina;245;96;716;1196;316;182;134;255;228;256;227;12280;3534;57;1208;8808;220;5715;237;tava;tava_ANR;no
2771;AMBO_G03.2_2011;Ambohitsitondroina;adult;M;tavaratra;12;tavC;21,2;11,67;33,26;20,51;21,7;5,52;7,6;40,3;21,27;#NV;83;167;52;21;MB;NA;NA;NA;NA;NA;NA;NA;NA;NA;NA;-13.1318634;49.466103199999999;NA;40761;08_Aug;repro;NA;A2;NA;tava_Bina;245;96;716;1196;316;182;134;255;228;256;227;12280;3534;57;1208;8808;220;5715;237;tava;tava_MB;no
2772;AMBO_G04_2011;Ambohitsitondroina;adult;F;tavaratra;12;tavC;20,3;11,9;34,13;20,76;21,48;5,12;8,27;40,13;21,99;#NV;82;162;53;21;MB;NA;NA;NA;NA;NA;NA;NA;NA;NA;NA;-13.130855800000001;49.476274799999999;NA;40761;08_Aug;repro;NA;B2;NA;tava_Bina;242;95;717;1216;312;180;132;253;225;254;224;12574;3614;61;1204;9002;236;5841;254;tava;tava_MB;no
2773;AMBO_G04.2_2011;Ambohitsitondroina;adult;F;tavaratra;12;tavC;20,75;12,54;33,65;20,36;21,91;5,15;7,05;39,97;21,04;#NV;82;162;53;20;ANR;NA;NA;NA;NA;NA;NA;NA;NA;NA;NA;-13.130855800000001;49.476274799999999;NA;40761;08_Aug;repro;NA;B2;NA;tava_Bina;242;95;717;1216;312;180;132;253;225;254;224;12574;3614;61;1204;9002;236;5841;254;tava;tava_ANR;no
2774;AMBO_F36_2011;Ambohitsitondroina;adult;M;tavaratra;12;tavC;20,95;12,16;33,48;20,4;20,46;5,51;7,31;40,1;20,86;#NV;88;171;55;22;GMS;NA;NA;NA;NA;NA;NA;NA;NA;NA;NA;-13.125106499999999;49.438959099999998;NA;40757;08_Aug;repro;NA;2;NA;tava_Bina;249;97;721;1178;321;186;135;258;233;260;231;11774;3377;52;1209;8450;201;5495;217;tava;tava_GMS;no
2775;AMBO_F66_2011;Ambohitsitondroina;adult;F;tavaratra;12;tavC;21,06;12,63;34,06;20,26;20,15;5,1;8,44;39,57;21,72;#NV;91;162;57;24;GMS;NA;NA;NA;NA;NA;NA;NA;NA;NA;NA;-13.1214704;49.470354399999998;NA;40760;08_Aug;repro;NA;3;NA;tava_Bina;248;95;715;1187;319;186;133;258;232;259;231;12176;3497;58;1205;8721;225;5661;243;tava;tava_GMS;no
2776;AMBO_F65_2011;Ambohitsitondroina;adult;F;tavaratra;12;tavC;20,71;12,91;33,54;20,44;20,03;5,71;8,13;39,75;20,82;#NV;95;163;59;22;GMS;NA;NA;NA;NA;NA;NA;NA;NA;NA;NA;-13.1272824;49.475107399999999;NA;40760;08_Aug;repro;NA;B1;NA;tava_Bina;242;95;717;1216;312;180;132;253;225;254;224;12574;3614;61;1204;9002;236;5841;254;tava;tava_GMS;no
2777;AMBO_F70_2011;Ambohitsitondroina;adult;F;tavaratra;12;tavC;20,5;12,79;34,36;20,6;20,8;5,23;7,3;40,5;21,2;#NV;93;172;62;23;GMS;NA;NA;NA;NA;NA;NA;NA;NA;NA;NA;-13.126761399999999;49.469102499999998;NA;40760;08_Aug;repro;NA;A3;NA;tava_Bina;247;95;711;1210;318;184;134;257;230;258;229;12423;3574;59;1206;8904;228;5776;245;tava;tava_GMS;no
2778;AMBO_F67_2011;Ambohitsitondroina;adult;F;tavaratra;12;tavC;20,59;12,73;34,96;20,03;20,25;5,87;7,73;40,88;21,85;#NV;95;170;63;21;GMS;NA;NA;NA;NA;NA;NA;NA;NA;NA;NA;-13.128746899999999;49.4713736;NA;40760;08_Aug;repro;NA;B4;NA;tava_Bina;247;95;711;1210;318;184;134;257;230;258;229;12423;3574;59;1206;8904;228;5776;245;tava;tava_GMS;no
2779;AMBO_G13_2011;Ambohitsitondroina;adult;F;tavaratra;12;tavC;21,89;11,52;33,7;20,02;21,83;5,58;7,88;40,86;21,58;#NV;96;159;63;17;MB;NA;NA;NA;NA;NA;NA;NA;NA;NA;NA;-13.1266418;49.4689476;NA;40762;08_Aug;repro;NA;A4;NA;tava_Bina;247;95;711;1210;318;184;134;257;230;258;229;12423;3574;59;1206;8904;228;5776;245;tava;tava_MB;no
2780;AMBO_F50_2011;Ambohitsitondroina;adult;F;tavaratra;12;tavC;20,41;12,14;33,55;20,31;20,16;5,43;7,3;38,95;20,38;#NV;90;155;65,5;24;NA;NA;NA;NA;NA;NA;NA;NA;NA;NA;NA;-13.1265024;49.431400199999999;NA;40758;08_Aug;repro;NA;A23;NA;tava_Bina;250;98;714;1175;323;186;137;259;234;261;233;11846;3397;52;1210;8505;199;5534;213;tava;tava_NA;no
2781;C30_2013;Ampanetibe-Madirobe;adult;M;tavaratra;12;tavN;19,92;12,33;32,66;19,38;19,63;6,66;6,79;#NV;20,38;#NV;82;154;53;20;ANR;large;NA;NA;NA;NA;enlarged;NA;NA;NA;NA;-12.64688314;49.396289099999997;NA;41581;11_Nov;repro;NA;CD3;NA;tava_Anka;244;78;687;1274;302;189;113;257;227;257;227;12750;3328;100;1118;8661;412;8475;412;tava;tava_ANR;no
2782;C32_2013;Ampanetibe-Madirobe;adult;F;tavaratra;12;tavN;21,53;12,55;33,07;19,4;20,77;6,04;6,66;39,49;20,2;#NV;90;149;53;18;ANR;NA;NA;NA;NA;NA;NA;closed;NA;NA;NA;-12.63372732;49.399578579999996;NA;41580;11_Nov;repro;NA;AB1;NA;tava_Anka;240;77;681;1296;297;184;113;253;222;253;222;13019;3397;102;1117;8840;422;8655;472;tava;tava_ANR;no
2783;C31_2013;Ampanetibe-Madirobe;adult;M;tavaratra;12;tavN;18,21;12,2;33,35;19,7;20,41;6,51;6,98;41,35;20,37;#NV;85;159;59;20;ANR;large;NA;NA;NA;NA;enlarged;NA;NA;NA;NA;-12.6341579;49.405551780000003;NA;41581;11_Nov;repro;NA;AC3;RADSEQ;tava_Anka;243;76;682;1284;299;187;112;256;225;256;225;12889;3370;103;1117;8748;426;8570;426;tava;tava_ANR;no
2784;C29_2013;Ampanetibe-Madirobe;adult;M;tavaratra;12;tavN;20,67;12,41;33,05;19,22;19,9;6,48;6,71;38,6;20,97;#NV;85;162;64;20;ANR;large;NA;NA;NA;NA;enlarged;NA;NA;NA;NA;-12.647062010000001;49.396537629999997;NA;41581;11_Nov;repro;NA;A12;RADSEQ;tava_Anka;244;78;687;1274;302;189;113;257;227;257;227;12750;3328;100;1118;8661;412;8475;412;tava;tava_ANR;no
2785;ANALM_P10_2012;Ampasimaty;adult;M;tavaratra;12;tavC;23,39;12,15;#NV;20,13;22,66;7,1;7,2;40,69;20,13;#NV;73;150;45;NA;I;small;NA;NA;NA;NA;regressed;NA;NA;NA;NA;-12.77204691;49.461142150000001;NA;41139;08_Aug;repro;NA;C3;RADSEQ;tava_Anka;246;80;692;1304;304;189;115;260;228;260;228;12453;3197;111;1092;8359;456;8359;498;tava;tava_I;no
2798;03-03;Analabe;adult;M;tavaratra;12;tavN;19,7;12,5;34;20,4;21;5,7;6,3;#NV;23,2;9,3;75;150;42;22;GO;NA;NA;NA;NA;NA;NA;NA;NA;no_age_initially_given_in_raw_data;NA;-12.799676;49.514270000000003;NA;37818;07_Jul;pre_repro;NA;NA;no;tava_Anal;246;76;688;1315;302;191;111;260;228;260;228;11128;2832;110;1072;7385;462;7160;462;tava;tava_GO;no
2799;04-03;Analabe;adult;F;tavaratra;12;tavN;20;13,4;33,8;20,7;20,8;5,5;6,8;40,2;21,6;8,1;70;160;44;19;GO;NA;NA;NA;NA;NA;NA;closed;NA;no_age_initially_given_in_raw_data;NA;-12.799676;49.514270000000003;NA;37818;07_Jul;pre_repro;NA;NA;no;tava_Anal;246;76;688;1315;302;191;111;260;228;260;228;11128;2832;110;1072;7385;462;7160;462;tava;tava_GO;no
2800;12-03;Analabe;adult;F;tavaratra;12;tavN;21,3;14,5;33,7;22,2;21,2;5,5;6,5;38,6;21;9,2;75;150;44;19;GO;NA;NA;NA;NA;NA;NA;closed;NA;no_age_initially_given_in_raw_data;NA;-12.799676;49.514270000000003;NA;37827;07_Jul;pre_repro;NA;NA;no;tava_Anal;246;76;688;1315;302;191;111;260;228;260;228;11128;2832;110;1072;7385;462;7160;462;tava;tava_GO;no
2801;10-03;Analabe;adult;F;tavaratra;12;tavN;20;12,1;34,1;20,5;21,5;5,6;7,2;39,3;22;7,8;80;155;48;18;GO;NA;NA;NA;NA;NA;NA;closed;NA;no_age_initially_given_in_raw_data;NA;-12.799676;49.514270000000003;NA;37824;07_Jul;pre_repro;NA;NA;no;tava_Anal;246;76;688;1315;302;191;111;260;228;260;228;11128;2832;110;1072;7385;462;7160;462;tava;tava_GO;no
2802;05-03;Analabe;adult;F;tavaratra;12;tavN;20,3;12,2;36;21;22,2;5,2;8,2;#NV;#NV;9,1;80;161;50;21;GO;NA;NA;NA;NA;NA;NA;closed;NA;no_age_initially_given_in_raw_data;NA;-12.799676;49.514270000000003;NA;37819;07_Jul;pre_repro;NA;NA;no;tava_Anal;246;76;688;1315;302;191;111;260;228;260;228;11128;2832;110;1072;7385;462;7160;462;tava;tava_GO;no
2803;02-03;Analabe;adult;M;tavaratra;12;tavN;21;13,9;35,4;21,3;22,4;6,5;8,2;39;22,5;10,2;85;170;52;25;GO;NA;NA;NA;NA;NA;NA;NA;NA;no_age_initially_given_in_raw_data;NA;-12.799676;49.514270000000003;NA;37818;07_Jul;pre_repro;NA;NA;no;tava_Anal;246;76;688;1315;302;191;111;260;228;260;228;11128;2832;110;1072;7385;462;7160;462;tava;tava_GO;no
2804;13-03;Analabe;adult;F;tavaratra;12;tavN;#NV;13,1;34,4;21;21,2;5,4;8,3;40;22,1;10,8;85;165;54;22;GO;NA;NA;NA;NA;NA;NA;NA;NA;no_age_initially_given_in_raw_data;NA;-12.799676;49.514270000000003;NA;37827;07_Jul;pre_repro;NA;NA;no;tava_Anal;246;76;688;1315;302;191;111;260;228;260;228;11128;2832;110;1072;7385;462;7160;462;tava;tava_GO;no
2805;01-03;Analabe;adult;F;tavaratra;12;tavN;21,3;12;#NV;22,9;22,2;6,2;8,2;41,3;24,2;10,3;85;165;56;26;GO;NA;NA;NA;NA;NA;NA;closed;NA;no_age_initially_given_in_raw_data;NA;-12.799676;49.514270000000003;NA;37816;07_Jul;pre_repro;NA;NA;no;tava_Anal;246;76;688;1315;302;191;111;260;228;260;228;11128;2832;110;1072;7385;462;7160;462;tava;tava_GO;no
2806;08-03;Analabe;adult;F;tavaratra;12;tavN;20,8;15,3;#NV;#NV;23,2;6;7,6;42;21,6;9,6;85;165;58;26;GO;NA;NA;NA;NA;NA;NA;closed;NA;no_age_initially_given_in_raw_data;NA;-12.799676;49.514270000000003;NA;37821;07_Jul;pre_repro;NA;NA;no;tava_Anal;246;76;688;1315;302;191;111;260;228;260;228;11128;2832;110;1072;7385;462;7160;462;tava;tava_GO;no
2807;07-03;Analabe;adult;F;tavaratra;12;tavN;22,4;13,2;36;22;21,7;6,3;8,2;39,4;24,4;11;85;155;60;23;GO;NA;NA;NA;NA;NA;NA;closed;NA;no_age_initially_given_in_raw_data;NA;-12.799676;49.514270000000003;NA;37821;07_Jul;pre_repro;NA;NA;no;tava_Anal;246;76;688;1315;302;191;111;260;228;260;228;11128;2832;110;1072;7385;462;7160;462;tava;tava_GO;no
2808;11-03;Analabe;adult;F;tavaratra;12;tavN;22,6;12,4;35,7;21,3;21,8;6,2;6,8;39,5;23;10;85;160;60;28;GO;NA;NA;NA;NA;NA;NA;closed;NA;no_age_initially_given_in_raw_data;NA;-12.799676;49.514270000000003;NA;37827;07_Jul;pre_repro;NA;NA;no;tava_Anal;246;76;688;1315;302;191;111;260;228;260;228;11128;2832;110;1072;7385;462;7160;462;tava;tava_GO;no
2809;15-03;Analabe;adult;M;tavaratra;12;tavN;20,6;14,8;35,4;22,1;22;6,4;7,6;39;22;9,6;75;155;50;22;GO;NA;NA;NA;NA;NA;NA;NA;NA;no_age_initially_given_in_raw_data;NA;-12.799676;49.514270000000003;NA;37842;08_Aug;repro;NA;NA;no;tava_Anal;246;76;688;1315;302;191;111;260;228;260;228;11128;2832;110;1072;7385;462;7160;462;tava;tava_GO;no
2810;16-03;Analabe;adult;M;tavaratra;12;tavN;21,7;13,4;33,5;22;22,8;4,2;7;40,3;21,8;9,7;72;160;52;23;GO;NA;NA;NA;NA;NA;NA;NA;NA;no_age_initially_given_in_raw_data;NA;-12.799676;49.514270000000003;NA;37842;08_Aug;repro;NA;NA;no;tava_Anal;246;76;688;1315;302;191;111;260;228;260;228;11128;2832;110;1072;7385;462;7160;462;tava;tava_GO;no
2811;14-03;Analabe;adult;F;tavaratra;12;tavN;21,3;13,6;36;22;22,4;4,7;8;39,6;24;10;90;170;58;26;GO;NA;NA;NA;NA;NA;NA;closed;NA;no_age_initially_given_in_raw_data;NA;-12.799676;49.514270000000003;NA;37842;08_Aug;repro;NA;NA;no;tava_Anal;246;76;688;1315;302;191;111;260;228;260;228;11128;2832;110;1072;7385;462;7160;462;tava;tava_GO;no
2812;ANALF_B18_2013;Analafiana;adult;M;tavaratra;12;tavS;17,5;13,18;32,81;#NV;#NV;6,54;7,19;40,58;22,26;#NV;76;172;49;20;DSAO;large;NA;NA;NA;NA;enlarged;NA;NA;NA;NA;-13.456934070000001;49.835491189999999;NA;41515;08_Aug;repro;NA;AB1;RADSEQ;tava_S;247;70;652;1421;302;194;108;262;233;262;227;13212;2974;279;845;7564;1074;7345;1102;tava;tava_DSAO;no
2813;ANALF_B08_2013;Analafiana;adult;M;tavaratra;12;tavS;22,3;14,01;34,21;19,17;#NV;6,66;7,99;40,1;23,13;#NV;86;162;50;20;DSAO;large;NA;NA;NA;NA;enlarged;NA;NA;NA;NA;-13.4637685;49.83372009;NA;41514;08_Aug;repro;NA;A12;RADSEQ;tava_S;246;71;651;1427;302;193;109;261;233;261;227;13286;2992;281;845;7606;1081;7606;1163;tava;tava_DSAO;no
2814;ANALF_B22_2013;Analafiana;adult;F;tavaratra;12;tavS;18,14;12,87;35,75;20,99;#NV;6,77;6,93;40,63;21,95;#NV;94;168;58,5;21;DSAO;NA;NA;NA;NA;NA;NA;closed;NA;NA;NA;-13.45902787;49.825944120000003;NA;41516;08_Aug;repro;NA;A12;RADSEQ;tava_S;247;72;659;1425;302;193;109;262;233;262;227;13283;3016;274;856;7666;1058;7666;1129;tava;tava_DSAO;no
2815;ANALF_B02_2013;Analafiana;adult;F;tavaratra;12;tavS;21,53;13,92;35,8;20,73;21,49;7,73;8,84;40,6;25,8;#NV;89;162;60;20;JS;NA;NA;NA;NA;NA;NA;closed;NA;gros idv;NA;-13.45215529;49.828101869999998;NA;41512;08_Aug;repro;NA;AB1;RADSEQ;tava_S;248;71;655;1416;303;194;109;262;234;262;228;13228;3001;273;855;7632;1054;7632;1128;tava;tava_JS;no
2816;ANALF_B28_2013;Analafiana;adult;M;tavaratra;12;tavS;#NV;#NV;34,75;20,56;20,97;8,46;#NV;40,5;25,57;#NV;96;166;56;19;JS;large;NA;NA;NA;NA;enlarged;NA;NA;NA;NA;-13.44988556;49.830137839999999;NA;41518;09_Sep;repro;NA;A13;RADSEQ;tava_S;248;71;654;1395;304;195;109;263;235;263;229;13156;2981;271;855;7587;1049;7587;1126;tava;tava_JS;no
2817;ANALM_P43_2012;Analahefina;adult;F;tavaratra;12;tavC;23;15,3;33,77;20,4;22,59;6,13;6,72;36,96;20,33;#NV;86;155;57;NA;I;NA;NA;NA;NA;NA;NA;closed;NA;NA;NA;-12.74461077;49.39423352;NA;41148;08_Aug;repro;NA;B2;RADSEQ;tava_Anka;240;83;690;1289;301;181;120;252;222;252;222;12789;3308;98;1113;8682;395;8682;434;tava;tava_I;no
2822;ANALM_C20_2012;Analamerana;adult;F;tavaratra;12;tavC;#NV;#NV;35,52;22;#NV;#NV;#NV;40,37;21,61;#NV;75;144;39;NA;CKR;NA;NA;NA;NA;NA;NA;closed;NA;NA;NA;-12.792091900000001;49.36465312;NA;41103;07_Jul;pre_repro;NA;C2;NA;tava_Anka;232;87;693;1271;297;172;125;244;214;244;214;14279;3846;91;1154;9923;361;9923;395;tava;tava_CKR;no
2823;ANALM_A60_2012;Analamerana;adult;M;tavaratra;12;tavC;#NV;#NV;33,65;21,16;#NV;#NV;5,75;38,15;#NV;#NV;78;162;40;17;CKR;small;NA;NA;NA;NA;regressed;NA;NA;NA;NA;-12.79289363;49.393940829999998;NA;41095;07_Jul;pre_repro;NA;C3;RADSEQ;tava_Anka;241;86;690;1295;305;181;124;253;223;253;223;13730;3663;96;1140;9472;383;9472;418;tava;tava_CKR;no
2824;ANALM_A64_2012;Analamerana;adult;F;tavaratra;12;tavC;#NV;#NV;35,26;20,66;#NV;#NV;5;41,85;21,47;#NV;75;150;40;NA;CKR;NA;NA;NA;NA;NA;NA;closed;NA;NA;NA;-12.793338370000001;49.402244189999998;NA;41097;07_Jul;pre_repro;NA;C1;NA;tava_Anka;236;85;697;1318;298;176;122;248;217;248;217;13642;3630;98;1136;9392;391;9392;426;tava;tava_CKR;no
2825;ANALM_A63_2012;Analamerana;adult;F;tavaratra;12;tavC;#NV;#NV;34,96;#NV;#NV;#NV;6,41;38,63;20,9;#NV;80;155;43;18;CKR;NA;NA;NA;NA;NA;NA;closed;NA;NA;NA;-12.796657359999999;49.397566339999997;NA;41097;07_Jul;pre_repro;NA;B3;NA;tava_Anka;241;86;690;1295;305;181;124;253;223;253;223;13730;3663;96;1140;9472;383;9472;418;tava;tava_CKR;no
2826;ANALM_A58_2012;Analamerana;adult;F;tavaratra;12;tavC;#NV;#NV;35;#NV;20,58;#NV;6,04;41,17;21,72;#NV;86;148;45;17;CKR;NA;NA;NA;NA;NA;NA;closed;NA;NA;NA;-12.8025666;49.393200790000002;NA;41095;07_Jul;pre_repro;NA;C3;NA;tava_Anka;239;86;694;1281;303;179;124;251;221;251;221;13908;3734;95;1145;9624;380;9624;415;tava;tava_CKR;no
2827;ANALM_A66_2012;Analamerana;adult;F;tavaratra;12;tavC;#NV;#NV;36,29;20,1;#NV;#NV;#NV;40,86;21,9;#NV;88;171;46;NA;CKR;NA;NA;NA;NA;NA;NA;closed;NA;NA;NA;-12.803905520000001;49.392548679999997;NA;41097;07_Jul;pre_repro;NA;C4;NA;tava_Anka;239;86;694;1281;303;179;124;251;221;251;221;13908;3734;95;1145;9624;380;9624;415;tava;tava_CKR;no
2828;ANALM_C10_2012;Analamerana;adult;F;tavaratra;12;tavC;#NV;#NV;34,58;20,57;#NV;#NV;5,02;#NV;20,25;#NV;78;160;50;NA;CKR;NA;NA;NA;NA;NA;NA;closed;NA;NA;NA;-12.804502980000001;49.37296679;NA;41101;07_Jul;pre_repro;NA;A1;NA;tava_Anka;238;87;696;1280;303;178;125;250;220;250;220;14348;3882;91;1156;9986;363;9986;397;tava;tava_CKR;no
2829;ANALM_C11_2012;Analamerana;adult;F;tavaratra;12;tavC;#NV;#NV;#NV;22;#NV;#NV;6,1;40,17;22,97;#NV;74;172;51,5;NA;CKR;NA;NA;NA;NA;NA;NA;closed;NA;NA;NA;-12.799164299999999;49.365870170000001;NA;41101;07_Jul;pre_repro;NA;A2;NA;tava_Anka;232;87;693;1271;297;172;125;244;214;244;214;14279;3846;91;1154;9923;361;9923;395;tava;tava_CKR;no
2830;ANALM_C19_2012;Analamerana;adult;F;tavaratra;12;tavC;#NV;#NV;32,52;20,5;20,22;#NV;6,11;40,23;20,58;#NV;80;163;54;NA;CKR;NA;NA;NA;NA;NA;NA;closed;NA;NA;NA;-12.795041830000001;49.374299180000001;NA;41103;07_Jul;pre_repro;NA;C3;NA;tava_Anka;240;87;692;1274;305;180;125;252;223;252;222;14146;3804;92;1151;9816;366;9816;400;tava;tava_CKR;no
2833;ANALM_C03_2012;Analamerana;adult;F;tavaratra;12;tavC;#NV;#NV;36,42;20,5;20,44;#NV;#NV;40,85;21,46;#NV;80;157;40;NA;CKR;NA;NA;NA;NA;NA;NA;closed;NA;NA;NA;-12.79533142;49.400924379999999;NA;41159;09_Sep;repro;NA;B1;NA;tava_Anka;236;85;697;1318;298;176;122;248;217;248;217;13642;3630;98;1136;9392;391;9392;426;tava;tava_CKR;no
2834;C13_2013;Analamerana;adult;M;tavaratra;12;tavC;20,4;13,9;32,81;19,88;20,48;6,38;7,6;#NV;#NV;#NV;70;147;41;18;ANR;large;NA;NA;NA;NA;enlarged;NA;NA;NA;NA;-12.6927319;49.526342630000002;NA;41535;09_Sep;repro;NA;A13;RADSEQ;tava_Anka;249;67;660;1352;298;197;101;263;230;264;230;10902;2621;130;1014;6965;562;6796;562;tava;tava_ANR;no
2835;C14_2013;Analamerana;adult;M;tavaratra;12;tavC;21,01;#NV;34,06;20,54;21,42;6,67;7,65;37,52;#NV;#NV;85;155;50;20;ANR;large;NA;NA;NA;NA;enlarged;NA;NA;NA;NA;-12.68840893;49.521381720000001;NA;41535;09_Sep;repro;NA;B12;NA;tava_Anka;250;67;665;1359;299;198;101;265;231;265;231;10710;2599;125;1024;6883;536;6721;536;tava;tava_ANR;no
2836;C15_2013;Analamerana;adult;F;tavaratra;12;tavC;20,27;14,16;34,32;20,38;21,6;6,3;7,49;40,4;20,2;#NV;90;163;60;NA;ANR;NA;NA;NA;NA;NA;NA;closed;NA;NA;NA;-12.68914;49.51587112;NA;41535;09_Sep;repro;NA;A14;NA;tava_Anka;250;68;664;1359;300;197;103;265;231;265;231;10675;2614;120;1034;6903;515;6740;515;tava;tava_ANR;no
2838;ANDF_D24_2012;Andavakoera_1;adult;F;tavaratra;12;tavC;19,55;11,58;33,01;21,32;22,04;6,95;5,14;40,32;21,21;#NV;77;147;46;16;ZR;NA;NA;NA;NA;NA;NA;closed;NA;NA;NA;-13.11378167;49.190919999999998;NA;41099;07_Jul;pre_repro;NA;A2;NA;tava_Anka;258;107;701;1052;339;187;152;263;245;269;242;13086;3776;46;1233;9488;165;2886;172;tava;tava_ZR;no
2839;ANDF_D20_2012;Andavakoera_1;adult;F;tavaratra;12;tavC;19,52;13,53;34,5;20,45;24,94;7,4;6,96;42,82;24,48;#NV;80;164;54;17;ZR;NA;NA;NA;NA;NA;NA;closed;NA;NA;NA;-13.12413667;49.221123329999998;NA;41099;07_Jul;pre_repro;NA;B4;NA;tava_Anka;234;106;699;1160;312;161;151;241;218;244;216;13638;3998;47;1244;9937;165;6404;174;tava;tava_ZR;no
2840;ANDF_D05_2012;Andavakoera_1;adult;F;tavaratra;12;tavC;17,92;14,23;33,5;21,5;23,8;6,93;#NV;40,02;22,24;#NV;93;150;55;17;I;NA;NA;NA;NA;NA;NA;closed;NA;NA;NA;-13.11683833;49.189746669999998;NA;41095;07_Jul;pre_repro;NA;B3;RADSEQ;tava_Anka;252;107;703;1065;332;180;152;257;238;262;236;13112;3782;46;1233;9503;165;2893;172;tava;tava_I;no
2841;ANDF_D02_2012;Andavakoera_1;adult;F;tavaratra;12;tavC;18,5;#NV;33,74;23,44;24,15;7,72;5,85;41,32;24,85;#NV;100;175;55;18;I;NA;NA;NA;NA;NA;NA;closed;NA;NA;NA;-13.124788329999999;49.218903330000003;NA;41095;07_Jul;pre_repro;NA;C3;NA;tava_Anka;234;106;699;1160;312;161;151;241;218;244;216;13638;3998;47;1244;9937;165;6404;174;tava;tava_I;no
2843;ANDF_D67_2012;Andavakoera_2;adult;F;tavaratra;12;tavC;17,64;12,22;35,97;22,23;22,23;7,63;6,63;40,56;23,75;#NV;78;154;54;17;ZR;NA;NA;NA;NA;NA;NA;closed;NA;NA;NA;-13.12106167;49.236391670000003;NA;41106;07_Jul;pre_repro;NA;AC2;NA;tava_Anka;232;105;696;1156;310;159;151;240;216;242;214;14108;4139;49;1244;10277;171;6618;181;tava;tava_ZR;no
2844;ANDF_D31_2012;Andavakoera_2;adult;M;tavaratra;12;tavC;19,86;14,97;34,89;22,47;22,96;6,95;5,2;41,45;23,3;#NV;92;146;57;18;ZR;small;NA;NA;NA;NA;regressed;NA;NA;NA;NA;-13.11622167;49.230306669999997;NA;41102;07_Jul;pre_repro;NA;B3;NA;tava_Anka;235;105;699;1156;313;163;150;242;220;245;217;13956;4082;49;1242;10159;170;6553;180;tava;tava_ZR;no
2845;ANDF_D66_2012;Andavakoera_2;adult;F;tavaratra;12;tavC;18,38;13,24;33,07;21,26;22,27;6,15;6,52;42,08;22,08;#NV;91;151;60;17;ZR;NA;NA;NA;NA;NA;NA;closed;NA;NA;NA;-13.12118167;49.236223330000001;NA;41106;07_Jul;pre_repro;NA;AD3;NA;tava_Anka;232;105;696;1156;310;159;151;240;216;242;214;14108;4139;49;1244;10277;171;6618;181;tava;tava_ZR;no
2846;ANDF_D29_2012;Andavakoera_2;adult;F;tavaratra;12;tavC;17,39;12,36;36,67;20,12;23,44;7,96;5,51;43,47;22,19;#NV;92;157;61;16;ZR;NA;NA;NA;NA;NA;NA;closed;NA;NA;NA;-13.11395667;49.238448329999997;NA;41102;07_Jul;pre_repro;NA;D3;NA;tava_Anka;232;105;698;1177;310;160;150;240;216;243;214;14268;4171;50;1241;10381;175;6697;186;tava;tava_ZR;no
2847;ANDF_D30_2012;Andavakoera_2;adult;F;tavaratra;12;tavC;17,62;12,96;34,22;#NV;23,63;7,84;6,78;43,71;24,48;#NV;89;158;64;16;ZR;NA;NA;NA;NA;NA;NA;closed;NA;NA;NA;-13.119065000000001;49.232268329999997;NA;41102;07_Jul;pre_repro;NA;A1;NA;tava_Anka;233;105;697;1145;311;160;151;240;217;243;215;13865;4069;48;1245;10104;168;6506;177;tava;tava_ZR;no
2848;ANDF_D65_2012;Andavakoera_2;adult;F;tavaratra;12;tavC;20,18;13,92;33,42;20,28;23,7;6,21;#NV;37,92;20,67;#NV;90;154;#NV;NA;I;NA;NA;NA;NA;NA;NA;closed;67;NA;NA;-13.120710000000001;49.237299999999998;NA;41106;07_Jul;pre_repro;NA;AD2;NA;tava_Anka;232;105;696;1156;310;159;151;240;216;242;214;14108;4139;49;1244;10277;171;6618;181;tava;tava_I;yes
2849;ANALM_C56_2012;Andrafiambany;adult;F;tavaratra;12;tavC;23;12,08;37,92;22,32;21,93;#NV;#NV;43,76;21,36;#NV;86;170;54;17;CKR;NA;NA;NA;NA;NA;NA;closed;NA;NA;NA;-12.83313313;49.3708849;NA;41120;07_Jul;pre_repro;NA;B3;RADSEQ;tava_Anka;230;88;696;1287;296;169;127;242;212;242;212;14815;4075;89;1170;10393;353;10393;385;tava;tava_CKR;no
2858;C23_2013;Andranomadiro;adult;F;tavaratra;12;tavN;19;12,35;32,95;19,2;19,62;5,44;6,54;#NV;#NV;#NV;85;149;50;18;ANR;NA;NA;NA;NA;NA;NA;closed;NA;NA;NA;-12.62979378;49.4171665;NA;41573;10_Oct;repro;NA;C12;RADSEQ;tava_Anka;243;74;681;1301;297;188;109;256;225;256;225;12935;3387;107;1114;8761;447;8595;447;tava;tava_ANR;no
2859;C24_2013;Andranomadiro;adult;F;tavaratra;12;tavN;21,01;12,57;35,72;19,43;20,19;6,13;7,08;37,39;20,05;#NV;90;160;56;20;ANR;NA;NA;NA;NA;NA;NA;closed;NA;NA;NA;-12.628234750000001;49.416505000000001;NA;41573;10_Oct;repro;NA;B13;RADSEQ;tava_Anka;241;75;678;1305;296;185;111;254;222;254;222;13043;3412;106;1115;8842;441;8670;441;tava;tava_ANR;no
2861;ANKA_K46_2011;Ankaramy;adult;M;tavaratra;12;tavC;18,73;12,23;36,07;20,97;23,06;7,05;6,37;44,1;24,96;#NV;93;157;40;19;JS;large;NA;NA;NA;NA;enlarged;NA;NA;NA;NA;-13.2725963;49.654643800000002;NA;40836;10_Oct;repro;NA;A1;RADSEQ;tava_Anka;229;85;692;1377;293;170;123;242;209;242;209;13288;3530;133;1082;8897;507;8897;532;tava;tava_JS;no
2873;10-03;Ankarana;adult;F;tavaratra;12;tavC;22;14;36,4;20,5;19;6,1;7,7;40,1;23,8;9,3;90;164;65;22;GO;NA;NA;NA;NA;NA;NA;closed;NA;no_age_initially_given_in_raw_data;NA;-12.95223833;49.04050333;NA;37786;06_Jun;pre_repro;NA;NA;no;tava_Anka;262;101;699;870;341;196;145;264;251;271;249;15869;4305;86;1186;11255;298;3661;312;tava;tava_GO;no
2874;ANKA_F45_2012;Ankarana;adult;F;tavaratra;12;tavC;21,86;14,3;33,31;22,5;22,5;6,29;6,06;43,52;23,8;#NV;76;152;53;18;ZR;NA;NA;NA;NA;NA;NA;closed;NA;NA;NA;-12.964119999999999;49.126908329999999;NA;41121;07_Jul;pre_repro;NA;D3;NA;tava_Anka;255;102;696;987;334;188;146;259;242;265;240;15976;4528;66;1222;11535;225;3561;242;tava;tava_ZR;no
2875;ANKA_F42_2012;Ankarana;adult;F;tavaratra;12;tavC;21,97;13,19;36,47;21;23,74;7,14;7,18;45,83;23;#NV;90;170;#NV;18;ZR;NA;NA;NA;NA;NA;NA;closed;68;NA;NA;-12.963848329999999;49.127749999999999;NA;41121;07_Jul;pre_repro;NA;C4;RADSEQ;tava_Anka;255;102;696;987;334;188;146;259;242;265;240;15976;4528;66;1222;11535;225;3561;242;tava;tava_ZR;yes
2876;ANKA_F75_2012;Ankarana;adult;M;tavaratra;12;tavC;21,62;13,91;33,21;20,46;20,43;6,3;7,28;36,84;21,51;#NV;81;154;40;21;ANR;small;NA;NA;NA;NA;regressed;NA;NA;NA;NA;-12.943355;49.054639999999999;NA;41138;08_Aug;repro;NA;B2;RADSEQ;tava_Anka;257;101;693;908;336;190;146;259;245;266;243;16075;4408;81;1196;11458;279;3673;295;tava;tava_ANR;no
2877;ANKA_F137_2012;Ankarana;adult;M;tavaratra;12;tavC;21,34;13,86;32,7;20,29;21,32;6,59;6,63;38,56;21,1;#NV;83;170;48;20;ANR;large;NA;NA;NA;NA;enlarged;NA;NA;NA;NA;-12.98681667;49.031308330000002;NA;41147;08_Aug;repro;NA;C4;RADSEQ;tava_Anka;261;101;699;874;340;195;145;263;250;270;248;15618;4218;88;1180;11044;308;3621;318;tava;tava_ANR;no
2878;ANKA_F133_2012;Ankarana;adult;F;tavaratra;12;tavC;21,39;13,08;33,47;20,67;21,95;6,22;6,18;40,01;21,7;#NV;90;175;52;21;ANR;NA;NA;NA;NA;NA;NA;closed;NA;NA;NA;-12.98395833;49.02774333;NA;41147;08_Aug;repro;NA;B4;NA;tava_Anka;261;101;699;874;340;195;145;263;250;270;248;15618;4218;88;1180;11044;308;3621;318;tava;tava_ANR;no
2879;C3_2013;Ankarana;adult;M;tavaratra;12;tavC;23,17;13,34;34,48;20,07;19,54;6,56;8,23;38,18;21,15;#NV;82;163;53;21;ANR;large;NA;NA;NA;NA;enlarged;NA;NA;NA;NA;-12.830444999999999;49.178993329999997;NA;41510;08_Aug;repro;NA;A12;NA;tava_Anka;238;95;696;1077;312;175;137;245;223;248;221;16061;4524;67;1215;11539;248;7568;278;tava;tava_ANR;no
2880;C4_2013;Ankarana;adult;F;tavaratra;12;tavC;19,75;12,21;34,45;19,55;21,16;6,54;8,55;38,82;23,38;#NV;75;162;55;22;ANR;NA;NA;NA;NA;NA;NA;closed;NA;NA;NA;-12.832763330000001;49.191834999999998;NA;41510;08_Aug;repro;NA;B13;RADSEQ;tava_Anka;238;95;695;1117;311;175;136;245;222;248;221;16014;4482;68;1208;11463;258;7540;289;tava;tava_ANR;no
2881;ANKA_F132_2012;Ankarana;adult;M;tavaratra;12;tavC;21,89;13,36;34,14;21,16;21,9;6,78;6,22;40,13;21,72;#NV;85;166;55;17;ANR;large;NA;NA;NA;NA;enlarged;NA;NA;NA;NA;-12.98380833;49.027569999999997;NA;41147;08_Aug;repro;NA;A4;NA;tava_Anka;261;101;699;874;340;195;145;263;250;270;248;15618;4218;88;1180;11044;308;3621;318;tava;tava_ANR;no
2882;ANKA_F139_2012;Ankarana;adult;M;tavaratra;12;tavC;21,38;13,13;33,8;20,74;21,22;6,55;6,65;39,94;21,54;#NV;84;156;56;20;ANR;large;NA;NA;NA;NA;enlarged;NA;NA;NA;NA;-12.988073330000001;49.03257;NA;41147;08_Aug;repro;NA;D4;NA;tava_Anka;261;101;699;874;340;195;145;263;250;270;248;15618;4218;88;1180;11044;308;3621;318;tava;tava_ANR;no
2883;ANKA_F99_2012;Ankarana;adult;F;tavaratra;12;tavC;19,58;15,59;#NV;22,57;23,57;7,36;6,36;42,52;23,57;#NV;99;145;59;17;ZR;NA;NA;NA;NA;NA;NA;closed;NA;NA;NA;-12.959841669999999;49.037311670000001;NA;41141;08_Aug;repro;NA;D3;NA;tava_Anka;260;101;697;862;339;194;145;262;249;269;247;15856;4303;86;1186;11245;298;3659;311;tava;tava_ZR;no
2884;ANKA_F120_2012;Ankarana;adult;F;tavaratra;12;tavC;21,66;14,7;34,48;22,02;22,62;6,65;6,43;39,49;21,42;#NV;88;175;63;20;ANR;NA;NA;NA;NA;NA;NA;closed;NA;NA;NA;-12.975250000000001;49.035611670000002;NA;41146;08_Aug;repro;NA;D2;NA;tava_Anka;261;102;696;888;341;195;146;264;251;271;248;15704;4263;85;1185;11134;297;3625;308;tava;tava_ANR;no
2885;ANKA_F107_2012;Ankarana;adult;F;tavaratra;12;tavC;22,54;13,7;35,5;21,96;21,92;6,16;6,4;38,87;22,25;#NV;85;172;64;23;ANR;NA;NA;NA;NA;NA;NA;closed;NA;NA;NA;-12.95223833;49.04050333;NA;41143;08_Aug;repro;NA;C1;NA;tava_Anka;262;101;699;870;341;196;145;264;251;271;249;15869;4305;86;1186;11255;298;3661;312;tava;tava_ANR;no
2886;ANKA_F58_2012;Ankarana;adult;F;tavaratra;12;tavC;#NV;#NV;33,97;21,72;#NV;6,43;6,04;40,22;22,24;#NV;82;160;#NV;19;DSAO;NA;NA;NA;NA;NA;NA;closed;NA;NA;NA;-12.90341667;49.112191670000001;NA;41123;08_Aug;repro;NA;B2;RADSEQ;tava_Anka;254;101;698;947;333;189;144;258;242;264;240;16768;4704;72;1215;12064;247;3746;269;tava;tava_DSAO;NA
2887;ANKA_F146_2012;Ankarana;adult;M;tavaratra;12;tavC;21,9;13,79;34,66;20,71;21,76;6,12;6,61;38,39;22,65;#NV;85;175;55;20;ANR;large;NA;NA;NA;NA;enlarged;NA;NA;NA;NA;-12.860998329999999;49.119500000000002;NA;41159;09_Sep;repro;NA;C3;NA;tava_Anka;252;99;696;954;330;188;142;256;240;262;238;16856;4747;70;1219;12145;246;3729;273;tava;tava_ANR;no
2888;ANKA_H50_2012;Ankarana;adult;F;tavaratra;12;tavC;21,65;13,49;35,36;21,47;21,52;6,2;6,39;38,66;21,79;#NV;95;164;59;20;ANR;NA;NA;NA;NA;NA;NA;closed;NA;NA;NA;-12.82758333;49.142355000000002;NA;41168;09_Sep;repro;NA;B2;NA;tava_Anka;245;97;697;1004;321;182;139;251;231;254;230;16616;4704;67;1222;11986;245;3634;275;tava;tava_ANR;no
2889;ANKA_H27_2012;Ankarana;adult;F;tavaratra;12;tavC;21,08;13,16;34,36;20,55;21,05;6,88;6,2;38,5;21,45;#NV;90;163;62;19;ANR;NA;NA;NA;NA;NA;NA;closed;NA;NA;NA;-12.826278329999999;49.14902;NA;41164;09_Sep;repro;NA;C2;NA;tava_Anka;245;97;697;1004;321;182;139;251;231;254;230;16616;4704;67;1222;11986;245;3634;275;tava;tava_ANR;no
2890;ANKA_H23_2012;Ankarana;adult;F;tavaratra;12;tavC;22,09;15,22;35,35;21,05;21,62;6,86;6,52;39,16;21,84;#NV;92;163;63;20;ANR;NA;NA;NA;NA;NA;NA;closed;NA;NA;NA;-12.810586669999999;49.158648329999998;NA;41164;09_Sep;repro;NA;A2;NA;tava_Anka;239;96;698;1042;313;176;137;245;224;248;223;16466;4653;68;1219;11855;251;7763;282;tava;tava_ANR;no
2891;ANKA_H24_2012;Ankarana;adult;M;tavaratra;12;tavC;21,15;13,25;34,22;20,9;20,92;6,62;6,46;38,51;22,58;#NV;87;168;66;20;ANR;large;NA;NA;NA;NA;enlarged;NA;NA;NA;NA;-12.80995667;49.159336670000002;NA;41164;09_Sep;repro;NA;B1;RADSEQ;tava_Anka;239;96;698;1042;313;176;137;245;224;248;223;16466;4653;68;1219;11855;251;7763;282;tava;tava_ANR;no
2892;ANKA_H26_2012;Ankarana;adult;F;tavaratra;12;tavC;21,92;14,45;34,33;22,49;21,63;6,65;6,57;39,32;21,91;#NV;97;163;66;22;ANR;NA;NA;NA;NA;NA;NA;closed;NA;NA;NA;-12.826898330000001;49.14905667;NA;41164;09_Sep;repro;NA;D3;NA;tava_Anka;245;97;697;1004;321;182;139;251;231;254;230;16616;4704;67;1222;11986;245;3634;275;tava;tava_ANR;no
2893;C39_2013;Ankarana;adult;F;tavaratra;12;tavC;19,65;12,72;33,66;20,31;21,4;6,23;6,63;39,9;21,9;#NV;88;161;60;19;ANR;NA;NA;NA;NA;NA;NA;closed;NA;NA;NA;-12.85884764;49.26919908;NA;41595;11_Nov;repro;NA;A12;RADSEQ;tava_Anka;238;93;692;1200;309;175;134;247;221;249;220;15504;4303;73;1193;11010;283;7260;312;tava;tava_ANR;no
2894;C36_2013;Ankarana;adult;F;tavaratra;12;tavC;19,73;12,63;33,11;19,9;20,38;5,05;6,38;38,72;22,3;#NV;90;156;62;18;ANR;NA;NA;NA;NA;NA;NA;closed;NA;NA;NA;-12.86277029;49.249272779999998;NA;41592;11_Nov;repro;NA;B13;NA;tava_Anka;236;93;692;1172;308;173;135;245;220;247;218;15606;4345;70;1199;11115;270;7323;299;tava;tava_ANR;no
2895;C35_2013;Ankarana;adult;F;tavaratra;12;tavC;21,65;15,96;36,55;20,84;21,25;7,01;7,91;44,1;22,49;#NV;85;166;#NV;19;ANR;NA;NA;NA;NA;NA;NA;closed;70;NA;NA;-12.862153299999999;49.247366489999997;NA;41592;11_Nov;repro;NA;A14;RADSEQ;tava_Anka;236;93;692;1172;308;173;135;245;220;247;218;15606;4345;70;1199;11115;270;7323;299;tava;tava_ANR;yes
2896;01-03;Ankavana;adult;M;tavaratra;12;tavN;23,2;14,2;36,2;19,9;20,5;7;8;37;21,3;9;85;165;55;20;GO;6.5;NA;NA;NA;NA;enlarged;NA;NA;no_age_initially_given_in_raw_data;NA;-12.839460000000001;49.580064999999998;NA;37826;07_Jul;pre_repro;NA;NA;no;tava_Anka;250;70;668;1319;302;197;105;263;231;263;231;11661;3011;124;1064;7696;537;7485;537;tava;tava_GO;no
2897;01-03;Ankavana;adult;F;tavaratra;12;tavN;22,5;13,6;33,6;20,2;19,8;5,8;8,4;38,3;22,5;8,3;75;145;40;18;GO;NA;NA;NA;NA;NA;NA;closed;NA;no_age_initially_given_in_raw_data;NA;-12.839460000000001;49.580064999999998;NA;37847;08_Aug;repro;NA;NA;no;tava_Anka;250;70;668;1319;302;197;105;263;231;263;231;11661;3011;124;1064;7696;537;7485;537;tava;tava_GO;no
2898;03-03;Ankavana;adult;M;tavaratra;12;tavN;22,2;13,7;32,2;20,7;20;6,4;7,3;37,8;22,7;8,5;83;158;48;19;GO;9.6;7.9;5;5.0999999999999996;8.1999999999999993;enlarged;NA;NA;no_age_initially_given_in_raw_data;NA;-12.839460000000001;49.580064999999998;NA;37851;08_Aug;repro;NA;NA;no;tava_Anka;250;70;668;1319;302;197;105;263;231;263;231;11661;3011;124;1064;7696;537;7485;537;tava;tava_GO;no
2899;04-03;Ankavana;adult;F;tavaratra;12;tavN;23,5;13,3;35,7;22;20,7;6,2;7,7;40,3;22,8;9,8;92;162;65;21;GO;NA;NA;NA;NA;NA;NA;closed;NA;no_age_initially_given_in_raw_data;NA;-12.839460000000001;49.580064999999998;NA;37851;08_Aug;repro;NA;NA;no;tava_Anka;250;70;668;1319;302;197;105;263;231;263;231;11661;3011;124;1064;7696;537;7485;537;tava;tava_GO;no
2900;02-03;Ankavana;adult;F;tavaratra;12;tavN;23,2;13;35,2;20,6;21,7;6,7;7,6;38,6;21,5;8,8;88;168;#NV;24;GO;NA;NA;NA;NA;NA;NA;closed;68;no_age_initially_given_in_raw_data;NA;-12.839460000000001;49.580064999999998;NA;37849;08_Aug;repro;NA;NA;no;tava_Anka;250;70;668;1319;302;197;105;263;231;263;231;11661;3011;124;1064;7696;537;7485;537;tava;tava_GO;yes
2902;ANTSB_H28_2011;Antsahabe;adult;M;tavaratra;12;tavC;23,3;15,84;34,82;20,74;20,9;4,64;8,9;42,54;20,87;#NV;81;150;50;20;AB;large;NA;NA;NA;NA;enlarged;NA;NA;NA;NA;-13.2048907;49.565548300000003;NA;40797;09_Sep;repro;NA;A1;NA;tava_Bina;215;90;709;1367;281;154;127;228;196;228;195;15239;4396;93;1187;10809;352;10462;373;tava;tava_AB;no
2903;ANTSB_H55_2011;Antsahabe;adult;F;tavaratra;12;tavC;18,97;11,9;35,3;20,1;20,87;5,82;6,54;37,85;22,04;#NV;89;173;53;22;MB;NA;NA;NA;NA;NA;NA;NA;NA;NA;NA;-13.209876299999999;49.570483699999997;NA;40800;09_Sep;repro;NA;D2;NA;tava_Bina;227;90;712;1316;293;167;126;240;209;240;208;15227;4384;96;1182;10773;364;10773;386;tava;tava_MB;no
2904;ANTSB_H53_2011;Antsahabe;adult;M;tavaratra;12;tavC;21,2;10,4;34,78;22,3;22,38;5,69;7,13;40,68;22,06;#NV;81;159;56;20;MB;large;NA;NA;NA;NA;enlarged;NA;NA;NA;NA;-13.2106602;49.565052399999999;NA;40799;09_Sep;repro;NA;B1;RADSEQ;tava_Bina;222;90;706;1337;288;160;128;234;203;234;202;15280;4417;93;1188;10844;352;10844;373;tava;tava_MB;no
2905;ANTSB_H27_2011;Antsahabe;adult;F;tavaratra;12;tavC;20,15;10,76;34,87;20,9;#NV;5,09;7,1;#NV;20,44;#NV;75;#NV;60;17;MB;NA;NA;NA;NA;NA;NA;NA;NA;NA;NA;-13.2130311;49.5589437;NA;40797;09_Sep;repro;NA;B2;NA;tava_Bina;222;90;706;1337;288;160;128;234;203;234;202;15280;4417;93;1188;10844;352;10844;373;tava;tava_MB;no
2906;ANTSB_H31_2011;Antsahabe;adult;M;tavaratra;12;tavC;22,52;14,44;35,05;#NV;#NV;5,65;#NV;40,51;21,35;#NV;85;155;60;19;AB;large;NA;NA;NA;NA;enlarged;NA;NA;NA;NA;-13.21406;49.561380800000002;NA;40797;09_Sep;repro;NA;A2;NA;tava_Bina;222;90;706;1337;288;160;128;234;203;234;202;15280;4417;93;1188;10844;352;10844;373;tava;tava_AB;no
2907;ANTSB_H29_2011;Antsahabe;adult;M;tavaratra;12;tavC;#NV;#NV;35,72;20,3;21,15;6,52;6,65;37,42;21,22;#NV;77;150;61;22;MB;large;NA;NA;NA;NA;enlarged;NA;NA;NA;NA;-13.2131019;49.557908599999998;NA;40797;09_Sep;repro;NA;B3;RADSEQ;tava_Bina;212;91;711;1361;278;150;128;225;193;225;192;15167;4393;90;1192;10786;339;10443;359;tava;tava_MB;no
2908;ANTSB_H17_2011;Antsahabe;adult;F;tavaratra;12;tavC;20,2;12,36;34,74;20,6;21,4;5,68;7,44;39,64;21,08;#NV;81;171;62;21;JS;NA;NA;NA;NA;NA;NA;NA;NA;NA;NA;-13.209911200000001;49.570556699999997;NA;40796;09_Sep;repro;NA;1;NA;tava_Bina;227;90;712;1316;293;167;126;240;209;240;208;15227;4384;96;1182;10773;364;10773;386;tava;tava_JS;no
2909;ANTSB_H16_2011;Antsahabe;adult;F;tavaratra;12;tavC;19,63;14,06;35,93;20,23;23;5,95;7,53;37,63;21,58;#NV;89;166;64;19;JS;NA;NA;NA;NA;NA;NA;NA;NA;NA;NA;-13.2095886;49.570168199999998;NA;40796;09_Sep;repro;NA;A3;NA;tava_Bina;227;90;712;1316;293;167;126;240;209;240;208;15227;4384;96;1182;10773;364;10773;386;tava;tava_JS;no
2910;ANTSB_H30_2011;Antsahabe;adult;F;tavaratra;12;tavC;20,25;11,62;35,75;20,88;20,28;5,14;6,7;40,6;21,63;#NV;84;153;65;20;MB;NA;NA;NA;NA;NA;NA;closed;NA;NA;NA;-13.2122113;49.557246599999999;NA;40797;09_Sep;repro;NA;C3;NA;tava_Bina;212;91;711;1361;278;150;128;225;193;225;192;15167;4393;90;1192;10786;339;10443;359;tava;tava_MB;no
2911;ANTSR_L36_2011;Antsaharaingy;adult;F;tavaratra;12;tavC;21,39;12,23;#NV;20,83;21,24;6,62;7,94;38;21,62;#NV;83;161;41;19;ANR;NA;NA;NA;NA;NA;NA;closed;NA;NA;NA;-12.9091798;49.655380700000002;NA;40858;11_Nov;repro;NA;A2;RADSEQ;tava_Bina;249;67;661;1301;301;199;102;262;231;262;231;10996;2678;144;994;6958;634;6748;634;tava;tava_ANR;no
2912;ANTSR_L37_2011;Antsaharaingy;adult;F;tavaratra;12;tavC;20,1;12,95;34,94;22,7;21,03;6,15;6,8;39,7;22,84;#NV;75;160;46;21;ERD;NA;NA;NA;NA;NA;NA;closed;NA;NA;NA;-12.906476400000001;49.6553836;NA;40858;11_Nov;repro;NA;B1;NA;tava_Bina;250;67;658;1301;301;200;101;263;232;263;232;10739;2596;143;987;6767;631;6562;631;tava;tava_ERD;no
2913;ANTSR_L14_2011;Antsaharaingy;adult;F;tavaratra;12;tavC;20,08;12,76;32,05;21,92;21,19;7,96;8,91;37,85;20,98;#NV;70;160;50;20;ERD;NA;NA;NA;NA;NA;NA;closed;NA;NA;NA;-12.9072011;49.655379000000003;NA;40856;11_Nov;repro;NA;A3;NA;tava_Bina;250;67;658;1301;301;200;101;263;232;263;232;10739;2596;143;987;6767;631;6562;631;tava;tava_ERD;no
2914;ANTSR_L12_2011;Antsaharaingy;adult;M;tavaratra;12;tavC;20,61;12,55;32,02;20,31;21,22;6,64;7,5;38,39;21,58;#NV;76;161;57;19;ANR;large;NA;NA;NA;NA;enlarged;NA;NA;NA;NA;-12.908996999999999;49.650281800000002;NA;40856;11_Nov;repro;NA;A1;NA;tava_Bina;249;67;661;1301;301;199;102;262;231;262;231;10996;2678;144;994;6958;634;6748;634;tava;tava_ANR;no
2915;ANTSR_L35_2011;Antsaharaingy;adult;M;tavaratra;12;tavC;20,8;13,44;33,54;21,81;22,82;7,66;6,75;38,43;21,9;#NV;85;165;57;21;ERD;large;NA;NA;NA;NA;enlarged;NA;NA;NA;NA;-12.907382;49.655383;NA;40858;11_Nov;repro;NA;A2;NA;tava_Bina;250;67;658;1301;301;200;101;263;232;263;232;10739;2596;143;987;6767;631;6562;631;tava;tava_ERD;no
2916;ANTSR_L15_2011;Antsaharaingy;adult;F;tavaratra;12;tavC;20,95;13,94;35,7;21,91;21,72;7,45;8,11;38,23;21,19;#NV;95;163;59;21;ANR;NA;NA;NA;NA;NA;NA;closed;NA;NA;NA;-12.906755;49.655385000000003;NA;40856;11_Nov;repro;NA;A1;NA;tava_Bina;250;67;658;1301;301;200;101;263;232;263;232;10739;2596;143;987;6767;631;6562;631;tava;tava_ANR;no
2917;ANTSR_L13_2011;Antsaharaingy;adult;M;tavaratra;12;tavC;20,9;12,49;33,86;20,57;21,62;6,22;7,71;39,44;21,71;#NV;86;170;61;20;ANR;large;NA;NA;NA;NA;enlarged;NA;NA;NA;NA;-12.914387400000001;49.655380000000001;NA;40856;11_Nov;repro;NA;1;NA;tava_Bina;249;67;661;1301;301;199;102;262;231;262;231;10996;2678;144;994;6958;634;6748;634;tava;tava_ANR;no
2918;ANTSR_L16_2011;Antsaharaingy;adult;M;tavaratra;12;tavC;21,26;12,8;34,04;20,42;21,45;6,3;8,17;39,51;21,63;#NV;95;174;66;20;ANR;large;NA;NA;NA;NA;enlarged;NA;NA;NA;NA;-12.909177400000001;49.658168000000003;NA;40856;11_Nov;repro;NA;A;RADSEQ;tava_Bina;249;67;661;1301;301;199;102;262;231;262;231;10996;2678;144;994;6958;634;6748;634;tava;tava_ANR;no
2921;ANTSK_E52_2011;Antsakay;adult;F;tavaratra;12;tavC;22,05;12;32,25;18,57;20,92;6,85;8,05;40,22;21,78;#NV;83;158;42;23;JS;NA;NA;NA;NA;NA;NA;closed;NA;NA;NA;-13.0936588;49.705759700000002;NA;40743;07_Jul;pre_repro;NA;C1;NA;tava_Bina;248;77;675;1328;308;194;114;261;229;261;229;11009;2814;141;1022;7095;591;7095;591;tava;tava_JS;no
2922;ANTSK_E50_2011;Antsakay;adult;F;tavaratra;12;tavC;22,48;12,15;33,84;20,04;20,55;6,42;7,1;40,13;22,23;#NV;80;163;42;22;JS;NA;NA;NA;NA;NA;NA;closed;NA;NA;NA;-13.0929032;49.706358199999997;NA;40743;07_Jul;pre_repro;NA;A2;NA;tava_Bina;248;77;675;1328;308;194;114;261;229;261;229;11009;2814;141;1022;7095;591;7095;591;tava;tava_JS;no
2923;ANTSK_E33_2011;Antsakay;adult;M;tavaratra;12;tavC;20,49;13,22;32,8;20,2;22,18;6,15;7,73;40,15;21,03;#NV;72;152;46;23;JS;small;NA;NA;NA;NA;regressed;NA;NA;NA;NA;-13.106449100000001;49.698115000000001;NA;40741;07_Jul;pre_repro;NA;B;RADSEQ;tava_Bina;246;78;678;1314;306;191;115;259;227;259;227;10825;2798;132;1037;7043;549;7043;598;tava;tava_JS;no
2924;ANTSK_E38_2011;Antsakay;adult;F;tavaratra;12;tavC;20,15;11,23;33,5;20,05;20,3;5,35;7,21;40,09;23,1;#NV;78;153;46,5;24;JS;NA;NA;NA;NA;NA;NA;closed;NA;NA;NA;-13.098040299999999;49.705525700000003;NA;40741;07_Jul;pre_repro;NA;A;NA;tava_Bina;248;77;675;1328;308;194;114;261;229;261;229;11009;2814;141;1022;7095;591;7095;591;tava;tava_JS;no
2925;ANTSK_E60_2011;Antsakay;adult;M;tavaratra;12;tavC;21,45;13,13;33,58;20,28;20,2;5,9;7,24;39,43;21,9;#NV;88;154;47,5;20;JS;NA;NA;NA;NA;NA;NA;NA;NA;NA;NA;-13.1066532;49.695945100000003;NA;40743;07_Jul;pre_repro;NA;A2;RADSEQ;tava_Bina;246;78;678;1314;306;191;115;259;227;259;227;10825;2798;132;1037;7043;549;7043;598;tava;tava_JS;no
2926;ANTSK_E39_2011;Antsakay;adult;F;tavaratra;12;tavC;21,06;13,6;33,08;20,78;22,08;5,72;7,08;40,25;22,42;#NV;80;160;48;22;JS;NA;NA;NA;NA;NA;NA;closed;NA;NA;NA;-13.088046800000001;49.705906200000001;NA;40741;07_Jul;pre_repro;NA;B;NA;tava_Bina;246;77;673;1337;306;192;114;259;227;259;227;10999;2803;142;1019;7075;597;7075;597;tava;tava_JS;no
2927;ANTSK_E40_2011;Antsakay;adult;M;tavaratra;12;tavC;22,06;13,62;32,23;20,32;22,22;5,66;7,12;40,68;23,85;#NV;81;152;48;22;JS;small;NA;NA;NA;NA;regressed;NA;NA;NA;NA;-13.084623799999999;49.704542600000003;NA;40741;07_Jul;pre_repro;NA;C;NA;tava_Bina;246;77;673;1337;306;192;114;259;227;259;227;10999;2803;142;1019;7075;597;7075;597;tava;tava_JS;no
2928;ANTSK_E43.2_2011;Antsakay;adult;F;tavaratra;12;tavC;22,75;13,02;33,07;20,65;20,32;5,95;5,74;41,62;22,48;#NV;78;154;49;23;JS;NA;NA;NA;NA;NA;NA;closed;NA;NA;NA;-13.0823489;49.703773699999999;NA;40741;07_Jul;pre_repro;NA;D;NA;tava_Bina;239;76;668;1345;299;185;114;253;220;253;220;11001;2795;144;1016;7061;605;7061;605;tava;tava_JS;no
2929;ANTSK_E43_2011;Antsakay;adult;F;tavaratra;12;tavC;22,85;12,24;32,85;20,95;20,51;6,05;5,72;40,57;22,36;#NV;92;156;49;22;JS;NA;NA;NA;NA;NA;NA;closed;NA;NA;NA;-13.0823489;49.703773699999999;NA;40741;07_Jul;pre_repro;NA;D;RADSEQ;tava_Bina;239;76;668;1345;299;185;114;253;220;253;220;11001;2795;144;1016;7061;605;7061;605;tava;tava_JS;no
2930;ANTSK_E35_2011;Antsakay;adult;M;tavaratra;12;tavC;23;12,68;33,19;21,2;22,09;5,21;6,55;42,65;22,11;#NV;73;164;52;19;JS;small;NA;NA;NA;NA;regressed;NA;NA;NA;NA;-13.1079375;49.706462299999998;NA;40741;07_Jul;pre_repro;NA;C;NA;tava_Bina;248;77;670;1309;308;193;115;261;229;261;229;11012;2822;140;1025;7109;585;7109;638;tava;tava_JS;no
2931;ANTSK_E51_2011;Antsakay;adult;F;tavaratra;12;tavC;20,28;11,3;34,17;19,91;21,4;5,38;7,57;42,5;23,75;#NV;85;172;53;27;JS;NA;NA;NA;NA;NA;NA;closed;NA;NA;NA;-13.093386199999999;49.7060271;NA;40743;07_Jul;pre_repro;NA;B1;NA;tava_Bina;248;77;675;1328;308;194;114;261;229;261;229;11009;2814;141;1022;7095;591;7095;591;tava;tava_JS;no
2932;ANTSK_E37_2011;Antsakay;adult;M;tavaratra;12;tavC;22,09;13,12;34,2;20,05;21;6;8;41,68;23,09;#NV;85;169;54;22;JS;small;NA;NA;NA;NA;regressed;NA;NA;NA;NA;-13.097687199999999;49.705434099999998;NA;40741;07_Jul;pre_repro;NA;A1;NA;tava_Bina;248;77;675;1328;308;194;114;261;229;261;229;11009;2814;141;1022;7095;591;7095;591;tava;tava_JS;no
2933;ANTSK_E30_2011;Antsakay;adult;M;tavaratra;12;tavC;23,09;13,65;34,76;22,96;23;5,4;8,95;43,01;24,2;#NV;88;168;54;23;JS;small;NA;NA;NA;NA;regressed;NA;NA;NA;NA;-13.0971042;49.700961599999999;NA;40739;07_Jul;pre_repro;NA;2;NA;tava_Bina;248;77;675;1328;308;194;114;261;229;261;229;11009;2814;141;1022;7095;591;7095;591;tava;tava_JS;no
2934;ANTSK_E34_2011;Antsakay;adult;F;tavaratra;12;tavC;20,83;11,79;35,55;21,13;22,78;5,94;7,68;43,01;22,09;#NV;83;147;55;23;JS;NA;NA;NA;NA;NA;NA;closed;NA;NA;NA;-13.10604;49.705715400000003;NA;40741;07_Jul;pre_repro;NA;A1;NA;tava_Bina;248;77;670;1309;308;193;115;261;229;261;229;11012;2822;140;1025;7109;585;7109;638;tava;tava_JS;no
2935;ANTSK_E54_2011;Antsakay;adult;M;tavaratra;12;tavC;24,17;13,34;33,33;20,16;22,2;6,95;7,28;42,62;22,7;#NV;88;173;55;24;JS;small;NA;NA;NA;NA;regressed;NA;NA;NA;NA;-13.089523099999999;49.706257999999998;NA;40743;07_Jul;pre_repro;NA;C1;NA;tava_Bina;246;77;673;1337;306;192;114;259;227;259;227;10999;2803;142;1019;7075;597;7075;597;tava;tava_JS;no
2936;ANTSK_E59_2011;Antsakay;adult;F;tavaratra;12;tavC;21,55;13,68;#NV;20,2;21,45;5,25;6,2;42,55;23,75;#NV;98;168;62;23;JS;NA;NA;NA;NA;NA;NA;closed;NA;NA;NA;-13.0814655;49.703443499999999;NA;40743;07_Jul;pre_repro;NA;D2;NA;tava_Bina;239;76;668;1345;299;185;114;253;220;253;220;11001;2795;144;1016;7061;605;7061;605;tava;tava_JS;no
2945;BEK_A27_2010;Bekaraoka;adult;F;tavaratra;12;tavC;21;12,3;35;21;21,6;6,8;7,4;38,5;23,4;#NV;80;149;48;19;JS;NA;NA;NA;NA;NA;NA;closed;NA;NA;NA;-13.1616394;49.708589600000003;245.50048799999999;40397;08_Aug;repro;NA;B2;NA;tava_Anka;239;78;672;1344;300;184;116;253;220;253;220;11233;2874;145;1022;7243;593;7243;593;tava;tava_JS;no
2946;BEK_A26_2010;Bekaraoka;adult;M;tavaratra;12;tavC;22;13,3;34,4;20;21,7;7,2;7,1;40,3;24,5;#NV;84;168;48;18;JS;large;NA;NA;NA;NA;enlarged;NA;NA;NA;NA;-13.166900800000001;49.703241200000001;105.14904799999999;40397;08_Aug;repro;NA;B2;RADSEQ;tava_Anka;246;79;675;1327;307;190;117;259;227;259;227;11140;2873;138;1034;7240;559;7240;602;tava;tava_JS;no
2947;BEK_A24_2010;Bekaraoka;adult;F;tavaratra;12;tavC;20,5;12,1;32,3;21;21,3;6,4;6,1;40,4;24,7;#NV;83;170;57;20;JS;NA;NA;NA;NA;NA;NA;closed;NA;NA;NA;-13.164582299999999;49.700428299999999;105.389404;40397;08_Aug;repro;NA;A2;NA;tava_Anka;245;79;680;1325;306;190;116;258;227;258;227;11090;2860;137;1034;7205;560;7205;604;tava;tava_JS;no
2948;BEK_D47.2_2011;Bekaraoka;adult;M;tavaratra;12;tavC;20,82;11,12;33,61;20,96;20,14;5,93;6,55;37,2;20,1;#NV;77;153;50;22;JS;NA;NA;NA;NA;NA;NA;NA;NA;NA;NA;-13.161626200000001;49.7069531;NA;40811;09_Sep;repro;NA;A2;NA;tava_Anka;245;79;680;1325;306;190;116;258;227;258;227;11090;2860;137;1034;7205;560;7205;604;tava;tava_JS;no
2949;BEK_D11_2011;Bekaraoka;adult;F;tavaratra;12;tavC;17,3;10,92;34,19;19,81;20,45;5,29;7,25;36,19;20,73;#NV;71;151;53;21;MB;NA;NA;NA;NA;NA;NA;NA;NA;NA;NA;-13.172701500000001;49.704922500000002;NA;40809;09_Sep;repro;NA;A4;NA;tava_Anka;246;79;675;1327;307;190;117;259;227;259;227;11140;2873;138;1034;7240;559;7240;602;tava;tava_MB;no
2950;BEK_D13_2011;Bekaraoka;adult;F;tavaratra;12;tavC;20,6;10,22;35,2;18,48;20,15;5,02;8,76;38,45;21,34;#NV;76;157;59;19;MB;NA;NA;NA;NA;NA;NA;NA;NA;NA;NA;-13.1636138;49.7038935;NA;40809;09_Sep;repro;NA;D2;NA;tava_Anka;245;79;680;1325;306;190;116;258;227;258;227;11090;2860;137;1034;7205;560;7205;604;tava;tava_MB;no
2952;BEN_G51_2011;Benanofy;adult;M;tavaratra;12;tavC;19,84;12,5;33,62;19,99;20,32;5,25;7,17;40,52;22,4;#NV;78;157;45;20;ANR;small;NA;NA;NA;NA;regressed;NA;NA;NA;NA;-13.003073799999999;49.585228899999997;NA;40771;08_Aug;repro;NA;A;NA;tava_Bina;243;83;706;1281;305;187;118;256;225;256;225;11983;3372;93;1151;8321;385;8321;420;tava;tava_ANR;no
2953;BEN_G28_2011;Benanofy;adult;F;tavaratra;12;tavC;20,8;11,35;32,36;19,25;20,5;5,26;7,5;40,36;21,23;#NV;89;154;46;20;ANR;NA;NA;NA;NA;NA;NA;closed;NA;NA;NA;-13.020235;49.568544899999999;NA;40769;08_Aug;repro;NA;B;NA;tava_Bina;240;86;707;1272;304;183;121;253;223;253;222;11491;3284;81;1171;8071;330;8071;358;tava;tava_ANR;no
2954;BEN_G64_2011;Benanofy;adult;F;tavaratra;12;tavC;20,57;12,15;33,98;19,06;20,32;5,29;7,41;37,85;20,8;#NV;80;164;47,5;20;ANR;NA;NA;NA;NA;NA;NA;closed;NA;NA;NA;-13.0133539;49.572212100000002;NA;40773;08_Aug;repro;NA;3;NA;tava_Bina;234;85;705;1286;297;176;121;246;216;246;216;11684;3333;83;1169;8195;341;8195;371;tava;tava_ANR;no
2955;BEN_G25_2011;Benanofy;adult;M;tavaratra;12;tavC;20,94;12,4;33,71;20,31;20,6;5,14;7,33;40,54;21,09;#NV;#NV;162;47,5;21;MB;small;NA;NA;NA;NA;regressed;NA;NA;NA;NA;-13.0183658;49.572152799999998;NA;40769;08_Aug;repro;NA;1;NA;tava_Bina;240;86;707;1272;304;183;121;253;223;253;222;11491;3284;81;1171;8071;330;8071;358;tava;tava_MB;no
2956;BEN_I04_2011;Benanofy;adult;F;tavaratra;12;tavC;20,54;12,11;33,54;20,04;20,5;5,54;7,47;40,05;22,84;#NV;80;153;48;20;ANR;NA;NA;NA;NA;NA;NA;closed;NA;NA;NA;-13.016916699999999;49.566770599999998;NA;40775;08_Aug;repro;NA;4;NA;tava_Bina;240;86;707;1272;304;183;121;253;223;253;222;11491;3284;81;1171;8071;330;8071;358;tava;tava_ANR;no
2957;BEN_G63_2011;Benanofy;adult;F;tavaratra;12;tavC;20,49;12,82;33,79;19,81;20,36;5,26;8,1;41,11;21,34;#NV;87;167;50;23;ANR;NA;NA;NA;NA;NA;NA;closed;NA;NA;NA;-13.0145313;49.564937899999997;NA;40773;08_Aug;repro;NA;2;NA;tava_Bina;237;86;704;1285;301;179;122;250;219;250;219;11458;3278;79;1174;8061;323;8061;351;tava;tava_ANR;no
2958;BEN_G46_2011;Benanofy;adult;M;tavaratra;12;tavC;20,72;12,5;34,34;20,18;20,93;5,63;7,7;38,32;21,03;#NV;92;174;50;22;MB;large;NA;NA;NA;NA;enlarged;NA;NA;NA;NA;-13.017974799999999;49.574892499999997;NA;40771;08_Aug;repro;NA;2;NA;tava_Bina;241;85;701;1280;304;183;121;253;223;253;222;11638;3310;84;1165;8144;346;8144;377;tava;tava_MB;no
2959;BEN_I12_2011;Benanofy;adult;F;tavaratra;12;tavC;20,07;12,61;33,5;20,13;20,63;5,22;7,38;38,08;21,23;#NV;86;152;52;22;ANR;NA;NA;NA;NA;NA;NA;closed;NA;NA;NA;-13.0203893;49.567520500000001;NA;40775;08_Aug;repro;NA;A2;NA;tava_Bina;240;86;707;1272;304;183;121;253;223;253;222;11491;3284;81;1171;8071;330;8071;358;tava;tava_ANR;no
2960;BEN_G52_2011;Benanofy;adult;F;tavaratra;12;tavC;20,5;12,56;35,14;20,09;20,4;5,21;8,48;40,01;22,28;#NV;87;170;52;21;ANR;NA;NA;NA;NA;NA;NA;closed;NA;NA;NA;-13.0158088;49.572918000000001;NA;40771;08_Aug;repro;NA;A1;NA;tava_Bina;234;85;705;1286;297;176;121;246;216;246;216;11684;3333;83;1169;8195;341;8195;371;tava;tava_ANR;no
2961;BEN_G73_2011;Benanofy;adult;M;tavaratra;12;tavC;20,37;12,25;34,78;19,37;20,74;5,56;7,21;39,96;22,82;#NV;86;169;55;19;MB;small;NA;NA;NA;NA;regressed;NA;NA;NA;NA;-13.015523999999999;49.572680800000001;NA;40774;08_Aug;repro;NA;3;NA;tava_Bina;234;85;705;1286;297;176;121;246;216;246;216;11684;3333;83;1169;8195;341;8195;371;tava;tava_MB;no
2962;BEN_G80_2011;Benanofy;adult;F;tavaratra;12;tavC;20,89;13,56;35,95;20,01;20,36;5,25;7,5;40,39;22,7;#NV;81;165;55;19;MB;NA;NA;NA;NA;NA;NA;closed;NA;NA;NA;-13.008630200000001;49.579314699999998;NA;40774;08_Aug;repro;NA;1B;NA;tava_Bina;238;85;699;1289;301;180;121;250;220;250;220;11824;3357;87;1162;8262;358;8262;390;tava;tava_MB;no
2963;BEN_G62_2011;Benanofy;adult;M;tavaratra;12;tavC;20,3;12,53;34,86;19,76;20,93;5,32;7,41;40,49;21,19;#NV;87;173;56;21;ANR;small;NA;NA;NA;NA;regressed;NA;NA;NA;NA;-13.017977399999999;49.5673314;NA;40773;08_Aug;repro;NA;A1;RADSEQ;tava_Bina;240;86;707;1272;304;183;121;253;223;253;222;11491;3284;81;1171;8071;330;8071;358;tava;tava_ANR;no
2964;BEN_G61_2011;Benanofy;adult;F;tavaratra;12;tavC;20,38;12,38;35,61;19,5;20,48;5,31;7,71;40,83;21,62;#NV;94;170;57,5;23;ANR;NA;NA;NA;NA;NA;NA;closed;NA;NA;NA;-13.0184091;49.567544499999997;NA;40773;08_Aug;repro;NA;A;NA;tava_Bina;240;86;707;1272;304;183;121;253;223;253;222;11491;3284;81;1171;8071;330;8071;358;tava;tava_ANR;no
2965;BEN_G26_2011;Benanofy;adult;F;tavaratra;12;tavC;20,5;12,7;32,78;20,44;20,72;5,5;7,18;40,76;21,41;#NV;82;154;61;21;MB;NA;NA;NA;NA;NA;NA;closed;NA;NA;NA;-13.020281900000001;49.568626899999998;NA;40769;08_Aug;repro;NA;1;NA;tava_Bina;240;86;707;1272;304;183;121;253;223;253;222;11491;3284;81;1171;8071;330;8071;358;tava;tava_MB;no
2966;BIN_C24_2010;Binara;adult;F;tavaratra;12;tavC;22,3;13,5;34,8;20,5;22;7,8;7,6;38,1;24,2;#NV;80;157;45;21;NA;NA;NA;NA;NA;NA;NA;closed;NA;NA;NA;-13.2562391;49.614632700000001;374.55651899999998;40419;08_Aug;repro;NA;A;NA;tava_Bina;226;88;701;1367;292;167;125;240;207;240;207;15179;4292;117;1150;10547;441;10547;463;tava;tava_NA;no
2967;BIN_C30_2010;Binara;adult;F;tavaratra;12;tavC;21,7;12,4;34,3;20,9;22;7,2;7,7;39,8;22,8;#NV;80;168;46;21;NA;NA;NA;NA;NA;NA;NA;closed;NA;NA;NA;-13.248590500000001;49.6138926;326.73132299999997;40419;08_Aug;repro;NA;C;NA;tava_Bina;230;88;700;1332;295;170;125;243;211;243;211;14985;4223;116;1148;10403;438;10403;461;tava;tava_NA;no
2968;BIN_C36_2010;Binara;adult;F;tavaratra;12;tavC;22,5;13,6;#NV;21,9;23;7,6;7,2;41;21,9;#NV;80;165;46;22;NA;NA;NA;NA;NA;NA;NA;closed;NA;NA;NA;-13.240067700000001;49.6308164;220.26611299999999;40420;08_Aug;repro;NA;3;NA;tava_Bina;238;86;697;1323;303;179;124;251;219;251;219;13775;3769;118;1119;9414;453;9414;478;tava;tava_NA;no
2969;BIN_C39_2010;Binara;adult;M;tavaratra;12;tavC;23,9;13,4;32,9;21,8;23,2;7,6;7,1;41,7;21,3;#NV;78;157;47;20;NA;large;NA;NA;NA;NA;enlarged;NA;NA;NA;NA;-13.2376217;49.6323851;328.89428700000002;40420;08_Aug;repro;NA;C;NA;tava_Bina;238;86;697;1323;303;179;124;251;219;251;219;13775;3769;118;1119;9414;453;9414;478;tava;tava_NA;no
2970;BIN_C44_2010;Binara;adult;F;tavaratra;12;tavC;23,1;14,8;36,8;22,1;21,8;6,5;6,2;40,1;22;#NV;94;165;50;21;NA;NA;NA;NA;NA;NA;NA;closed;NA;NA;NA;-13.2490179;49.6067988;568.74145499999997;40420;08_Aug;repro;NA;D4;RADSEQ;tava_Bina;215;88;703;1389;280;155;125;228;196;228;195;15378;4370;114;1158;10731;430;10731;452;tava;tava_NA;no
2971;BIN_C29_2010;Binara;adult;F;tavaratra;12;tavC;24,1;13,7;35,7;21,4;22,2;7,9;8,3;40,3;23,3;#NV;82;164;50;22;NA;NA;NA;NA;NA;NA;NA;closed;NA;NA;NA;-13.248636599999999;49.613630399999998;329.37487800000002;40419;08_Aug;repro;NA;2;NA;tava_Bina;230;88;700;1332;295;170;125;243;211;243;211;14985;4223;116;1148;10403;438;10403;461;tava;tava_NA;no
2972;BIN_C33_2010;Binara;adult;F;tavaratra;12;tavC;20,2;12,4;33;21,2;21,2;7,2;7,6;42,3;21,3;#NV;85;169;52;23;NA;NA;NA;NA;NA;NA;NA;closed;NA;NA;NA;-13.248967199999999;49.609397100000002;433.67712399999999;40419;08_Aug;repro;NA;A3;NA;tava_Bina;230;88;700;1332;295;170;125;243;211;243;211;14985;4223;116;1148;10403;438;10403;461;tava;tava_NA;no
2973;BIN_C35_2010;Binara;adult;M;tavaratra;12;tavC;20,3;13;#NV;22,5;22,8;8,5;7,8;43;21;#NV;85;167;53;20;NA;large;NA;NA;NA;NA;enlarged;NA;NA;NA;NA;-13.241173099999999;49.630814800000003;190.465576;40420;08_Aug;repro;NA;B;NA;tava_Bina;238;86;697;1323;303;179;124;251;219;251;219;13775;3769;118;1119;9414;453;9414;478;tava;tava_NA;no
2974;BIN_C45_2010;Binara;adult;F;tavaratra;12;tavC;23,8;13,4;35,8;20,7;22,5;7,3;7,6;40,5;23,9;#NV;88;160;55;21;NA;NA;NA;NA;NA;NA;NA;closed;NA;NA;NA;-13.2489404;49.606953300000001;561.29101600000001;40420;08_Aug;repro;NA;C3;NA;tava_Bina;215;88;703;1389;280;155;125;228;196;228;195;15378;4370;114;1158;10731;430;10731;452;tava;tava_NA;no
2975;BIN_C48_2010;Binara;adult;F;tavaratra;12;tavC;22,8;14,1;34,7;20,8;22,7;7,4;7,8;40,4;23;#NV;83;170;56;21;NA;NA;NA;NA;NA;NA;NA;closed;NA;NA;NA;-13.258710199999999;49.610477699999997;523.55969200000004;40420;08_Aug;repro;NA;D2;NA;tava_Bina;220;88;703;1361;285;160;125;233;201;233;201;15316;4337;118;1151;10644;444;10644;466;tava;tava_NA;no
2976;BIN_C43_2010;Binara;adult;F;tavaratra;12;tavC;23,8;14;35,1;20,3;22;7,9;7,4;41,6;24,7;#NV;89;162;56;22;NA;NA;NA;NA;NA;NA;NA;closed;NA;NA;NA;-13.274083600000001;49.6192682;274.82055700000001;40420;08_Aug;repro;NA;B3;RADSEQ;tava_Bina;234;87;699;1332;299;174;125;247;215;247;215;14921;4187;121;1140;10307;455;10307;477;tava;tava_NA;no
2977;BIN_C34_2010;Binara;adult;F;tavaratra;12;tavC;22,1;14,1;35,4;20,4;22,6;6,7;7,3;40,1;23,3;#NV;89;173;57;23;NA;NA;NA;NA;NA;NA;NA;closed;NA;NA;NA;-13.2491954;49.620099500000002;233.48413099999999;40419;08_Aug;repro;NA;D1;NA;tava_Bina;238;87;702;1309;303;179;124;251;220;251;219;14506;4044;117;1136;10007;445;10007;469;tava;tava_NA;no
2978;BIN_C42_2010;Binara;adult;F;tavaratra;12;tavC;23;13,5;35,4;#NV;21,8;7,1;6,1;44;22,8;#NV;97;163;60;23;NA;NA;NA;NA;NA;NA;NA;closed;NA;NA;NA;-13.275477;49.618337500000003;298.37255900000002;40420;08_Aug;repro;NA;B2;NA;tava_Bina;226;87;699;1383;291;166;125;239;206;239;206;14957;4189;122;1137;10319;458;10319;480;tava;tava_NA;no
2979;BIN_C37_2010;Binara;adult;M;tavaratra;12;tavC;22,6;13,3;33;23,1;23,7;7,7;6,9;42;21,3;#NV;87;182;61;23;NA;large;NA;NA;NA;NA;enlarged;NA;NA;NA;NA;-13.239403899999999;49.631175800000001;222.42907700000001;40420;08_Aug;repro;NA;1;NA;tava_Bina;238;86;697;1323;303;179;124;251;219;251;219;13775;3769;118;1119;9414;453;9414;478;tava;tava_NA;no
2980;BIN_C27_2010;Binara;adult;F;tavaratra;12;tavC;21,8;14,1;35,7;21,9;23,3;8,3;8,5;43,4;24,7;#NV;97;178;63;24;NA;NA;NA;NA;NA;NA;NA;closed;NA;NA;NA;-13.2406297;49.6316001;206.56750500000001;40419;08_Aug;repro;NA;1;NA;tava_Bina;238;86;697;1323;303;179;124;251;219;251;219;13775;3769;118;1119;9414;453;9414;478;tava;tava_NA;no
2981;BIN_C41_2010;Binara;adult;F;tavaratra;12;tavC;22,7;13,1;35,3;20,7;22,8;7,3;8,1;40,7;23,8;#NV;92;180;63;23;NA;NA;NA;NA;NA;NA;NA;closed;NA;NA;NA;-13.242489000000001;49.6308486;166.19238300000001;40420;08_Aug;repro;NA;A4;RADSEQ;tava_Bina;244;86;702;1304;309;186;123;257;226;257;226;13962;3842;119;1123;9561;454;9561;478;tava;tava_NA;no
2982;BIN_C32_2010;Binara;adult;F;tavaratra;12;tavC;23,2;14,1;35,4;20,6;23,9;7,7;8,1;40,6;23;#NV;91;168;64;23;NA;NA;NA;NA;NA;NA;NA;closed;NA;NA;NA;-13.249165100000001;49.616661100000002;289.96118200000001;40419;08_Aug;repro;NA;D1;RADSEQ;tava_Bina;238;87;702;1309;303;179;124;251;220;251;219;14506;4044;117;1136;10007;445;10007;469;tava;tava_NA;no
2983;BIN_C31_2010;Binara;adult;F;tavaratra;12;tavC;22,1;14;#NV;21,6;22,9;8;7,2;42,4;26,2;#NV;95;169;65;23;NA;NA;NA;NA;NA;NA;NA;closed;NA;NA;NA;-13.2491235;49.616441399999999;278.18505900000002;40419;08_Aug;repro;NA;A2;NA;tava_Bina;230;88;700;1332;295;170;125;243;211;243;211;14985;4223;116;1148;10403;438;10403;461;tava;tava_NA;no
2984;BIN_C40_2010;Binara;adult;F;tavaratra;12;tavC;22,4;13,9;34,6;#NV;22,8;7,7;6,4;41,3;22,6;#NV;95;168;65;22;NA;NA;NA;NA;NA;NA;NA;closed;NA;NA;NA;-13.2371379;49.632777300000001;351.24475100000001;40420;08_Aug;repro;NA;B1;NA;tava_Bina;238;86;697;1323;303;179;124;251;219;251;219;13775;3769;118;1119;9414;453;9414;478;tava;tava_NA;no
2985;BIN_C25_2010;Binara;adult;M;tavaratra;12;tavC;25,5;14,5;35,1;20,9;22,7;8;8,1;43,7;25,5;#NV;92;172;66;22;NA;large;NA;NA;NA;NA;enlarged;NA;NA;NA;NA;-13.2541764;49.619208999999998;301.25659200000001;40419;08_Aug;repro;NA;A;NA;tava_Bina;237;87;704;1323;302;178;124;250;218;250;218;14714;4119;119;1139;10162;449;10162;472;tava;tava_NA;no
2987;BOB_E07_2011;Bobankora;adult;F;tavaratra;12;tavC;21,1;12,85;34,74;20,1;20,48;6,74;8,18;#NV;20,59;#NV;75;145;42;20;GMS;NA;NA;NA;NA;NA;NA;closed;NA;NA;NA;-13.228053299999999;49.755004300000003;NA;40730;07_Jul;pre_repro;NA;3;NA;tava_Bina;240;75;664;1352;299;186;113;254;221;254;221;12423;2995;198;948;7647;806;7647;806;tava;tava_GMS;no
2988;BOB_E01_2011;Bobankora;adult;F;tavaratra;12;tavC;20,4;13,2;#NV;21,6;21,6;7,7;8,9;40,5;20,8;#NV;72;150;46;22;GMS;NA;NA;NA;NA;NA;NA;closed;NA;NA;NA;-13.226994599999999;49.752633299999999;NA;40728;07_Jul;pre_repro;NA;1;NA;tava_Bina;240;75;664;1352;299;186;113;254;221;254;221;12423;2995;198;948;7647;806;7647;806;tava;tava_GMS;no
2989;BOB_E18_2011;Bobankora;adult;F;tavaratra;12;tavC;22;12,07;34,62;20,5;21,28;5,1;7,62;40,71;20,38;#NV;78;155;46;19;GMS;NA;NA;NA;NA;NA;NA;closed;NA;NA;NA;-13.235128700000001;49.762844299999998;NA;40730;07_Jul;pre_repro;NA;B2;NA;tava_Bina;232;74;664;1419;290;178;112;246;218;246;212;12634;3017;209;935;7710;846;7710;852;tava;tava_GMS;no
2991;BOB_E14_2011;Bobankora;adult;M;tavaratra;12;tavC;22,69;13,79;34,76;20,38;22,89;5,38;#NV;38,22;21,75;#NV;70;157;48;22;GMS;small;NA;NA;NA;NA;regressed;NA;NA;NA;NA;-13.221028499999999;49.755901000000001;NA;40730;07_Jul;pre_repro;NA;A1;NA;tava_Bina;238;75;662;1374;297;184;113;252;225;252;219;12304;2962;197;947;7567;803;7567;864;tava;tava_GMS;no
2992;BOB_E13_2011;Bobankora;adult;F;tavaratra;12;tavC;23,06;13,08;32,01;22,26;21,06;5,05;8,04;38,04;23;#NV;73;158;48;23;GMS;NA;NA;NA;NA;NA;NA;closed;NA;NA;NA;-13.2216276;49.756745799999997;NA;40730;07_Jul;pre_repro;NA;D;RADSEQ;tava_Bina;238;75;662;1374;297;184;113;252;225;252;219;12304;2962;197;947;7567;803;7567;864;tava;tava_GMS;no
2993;BOB_E17_2011;Bobankora;adult;F;tavaratra;12;tavC;21,58;13,09;33,22;20,58;20,18;6;#NV;40,04;#NV;#NV;81;156;49;23;GMS;NA;NA;NA;NA;NA;NA;closed;NA;NA;NA;-13.233637099999999;49.761357799999999;NA;40730;07_Jul;pre_repro;NA;D1;NA;tava_Bina;232;74;664;1419;290;178;112;246;218;246;212;12634;3017;209;935;7710;846;7710;852;tava;tava_GMS;no
2994;BOB_E25_2011;Bobankora;adult;F;tavaratra;12;tavC;22,58;11,58;33,86;21,8;22,46;6,06;8,04;41,84;24,31;#NV;87;160;51;22;GMS;NA;NA;NA;NA;NA;NA;closed;NA;NA;NA;-13.2256485;49.754791099999998;NA;40732;07_Jul;pre_repro;NA;A3;NA;tava_Bina;240;75;664;1352;299;186;113;254;221;254;221;12423;2995;198;948;7647;806;7647;806;tava;tava_GMS;no
2995;BOB_E16_2011;Bobankora;adult;F;tavaratra;12;tavC;23,89;11,65;34,62;20,8;21,12;6,87;#NV;40;23,75;#NV;83;163;52;23;GMS;NA;NA;NA;NA;NA;NA;closed;NA;NA;NA;-13.2282215;49.7584491;NA;40730;07_Jul;pre_repro;NA;C1;NA;tava_Bina;234;74;660;1392;292;180;112;248;220;248;214;12534;2986;208;933;7639;843;7639;851;tava;tava_GMS;no
2996;BOB_E12_2011;Bobankora;adult;F;tavaratra;12;tavC;23,81;12,05;36,2;21,86;20,56;5,06;8,28;40,54;24,69;#NV;95;167;55,5;23;GMS;NA;NA;NA;NA;NA;NA;closed;NA;NA;NA;-13.2261489;49.753715800000002;NA;40730;07_Jul;pre_repro;NA;4;NA;tava_Bina;240;75;664;1352;299;186;113;254;221;254;221;12423;2995;198;948;7647;806;7647;806;tava;tava_GMS;no
2997;BOB_E02_2011;Bobankora;adult;F;tavaratra;12;tavC;20,6;11,7;34,6;20;21,9;6,45;#NV;41,5;25,35;#NV;81;168;56;23;GMS;NA;NA;NA;NA;NA;NA;closed;NA;NA;NA;-13.2257841;49.754473099999998;NA;40728;07_Jul;pre_repro;NA;A;NA;tava_Bina;240;75;664;1352;299;186;113;254;221;254;221;12423;2995;198;948;7647;806;7647;806;tava;tava_GMS;no
2998;BOB_E21_2011;Bobankora;adult;F;tavaratra;12;tavC;20,53;13,7;34,5;20,35;22,46;5,09;8,63;40,53;22;#NV;90;154;58;20.5;GMS;NA;NA;NA;NA;NA;NA;closed;NA;NA;NA;-13.2261723;49.751996599999998;NA;40730;07_Jul;pre_repro;NA;D2;RADSEQ;tava_Bina;240;75;664;1352;299;186;113;254;221;254;221;12423;2995;198;948;7647;806;7647;806;tava;tava_GMS;no
2999;BOB_E04_2011;Bobankora;adult;F;tavaratra;12;tavC;21,65;13,75;34,48;#NV;22,6;6;8,5;41,9;26;#NV;94;150;58;24;GMS;NA;NA;NA;NA;NA;NA;closed;NA;NA;NA;-13.2324929;49.7597764;NA;40729;07_Jul;pre_repro;NA;B;NA;tava_Bina;234;74;660;1392;292;180;112;248;220;248;214;12534;2986;208;933;7639;843;7639;851;tava;tava_GMS;no
3000;BOB_E20_2011;Bobankora;adult;M;tavaratra;12;tavC;22,55;13,45;32;20,25;22,22;5,6;7,3;40,65;21,09;#NV;82;156;58;21;GMS;small;NA;NA;NA;NA;regressed;NA;NA;NA;NA;-13.2266479;49.7527872;NA;40730;07_Jul;pre_repro;NA;C2;NA;tava_Bina;240;75;664;1352;299;186;113;254;221;254;221;12423;2995;198;948;7647;806;7647;806;tava;tava_GMS;no
3001;BOB_E19_2011;Bobankora;adult;F;tavaratra;12;tavC;21,48;12,2;34,08;20,62;21,36;5,07;8,62;40,06;21;#NV;92;156;61;21;GMS;NA;NA;NA;NA;NA;NA;closed;NA;NA;NA;-13.2374548;49.765906100000002;NA;40730;07_Jul;pre_repro;NA;A2;NA;tava_Bina;232;74;664;1419;290;178;112;246;218;246;212;12634;3017;209;935;7710;846;7710;852;tava;tava_GMS;no
3002;BOB_E26_2011;Bobankora;adult;F;tavaratra;12;tavC;22,11;11,97;35,35;21,59;22,56;4,42;7,69;41,26;21,2;#NV;92;144;64;22;GMS;NA;NA;NA;NA;NA;NA;closed;NA;NA;NA;-13.2361459;49.763815600000001;NA;40732;07_Jul;pre_repro;NA;B3;NA;tava_Bina;232;74;664;1419;290;178;112;246;218;246;212;12634;3017;209;935;7710;846;7710;852;tava;tava_GMS;no
3003;BOB_E11_2011;Bobankora;adult;F;tavaratra;12;tavC;21,07;12,07;31,71;#NV;22,75;7,12;8;41,04;#NV;#NV;92;152;#NV;22;GMS;NA;NA;NA;NA;NA;NA;closed;73;NA;NA;-13.2257841;49.754473099999998;NA;40730;07_Jul;pre_repro;NA;C;NA;tava_Bina;240;75;664;1352;299;186;113;254;221;254;221;12423;2995;198;948;7647;806;7647;806;tava;tava_GMS;yes
3004;BOB.E_J07_2011;Bobankora_est;adult;M;tavaratra;12;tavC;20,8;#NV;33,13;20,81;20,93;5,2;5,44;40,12;21,56;#NV;76;150;52;19;NA;NA;NA;NA;NA;NA;NA;NA;NA;NA;NA;-13.2508213;49.770041300000003;NA;40824;10_Oct;repro;NA;A;NA;tava_Bina;243;74;664;1366;301;190;111;257;230;257;224;12539;2981;213;927;7605;858;7605;867;tava;tava_NA;no
3005;BOB.E_J08_2011;Bobankora_est;adult;M;tavaratra;12;tavC;#NV;#NV;34,85;20,28;20;4,19;#NV;41,31;22,87;#NV;76;155;56;18;NA;NA;NA;NA;NA;NA;NA;NA;NA;NA;NA;-13.2504738;49.770320499999997;NA;40824;10_Oct;repro;NA;B;NA;tava_Bina;243;74;664;1366;301;190;111;257;230;257;224;12539;2981;213;927;7605;858;7605;867;tava;tava_NA;no
3006;ANALM_P56_2012;Menagisy;adult;M;tavaratra;12;tavC;22,9;14;35,4;20,5;22,2;5,4;7,1;42,7;23,7;#NV;74;162;45;21;TI;small;NA;NA;NA;NA;regressed;NA;NA;NA;NA;-12.756520610000001;49.487167040000003;NA;41161;09_Sep;repro;NA;C4;RADSEQ;tava_Anka;246;76;680;1332;302;190;112;260;228;260;228;11139;2785;111;1063;7348;462;7130;462;tava;tava_TI;no
3007;ANALM_P50_2012;Menagisy;adult;M;tavaratra;12;tavC;20,6;13,7;35;22,3;22,77;6;8;41;21,6;#NV;81;148;47;21;TI;small;NA;NA;NA;NA;regressed;NA;NA;NA;NA;-12.7115341;49.491560159999999;NA;41159;09_Sep;repro;NA;34;RADSEQ;tava_Anka;244;72;675;1345;296;189;107;258;225;258;225;10923;2698;116;1048;7132;488;6946;488;tava;tava_TI;no
3013;D80_2015;Orangea;adult;F;tavaratra;12;tavN;21,32;13,78;33,23;18,5;20,28;6,59;7,96;38,52;23,4;#NV;76;147;39;19;TNR;NA;NA;NA;NA;NA;NA;NA;NA;brown-red head, grey-red back , yellowish belly, grey-brown face, dorsal stripe;NA;-12.277467189999999;49.384668679999997;28;42204;07_Jul;pre_repro;NA;AB4;NA;tava_MdF;252;47;596;1253;289;210;79;264;234;265;234;10058;2494;106;1041;6493;526;4519;526;tava;tava_TNR;no
3014;D77_2015;Orangea;adult;F;tavaratra;12;tavN;20,23;13,82;33,3;22,95;20,79;6,47;7,76;38,51;21,11;#NV;88;149;42;21;ERD;NA;NA;NA;NA;NA;NA;NA;NA;red head, red back , yellowish belly, grey-brown face, dorsal stripe;NA;-12.279454530000001;49.381173259999997;41;42204;07_Jul;pre_repro;NA;AC1;NA;tava_MdF;252;49;603;1238;290;209;81;263;234;264;234;10030;2505;102;1052;6519;506;4527;506;tava;tava_ERD;no
3015;D83_2015;Orangea;adult;M;tavaratra;12;tavN;23,22;14,48;34,93;21,89;21,86;7,89;7,56;40,85;21,99;#NV;91;143;42;20;ERD;NA;NA;NA;NA;NA;NA;NA;NA;grey-brown head, red back , yellowish belly, grey-brown face, dorsal stripe;NA;-12.279217490000001;49.384883340000002;28;42204;07_Jul;pre_repro;NA;AB2;NA;tava_MdF;252;47;596;1253;289;210;79;264;234;265;234;10058;2494;106;1041;6493;526;4519;526;tava;tava_ERD;no
3016;D70_2015;Orangea;adult;F;tavaratra;12;tavN;20,1;14,7;34,45;18,94;22,94;7,53;6,45;39,48;23,01;#NV;73;160;47;18;TNR;NA;NA;NA;NA;NA;NA;NA;NA;grey-brown head, grey-brown back , yellowish belly, grey-silver face, dorsal stripe;NA;-12.27865079;49.388671039999998;28;42204;07_Jul;pre_repro;NA;AC3;NA;tava_MdF;252;47;596;1253;289;210;79;264;234;265;234;10058;2494;106;1041;6493;526;4519;526;tava;tava_TNR;no
3017;D72_2015;Orangea;adult;M;tavaratra;12;tavN;17,75;15,79;33,7;18,66;21,52;6,11;6,51;38,34;23,87;#NV;79;157;48;20;TNR;NA;NA;NA;NA;NA;NA;NA;NA;grey-brown head, grey-brown face, yellowish belly, silver-grey back, dorsal line;NA;-12.26218287;49.385619609999999;28;42204;07_Jul;pre_repro;NA;AC3;RADSEQ;tava_MdF;#NV;#NV;#NV;#NV;#NV;#NV;#NV;#NV;#NV;#NV;#NV;#NV;#NV;#NV;#NV;#NV;#NV;#NV;#NV;tava;tava_TNR;no
3018;D03_2015;Orangea;adult;M;tavaratra;12;tavN;21,62;#NV;33,44;19,81;21,69;6,5;7,18;36,18;21,18;#NV;78;151;49;19;ANR;NA;NA;NA;NA;NA;NA;NA;NA;brown-red head, brown-red face, yellowish belly, brown-red back, dorsal line;NA;-12.24384176;49.376450230000003;10;42200;07_Jul;pre_repro;NA;B23;RADSEQ;tava_MdF;#NV;#NV;#NV;#NV;#NV;#NV;#NV;#NV;#NV;#NV;#NV;#NV;#NV;#NV;#NV;#NV;#NV;#NV;#NV;tava;tava_ANR;no
3019;D82_2015;Orangea;adult;M;tavaratra;12;tavN;23,5;15,28;33,52;20,3;22,66;6,37;8,06;40,17;22,74;#NV;90;147;49;21;TNR;large;NA;NA;NA;NA;enlarged;NA;NA;red head, red back , yellowish belly, grey-brown face, dorsal stripe;well developped testis;-12.279840610000001;49.38520286;28;42204;07_Jul;pre_repro;NA;AD2;NA;tava_MdF;252;47;596;1253;289;210;79;264;234;265;234;10058;2494;106;1041;6493;526;4519;526;tava;tava_TNR;no
3020;D51_2015;Orangea;adult;F;tavaratra;12;tavN;21,48;12,1;38,75;21,26;20,69;6,17;7,21;#NV;21,4;#NV;80;162;50;18;TNR;NA;NA;NA;NA;NA;NA;NA;NA;red head, red back , yellowish belly, red face, dorsal stripe;NA;-12.256454339999999;49.378597169999999;36;42202;07_Jul;pre_repro;NA;A23;NA;tava_MdF;#NV;#NV;#NV;#NV;#NV;#NV;#NV;#NV;#NV;#NV;#NV;#NV;#NV;#NV;#NV;#NV;#NV;#NV;#NV;tava;tava_TNR;no
3021;D59_2015;Orangea;adult;M;tavaratra;12;tavN;23,95;13,55;32,96;18,24;21,1;6,83;8,28;40,12;20,81;#NV;83;155;52;19;BLP;NA;NA;NA;NA;NA;NA;NA;NA;brown-red head, brown-red back , yellowish belly, grey face, dorsal stripe;NA;-12.258221750000001;49.376825740000001;36;42203;07_Jul;pre_repro;NA;AB1;NA;tava_MdF;#NV;#NV;#NV;#NV;#NV;#NV;#NV;#NV;#NV;#NV;#NV;#NV;#NV;#NV;#NV;#NV;#NV;#NV;#NV;tava;tava_BLP;no
3022;D73_2015;Orangea;adult;M;tavaratra;12;tavN;20;14,35;36,29;22,29;22,08;6,39;7,59;39,01;23,74;#NV;85;157;55;20;ANR;NA;NA;NA;NA;NA;NA;NA;NA;grey-brown head, grey-brown back , yellowish belly, grey-brown face, dorsal stripe;NA;-12.25373274;49.381751280000003;36;42204;07_Jul;pre_repro;NA;AC4;NA;tava_MdF;#NV;#NV;#NV;#NV;#NV;#NV;#NV;#NV;#NV;#NV;#NV;#NV;#NV;#NV;#NV;#NV;#NV;#NV;#NV;tava;tava_ANR;no
3023;D02_2015;Orangea;adult;F;tavaratra;12;tavN;19,69;14,31;34,18;22,07;21,19;6,41;8,4;37,04;22,32;#NV;95;153;56;21;ANR;NA;NA;NA;NA;NA;NA;NA;NA;brown-red head, brown-red back , white belly, brown-red face, dorsal stripe;NA;-12.242033360000001;49.375656960000001;10;42200;07_Jul;pre_repro;NA;B23;NA;tava_MdF;#NV;#NV;#NV;#NV;#NV;#NV;#NV;#NV;#NV;#NV;#NV;#NV;#NV;#NV;#NV;#NV;#NV;#NV;#NV;tava;tava_ANR;no
3024;D79_2015;Orangea;adult;F;tavaratra;12;tavN;22;13,87;34,34;21,88;21,71;7,52;7,76;38,39;20,19;#NV;92;145;56;21;ERD;NA;NA;NA;NA;NA;NA;NA;NA;grey-brown head, grey-brown back , yellowish belly, grey-silver face, dorsal stripe;NA;-12.278322559999999;49.384559379999999;28;42204;07_Jul;pre_repro;NA;AD4;NA;tava_MdF;252;47;596;1253;289;210;79;264;234;265;234;10058;2494;106;1041;6493;526;4519;526;tava;tava_ERD;no
3025;D76_2015;Orangea;adult;M;tavaratra;12;tavN;23,99;13,66;34,12;21,85;20,59;6,11;8,8;41,22;20,11;#NV;82;150;56;20;BLP;NA;NA;NA;NA;NA;NA;NA;NA;grey-brown head, grey-brown back , yellowish belly, grey-silver face, dorsal stripe;NA;-12.276724550000001;49.385057099999997;28;42204;07_Jul;pre_repro;NA;A34;NA;tava_MdF;252;47;596;1253;289;210;79;264;234;265;234;10058;2494;106;1041;6493;526;4519;526;tava;tava_BLP;no
3026;D81_2015;Orangea;adult;M;tavaratra;12;tavN;24,21;14,16;34,11;21,86;21,29;7,61;6,94;41,19;21,04;#NV;94;169;56;21;ERD;large;NA;NA;NA;NA;enlarged;NA;NA;grey-brown head, grey-brown back , yellowish belly, grey-silver face, dorsal stripe;well developped testis;-12.278854559999999;49.384741269999999;28;42204;07_Jul;pre_repro;NA;AC2;NA;tava_MdF;252;47;596;1253;289;210;79;264;234;265;234;10058;2494;106;1041;6493;526;4519;526;tava;tava_ERD;no
3027;D50_2015;Orangea;adult;M;tavaratra;12;tavN;24,27;15,33;37,37;20,47;20,78;7,34;7,44;41,74;21,15;#NV;80;149;56;17;BLP;NA;NA;NA;NA;NA;NA;NA;NA;brown-red head, brown-red face, yellowish belly, silver-brown back, dorsal line;NA;-12.25664134;49.375215740000002;36;42202;07_Jul;pre_repro;NA;A25;RADSEQ;tava_MdF;#NV;#NV;#NV;#NV;#NV;#NV;#NV;#NV;#NV;#NV;#NV;#NV;#NV;#NV;#NV;#NV;#NV;#NV;#NV;tava;tava_BLP;no
3028;D90_2015;Orangea;adult;M;tavaratra;12;tavN;20,76;13,65;32,22;21,1;20,02;6,9;6,44;37,9;21,31;#NV;75;153;57;20;ANR;NA;NA;NA;NA;NA;NA;NA;NA;grey-brown head, grey-brown back , yellowish belly, grey-silver face, dorsal stripe;NA;-12.23907539;49.366256069999999;36;42204;07_Jul;pre_repro;NA;BC3;NA;tava_MdF;#NV;#NV;#NV;#NV;#NV;#NV;#NV;#NV;#NV;#NV;#NV;#NV;#NV;#NV;#NV;#NV;#NV;#NV;#NV;tava;tava_ANR;no
3029;D60_2015;Orangea;adult;F;tavaratra;12;tavN;21,79;15,7;35,8;20,42;20,4;6,06;9,67;40,81;20,72;#NV;79;165;58;17;BLP;NA;NA;NA;NA;NA;NA;NA;NA;brown-red head, brown-red back , yellowish belly, brown-silver face, dorsal stripe;NA;-12.241197680000001;49.374756580000003;18;42203;07_Jul;pre_repro;NA;AB1;NA;tava_MdF;#NV;#NV;#NV;#NV;#NV;#NV;#NV;#NV;#NV;#NV;#NV;#NV;#NV;#NV;#NV;#NV;#NV;#NV;#NV;tava;tava_BLP;no
3030;D62_2015;Orangea;adult;F;tavaratra;12;tavN;22,99;15,44;34,33;20,2;20,21;5,53;8,73;42,17;21,86;#NV;83;166;59;21;BLP;NA;NA;NA;NA;NA;NA;NA;NA;red head, red back , yellowish belly, silver-brown-red face, dorsal stripe;NA;-12.25704174;49.384167359999999;21;42203;07_Jul;pre_repro;NA;AC2;NA;tava_MdF;#NV;#NV;#NV;#NV;#NV;#NV;#NV;#NV;#NV;#NV;#NV;#NV;#NV;#NV;#NV;#NV;#NV;#NV;#NV;tava;tava_BLP;no
3031;SOL_I39_2011;Solaniampilana;adult;F;tavaratra;12;tavC;20,22;12,57;33,52;19,6;20,68;5,27;7,53;39,21;20,5;#NV;87;169;49;20;ANR;NA;NA;NA;NA;NA;NA;closed;NA;NA;NA;-13.0775325;49.580146499999998;NA;40780;08_Aug;repro;NA;AC14;NA;tava_Bina;249;87;707;1243;314;191;123;261;232;261;231;11350;3152;82;1151;7900;330;7900;357;tava;tava_ANR;no
3032;SOL_K39_2011;Solaniampilana;adult;M;tavaratra;12;tavC;20,81;12,66;33,58;19,4;20,25;5,06;7,75;38,53;21,8;#NV;85;168;49;20;JS;large;NA;NA;NA;NA;enlarged;NA;NA;NA;NA;-13.076877899999999;49.577363400000003;NA;40783;08_Aug;repro;NA;ABD;NA;tava_Bina;249;87;707;1243;314;191;123;261;232;261;231;11350;3152;82;1151;7900;330;7900;357;tava;tava_JS;no
3033;SOL_K16_2011;Solaniampilana;adult;M;tavaratra;12;tavC;20,32;12,2;33,64;20,11;20,44;5,04;7,41;38,26;21,32;#NV;90;180;51;21;ANR;large;NA;NA;NA;NA;enlarged;NA;NA;NA;NA;-13.086362400000001;49.577000900000002;NA;40782;08_Aug;repro;NA;D24;NA;tava_Bina;249;87;710;1258;313;190;123;260;231;260;231;11528;3191;83;1149;8018;333;5266;360;tava;tava_ANR;no
3034;SOL_I43_2011;Solaniampilana;adult;F;tavaratra;12;tavC;20,38;12,66;33,75;20,14;20,82;5,6;7,45;38,22;20,76;#NV;85;175;51;20;ANR;NA;NA;NA;NA;NA;NA;closed;NA;NA;NA;-13.0791091;49.577732599999997;NA;40780;08_Aug;repro;NA;AD3;NA;tava_Bina;249;87;707;1243;314;191;123;261;232;261;231;11350;3152;82;1151;7900;330;7900;357;tava;tava_ANR;no
3035;SOL_K23_2011;Solaniampilana;adult;M;tavaratra;12;tavC;20,83;11,42;36,4;20,32;20,21;5,02;7,32;38,8;20,42;#NV;78;151;51;21;JS;small;NA;NA;NA;NA;regressed;NA;NA;NA;NA;-13.0791424;49.578471299999997;NA;40782;08_Aug;repro;NA;AC12;NA;tava_Bina;249;87;707;1243;314;191;123;261;232;261;231;11350;3152;82;1151;7900;330;7900;357;tava;tava_JS;no
3036;SOL_I40_2011;Solaniampilana;adult;M;tavaratra;12;tavC;21,47;12,47;33,69;20,48;20,44;6,49;6,8;41,15;20,9;#NV;88;169;51;21;AmB;large;NA;NA;NA;NA;enlarged;NA;NA;NA;NA;-13.07741;49.580938699999997;NA;40780;08_Aug;repro;NA;AC4;NA;tava_Bina;249;87;707;1243;314;191;123;261;232;261;231;11350;3152;82;1151;7900;330;7900;357;tava;tava_AmB;no
3037;SOL_K18_2011;Solaniampilana;adult;F;tavaratra;12;tavC;20,12;12,25;35,82;21,05;20,13;5,93;7,22;40,9;22,96;#NV;81;173;52;23;MB;NA;NA;NA;NA;NA;NA;closed;NA;NA;NA;-13.079118299999999;49.582469400000001;NA;40782;08_Aug;repro;NA;AC34;RADSEQ;tava_Bina;249;87;707;1243;314;191;123;261;232;261;231;11350;3152;82;1151;7900;330;7900;357;tava;tava_MB;no
3038;SOL_K22_2011;Solaniampilana;adult;F;tavaratra;12;tavC;20,32;12,55;33,35;19,49;20,46;5,41;7,93;38,72;21,87;#NV;88;180;52;21;JS;NA;NA;NA;NA;NA;NA;closed;NA;NA;NA;-13.0784398;49.574842799999999;NA;40782;08_Aug;repro;NA;AD23;NA;tava_Bina;250;88;712;1258;314;191;123;261;232;261;232;11358;3176;79;1159;7941;316;5190;341;tava;tava_JS;no
3039;SOL_I23_2011;Solaniampilana;adult;M;tavaratra;12;tavC;20,55;11,97;34,73;19,85;21,16;6,04;8,37;37,68;20,31;#NV;82;151;52;18;MB;small;NA;NA;NA;NA;regressed;NA;NA;NA;NA;-13.0939231;49.581318099999997;NA;40777;08_Aug;repro;NA;ABC4;RADSEQ;tava_Bina;247;88;713;1266;312;189;123;259;229;259;229;11677;3224;84;1147;8117;336;8117;363;tava;tava_MB;no
3040;SOL_K21_2011;Solaniampilana;adult;M;tavaratra;12;tavC;22,1;12,01;34,95;20,35;20,19;5,34;6,92;40,02;21,15;#NV;81;161;52;24;JS;small;NA;NA;NA;NA;regressed;NA;NA;NA;NA;-13.079101400000001;49.580348600000001;NA;40782;08_Aug;repro;NA;D34;NA;tava_Bina;249;87;707;1243;314;191;123;261;232;261;231;11350;3152;82;1151;7900;330;7900;357;tava;tava_JS;no
3041;SOL_I44_2011;Solaniampilana;adult;M;tavaratra;12;tavC;20,92;11,56;33,22;20,61;20,19;6,14;6,14;37,76;20,75;#NV;85;158;53;20;AmB;small;NA;NA;NA;NA;regressed;NA;NA;NA;NA;-13.0790994;49.579769599999999;NA;40780;08_Aug;repro;NA;BC2;NA;tava_Bina;249;87;707;1243;314;191;123;261;232;261;231;11350;3152;82;1151;7900;330;7900;357;tava;tava_AmB;no
3042;SOL_K40_2011;Solaniampilana;adult;F;tavaratra;12;tavC;20,14;12,52;32,19;19,05;20,53;5,34;7,13;39,89;21,3;#NV;95;170;54;21;JS;NA;NA;NA;NA;NA;NA;closed;NA;NA;NA;-13.077392400000001;49.578775;NA;40783;08_Aug;repro;NA;ACD;NA;tava_Bina;249;87;707;1243;314;191;123;261;232;261;231;11350;3152;82;1151;7900;330;7900;357;tava;tava_JS;no
3043;SOL_K11_2011;Solaniampilana;adult;F;tavaratra;12;tavC;20,48;12,3;35,31;20,27;20,21;5,64;7,85;38,76;20,68;#NV;100;176;58;22;ANR;NA;NA;NA;NA;NA;NA;closed;NA;NA;NA;-13.089731499999999;49.581972399999998;NA;40782;08_Aug;repro;NA;AD12;NA;tava_Bina;249;87;710;1258;313;190;123;260;231;260;231;11528;3191;83;1149;8018;333;5266;360;tava;tava_ANR;no
3044;SOL_K20_2011;Solaniampilana;adult;F;tavaratra;12;tavC;20,5;12,35;33,48;19,4;20,53;5,35;7,74;40,33;20,01;#NV;97;169;58;24;JS;NA;NA;NA;NA;NA;NA;closed;NA;NA;NA;-13.0791383;49.582306500000001;NA;40782;08_Aug;repro;NA;AD14;NA;tava_Bina;249;87;707;1243;314;191;123;261;232;261;231;11350;3152;82;1151;7900;330;7900;357;tava;tava_JS;no
3045;SOL_I41_2011;Solaniampilana;adult;M;tavaratra;12;tavC;20,54;12,74;33,8;20,15;20,48;5,72;7,68;39,5;20,52;#NV;93;180;58;22;ANR;large;NA;NA;NA;NA;enlarged;NA;NA;NA;NA;-13.0794122;49.575703699999998;NA;40780;08_Aug;repro;NA;C24;NA;tava_Bina;249;87;707;1243;314;191;123;261;232;261;231;11350;3152;82;1151;7900;330;7900;357;tava;tava_ANR;no
3046;SOL_I38_2011;Solaniampilana;adult;M;tavaratra;12;tavC;21,42;13,28;34,27;20,34;20,79;5,54;7,87;38,77;21,8;#NV;90;180;58;22;ANR;large;NA;NA;NA;NA;enlarged;NA;NA;NA;NA;-13.077074400000001;49.577805499999997;NA;40780;08_Aug;repro;NA;AB12;NA;tava_Bina;249;87;707;1243;314;191;123;261;232;261;231;11350;3152;82;1151;7900;330;7900;357;tava;tava_ANR;no
3047;SOL_I42_2011;Solaniampilana;adult;M;tavaratra;12;tavC;20,69;12,91;34,5;20,37;20,3;5,5;6,42;37,69;20,92;#NV;84;154;59;21;AmB;large;NA;NA;NA;NA;enlarged;NA;NA;NA;NA;-13.0791275;49.581815499999998;NA;40780;08_Aug;repro;NA;C34;NA;tava_Bina;249;87;707;1243;314;191;123;261;232;261;231;11350;3152;82;1151;7900;330;7900;357;tava;tava_AmB;no
3048;SOL_K13_2011;Solaniampilana;adult;M;tavaratra;12;tavC;20,63;12,16;34,49;20,14;20,13;5,64;7,46;40,28;21,85;#NV;88;170;60;22;ANR;small;NA;NA;NA;NA;regressed;NA;NA;NA;NA;-13.0904658;49.582211399999998;NA;40782;08_Aug;repro;NA;AB13;NA;tava_Bina;249;87;710;1258;313;190;123;260;231;260;231;11528;3191;83;1149;8018;333;5266;360;tava;tava_ANR;no
3049;SOL_K36_2011;Solaniampilana;adult;M;tavaratra;12;tavC;20,77;12,13;34,41;20,71;20,43;5,66;7,91;39,59;20,61;#NV;92;164;60;20;ANR;large;NA;NA;NA;NA;enlarged;NA;NA;NA;NA;-13.0774595;49.580802900000002;NA;40783;08_Aug;repro;NA;ABC;NA;tava_Bina;249;87;707;1243;314;191;123;261;232;261;231;11350;3152;82;1151;7900;330;7900;357;tava;tava_ANR;no
3050;SOL_K17_2011;Solaniampilana;adult;F;tavaratra;12;tavC;19,35;11,65;34,72;19,57;21,4;5,68;7,3;39,62;20,08;#NV;94;169;61;26;MB;NA;NA;NA;NA;NA;NA;closed;NA;NA;NA;-13.0864058;49.576569900000003;NA;40782;08_Aug;repro;NA;ABD;NA;tava_Bina;249;87;710;1258;313;190;123;260;231;260;231;11528;3191;83;1149;8018;333;5266;360;tava;tava_MB;no
3051;SOL_I25_2011;Solaniampilana;adult;F;tavaratra;12;tavC;21,31;13,01;36,72;20,11;21,09;7,07;7,88;40,46;22,82;#NV;108;164;#NV;20;MB;NA;NA;NA;NA;NA;NA;closed;73;NA;NA;-13.0954377;49.579494199999999;NA;40777;08_Aug;repro;NA;ABC2;NA;tava_Bina;247;88;713;1266;312;189;123;259;229;259;229;11677;3224;84;1147;8117;336;8117;363;tava;tava_MB;yes
#NV;Ms2;Anabohazo;adult;M;sambiranensis;#NV;samb;#NV;#NV;#NV;#NV;#NV;#NV;#NV;#NV;#NV;#NV;#NV;139;50;13;DH;NA;NA;NA;NA;NA;NA;NA;NA;NA;NA;-14.32278;47.909149999999997;NA;43598;NA;repro;NA;NA;NA;NA;248;95;728;1013;308;177;131;256;233;257;233;25415;5352;112;946;14871;433;10771;433;samb;samb_DH;no
#NV;Ms3;Anabohazo;adult;M;sambiranensis;#NV;samb;#NV;#NV;#NV;#NV;#NV;#NV;#NV;#NV;#NV;#NV;#NV;146;52;11;DH;NA;NA;NA;NA;NA;NA;NA;NA;NA;NA;-14.32278;47.909149999999997;NA;43605;NA;repro;NA;NA;NA;NA;248;95;728;1013;308;177;131;256;233;257;233;25415;5352;112;946;14871;433;10771;433;samb;samb_DH;no
#NV;Ms5;Anabohazo;adult;M;sambiranensis;#NV;samb;#NV;#NV;#NV;#NV;#NV;#NV;#NV;#NV;#NV;#NV;#NV;131;35;10;DH;NA;NA;NA;NA;NA;NA;NA;NA;NA;NA;-14.32245;47.908949999999997;NA;43627;NA;repro;NA;NA;NA;NA;248;95;728;1013;308;177;131;256;233;257;233;25415;5352;112;946;14871;433;10771;433;samb;samb_DH;no
#NV;Ms6;Anabohazo;adult;M;sambiranensis;#NV;samb;#NV;#NV;#NV;#NV;#NV;#NV;#NV;#NV;#NV;#NV;#NV;131;36;11;DH;NA;NA;NA;NA;NA;NA;NA;NA;NA;NA;-14.32253;47.908880000000003;NA;43633;NA;repro;NA;NA;NA;NA;248;95;728;1013;308;177;131;256;233;257;233;25415;5352;112;946;14871;433;10771;433;samb;samb_DH;no
#NV;Ms7;Anabohazo;adult;F;sambiranensis;#NV;samb;#NV;#NV;#NV;#NV;#NV;#NV;#NV;#NV;#NV;#NV;#NV;148;50;11;DH;NA;NA;NA;NA;NA;NA;NA;NA;NA;NA;-14.322290000000001;47.909120000000001;NA;43633;NA;repro;NA;NA;NA;NA;248;95;728;1013;308;177;131;256;233;257;233;25415;5352;112;946;14871;433;10771;433;samb;samb_DH;no
#NV;Ms8;Anabohazo;adult;M;sambiranensis;#NV;samb;#NV;#NV;#NV;#NV;#NV;#NV;#NV;#NV;#NV;#NV;#NV;128;36;10;DH;NA;NA;NA;NA;NA;NA;NA;NA;NA;NA;-14.32253;47.908880000000003;NA;43634;NA;repro;NA;NA;NA;NA;248;95;728;1013;308;177;131;256;233;257;233;25415;5352;112;946;14871;433;10771;433;samb;samb_DH;no
#NV;Ms10;Anabohazo;adult;M;sambiranensis;#NV;samb;#NV;#NV;#NV;#NV;#NV;#NV;#NV;#NV;#NV;#NV;#NV;141;35;12;DH;NA;NA;NA;NA;NA;NA;NA;NA;NA;NA;-14.324400000000001;47.909700000000001;NA;43661;NA;repro;NA;NA;NA;NA;248;95;728;1013;308;177;131;256;233;257;233;25415;5352;112;946;14871;433;10771;433;samb;samb_DH;no
#NV;Ms14;Anabohazo;adult;M;sambiranensis;#NV;samb;#NV;#NV;#NV;#NV;#NV;#NV;#NV;#NV;#NV;#NV;#NV;139;40;12;DH;NA;NA;NA;NA;NA;NA;NA;NA;NA;NA;-14.31813;47.909170000000003;NA;43664;NA;repro;NA;NA;NA;NA;248;95;728;1013;308;177;131;256;233;257;233;25415;5352;112;946;14871;433;10771;433;samb;samb_DH;no
#NV;Ms15;Anabohazo;adult;M;sambiranensis;#NV;samb;#NV;#NV;#NV;#NV;#NV;#NV;#NV;#NV;#NV;#NV;#NV;132;37;10;DH;NA;NA;NA;NA;NA;NA;NA;NA;NA;NA;-14.32343;47.909469999999999;NA;44585;NA;repro;NA;NA;NA;NA;248;95;728;1013;308;177;131;256;233;257;233;25415;5352;112;946;14871;433;10771;433;samb;samb_DH;no
#NV;Ms16;Anabohazo;adult;F;sambiranensis;#NV;samb;#NV;#NV;#NV;#NV;#NV;#NV;#NV;#NV;#NV;#NV;#NV;133;36;11;DH;NA;NA;NA;NA;NA;NA;NA;NA;NA;NA;-14.32183;47.90934;NA;44593;NA;repro;NA;NA;NA;NA;248;95;728;1013;308;177;131;256;233;257;233;25415;5352;112;946;14871;433;10771;433;samb;samb_DH;no
#NV;Ms19;Anabohazo;adult;M;sambiranensis;#NV;samb;#NV;#NV;#NV;#NV;#NV;#NV;#NV;#NV;#NV;#NV;#NV;129;41;10;DH;NA;NA;NA;NA;NA;NA;NA;NA;NA;NA;-14.319979999999999;47.909970000000001;NA;44601;NA;repro;NA;NA;NA;NA;248;95;728;1013;308;177;131;256;233;257;233;25415;5352;112;946;14871;433;10771;433;samb;samb_DH;no
#NV;Ms20;Anabohazo;adult;M;sambiranensis;#NV;samb;#NV;#NV;#NV;#NV;#NV;#NV;#NV;#NV;#NV;#NV;#NV;129;46;11;DH;NA;NA;NA;NA;NA;NA;NA;NA;NA;NA;-14.3194;47.909889999999997;NA;44609;NA;repro;NA;NA;NA;NA;248;95;728;1013;308;177;131;256;233;257;233;25415;5352;112;946;14871;433;10771;433;samb;samb_DH;no
#NV;Ms21;Anabohazo;adult;M;sambiranensis;#NV;samb;#NV;#NV;#NV;#NV;#NV;#NV;#NV;#NV;#NV;#NV;#NV;126;37;11;DH;NA;NA;NA;NA;NA;NA;NA;NA;NA;NA;-14.324400000000001;47.909700000000001;NA;44615;NA;repro;NA;NA;NA;NA;248;95;728;1013;308;177;131;256;233;257;233;25415;5352;112;946;14871;433;10771;433;samb;samb_DH;no
#NV;Ms22;Anabohazo;adult;F;sambiranensis;#NV;samb;#NV;#NV;#NV;#NV;#NV;#NV;#NV;#NV;#NV;#NV;#NV;125;39;10;DH;NA;NA;NA;NA;NA;NA;NA;NA;NA;NA;-14.319979999999999;47.909970000000001;NA;44616;NA;repro;NA;NA;NA;NA;248;95;728;1013;308;177;131;256;233;257;233;25415;5352;112;946;14871;433;10771;433;samb;samb_DH;no
