Individual_number;Individual.ID;Place;age;sex;Species;clade;population;ear.length;ear.width;head.length;head.width;interorbital.dist;intraorbital.dist;snout.length;lower.leg.length;hind.foot.length;third.toe.length;body.length;tail.length;body.mass;observer;male_repro;female_repro;pregnant_body.mass;comment;comment2;latitude;longitude;altitude;date;ear.marking;RADSeq.available
1;M229;Fautany;adult;M;arnholdi;7;arno;18,6;#NV;34,2;18,6;21,8;5,9;9,5;40;21,8;8,2;69;132;#NV;HT;NA;NA;NA;NA;NA;-12.692943;49.190753999999998;NA;NA;NA;NA
2;F219;Fautany;adult;F;arnholdi;7;arno;18,7;#NV;34,9;18,9;21,1;6,2;9,2;39,3;22,5;8,5;77;144;#NV;HT;NA;NA;NA;NA;NA;-12.691328;49.187967999999998;NA;NA;NA;NA
3;F231;Fautany;adult;F;arnholdi;7;arno;18,7;#NV;35,2;19,4;21,7;6;9,4;37,7;21,1;8,9;86;142;#NV;HT;NA;NA;NA;NA;NA;-12.692477;49.190196999999998;NA;NA;NA;NA
4;F225;Fautany;adult;F;arnholdi;7;arno;18,9;#NV;33,3;19,8;19,5;#NV;8,9;38,6;20;9,6;76;132;#NV;HT;NA;NA;NA;NA;NA;-12.688768;49.173327999999998;NA;NA;NA;NA
5;M245;Fautany;adult;M;arnholdi;7;arno;19,2;#NV;33,3;19,4;21,1;6,1;8,6;37,5;20,3;8,3;81;131;#NV;HT;NA;NA;NA;NA;NA;-12.693038;49.172673000000003;NA;NA;NA;NA
6;F223;Fautany;adult;F;arnholdi;7;arno;19,3;#NV;34,5;20;20,3;#NV;9,4;40,3;23,2;9,9;79;142;#NV;HT;NA;NA;NA;NA;NA;-12.691587;49.187683;NA;NA;NA;NA
7;M246;Fautany;adult;M;arnholdi;7;arno;19,5;#NV;34,4;19,2;20;6,3;9;40;21;8;84;134;#NV;HT;NA;NA;NA;NA;NA;-12.691668999999999;49.187035000000002;NA;NA;NA;NA
8;F254;Fautany;adult;F;arnholdi;7;arno;19,8;#NV;34,2;19,5;21,7;5,9;8,9;40;22;8,8;80;134;#NV;HT;NA;NA;NA;NA;NA;-12.687818999999999;49.177149999999997;NA;NA;NA;NA
9;F221;Fautany;adult;F;arnholdi;7;arno;19,9;#NV;34,7;20,1;19,6;6,1;8,9;40,3;22,7;8,6;89;139;#NV;HT;NA;NA;NA;NA;NA;-12.69159;49.175873000000003;NA;NA;NA;NA
10;F234;Fautany;adult;F;arnholdi;7;arno;19,9;#NV;35,4;19,4;21;6,8;9,3;38,7;23,5;8,3;84;138;#NV;HT;NA;NA;NA;NA;NA;-12.690867000000001;49.188105999999998;NA;NA;NA;NA
11;F244;Fautany;adult;F;arnholdi;7;arno;20;#NV;32,3;18,9;19,9;5,8;8,4;37,3;21,1;8,5;92;127;#NV;HT;NA;NA;NA;NA;NA;-12.692905;49.172407;NA;NA;NA;NA
12;F252;Fautany;adult;F;arnholdi;7;arno;20;#NV;33,9;20,3;21,8;6,8;10;39,7;21,2;8,3;79;134;#NV;HT;NA;NA;NA;NA;NA;-12.688783000000001;49.178068000000003;NA;NA;NA;NA
13;M227;Fautany;adult;M;arnholdi;7;arno;20;#NV;33;18,7;21,4;6,2;9,2;39,2;21,7;#NV;72;136;#NV;HT;NA;NA;NA;NA;NA;-12.690649000000001;49.188085000000001;NA;NA;NA;NA
14;F224;Fautany;adult;F;arnholdi;7;arno;20,1;#NV;35,1;19,1;20;5,8;9;40,6;21,8;9,1;83;134;#NV;HT;NA;NA;NA;NA;NA;-12.690205000000001;49.176093999999999;NA;NA;NA;NA
15;M253;Fautany;adult;M;arnholdi;7;arno;20,1;#NV;35,1;20,2;20;6,4;9,9;38,7;22,5;#NV;72;130;#NV;HT;NA;NA;NA;NA;NA;-12.687818999999999;49.177149999999997;NA;NA;NA;NA
16;F233;Fautany;adult;F;arnholdi;7;arno;20,4;#NV;#NV;21,5;22,6;7;10,9;39,3;22,4;9,4;83;132;#NV;HT;NA;NA;NA;NA;NA;-12.690946;49.188093000000002;NA;NA;NA;NA
17;F256;Fautany;adult;F;arnholdi;7;arno;20,5;#NV;33,4;18,4;18,8;#NV;9,2;38,7;21,2;#NV;72;132;#NV;HT;NA;NA;NA;NA;NA;-12.687818999999999;49.177149999999997;NA;NA;NA;NA
18;M238;Fautany;adult;M;arnholdi;7;arno;20,5;#NV;32,6;19,1;21;6,4;8,2;40;21,2;9,9;84;139;#NV;HT;NA;NA;NA;NA;NA;-12.690643;49.188068999999999;NA;NA;NA;NA
19;M240;Fautany;adult;M;arnholdi;7;arno;20,5;#NV;32,6;19,2;20;6,8;8,5;38,9;20,2;7,6;75;136;#NV;HT;NA;NA;NA;NA;NA;-12.692905;49.172407;NA;NA;NA;NA
20;F255;Fautany;adult;F;arnholdi;7;arno;20,6;#NV;32,3;21,2;20,9;6,8;9,4;40;21,2;8;79;138;#NV;HT;NA;NA;NA;NA;NA;-12.687818999999999;49.177149999999997;NA;NA;NA;NA
21;M237;Fautany;adult;M;arnholdi;7;arno;20,6;#NV;33,7;19,9;20,6;5,8;8,5;37,4;21,9;8,9;79;134;#NV;HT;NA;NA;NA;NA;NA;-12.690643;49.188068999999999;NA;NA;NA;NA
22;M251;Fautany;adult;M;arnholdi;7;arno;20,7;#NV;#NV;19,1;21;5,9;9;38,2;21,4;8,4;79;130;#NV;HT;NA;NA;NA;NA;NA;-12.689183;49.178426000000002;NA;NA;NA;NA
23;M258;Fautany;adult;M;arnholdi;7;arno;20,7;#NV;33,9;18,9;20,3;6,4;10;38,1;21,2;8,1;85;128;#NV;HT;NA;NA;NA;NA;NA;-12.687818999999999;49.177149999999997;NA;NA;NA;NA
24;M261;Fautany;adult;M;arnholdi;7;arno;20,7;#NV;33,8;20,1;20;6,4;9,2;37,6;22;8,9;84;119;#NV;HT;NA;NA;NA;NA;NA;-12.687757;49.177509999999998;NA;NA;NA;NA
25;F243;Fautany;adult;F;arnholdi;7;arno;20,8;#NV;34;20;20,2;6,6;8,6;37,6;20,9;8,3;78;129;#NV;HT;NA;NA;NA;NA;NA;-12.692905;49.172407;NA;NA;NA;NA
26;F220;Fautany;adult;F;arnholdi;7;arno;20,9;#NV;34,9;21,6;20;6,4;9,1;41;21,9;9,7;75;149;#NV;HT;NA;NA;NA;NA;NA;-12.690911;49.177168000000002;NA;NA;NA;NA
27;M241;Fautany;adult;M;arnholdi;7;arno;21;#NV;32,9;19,6;21,4;6,3;8,6;37,2;21,6;8,8;81;128;#NV;HT;NA;NA;NA;NA;NA;-12.692905;49.172407;NA;NA;NA;NA
28;M248;Fautany;adult;M;arnholdi;7;arno;21;#NV;33,9;18,8;20,6;7,3;8,4;38,3;21,6;7,5;78;130;#NV;HT;NA;NA;NA;NA;NA;-12.692562000000001;49.190500999999998;NA;NA;NA;NA
29;F226;Fautany;adult;F;arnholdi;7;arno;21,1;#NV;35,2;20,4;22,1;6,8;10,2;40,3;22,6;9,6;71;138;#NV;HT;NA;NA;NA;NA;NA;-12.690204;49.176118000000002;NA;NA;NA;NA
30;M260;Fautany;adult;M;arnholdi;7;arno;21,3;#NV;34,7;19,5;20;6;9,4;39,9;22,2;9,8;84;136;#NV;HT;NA;NA;NA;NA;NA;-12.687757;49.177509999999998;NA;NA;NA;NA
31;M259;Fautany;adult;M;arnholdi;7;arno;21,8;#NV;33,5;20,1;19,8;6,6;10,2;38,7;20,7;8,2;71;126;#NV;HT;NA;NA;NA;NA;NA;-12.687818999999999;49.177149999999997;NA;NA;NA;NA
32;M235;Fautany;adult;M;arnholdi;7;arno;21,9;#NV;32,7;19,2;19,4;5,7;9;38,2;23,6;9,4;75;130;#NV;HT;NA;NA;NA;NA;NA;-12.690633;49.188066999999997;NA;NA;NA;NA
33;M236;Fautany;adult;M;arnholdi;7;arno;21,9;#NV;34,3;18,9;21,1;6,9;9,6;38,4;22;#NV;79;126;#NV;HT;NA;NA;NA;NA;NA;-12.690643;49.188068999999999;NA;NA;NA;NA
34;M250;Fautany;adult;M;arnholdi;7;arno;#NV;#NV;34,2;19,1;20;6,4;9,3;38,8;21,6;9,4;83;121;#NV;HT;NA;NA;NA;NA;NA;-12.689802;49.181150000000002;NA;NA;NA;NA
35;M201;Mahasarika;adult;M;arnholdi;7;arno;18,8;#NV;33,2;20,9;20,5;6,4;8,6;38;22;9,2;69;142;#NV;HT;NA;NA;NA;NA;NA;-12.515483;49.177706999999998;NA;NA;NA;NA
36;F203;Mahasarika;adult;F;arnholdi;7;arno;18,9;#NV;35,5;20,6;20,3;6,5;#NV;39,4;21,6;10,9;84;126;#NV;HT;NA;NA;NA;NA;NA;-12.515228;49.177709999999998;NA;NA;NA;NA
37;M195;Mahasarika;adult;M;arnholdi;7;arno;19;#NV;32,9;19;20,9;6,9;9,5;37,7;#NV;8,7;80;120;#NV;HT;NA;NA;NA;NA;NA;-12.517117000000001;49.177911999999999;NA;NA;NA;NA
38;M199;Mahasarika;adult;M;arnholdi;7;arno;19,3;#NV;35;20,1;20,2;7,1;10;40;21,8;9,3;67;138;#NV;HT;NA;NA;NA;NA;NA;-12.515758;49.177726999999997;NA;NA;NA;NA
39;M176;Mahasarika;adult;M;arnholdi;7;arno;19,4;#NV;33,5;19,2;18,8;6,5;8,6;37,1;20,4;9,6;65;118;#NV;HT;NA;NA;NA;NA;NA;-12.521762000000001;49.171449000000003;NA;NA;NA;NA
40;M191;Mahasarika;adult;M;arnholdi;7;arno;19,7;#NV;32,6;20,2;19,8;6;8,8;37,9;20,5;9,3;74;122;#NV;HT;NA;NA;NA;NA;NA;-12.513538;49.185046999999997;NA;NA;NA;NA
41;M193;Mahasarika;adult;M;arnholdi;7;arno;19,7;#NV;34,4;19;21,2;7;8,6;38,8;21,3;9,4;80;131;#NV;HT;NA;NA;NA;NA;NA;-12.517458;49.179485;NA;NA;NA;NA
42;M200;Mahasarika;adult;M;arnholdi;7;arno;19,8;#NV;33,7;21,3;19,2;5,7;8,3;38,7;20,8;10,1;74;134;#NV;HT;NA;NA;NA;NA;NA;-12.515758;49.177726999999997;NA;NA;NA;NA
43;M188;Mahasarika;adult;M;arnholdi;7;arno;20;#NV;34;20,5;19,1;6,5;8,2;36,1;21,1;8,9;69;123;#NV;HT;NA;NA;NA;NA;NA;-12.512497;49.188681000000003;NA;NA;NA;NA
44;F173;Mahasarika;adult;F;arnholdi;7;arno;20,1;#NV;34,2;19,8;22,5;7,1;9,4;38,9;22,1;10,3;88;128;#NV;HT;NA;NA;NA;NA;NA;-12.522413;49.171658999999998;NA;NA;NA;NA
45;M194;Mahasarika;adult;M;arnholdi;7;arno;20,1;#NV;33,2;19,6;20,5;6,6;9,4;36,4;20,4;10;69;128;#NV;HT;NA;NA;NA;NA;NA;-12.517200000000001;49.178756;NA;NA;NA;NA
46;F179;Mahasarika;adult;F;arnholdi;7;arno;20,2;#NV;33,8;21,7;20,8;5,7;8,4;38,2;21;9,7;93;130;#NV;HT;NA;NA;NA;NA;NA;-12.513235999999999;49.185246999999997;NA;NA;NA;NA
47;F207;Mahasarika;adult;F;arnholdi;7;arno;20,2;#NV;34,1;19,3;21,4;6,7;10,5;39,1;21,5;9,6;80;130;#NV;HT;NA;NA;NA;NA;NA;-12.525606;49.176893;NA;NA;NA;NA
48;F189;Mahasarika;adult;F;arnholdi;7;arno;20,6;#NV;33,9;21;21,5;7,5;8,1;38,6;21,6;10,3;74;129;#NV;HT;NA;NA;NA;NA;NA;-12.512724;49.189858999999998;NA;NA;NA;NA
49;M216;Mahasarika;adult;M;arnholdi;7;arno;20,8;#NV;33,9;21,1;19,5;6,6;9;38,2;20,9;8,4;83;141;#NV;HT;NA;NA;NA;NA;NA;-12.526306;49.174273999999997;NA;NA;NA;NA
50;M213;Mahasarika;adult;M;arnholdi;7;arno;20,9;#NV;35,1;20,5;20,1;7;8,7;39,2;21,6;9,1;69;137;#NV;HT;NA;NA;NA;NA;NA;-12.522899000000001;49.176969;NA;NA;NA;NA
51;F184;Mahasarika;adult;F;arnholdi;7;arno;21,1;#NV;35,4;20,5;20,6;6,5;9,2;38,6;22,9;10,4;73;133;#NV;HT;NA;NA;NA;NA;NA;-12.513068000000001;49.190694000000001;NA;NA;NA;NA
52;M206;Mahasarika;adult;M;arnholdi;7;arno;21,1;#NV;34,4;21,8;19,7;6,3;9;39,1;22,4;8,4;67;133;#NV;HT;NA;NA;NA;NA;NA;-12.524578999999999;49.176850000000002;NA;NA;NA;NA
53;F185;Mahasarika;adult;F;arnholdi;7;arno;21,2;#NV;35;20,8;21,9;6,7;9,5;38,5;22;9,4;75;120;#NV;HT;NA;NA;NA;NA;NA;-12.513363;49.185183000000002;NA;NA;NA;NA
54;M174;Mahasarika;adult;M;arnholdi;7;arno;21,3;#NV;34,9;18,6;21;5,5;8;39,6;22,9;9,4;80;133;#NV;HT;NA;NA;NA;NA;NA;-12.522411;49.171714000000001;NA;NA;NA;NA
55;M198;Mahasarika;adult;M;arnholdi;7;arno;21,7;#NV;36;19,5;20,5;6,3;10,3;38,2;22,7;10;78;140;#NV;HT;NA;NA;NA;NA;NA;-12.515995999999999;49.177635000000002;NA;NA;NA;NA
56;M202;Mahasarika;adult;M;arnholdi;7;arno;#NV;#NV;35,6;19,7;19,3;5,7;9,4;38,1;21;9,3;72;125;#NV;HT;NA;NA;NA;NA;NA;-12.515409;49.177698999999997;NA;NA;NA;NA
58;BD72_2017;Montagne_d_Ambre;adult;F;arnholdi;7;arno;19,55;12,8;34,49;#NV;21,39;7,75;7,36;37,7;20,37;#NV;76;121;40;TNR;NA;NA;NA;red head, grey-brown-red face, yellowish belly, red back, dorsal line;NA;-12.644371169999999;49.179174089999997;968;42910;AB23;RADSEQ
59;BD33_2017;Montagne_d_Ambre;adult;F;arnholdi;7;arno;20,89;12,35;33,84;19,78;22,68;6,95;8,85;#NV;20,19;#NV;67;129;40;TNR;NA;NA;NA;red head, grey-brown-red face, yellowish belly, red back, dorsal line;NA;-12.50846204;49.177438700000003;991;42898;BC14;RADSEQ
60;BC66_2017;Montagne_d_Ambre;adult;M;arnholdi;7;arno;20,8;12,64;35,73;20,83;20,65;6,9;10,04;39,4;19,16;#NV;69;#NV;43;BLP;enlarged;NA;NA;Cutted tail, masked face, tip of the tail is black, grey-brown head, red face, yellowish belly, grey-silver back, dorsal stripe;well developped testis;-12.512637489999999;49.185807949999997;953;42895;AB13;NA
61;BE53_2017;Montagne_d_Ambre;adult;F;arnholdi;7;arno;#NV;12,7;34,2;20,8;20,62;6,38;7,85;37;20,93;#NV;71;135;44;ERD;NA;NA;NA;red head, red face, yellowish belly, silver-grey-brown back, dorsal stripe;NA;-12.67022884;49.191249650000003;873;42916;AC12;NA
62;BD37_2017;Montagne_d_Ambre;adult;M;arnholdi;7;arno;19,53;12,13;34,73;#NV;20,72;5,1;9,7;37,63;19,36;#NV;79;139;44;BLP;enlarged;NA;NA;grey-red head, red face, yellowish belly, silver-grey-brown back, dorsal stripe;well developped testis;-12.51539505;49.192407940000002;886;42900;BD23;NA
63;BC49_2017;Montagne_d_Ambre;adult;M;arnholdi;7;arno;19,67;11,13;34,32;21,37;18,01;5,35;10,49;38,02;18,58;#NV;78;136;44;BLP;enlarged;NA;NA;brown-red head, silver-brown face, yellowish belly, red back, dorsal line;well developped testis;-12.543650449999999;49.146355749999998;1225;42893;AB12;RADSEQ
64;BE50_2017;Montagne_d_Ambre;adult;F;arnholdi;7;arno;#NV;11,65;32,92;20,24;21,52;7,15;7,1;38,95;19,03;#NV;74;138;45;ERD;NA;NA;NA;red head, red face, yellowish belly, silver-grey-brown back, dorsal stripe;NA;-12.67230528;49.186221850000003;873;42916;BC13;NA
65;BE47_2017;Montagne_d_Ambre;adult;M;arnholdi;7;arno;18,78;12,26;34,8;20,85;22,73;7,31;#NV;38,15;21,15;#NV;75;137;48;TNR;enlarged;NA;NA;red head, red face, yellowish belly, silver-grey-brown back, dorsal stripe;well developped testis;-12.671551920000001;49.187641319999997;873;42916;AB12;NA
66;BC71_2017;Montagne_d_Ambre;adult;M;arnholdi;7;arno;20,98;12,79;34,85;20,91;21,73;6,21;7,34;37,17;17,61;#NV;57;121;48;BLP;enlarged;NA;NA;brown-red head, red face, yellowish belly, silver-grey-brown back, dorsal stripe;well developped testis;-12.508938219999999;49.1935255;886;42896;AC13;NA
67;BC72_2017;Montagne_d_Ambre;adult;M;arnholdi;7;arno;18,54;12,45;35,19;20,32;20,75;5,93;#NV;38,07;20,65;#NV;65;139;50;BLP;enlarged;NA;NA;grey-brown-red head, red face, yellowish belly, grey-brown back, dorsal stripe;well developped testis;-12.50911022;49.193653159999997;886;42896;AC12;NA
68;BC75_2017;Montagne_d_Ambre;adult;M;arnholdi;7;arno;20,8;12,13;#NV;20,45;20,86;7,61;7,51;40,01;20,74;#NV;66;127;51;BLP;enlarged;NA;NA;ear parasites, masked face, tip of the tail is black, grey-brown-red head, red face, yellowish belly, silver-grey-brown back, dorsal stripe;well developped testis;-12.509923179999999;49.192932560000003;886;42896;AB14;NA
69;BE43_2017;Montagne_d_Ambre;adult;M;arnholdi;7;arno;18,75;12,59;34,3;19,75;22,3;7,89;#NV;39,99;21,49;#NV;94;125;55;TNR;enlarged;NA;NA;red head, red face, yellowish belly, silver-grey-brown back, dorsal stripe;well developped testis;-12.66798953;49.18251076;1002;42915;BC13;NA
70;BE51_2017;Montagne_d_Ambre;adult;M;arnholdi;7;arno;18,93;13,99;36,62;21,95;23,07;7,36;7,92;38;21,59;#NV;75;142;64;TNR;enlarged;NA;NA;grey-brown head, grey-brown face, yellowish belly, brown-red back, dorsal line;well developped testis;-12.672335540000001;49.186130060000004;873;42916;BC12;RADSEQ
71;BC73_2017;Montagne_d_Ambre;adult;M;arnholdi;7;arno;18,07;10,67;33,49;20,62;18,51;6,06;8,1;36,15;21,15;#NV;63;120;#NV;BLP;enlarged;NA;NA;grey-brown head, grey-broiwn-red face, yellowish belly, silver-grey-brown back, dorsal stripe;well developped testis;-12.51069976;49.19489007;886;42896;AC23;NA
72;BG44_2017;Montagne_d_Ambre;adult;M;arnholdi;7;arno;17,58;12,78;32,44;19,88;21,7;7,08;7,19;36,23;20,37;#NV;82;143;43;TNR;enlarged;NA;NA;grey-brown-red head, grey-brown-red face, yellowish belly, grey-brown back, dorsal stripe;well developped testis;-12.71852612;49.139166179999997;751;42973;AC23;NA
73;BH13_2017;Montagne_d_Ambre;adult;F;arnholdi;7;arno;19,25;12,82;35,63;20,39;20,21;7,81;7,5;37,31;20,14;#NV;82;139;43;FJR;NA;NA;NA;grey-brown head, grey-brown face, yellowish belly, grey-brown back, dorsal stripe;NA;-12.74432494;49.13739726;561;42977;AC24;NA
74;BH12_2017;Montagne_d_Ambre;adult;M;arnholdi;7;arno;22,7;13,38;33,59;#NV;21,92;7,61;7,14;41,77;23,02;#NV;86;153;43;TNR;enlarged;NA;NA;grey-brown head, grey-brown face, yellowish belly, grey-brown back, dorsal stripe;well developped testis;-12.740457279999999;49.139825829999999;615;42977;BD24;NA
75;BH11_2017;Montagne_d_Ambre;adult;M;arnholdi;7;arno;#NV;14,67;34,92;18,69;20,34;7,92;7,31;39,43;22,34;#NV;81;150;44;TNR;enlarged;NA;NA;grey-brown head, grey-brown face, yellowish belly, grey-brown back, dorsal stripe;well developped testis;-12.739135040000001;49.138695030000001;615;42977;AC24;NA
76;BG76_2017;Montagne_d_Ambre;adult;M;arnholdi;7;arno;17,28;12,15;33,71;19,91;21,99;7,11;7,4;39,51;21,03;#NV;85;149;51;TNR;enlarged;NA;NA;grey-brown-red head, grey-brown face, yellowish belly, grey-brown-red back, dorsal line;well developped testis;-12.70438073;49.141025200000001;903;42975;BC23;RADSEQ
94;064413AC;Kirindy;adult;M;berthae;5;bert;#NV;#NV;30,7;18,4;#NV;#NV;#NV;#NV;#NV;#NV;74;137;25;MD;NA;NA;NA;NA;NA;-20.0459779799999;44.54847427;NA;38944;NA;NA
95;061814D8;Kirindy;adult;M;berthae;5;bert;#NV;#NV;29,5;19,7;#NV;#NV;#NV;#NV;#NV;#NV;80;135;30;MD;NA;NA;NA;NA;NA;-20.0459779799999;44.54847427;NA;39306;NA;NA
96;064E3C93;Kirindy;adult;F;berthae;5;bert;#NV;#NV;31,9;19,9;#NV;#NV;#NV;#NV;#NV;#NV;91;125;33;MD;NA;NA;NA;NA;NA;-20.0459779799999;44.54847427;NA;39305;NA;NA
97;064E31B6;Kirindy;adult;M;berthae;5;bert;#NV;#NV;31,1;21,1;#NV;#NV;#NV;#NV;#NV;#NV;79;146;34;MD;NA;NA;NA;NA;NA;-20.0459779799999;44.54847427;NA;39307;NA;NA
98;066BE879;Kirindy;adult;F;berthae;5;bert;#NV;#NV;28,3;18,8;#NV;#NV;#NV;#NV;#NV;#NV;68;120;27;MD;NA;NA;NA;NA;NA;-20.0459779799999;44.54847427;NA;38607;NA;NA
99;06D15206;Kirindy;adult;F;berthae;5;bert;#NV;#NV;30,1;19,6;#NV;#NV;#NV;#NV;#NV;#NV;69;128;28;MD;NA;NA;NA;NA;NA;-20.0459779799999;44.54847427;NA;40068;NA;NA
100;06D151D6;Kirindy;adult;M;berthae;5;bert;#NV;#NV;29;18,6;#NV;#NV;#NV;#NV;#NV;#NV;76;127;30;MD;NA;NA;NA;NA;NA;-20.0459779799999;44.54847427;NA;40087;NA;NA
101;06E4E02C;Kirindy;adult;F;berthae;5;bert;#NV;#NV;31,1;20;#NV;#NV;#NV;#NV;#NV;#NV;81;131;32;MD;NA;NA;NA;NA;NA;-20.0459779799999;44.54847427;NA;40087;NA;NA
102;06D14D9D;Kirindy;adult;F;berthae;5;bert;#NV;#NV;31,3;20,1;#NV;#NV;#NV;#NV;#NV;#NV;76;143;33;MD;NA;NA;NA;NA;NA;-20.0459779799999;44.54847427;NA;40087;NA;NA
103;06D15269;Kirindy;adult;M;berthae;5;bert;#NV;#NV;31,7;20;#NV;#NV;#NV;#NV;#NV;#NV;80;158;39;MD;NA;NA;NA;NA;NA;-20.0459779799999;44.54847427;NA;40087;NA;NA
104;myoxinus;Kirindy;adult;F;berthae;5;bert;#NV;9,8;30,6;18;#NV;#NV;#NV;#NV;17;#NV;72,4;113;29;TH;NA;NA;NA;red;NA;-20.075489000000001;44.631041000000003;NA;34657;NA;NA
107;Myox2;Kirindy;adult;F;berthae;5;bert;18,3;13,1;31,4;19,8;20;5;8,7;36,6;20,4;8,3;60;117;30;VZ;NA;NA;NA;Fußganz;28.7;-20.075489000000001;44.631041000000003;NA;NA;NA;NA
108;Andi;Kirindy;adult;M;berthae;5;bert;19,5;13;30;18,5;18,7;5;8,5;32;20;8;60;110;30;VZ;NA;NA;NA;Fußganz;28;-20.075489000000001;44.631041000000003;NA;NA;NA;NA
109;Anja;Kirindy;adult;F;berthae;5;bert;17;13;31,1;18,8;20;5,5;9;36;20,7;8,5;70;120;31;VZ;NA;NA;NA;Fußganz;29.2;-20.075489000000001;44.631041000000003;NA;NA;NA;NA
110;Angela;Kirindy;adult;F;berthae;5;bert;19;12,6;31,5;18;18,5;5;6,6;35;21;8,5;65;120;31;VZ;NA;NA;NA;Fußganz;29.5;-20.075489000000001;44.631041000000003;NA;NA;NA;NA
111;Alfred;Kirindy;adult;M;berthae;5;bert;19;12,5;33;17,7;19;5,5;8,4;36,4;20;8;65;128;32;VZ;NA;NA;NA;Fußganz;28;-20.075489000000001;44.631041000000003;NA;NA;NA;NA
112;Anke;Kirindy;adult;F;berthae;5;bert;16;11;29;17;18;4;7,5;31;20;9;50;115;33;VZ;NA;NA;NA;Fußganz;29;-20.075489000000001;44.631041000000003;NA;NA;NA;NA
113;Arne;Kirindy;adult;M;berthae;5;bert;18,2;13,5;31,3;18,2;20,7;5;9;37,5;21;8,5;70;110;33;VZ;NA;NA;NA;Fußganz;29.5;-20.075489000000001;44.631041000000003;NA;NA;NA;NA
114;Adele;Kirindy;adult;F;berthae;5;bert;18;12,7;30,5;19,1;19,9;4,9;9,1;35;19,1;8,9;65;120;34;VZ;NA;NA;NA;Fußganz;28;-20.075489000000001;44.631041000000003;NA;NA;NA;NA
115;Anne;Kirindy;adult;F;berthae;5;bert;19;13,4;32;21;20;5;8,1;37;20,5;8,7;65;135;34;VZ;NA;NA;NA;Fußganz;29.2;-20.075489000000001;44.631041000000003;NA;NA;NA;NA
116;Anton;Kirindy;adult;M;berthae;5;bert;19,9;13,8;30,7;18;20;4,9;8,9;36;18,9;9;70;125;35;VZ;NA;NA;NA;Fußganz;27.9;-20.075489000000001;44.631041000000003;NA;NA;NA;NA
117;Antje;Kirindy;adult;F;berthae;5;bert;20,1;14;30,5;20,3;20;5,5;8,4;36,5;18;8,4;60;120;36;VZ;NA;NA;NA;Fußganz;26.4;-20.075489000000001;44.631041000000003;NA;NA;NA;NA
118;Alexander;Kirindy;adult;M;berthae;5;bert;19;12,4;30,8;20,6;20,9;5,1;8,6;38;20,9;7,7;65;120;37;VZ;NA;NA;NA;Fußganz;28.6;-20.075489000000001;44.631041000000003;NA;NA;NA;NA
119;Anita;Kirindy;adult;F;berthae;5;bert;19;13;31,4;19,8;20;5,4;9,5;36,8;21,7;9;70;115;#NV;VZ;NA;NA;41;Fußganz;30.7;-20.075489000000001;44.631041000000003;NA;NA;NA;NA
120;Alexandra;Kirindy;adult;F;berthae;5;bert;18;12,2;31,5;19,5;20,5;5,5;9;37;20;8,8;70;125;#NV;VZ;NA;NA;43;Fußganz;28.8;-20.075489000000001;44.631041000000003;NA;NA;NA;NA
121;F50-04bibo;Ambodimahabibo;adult;F;bongolavensis;3;bong;23,8;12,8;36,2;23,1;22,5;7,9;9,9;41,9;26;9,2;87;159;54;GO;NA;closed;NA;NA;NA;-15.49457;47.482979999999998;NA;38197;A1;NA
122;M54-04bibo;Ambodimahabibo;adult;M;bongolavensis;3;bong;20;14,2;35;20,4;19,1;6,4;9;39,1;26,6;9,9;87;152;43;GO;enlarged;NA;NA;NA;NA;-15.49532;47.475850000000001;NA;38206;CD;NA
123;F56-04bibo;Ambodimahabibo;adult;F;bongolavensis;3;bong;19,7;12,1;35,5;21,5;19,7;8,3;8,2;39,6;25,1;9,2;75;149;44;GO;NA;closed;NA;NA;NA;-15.498609999999999;47.482140000000001;NA;38209;A4;NA
124;M59-04bibo;Ambodimahabibo;adult;M;bongolavensis;3;bong;18,1;12,3;35;20,5;20,1;7,9;9,5;41,6;26,6;8,5;81;165;45;GO;enlarged;NA;NA;NA;NA;-15.493180000000001;47.480379999999997;NA;38209;D3;NA
125;F53-04bibo;Ambodimahabibo;adult;F;bongolavensis;3;bong;19,5;14,7;36,5;22,5;20,9;8,1;9,6;43,7;26,5;9,1;84;167;45;GO;NA;closed;NA;NA;NA;-15.496169999999999;47.47587;NA;38206;B2;NA
126;M58-04bibo;Ambodimahabibo;adult;M;bongolavensis;3;bong;18,8;12,9;36,6;20,2;19;7,5;9,7;41,7;25,5;8,8;80;166;52;GO;enlarged;NA;NA;NA;NA;-15.493370000000001;47.480899999999998;NA;38209;AC;NA
127;F52-04bibo;Ambodimahabibo;adult;F;bongolavensis;3;bong;23,6;14,9;38,3;22,6;20,5;8,4;10,3;42,9;27;9,3;86;156;52;GO;NA;closed;NA;NA;NA;-15.49916;47.483220000000003;NA;38201;A2C (nat);NA
128;F55-04bibo;Ambodimahabibo;adult;F;bongolavensis;3;bong;21,4;12,6;36,4;21,1;20,8;7,5;9,6;41,4;23,7;8;84;157;55;GO;NA;closed;NA;NA;NA;-15.49741;47.47878;NA;38208;A3;RADSEQ
129;M60-04bibo;Ambodimahabibo;adult;M;bongolavensis;3;bong;21,3;14,6;36;21,7;22,6;7,4;#NV;40,5;24,7;9,1;90;153;59;GO;enlarged;NA;NA;NA;NA;-15.497019999999999;47.476039999999998;NA;38210;C2;NA
130;M51-04bibo;Ambodimahabibo;adult;M;bongolavensis;3;bong;22,9;15,9;35,9;22,3;22,1;7,8;9,1;39,3;24,6;9,1;81;157;59;GO;enlarged;NA;NA;NA;NA;-15.493370000000001;47.480899999999998;NA;38200;C3;NA
131;F57-04bibo;Ambodimahabibo;adult;F;bongolavensis;3;bong;21;14,2;37,1;23;22,1;8;10,1;38,8;26,3;8,5;102;172;#NV;GO;NA;closed;75;NA;NA;-15.49475;47.482059999999997;NA;38209;B3;NA
132;M05-11hara;Ankarahara;adult;M;bongolavensis;3;bong;19,3;14,3;34,2;18,7;20;6;8;40,6;25,7;9,4;83;175;54;BSR;enlarged;NA;NA;NA;NA;-15.55;47.48;NA;40858;NA;NA
133;M09-11hara;Ankarahara;adult;M;bongolavensis;3;bong;19,1;13,5;35,6;19,5;19,2;5,1;7,1;41,5;24,3;#NV;90;155;60;BSR;enlarged;NA;NA;NA;NA;-15.55;47.48;NA;40861;NA;NA
134;M10-11hara;Ankarahara;adult;M;bongolavensis;3;bong;20,4;12,4;34,9;19,8;21,6;6,8;8,3;41,6;25;8,8;85;#NV;62;BSR;enlarged;NA;NA;NA;NA;-15.55;47.48;NA;40861;NA;NA
135;M01-11hara;Ankarahara;adult;M;bongolavensis;3;bong;21,4;15,1;34,9;19,5;21;7,6;6,8;42;24,8;8,8;85;154;62;BSR;enlarged;NA;NA;NA;NA;-15.55;47.48;NA;40848;NA;NA
136;M08-11hara;Ankarahara;adult;M;bongolavensis;3;bong;20,5;13,5;35,2;21,2;21,3;6,1;8,1;43,5;25,9;8,5;90;150;64;BSR;enlarged;NA;NA;NA;NA;-15.55;47.48;NA;40859;NA;NA
137;F07-11hara;Ankarahara;adult;F;bongolavensis;3;bong;21,1;14,8;34,7;21,8;19,4;6,1;7,3;41,2;23,1;8,8;90;165;72;BSR;NA;closed;NA;NA;NA;-15.55;47.48;NA;40859;NA;NA
138;F04-11hara;Ankarahara;adult;F;bongolavensis;3;bong;24,3;16,3;37,4;20,3;21,3;7;7,1;41,7;24,1;9,3;98;160;#NV;BSR;NA;pregnant;81;closed;NA;-15.55;47.48;NA;40858;NA;NA
139;F06-11hara;Ankarahara;adult;F;bongolavensis;3;bong;19,5;15,1;34,2;21,7;22,7;6,1;7,3;41,4;23,6;9,5;95;165;#NV;BSR;NA;pregnant;92;NA;NA;-15.55;47.48;NA;40859;NA;NA
140;F03-11hara;Ankarahara;adult;F;bongolavensis;3;bong;22,6;14,5;36,9;20,4;22,3;8,3;7,7;41,3;23,6;8,8;101;165;#NV;BSR;NA;pregnant;105;NA;NA;-15.55;47.48;NA;40854;NA;RADSEQ
141;F01-13zana;Mahatazana;adult;F;bongolavensis;3;bong;21,6;16;36,2;19,9;19,4;6,5;7,5;#NV;25;9;#NV;164;49;EZ;NA;closed;NA;NA;NA;-16.133333333333333;47.266666666666666;NA;41517;1;NA
142;F09-13zana;Mahatazana;adult;F;bongolavensis;3;bong;22,7;17;35,5;20,4;21,2;6,8;7,1;41;25,2;8,9;#NV;166;50;EZ;NA;closed;NA;NA;NA;-16.133333333333333;47.266666666666666;NA;41517;B1;RADSEQ
143;F04-13zana;Mahatazana;adult;F;bongolavensis;3;bong;21,8;15;36;18,6;21;6,2;7,3;40;22,5;9,6;#NV;140;51;EZ;NA;closed;NA;NA;NA;-16.133333333333333;47.266666666666666;NA;41516;4;NA
144;M10-13zana;Mahatazana;adult;M;bongolavensis;3;bong;21,5;15,6;36;20,1;20,6;7,3;7,4;40,8;25,2;8,4;#NV;155;54;EZ;NA;NA;NA;NA;NA;-16.133333333333333;47.266666666666666;NA;41517;A3;NA
145;F05-13zana;Mahatazana;adult;F;bongolavensis;3;bong;22;15,1;34;18,4;21,6;7,3;7,5;40;24,3;8,5;#NV;151;54;EZ;NA;closed;NA;NA;NA;-16.133333333333333;47.266666666666666;NA;41517;B;NA
146;M12-13zana;Mahatazana;adult;M;bongolavensis;3;bong;22,1;15,8;35,6;20,2;21,5;7,5;8;41;24,4;8,8;#NV;167;54;EZ;enlarged;NA;NA;NA;NA;-16.133333333333333;47.266666666666666;NA;41517;C1;NA
147;M11-13zana;Mahatazana;adult;M;bongolavensis;3;bong;20,5;15,2;35;19,8;21;6,5;8;41;24,4;9;#NV;153;57;EZ;enlarged;NA;NA;NA;NA;-16.133333333333333;47.266666666666666;NA;41517;B3;NA
148;F07-13zana;Mahatazana;adult;F;bongolavensis;3;bong;22,1;14,8;34,7;20,8;20,2;6,7;7,3;41;24,4;9,1;#NV;165;59;EZ;NA;closed;NA;NA;NA;-16.133333333333333;47.266666666666666;NA;41517;A2;RADSEQ
149;F14-13zana;Mahatazana;adult;F;bongolavensis;3;bong;19,5;15;35,8;20,5;21,5;7,5;8,6;40,4;25;8,8;#NV;150,4;65;EZ;NA;swollen;NA;open on 5.9.2013;NA;-16.133333333333333;47.266666666666666;NA;41516;D2;RADSEQ
150;M13-13zana;Mahatazana;adult;M;bongolavensis;3;bong;21,7;16,8;35,5;19,5;21,1;7;8,1;40,6;26,8;9,5;#NV;157;66;EZ;enlarged;NA;NA;NA;NA;-16.133333333333333;47.266666666666666;NA;41517;C3;NA
151;F08-13zana;Mahatazana;adult;F;bongolavensis;3;bong;20,5;14,9;36;21,3;21;7;7,4;40;25,3;9,5;#NV;169;71;EZ;NA;closed;NA;NA;NA;-16.133333333333333;47.266666666666666;NA;41517;A4;RADSEQ
152;F06-13zana;Mahatazana;adult;F;bongolavensis;3;bong;20,4;14;36,9;19;21;6,8;7,3;40;24;9;#NV;157;48;EZ;NA;closed;NA;NA;NA;-16.133333333333333;47.266666666666666;NA;41518;C;NA
153;M20-13zana;Mahatazana;adult;M;bongolavensis;3;bong;20,5;15;35;19,1;20,4;6,4;7,3;41;24,5;9,2;#NV;160;49;EZ;enlarged;NA;NA;NA;NA;-16.133333333333333;47.266666666666666;NA;41519;A1;NA
154;M22-13zana;Mahatazana;adult;M;bongolavensis;3;bong;#NV;14,4;36,2;19,2;20,8;6,9;8,1;42;25,6;8,5;#NV;157;50;EZ;enlarged;NA;NA;NA;NA;-16.133333333333333;47.266666666666666;NA;41519;D3;RADSEQ
155;F03-13zana;Mahatazana;adult;F;bongolavensis;3;bong;22,4;15;35,5;17,7;21;6,1;7,4;40;24,5;9;#NV;147;55;EZ;NA;closed;NA;NA;NA;-16.133333333333333;47.266666666666666;NA;41518;3;NA
156;M24-13zana;Mahatazana;adult;M;bongolavensis;3;bong;21;16,1;35;19,9;21,2;7,5;8;40,5;24,7;8,3;#NV;148;56;EZ;enlarged;NA;NA;NA;NA;-16.133333333333333;47.266666666666666;NA;41519;D4;NA
157;F17-13zana;Mahatazana;adult;F;bongolavensis;3;bong;22,3;15;35,4;20,9;21,3;7,1;7,9;40,7;24,9;9;#NV;153;64;EZ;NA;open;NA;NA;NA;-16.133333333333333;47.266666666666666;NA;41518;C2;RADSEQ
158;M23-13zana;Mahatazana;adult;M;bongolavensis;3;bong;21,2;17,1;35,1;22;#NV;7,1;7,8;41;25;9,2;#NV;154;73;EZ;enlarged;NA;NA;NA;NA;-16.133333333333333;47.266666666666666;NA;41519;C4;RADSEQ
161;F316-03ata;Maroakata;adult;F;bongolavensis;3;bong;19,2;12,3;35,8;20,4;19,8;8,1;7,8;40;25,6;9,1;79;149;45;GO;NA;closed;NA;NA;NA;-16.08766;47.302529999999997;NA;37862;C4;NA
162;M311-03ata;Maroakata;adult;M;bongolavensis;3;bong;21,2;12,4;34,3;18,7;19;7,7;6,6;38,5;25,1;8,6;75;161;45;GO;enlarged;NA;NA;NA;NA;-16.084610000000001;47.301940000000002;NA;37862;AB1;NA
163;F308-03ata;Maroakata;adult;F;bongolavensis;3;bong;24;12,2;36,1;20,9;18,3;8,5;8,4;41,6;27,3;9;89;156;47;GO;NA;closed;NA;NA;NA;-16.0871;47.304110000000001;NA;37860;13;NA
164;F314-03ata;Maroakata;adult;F;bongolavensis;3;bong;21;11,6;36,1;20,2;19,9;7,9;9,9;40,1;26,7;8,4;80;144;48;GO;NA;closed;NA;NA;NA;-16.085830000000001;47.302160000000001;NA;37862;D1;NA
165;M317-03ata;Maroakata;adult;M;bongolavensis;3;bong;22,1;#NV;36,4;20,3;20,4;8;#NV;41;24,5;#NV;85;156;50;GO;enlarged;NA;NA;NA;NA;-16.087679999999999;47.302340000000001;NA;37862;A2;NA
166;M312-03ata;Maroakata;adult;M;bongolavensis;3;bong;23,7;12,4;36,5;20,7;20,4;7,6;9,5;40;25,8;8,9;85;161;51;GO;enlarged;NA;NA;NA;NA;-16.084879999999998;47.301969999999997;NA;37862;34;NA
167;F318-03ata;Maroakata;adult;F;bongolavensis;3;bong;23,9;14,3;36,1;21,3;20;8,1;9,7;44,3;27;9,6;86;158;52;GO;NA;closed;NA;NA;NA;-16.08774;47.302300000000002;NA;37862;14;NA
168;F319-03ata;Maroakata;adult;F;bongolavensis;3;bong;22,9;12,1;38,6;22,9;20,2;8,2;9,5;42,8;26,9;8,7;94;162;57;GO;NA;closed;NA;NA;NA;-16.087890000000002;47.302250000000001;NA;37862;D3;NA
169;M313-03ata;Maroakata;adult;M;bongolavensis;3;bong;23,2;14;36,6;21,3;19,6;8,2;9,7;44,4;23,9;9,3;101;168;68;GO;enlarged;NA;NA;NA;NA;-16.08503;47.301929999999999;NA;37862;BD;NA
171;M332-03ata;Maroakata;adult;M;bongolavensis;3;bong;22,2;12,6;33,9;21,2;#NV;8;9,4;40,2;24,1;8,7;85;156;54;GO;enlarged;NA;NA;NA;NA;-16.08521;47.303310000000003;NA;37867;C12;NA
172;F323-03ata;Maroakata;adult;F;bongolavensis;3;bong;23,4;13,5;36;21,6;19,7;7,2;7,9;43,4;24,6;9,3;91;166;54;GO;NA;closed;NA;NA;NA;-16.079470000000001;47.30348;NA;37865;D2;NA
173;F345-03ata;Maroakata;adult;F;bongolavensis;3;bong;22,6;11,8;34,9;19,7;20,9;8,2;9,2;41,1;24,2;8,9;95;162;55;GO;NA;swollen;NA;NA;NA;-16.087679999999999;47.302340000000001;NA;37869;D2;NA
174;F341-03ata;Maroakata;adult;F;bongolavensis;3;bong;21;13;36,9;21,8;20,8;7,8;#NV;41,7;25,2;9;94;161;57;GO;NA;open;NA;NA;NA;-16.0855;47.301960000000001;NA;37869;13;NA
175;F339-03ata;Maroakata;adult;F;bongolavensis;3;bong;22,9;12,4;36,5;22,6;21;7,7;9,7;41,3;24,9;#NV;92;#NV;59;GO;NA;closed;NA;NA;NA;-16.08474;47.301960000000001;NA;37869;BC1;NA
176;M330-03ata;Maroakata;adult;M;bongolavensis;3;bong;24,4;11,7;36,4;21,1;20,8;6,9;9,3;43,3;26,7;8,2;86;162;60;GO;enlarged;NA;NA;NA;NA;-16.08484;47.302599999999998;NA;37867;BD1;NA
177;F327-03ata;Maroakata;adult;F;bongolavensis;3;bong;21,8;12,8;37,6;21,8;19,5;7,7;9,2;41,7;25,9;8,7;94;173;62;GO;NA;swollen;NA;NA;NA;-16.085270000000001;47.30198;NA;37866;24;NA
178;M344-03ata;Maroakata;adult;M;bongolavensis;3;bong;#NV;12,8;38,4;21,7;19,8;8,7;#NV;42,1;26,4;8,5;89;154;64;GO;enlarged;NA;NA;NA;NA;-16.086279999999999;47.30274;NA;37869;BC3;NA
179;F343-03ata;Maroakata;adult;F;bongolavensis;3;bong;20,6;13,1;36,6;21,1;20,5;7,8;9;44,2;24,8;8,7;92;151;65;GO;NA;open;NA;NA;NA;-16.08616;47.302729999999997;NA;37869;B1;NA
180;F326-03ata;Maroakata;adult;F;bongolavensis;3;bong;23,5;14,7;37,9;22,2;20;7,7;9,4;42,2;#NV;8,7;100;157;65;GO;NA;closed;NA;NA;NA;-16.085830000000001;47.302160000000001;NA;37866;CD34;NA
181;F346-03ata;Maroakata;adult;F;bongolavensis;3;bong;22,5;12;38,3;22;20,2;7,7;10;44;24,4;9,3;94;164;66;GO;NA;open;NA;NA;NA;-16.08783;47.30227;NA;37869;C3;NA
182;M338-03ata;Maroakata;adult;M;bongolavensis;3;bong;21,7;11,8;37,9;22,4;21,7;8;9,8;43,2;25,4;9,1;96;#NV;71;GO;enlarged;NA;NA;NA;NA;-16.084610000000001;47.301940000000002;NA;37869;B2;NA
185;F13-15sely;Marosely;adult;F;bongolavensis;3;bong;21;14,5;36,8;21;18;5;6,3;39;21,4;9;#NV;155;57;AMR;NA;closed;NA;NA;NA;-15.650416999999999;47.582267000000002;NA;42198;2;RADSEQ
186;M07-15sely;Marosely;adult;M;bongolavensis;3;bong;22;13,9;35;17,3;19;5,3;7,5;#NV;23,2;9;#NV;165;58;AMR;regressed;NA;NA;NA;NA;-15.651733;47.585099999999997;NA;42194;B;RADSEQ
187;F18-15sely;Marosely;adult;F;bongolavensis;3;bong;20,8;14,3;36,3;20,5;17,5;7;8;41,3;24;8,8;#NV;160;60;AMR;NA;closed;NA;NA;NA;-15.650316999999999;47.582467000000001;NA;42203;4;NA
188;M19-15sely;Marosely;adult;M;bongolavensis;3;bong;21,5;11,7;36,5;18,3;20,4;6,3;7;43,8;24;10;#NV;170;60;AMR;regressed;NA;NA;NA;NA;-15.63475;47.584699999999998;NA;42205;3;NA
189;M30-15sely;Marosely;adult;M;bongolavensis;3;bong;22,3;15;37;21,8;20,8;7;7,3;43,8;25,1;8,8;#NV;153;61;AMR;regressed;NA;NA;NA;NA;-15.652150000000001;47.585349999999998;NA;42214;A3;NA
190;M16-15sely;Marosely;adult;M;bongolavensis;3;bong;18,5;14,4;37,5;20;20;6;6,5;42;25,1;8,6;#NV;160;62;AMR;regressed;NA;NA;NA;NA;-15.650667;47.581932999999999;NA;42202;1;NA
191;F33-15sely;Marosely;adult;F;bongolavensis;3;bong;19,9;14,3;36,8;21,3;19,5;7;8;41,3;24,3;#NV;#NV;152;63;AMR;NA;closed;NA;NA;NA;-15.654350000000001;47.580333000000003;NA;42216;B2;NA
192;F28-15sely;Marosely;adult;F;bongolavensis;3;bong;20,8;15,6;36,5;22,4;20,3;8;8;39,6;24;8,4;#NV;150;64;AMR;NA;closed;NA;NA;NA;-15.650399999999999;47.583849999999998;NA;42214;A2;NA
193;F25-15sely;Marosely;adult;F;bongolavensis;3;bong;22,5;13,7;36,3;20;20,3;6,8;#NV;38,8;22,5;10;#NV;146;65;AMR;NA;closed;NA;NA;NA;-15.6541;47.580399999999997;NA;42209;D1;NA
194;F05-15sely;Marosely;adult;F;bongolavensis;3;bong;20;#NV;35,8;19,5;16,4;6,3;7,8;40,5;22;10;#NV;146;66;AMR;NA;closed;NA;NA;NA;-15.650316999999999;47.582467000000001;NA;42194;C;NA
195;F01-15sely;Marosely;adult;F;bongolavensis;3;bong;21,3;12,2;36,5;21;17,6;5;6,8;39,8;21,6;10;#NV;170;70;AMR;NA;closed;NA;NA;NA;-15.651417;47.584699999999998;NA;42194;A;NA
196;M03-15sely;Marosely;adult;M;bongolavensis;3;bong;22,4;14,2;34;22;21,3;6,3;6,3;41,8;24,5;10;#NV;161;71;AMR;regressed;NA;NA;NA;NA;-15.65315;47.586117000000002;NA;42194;A;NA
197;F29-15sely;Marosely;adult;F;bongolavensis;3;bong;19,8;14,5;37,8;24,3;22;7,5;7,3;38;24,2;8,3;#NV;148;#NV;AMR;NA;closed;75;NA;NA;-15.650399999999999;47.583849999999998;NA;42214;A3;NA
198;F 4-15sely;Marosely;adult;F;bongolavensis;3;bong;18,3;#NV;37;20;17,5;5,8;6,4;42;22,2;10;#NV;171;#NV;AMR;NA;closed;78;NA;NA;-15.650316999999999;47.582467000000001;NA;42205;C1;NA
199;F06-15sely;Marosely;adult;F;bongolavensis;3;bong;21,3;12,7;36,3;23,3;20;6,1;7,6;42,8;25;9;#NV;150;#NV;AMR;NA;closed;NA;NA;NA;-15.649933000000001;47.584049999999998;NA;42194;D;NA
202;M40-15sely;Marosely;adult;M;bongolavensis;3;bong;22;14,5;37,5;19;20;7;7,8;41,8;#NV;8,8;#NV;154;53;AMR;regressed;NA;NA;NA;NA;-15.658333000000001;47.585583;NA;42224;B4;NA
203;M34-15sely;Marosely;adult;M;bongolavensis;3;bong;21,5;14;36;19,8;20;6,8;6,3;41;24;8,8;#NV;152;64;AMR;regressed;NA;NA;NA;NA;-15.650767;47.584932999999999;NA;42217;B1;NA
204;M37-15sely;Marosely;adult;M;bongolavensis;3;bong;20,8;15,8;35,5;22,8;21,8;7;6,5;40,8;24;8;#NV;151;70;AMR;enlarged;NA;NA;NA;NA;-15.647817;47.585900000000002;NA;42219;B3;NA
205;RMR129;Ste Marie;adult;F;boraha;2;bora;20;#NV;#NV;#NV;#NV;#NV;#NV;#NV;#NV;#NV;#NV;145;56;RMR;NA;NA;NA;NA;NA;-16.922777779999901;49.874722220000002;NA;NA;NA;RADSEQ
206;RMR115;Ste Marie;adult;F;boraha;2;bora;19;#NV;#NV;#NV;#NV;#NV;#NV;#NV;#NV;#NV;#NV;143;56,5;RMR;NA;NA;NA;NA;NA;-16.922777779999901;49.874722220000002;NA;NA;NA;RADSEQ
207;RMR116;Ste Marie;adult;M;boraha;2;bora;20;#NV;#NV;#NV;#NV;#NV;#NV;#NV;#NV;#NV;#NV;141;56,5;RMR;NA;NA;NA;NA;NA;-16.922777779999901;49.874722220000002;NA;NA;NA;RADSEQ
208;RMR124;Ste Marie;adult;F;boraha;2;bora;20;#NV;#NV;#NV;#NV;#NV;#NV;#NV;#NV;#NV;#NV;140;#NV;RMR;NA;NA;61;NA;NA;-16.922777779999901;49.874722220000002;NA;NA;NA;RADSEQ
232;31-04;Ambarijeby;adult;F;danfossi;3;danf;19,9;12,5;35,1;20,4;19,8;6,7;7,5;37,7;26,8;9,7;75;143;43;GO;NA;closed;NA;no_age_initially_given_in_raw_data;NA;-14.951095599999899;47.710862079999998;NA;38141;NA;no
240;350-03;Ambongabe;adult;F;danfossi;3;danf;22,2;12;35;19,8;18,8;6,9;7,7;38,5;25,5;9,1;80;141;40;GO;NA;closed;NA;no_age_initially_given_in_raw_data;NA;-15.350845049999901;47.657324199999998;NA;37881;NA;no
241;352-03;Ambongabe;adult;M;danfossi;3;danf;22,1;#NV;35,7;19,9;20,7;7,3;10,2;37,4;24,9;8,6;75;144;44;GO;enlarged;NA;NA;no_age_initially_given_in_raw_data;NA;-15.350845049999901;47.657324199999998;NA;37883;NA;no
242;355-03;Ambongabe;adult;F;danfossi;3;danf;21,1;#NV;36,7;19,1;19,2;6,7;9,6;38,5;24,6;9;85;157;46;GO;NA;closed;NA;no_age_initially_given_in_raw_data;NA;-15.350845049999901;47.657324199999998;NA;37889;NA;no
243;357-03;Ambongabe;adult;F;danfossi;3;danf;19,6;12,7;37;20,8;20,1;7,6;10,3;41,4;26,2;10,3;76;152;50;GO;NA;closed;NA;no_age_initially_given_in_raw_data;NA;-15.350845049999901;47.657324199999998;NA;37892;NA;no
244;356-03;Ambongabe;adult;F;danfossi;3;danf;22,2;14,9;36,1;20;19,6;7,1;7,9;41,5;25,5;9,1;76;159;53;GO;NA;closed;NA;no_age_initially_given_in_raw_data;NA;-15.350845049999901;47.657324199999998;NA;37890;NA;no
245;354-03;Ambongabe;adult;M;danfossi;3;danf;21,5;13,7;37,1;20,8;20,2;7,2;9,1;41,3;25,4;8,8;78;152;54;GO;enlarged;NA;NA;no_age_initially_given_in_raw_data;NA;-15.350845049999901;47.657324199999998;NA;37888;NA;no
246;353-03;Ambongabe;adult;F;danfossi;3;danf;21,7;13,9;37,9;21,9;21;7,1;9,7;41,6;25,1;7,9;79;159;54;GO;NA;closed;NA;no_age_initially_given_in_raw_data;NA;-15.350845049999901;47.657324199999998;NA;37888;NA;no
247;349-03;Ambongabe;adult;M;danfossi;3;danf;23,8;14,2;36,1;21;22,3;7,4;9,5;41,3;24,2;9,6;92;173;60;GO;enlarged;NA;NA;no_age_initially_given_in_raw_data;NA;-15.350845049999901;47.657324199999998;NA;37881;NA;no
248;351-03;Ambongabe;adult;F;danfossi;3;danf;23,1;14;38,3;21,6;22,8;8,1;9,1;42,1;25,6;9,1;79;158;68;GO;NA;open;NA;no_age_initially_given_in_raw_data;NA;-15.350845049999901;47.657324199999998;NA;37881;NA;no
249;348-03;Ambongabe;adult;F;danfossi;3;danf;23;16,2;38,5;22,8;22,5;8,2;8,7;37,6;26,5;9,3;90;162;70;GO;NA;open;NA;no_age_initially_given_in_raw_data;NA;-15.350845049999901;47.657324199999998;NA;37881;NA;no
270;0007AEA5DF;Anjajavy;adult;M;danfossi;3;danf;22,9;#NV;37,5;22,7;#NV;#NV;11;#NV;#NV;#NV;#NV;162;63;MBB;enlarged;NA;NA;NA;NA;-15.00841;47.25085;3;42967;NA;NA
271;0007AEBB02;Anjajavy;adult;F;danfossi;3;danf;21,9;#NV;35,7;22,6;#NV;#NV;10,6;#NV;#NV;#NV;#NV;154;66;MBB;NA;closed;NA;close vagina;NA;-15.00841;47.25085;3;42967;NA;NA
272;Salome;Anjajavy;adult;F;danfossi;3;danf;22;#NV;36;23,3;#NV;#NV;10,5;#NV;#NV;#NV;#NV;152;67;MBB;NA;closed;NA;close vagina;NA;-15.00841;47.25085;3;42969;NA;NA
273;0007AD987D;Anjajavy;adult;F;danfossi;3;danf;23,1;#NV;37,7;22,4;#NV;#NV;11,2;#NV;#NV;#NV;#NV;164;68;MBB;NA;closed;NA;close vagina;NA;-15.00841;47.25085;3;42967;NA;NA
274;Elektra;Anjajavy;adult;F;danfossi;3;danf;22;#NV;37,8;23,9;#NV;#NV;11,9;#NV;#NV;#NV;#NV;154;71;MBB;NA;closed;NA;close vagina;NA;-15.00841;47.25085;3;42969;NA;NA
275;0007AEE00D;Anjajavy;adult;M;danfossi;3;danf;23;#NV;36,6;23,2;#NV;#NV;9,5;#NV;#NV;#NV;#NV;155;76;MBB;enlarged;NA;NA;NA;NA;-15.00841;47.25085;3;42966;NA;NA
276;0007AEC13A;Anjajavy;adult;F;danfossi;3;danf;21,1;#NV;37,3;23,3;#NV;#NV;9,8;#NV;#NV;#NV;#NV;155;77;MBB;NA;closed;NA;close vagina;NA;-15.00841;47.25085;3;42969;NA;NA
277;0007725D8F;Anjajavy;adult;M;danfossi;3;danf;23;#NV;37,9;23,2;#NV;#NV;10,9;#NV;#NV;#NV;#NV;158;77;MBB;enlarged;NA;NA;NA;NA;-15.00841;47.25085;3;42967;NA;NA
279;Isolde;Anjajavy;adult;F;danfossi;3;danf;25,1;#NV;35,1;23,1;#NV;#NV;10,8;#NV;#NV;#NV;#NV;154;72;MBB;NA;closed;NA;close vagina;NA;-15.00841;47.25085;3;43779;NA;NA
280;0007AE801E;Anjajavy;adult;F;danfossi;3;danf;24,7;#NV;37,8;23,7;#NV;#NV;11,8;#NV;#NV;#NV;#NV;175;79;MBB;NA;closed;NA;close vagina;NA;-15.00841;47.25085;3;43781;NA;NA
281;0007AD66C3;Anjajavy;adult;F;danfossi;3;danf;24;#NV;39;23,4;#NV;#NV;11,3;#NV;#NV;#NV;#NV;164;#NV;MBB;NA;pregnant;82;close vagina, pregnant?;NA;-15.00841;47.25085;3;43780;NA;NA
282;0007AE308D;Anjajavy;adult;F;danfossi;3;danf;24;#NV;38,9;24,1;#NV;#NV;10,3;#NV;#NV;#NV;#NV;164;#NV;MBB;NA;pregnant;105;pregnant?;NA;-15.00841;47.25085;3;43781;NA;NA
283;M91-04Anji;Anjiamangirana;adult;M;danfossi;3;danf;20,2;13,5;35,2;19,9;21;6,8;8,5;38,1;25,4;10,3;78;169;47;GO;enlarged;NA;NA;NA;NA;-15.151859999999999;47.735239999999997;NA;38251;23;NA
284;M88-04Anji;Anjiamangirana;adult;M;danfossi;3;danf;23,4;15;38;20,7;21,8;7;9,1;42,4;26,1;8,5;86;159;48;GO;enlarged;NA;NA;NA;NA;-15.1515;47.735849999999999;NA;38248;AB;NA
285;F93-04Anji;Anjiamangirana;adult;F;danfossi;3;danf;21,3;14;36,4;21;21,3;6,9;9,9;39,1;25,3;9,8;88;175;49;GO;NA;closed;NA;NA;NA;-15.15245;47.736150000000002;NA;38255;C1;NA
286;F89-04Anji;Anjiamangirana;adult;F;danfossi;3;danf;20,2;13,7;36,3;22,3;21,1;7,9;9,1;38,8;25,9;10,5;75;162;52;GO;NA;closed;NA;NA;NA;-15.153510000000001;47.73856;NA;38250;A3;NA
287;F92-04Anji;Anjiamangirana;adult;F;danfossi;3;danf;22,2;15,9;37,8;22,6;21;7,2;9,3;42,4;25,3;9,5;82;171;53;GO;NA;closed;NA;NA;NA;-15.156230000000001;47.726869999999998;NA;38252;A1;NA
288;M04-16Anji;Anjiamangirana;adult;M;danfossi;3;danf;21,3;14,5;#NV;20,5;20,9;7,5;7,8;42,8;24,5;8,5;#NV;157;58;AMR;enlarged;NA;NA;NA;NA;-15.163069999999999;47.736280000000001;127;42631;D;NA
289;F07 16Anji;Anjiamangirana;adult;F;danfossi;3;danf;20,7;14,8;37;21;21;6,3;7;40,2;23,5;8,8;#NV;158;64;AMR;NA;open;NA;NA;NA;-15.15573;47.73556;133;42630;3;NA
290;87-04;Anjiamangirana;adult;M;danfossi;3;danf;21,7;14,7;37,2;23,1;22,1;8,1;9,3;42,1;26;9,8;92;164;64;GO;enlarged;NA;NA;no_age_initially_given_in_raw_data;NA;-15.155559999999999;47.735840000000003;NA;38248;NA;no
291;M87-04Anji;Anjiamangirana;adult;M;danfossi;3;danf;21,7;14,7;37,2;23,1;22,1;8,1;9,3;42,1;26;9,8;92;164;64;GO;enlarged;NA;NA;NA;NA;-15.152670000000001;47.735239999999997;NA;38248;C3;NA
292;F22-16Anji;Anjiamangirana;adult;F;danfossi;3;danf;21;14,5;38;22;22,5;#NV;7,5;42;24;9;#NV;161;65;AMR;NA;closed;NA;NA;NA;-15.155559999999999;47.735840000000003;134;42642;CA;NA
293;F08-16Anji;Anjiamangirana;adult;F;danfossi;3;danf;22;15;37,8;22,5;20,9;6,3;8;40;24;9;#NV;155;65;AMR;NA;closed_recently;NA;NA;NA;-15.155333000000001;47.734667000000002;115;42630;4;NA
294;F09-16Anji;Anjiamangirana;adult;F;danfossi;3;danf;22;14,5;38,5;21,3;22;6,8;7,5;41;23,5;8,5;#NV;160;65;AMR;NA;closed;NA;NA;NA;-15.16333;47.736220000000003;130;42631;A1;NA
295;F11-16Anji;Anjiamangirana;adult;F;danfossi;3;danf;20,5;16;37,5;21,5;22;7;7,8;41,8;22,3;8,3;#NV;148;67;AMR;NA;closed_recently;NA;NA;NA;-15.16535;47.735430000000001;134;42631;A3;RADSEQ
296;90-04;Anjiamangirana;adult;F;danfossi;3;danf;24;15,3;40,2;22,5;23,1;7;9,4;40,6;25,5;#NV;90;173;67;GO;NA;open;NA;no_age_initially_given_in_raw_data;NA;-15.155559999999999;47.735840000000003;NA;38251;NA;no
297;F90-04Anji;Anjiamangirana;adult;F;danfossi;3;danf;24;15,3;40,2;22,5;23,1;7;9,4;40,6;25,5;#NV;90;173;67;GO;NA;open;NA;NA;NA;-15.15143;47.735900000000001;NA;38251;A2;RADSEQ
298;F02-16Anji;Anjiamangirana;adult;F;danfossi;3;danf;21,3;15,3;37,5;22,5;21,5;7,3;6,3;42,3;24,3;9,8;#NV;151;70;AMR;NA;open;NA;NA;NA;-15.15573;47.73556;133;42628;B;NA
299;M05-16Anji;Anjiamangirana;adult;M;danfossi;3;danf;21,3;13,8;37,8;22;21,8;7;8,2;43;24,5;8,3;#NV;155;70;AMR;enlarged;NA;NA;NA;NA;-15.16305;47.736229999999999;126;42631;1;NA
300;F19-16Anji;Anjiamangirana;adult;F;danfossi;3;danf;19;14;38;21,3;21;7;7,7;41,5;23,8;9;#NV;151;72;AMR;NA;closed_recently;NA;NA;NA;-15.167111;47.735083000000003;139;42633;C3;NA
301;F01-16Anji;Anjiamangirana;adult;F;danfossi;3;danf;23;14,8;40;23,5;22,5;7,3;9,3;42,5;24;9,5;#NV;165;74;AMR;NA;open;NA;NA;NA;-15.155559999999999;47.735840000000003;133;42628;A;NA
302;F94-04Anji;Anjiamangirana;adult;F;danfossi;3;danf;22,1;14,5;36,5;23,2;22,6;7,3;9,7;41,7;25;9,2;93;172;75;GO;NA;closed;NA;NA;NA;-15.152010000000001;47.735250000000001;NA;38259;B1;NA
303;F05-16Anji;Anjiamangirana;adult;F;danfossi;3;danf;22;15,5;39;24,3;23;8;8,5;44,2;25;10;#NV;#NV;80;AMR;NA;closed_recently;NA;NA;NA;-15.15541;47.736870000000003;116;42628;1;RADSEQ
304;F03-16Anji;Anjiamangirana;adult;F;danfossi;3;danf;24;15,7;39,9;23,3;23,5;8,3;9;45,3;26;10,5;#NV;165;80;AMR;NA;closed_recently;NA;NA;NA;-15.15541;47.736870000000003;121;42628;C;NA
305;M22-16Anji;Anjiamangirana;adult;M;danfossi;3;danf;22;16;#NV;20;21,5;6;7;42;24;9,3;#NV;162;62;AMR;enlarged;NA;NA;NA;NA;-15.155379999999999;47.736229999999999;131;42663;NA;RADSEQ
306;M15-16Anji;Anjiamangirana;adult;M;danfossi;3;danf;21,5;15,8;37;22,5;22,8;7;7,8;41;23;8,8;#NV;164;67;AMR;enlarged;NA;NA;NA;NA;-15.154249999999999;47.734810000000003;126;43747;B3;NA
307;M13-16Anji;Anjiamangirana;adult;M;danfossi;3;danf;22;16,5;38,3;23,5;22;6,3;7;43;23,8;10;#NV;153;70;AMR;enlarged;NA;NA;NA;NA;-15.168944;47.734971999999999;150;42648;B1;NA
308;M10-16Anji;Anjiamangirana;adult;M;danfossi;3;danf;22,5;16;37,3;20,5;22,5;6;7;40,5;23;8,5;#NV;167;70;AMR;enlarged;NA;NA;NA;NA;-15.154870000000001;47.742330000000003;109;42648;A2;NA
309;M12-16Anji;Anjiamangirana;adult;M;danfossi;3;danf;24,5;17;36,8;21,3;22,3;7;7;41,5;24,3;9,5;#NV;160;71;AMR;enlarged;NA;NA;NA;NA;-15.15056;47.735639999999997;152;42648;A4;NA
310;M16-16Anji;Anjiamangirana;adult;M;danfossi;3;danf;20;15;37,3;21;22,5;7;7;41,5;23,5;8,3;#NV;156;72;AMR;enlarged;NA;NA;NA;NA;-15.154249999999999;47.734810000000003;126;42652;B4;NA
311;M17-16Anji;Anjiamangirana;adult;M;danfossi;3;danf;21,5;14,8;37;22;23;7;7,5;42;24;9,8;#NV;173;72;AMR;enlarged;NA;NA;NA;NA;-15.15293;47.733890000000002;127;42652;C1;NA
312;M09-16Anji;Anjiamangirana;adult;M;danfossi;3;danf;22,5;15,8;37,8;21,8;23;6,3;7;43;24;9;#NV;158;72;AMR;enlarged;NA;NA;NA;NA;-15.16461;47.736330000000002;135;42648;A1;NA
313;M11-16Anji;Anjiamangirana;adult;M;danfossi;3;danf;22;15,3;35,5;21,3;22,8;6,8;6,3;40,8;23;8,8;#NV;153;73;AMR;enlarged;NA;NA;NA;NA;-15.15056;47.735639999999997;152;42648;A3;NA
314;M02-08Befa;Befandriana_Nord;adult;M;danfossi;3;danf;24,8;15,5;38,2;22,4;22,9;7,5;8,3;41,6;24;8,1;90;169;80;BSR;enlarged;NA;NA;NA;NA;-15.068138888888889;48.56977777777778;NA;39760;1;RADSEQ
324;F84-04injo;Mahatsinjo;adult;F;danfossi;3;danf;20,9;13,9;37;22,3;20,5;6,4;8,4;40,5;26,6;10,7;85;155;51;GO;NA;closed;NA;NA;NA;-14.79011;47.788550000000001;NA;38234;B2;NA
325;86-04;Mahatsinjo;adult;F;danfossi;3;danf;23,5;16,4;36,1;22,9;22,1;8,4;10,1;41,5;25,2;10,9;90;160;61;GO;NA;closed;NA;no_age_initially_given_in_raw_data;NA;-14.79011;47.788550000000001;NA;38240;NA;no
326;F86-04injo;Mahatsinjo;adult;F;danfossi;3;danf;23,5;16,4;36,1;22,9;22,1;8,4;10,1;41,5;25,2;10,9;90;160;61;GO;NA;closed;NA;NA;NA;-14.790380000000001;47.788319999999999;NA;38240;A3;NA
327;F85-04injo;Mahatsinjo;adult;F;danfossi;3;danf;21,4;14,1;38,2;23,1;23;7,5;#NV;46;26,5;9,6;97;170;72;GO;NA;swollen;NA;NA;NA;-14.78417;47.781959999999998;NA;38238;C1;NA
328;M83-04injo;Mahatsinjo;adult;M;danfossi;3;danf;22,5;16,4;38,3;22,9;23,1;8;#NV;43,7;25,7;11,8;95;153;72;GO;enlarged;NA;NA;NA;NA;-14.78613;47.78349;NA;38233;3C;RADSEQ
341;00-016A-8577;Mandena;adult;M;ganzhorni;8;ganz;#NV;#NV;#NV;#NV;#NV;#NV;#NV;#NV;#NV;#NV;#NV;132;59;JG;NA;NA;NA;NA;NA;-24.93;46.98;NA;36011;NA;RADSEQ
342;00-016A-875E;Mandena;adult;M;ganzhorni;8;ganz;#NV;#NV;#NV;#NV;#NV;#NV;#NV;#NV;#NV;#NV;#NV;136;64;JG;NA;NA;NA;NA;NA;-24.93;46.98;NA;32360;NA;RADSEQ
350;6CBEE56;Mandena M15a;adult;M;ganzhorni;8;ganz;21,6;18,2;34,8;21,6;#NV;#NV;#NV;#NV;#NV;#NV;#NV;130;45;TBSE;enlarged;NA;NA;NA;NA;-24.93;46.98;NA;41831;NA;NA
351;6CBE393;Mandena M15a;adult;F;ganzhorni;8;ganz;18,8;16,1;33,4;23;#NV;#NV;#NV;#NV;#NV;#NV;#NV;124;46;TBSE;NA;NA;NA;NA;NA;-24.93;46.98;NA;41830;NA;NA
352;6CBE171;Mandena M15a;adult;M;ganzhorni;8;ganz;20,5;16,5;34,1;22;#NV;#NV;#NV;#NV;#NV;#NV;#NV;126;51;TBSE;enlarged;NA;NA;NA;NA;-24.93;46.98;NA;41831;NA;NA
353;6CBE7C8;Mandena M15a;adult;M;ganzhorni;8;ganz;20,3;16,5;33,9;21,5;#NV;#NV;#NV;#NV;#NV;#NV;#NV;126;55;TBSE;enlarged;NA;NA;NA;NA;-24.93;46.98;NA;41831;NA;NA
354;6CBD45C;Mandena M15a;adult;M;ganzhorni;8;ganz;23,9;18,2;35,2;22,6;#NV;#NV;#NV;#NV;#NV;#NV;#NV;140;66;TBSE;enlarged;NA;NA;NA;NA;-24.93;46.98;NA;41830;NA;NA
355;74D8DC5;Mandena M15a;adult;M;ganzhorni;8;ganz;22,6;15,6;35,1;22,1;#NV;#NV;#NV;39,8;#NV;#NV;#NV;133;61;TBSE;enlarged;NA;NA;NA;NA;-24.93;46.98;NA;41556;NA;NA
356;74DE82A;Mandena M15a;adult;F;ganzhorni;8;ganz;23,4;16,8;35,2;22,4;#NV;#NV;#NV;39,4;#NV;#NV;#NV;128;64;TBSE;NA;NA;NA;NA;NA;-24.93;46.98;NA;41550;NA;NA
357;74C5C75;Mandena M15a;adult;F;ganzhorni;8;ganz;23,6;16;34,7;22,4;#NV;#NV;#NV;38,4;#NV;#NV;#NV;124;65;TBSE;NA;NA;NA;NA;NA;-24.93;46.98;NA;41550;NA;NA
358;74C8336;Mandena M15a;adult;F;ganzhorni;8;ganz;24;16,8;35,7;22,5;#NV;#NV;#NV;41,7;#NV;#NV;#NV;140;74;TBSE;NA;NA;NA;NA;NA;-24.93;46.98;NA;41556;NA;NA
359;74C94AE;Mandena M15a;adult;F;ganzhorni;8;ganz;23,2;16,2;34,9;23,1;#NV;#NV;#NV;39,4;#NV;#NV;#NV;132;76;TBSE;NA;NA;NA;NA;NA;-24.93;46.98;NA;41551;NA;NA
360;74DA53D;Mandena M15a;adult;F;ganzhorni;8;ganz;24;17,3;36,1;22,6;#NV;#NV;#NV;41;#NV;#NV;#NV;144;80;TBSE;NA;NA;NA;NA;NA;-24.93;46.98;NA;41550;NA;NA
361;6CBFB3C;Mandena M15a;adult;F;ganzhorni;8;ganz;22,5;16,8;34,2;22,8;#NV;#NV;#NV;37,6;#NV;#NV;#NV;126;#NV;TBSE;NA;closed;NA;NA;NA;-24.93;46.98;NA;41550;NA;NA
362;74F974B;Mandena M15a;adult;F;ganzhorni;8;ganz;25,2;15,7;35,8;23,5;#NV;#NV;#NV;42;#NV;#NV;#NV;138;#NV;TBSE;NA;closed;NA;NA;NA;-24.93;46.98;NA;41553;NA;NA
367;F53-18;Ambodisakoana;adult;F;gerpi;4;gerp;18,4;12;#NV;22,8;26,4;7,7;8,4;44,6;25,5;10,6;100;154;#NV;VSTR;NA;pregnant;104;littoral;NA;-19.475158999999898;48.912709;NA;15.12.2018;NA;NA
368;M05-18;Andobo;adult;M;gerpi;4;gerp;18,1;11,3;37,5;21,4;23,7;7,5;7,3;42,2;22,2;9,7;91;140;54;VSTR;NA;NA;NA;littoral;NA;-18.9035159999999;49.125807000000002;NA;18.08.2018;NA;NA
369;F09-18;Andobo;adult;F;gerpi;4;gerp;#NV;11,3;37;20,3;24,4;7,1;8;42,9;23,3;10,1;95;143;56;VSTR;NA;NA;NA;littoral;NA;-18.9035159999999;49.125807000000002;NA;23.08.2018;NA;NA
370;F04-18;Andobo;adult;F;gerpi;4;gerp;17,7;11,1;37,8;21;23,6;6,9;7,1;42,6;23,3;10,3;93;141;57;VSTR;NA;NA;NA;littoral;NA;-18.9035159999999;49.125807000000002;NA;17.08.2018;NA;NA
371;F03-18;Andobo;adult;F;gerpi;4;gerp;18;11,8;37,4;20,5;22,2;6,9;7,5;42,7;22,7;10,6;92;150;58;VSTR;NA;NA;NA;littoral;NA;-18.9035159999999;49.125807000000002;NA;16.08.2018;NA;NA
372;F08-18;Andobo;adult;F;gerpi;4;gerp;#NV;11,7;37,6;20,6;24,9;6,9;7,7;42,9;24,8;11,1;90;141;60;VSTR;NA;NA;NA;littoral;NA;-18.9035159999999;49.125807000000002;NA;21.08.2018;NA;NA
373;M11-18;Andobo;adult;M;gerpi;4;gerp;17,9;11,6;37,2;19,5;24,1;7;7,5;42,3;23,6;10;95;148;62;VSTR;NA;NA;NA;littoral;NA;-18.9035159999999;49.125807000000002;NA;26.08.2018;NA;NA
374;M10-18;Andobo;adult;M;gerpi;4;gerp;17,5;11,2;37,6;23,2;26,6;7,9;7,9;40,5;22,7;9,7;90;142;67;VSTR;NA;NA;NA;littoral;NA;-18.9035159999999;49.125807000000002;NA;23.08.2018;NA;NA
375;F06-18;Andobo;adult;F;gerpi;4;gerp;18,1;11,8;37,9;22,2;23,9;8,6;8,1;42,9;23,8;9,7;92;154;73;VSTR;NA;NA;NA;littoral;NA;-18.9035159999999;49.125807000000002;NA;18.08.2018;NA;NA
376;F07-18;Andobo;adult;F;gerpi;4;gerp;17,1;11,9;38,3;21,9;24,7;7,4;7,7;44,2;23,6;10,1;105;146;79;VSTR;NA;NA;NA;littoral;NA;-18.9035159999999;49.125807000000002;NA;20.08.2018;NA;NA
377;F01-18;Anjahamana_Est;adult;F;gerpi;4;gerp;18,4;12,8;37,5;23,1;24,7;8,2;7,2;41,1;25,3;10,5;84;136;56;VSTR;NA;NA;NA;montane;NA;-18.349333999999899;48.98265;NA;07.08.2018;NA;NA
378;M02-18;Anjahamana_Est;adult;M;gerpi;4;gerp;20,3;12,8;36,7;21,1;22,6;7,5;8,8;40,7;23,3;10,8;88;141;56;VSTR;NA;NA;NA;montane;NA;-18.349333999999899;48.98265;NA;09.08.2018;NA;NA
379;M40-18;Anjahamana_Est;adult;M;gerpi;4;gerp;18,3;11,6;36,9;22,3;24,6;6,6;8,2;40,5;23,1;10,7;84;130;67;VSTR;NA;NA;NA;montane;NA;-18.349333999999899;48.98265;NA;27.10.2018;NA;NA
380;M44-18;Anjahamana_Est;adult;M;gerpi;4;gerp;18,2;12,3;37;23,5;24,4;7;8,2;42,5;25,3;10,3;84;143;68;VSTR;NA;NA;NA;montane;NA;-18.349333999999899;48.98265;NA;31.10.2018;NA;NA
381;F42-18;Anjahamana_Est;adult;F;gerpi;4;gerp;18,8;12,2;37,8;23,8;24,5;8,3;8,1;42,1;24,5;10,8;90;150;73;VSTR;NA;NA;NA;montane;NA;-18.349333999999899;48.98265;NA;27.10.2018;NA;NA
382;F41-18;Anjahamana_Est;adult;F;gerpi;4;gerp;18,1;11,8;37,6;22,5;24,9;8,4;7,8;41,3;23,8;10,3;100;143;79;VSTR;NA;NA;NA;montane;NA;-18.349333999999899;48.98265;NA;27.10.2018;NA;NA
383;F48-18;Anjahamana_Est;adult;F;gerpi;4;gerp;18,2;11,6;38,1;22,3;25;8,1;7,5;43,4;25,5;10,8;94;150;80;VSTR;NA;NA;NA;montane;NA;-18.349333999999899;48.98265;NA;31.10.2018;NA;NA
384;F45-18;Anjahamana_Est;adult;F;gerpi;4;gerp;18,8;11,7;38,1;21,7;25;7,9;7,8;41,7;25,3;10,4;95;146;80;VSTR;NA;NA;NA;montane;NA;-18.349333999999899;48.98265;NA;31.10.2018;NA;NA
385;F43-18;Anjahamana_Est;adult;F;gerpi;4;gerp;18,1;11,4;36,8;22,6;24,9;7,5;7,7;41,3;23,6;10,3;90;146;81;VSTR;NA;NA;NA;montane;NA;-18.349333999999899;48.98265;NA;30.10.2018;NA;NA
386;M47-18;Anjahamana_Est;adult;M;gerpi;4;gerp;18,8;12;37,8;22,5;25,5;8,2;7,3;41,5;25;10,5;89;134;81;VSTR;NA;NA;NA;montane;NA;-18.349333999999899;48.98265;NA;31.10.2018;NA;NA
387;F46-18;Anjahamana_Est;adult;F;gerpi;4;gerp;18,2;11,5;38;22,5;25;7,8;7,7;40,8;24,9;10,4;87;136;#NV;VSTR;NA;pregnant;85;montane;NA;-18.349333999999899;48.98265;NA;31.10.2018;NA;NA
388;M49-18;Anjahamana_Est;adult;M;gerpi;4;gerp;19,5;11,6;36,9;23,9;25,3;7,7;7,2;41,6;25;10,6;85;145;76;VSTR;NA;NA;NA;montane;NA;-18.349333999999899;48.98265;NA;01.11.2018;NA;NA
390;M60-18;Antanambao;adult;M;gerpi;4;gerp;17,7;10,8;36,6;19,7;25;7,8;8,4;42;22,2;10,6;80;122;76;VSTR;NA;NA;NA;littoral;NA;-19.654782999999899;48.852581000000001;NA;20.12.2018;NA;NA
391;F56-18;Antanambao;adult;F;gerpi;4;gerp;19;11,3;#NV;21,4;26;7,5;7,7;41,4;24,2;10;100;141;#NV;VSTR;NA;pregnant;91;littoral;NA;-19.654782999999899;48.852581000000001;NA;19.12.2018;NA;NA
392;F61-18;Antanambao;adult;F;gerpi;4;gerp;18,3;12;37;20,5;25;8,2;7,7;41,9;24,7;#NV;100;136;#NV;VSTR;NA;pregnant;96;littoral;NA;-19.654782999999899;48.852581000000001;NA;20.12.2018;NA;NA
393;F62-18;Antanambao;adult;F;gerpi;4;gerp;17,6;11,8;37,6;20,8;24,8;8,5;8,2;40,8;22,5;10,1;95;134;#NV;VSTR;NA;pregnant;99;littoral;NA;-19.654782999999899;48.852581000000001;NA;21.12.2018;NA;NA
394;F59-18;Antanambao;adult;F;gerpi;4;gerp;19,8;12,1;37,9;22,3;25;8,3;7,7;41,3;23,3;10,4;100;146;#NV;VSTR;NA;pregnant;113;littoral;NA;-19.654782999999899;48.852581000000001;NA;19.12.2018;NA;NA
395;F57-18;Antanambao;adult;F;gerpi;4;gerp;18,8;11,3;37;20,9;25;8;8;41,9;24,3;10,5;100;135;#NV;VSTR;NA;pregnant;118;littoral;NA;-19.654782999999899;48.852581000000001;NA;19.12.2018;NA;NA
396;F58-18;Antanambao;adult;F;gerpi;4;gerp;18,7;12,2;37,6;22,3;25,2;8;7,7;42,6;23,6;10,9;100;147;#NV;VSTR;NA;pregnant;123;littoral;NA;-19.654782999999899;48.852581000000001;NA;19.12.2018;NA;NA
397;F01-09fina;Sahafina;adult;F;gerpi;4;gerp;19,2;11,6;35;19,3;21,9;7,9;6,9;37,8;21,8;8,3;75;145;47;GERP;NA;closed;NA;NA;NA;-18.809999999999999;48.98;NA;39973;NA;RADSEQ
398;M03-09fina;Sahafina;adult;M;gerpi;4;gerp;19,4;13,5;36,1;20,7;20,8;6,6;6,5;37,3;21,8;7,9;74;140;50;GERP;regressed;NA;NA;NA;NA;-18.809999999999999;48.98;NA;39973;NA;RADSEQ
399;M04-09fina;Sahafina;adult;M;gerpi;4;gerp;19,9;12,9;36,7;21,2;23,1;7,5;7,9;40;22,3;8,6;85;151;71;GERP;enlarged;NA;NA;NA;NA;-18.809999999999999;48.98;NA;39973;NA;NA
400;M02-09fina;Sahafina;adult;M;gerpi;4;gerp;20,1;11,2;35,3;20,7;23;7,6;7,4;40,1;22,8;8,9;85;153;77;GERP;enlarged;NA;NA;NA;NA;-18.809999999999999;48.98;NA;33033;NA;RADSEQ
401;M14-18;Sahafina;adult;M;gerpi;4;gerp;17,3;11,1;37;22;25,1;6,4;7;41,5;24,3;10,6;93;146;54;VSTR;NA;NA;NA;montane;NA;-18.809999999999999;48.98;NA;08.09.2018;NA;NA
402;M17-18;Sahafina;adult;M;gerpi;4;gerp;18,4;11,2;36,8;22,9;24,3;6,8;7,8;40,2;22,7;10,1;84;133;59;VSTR;NA;NA;NA;montane;NA;-18.809999999999999;48.98;NA;11.09.2018;NA;NA
403;M20-18;Sahafina;adult;M;gerpi;4;gerp;18,9;12,2;37,5;21,3;23,8;6,4;8;41,4;23,5;10,3;92;147;59;VSTR;NA;NA;NA;montane;NA;-18.809999999999999;48.98;NA;14.09.2018;NA;NA
404;F13-18;Sahafina;adult;F;gerpi;4;gerp;17,1;12,8;37;21,1;24,5;7,9;6,8;42,3;24,3;10,6;95;148;61;VSTR;NA;NA;NA;montane;NA;-18.809999999999999;48.98;NA;06.09.2018;NA;NA
405;M16-18;Sahafina;adult;M;gerpi;4;gerp;18,3;11;36;21,1;24,3;6,2;7,4;41,7;24,5;10,1;86;136;64;VSTR;NA;NA;NA;montane;NA;-18.809999999999999;48.98;NA;09.09.2018;NA;NA
406;F19-18;Sahafina;adult;F;gerpi;4;gerp;18,9;11;37,7;21,1;23,9;7,3;7,9;41,8;23,9;10,6;85;152;64;VSTR;NA;NA;NA;montane;NA;-18.809999999999999;48.98;NA;14.09.2018;NA;NA
407;M18-18;Sahafina;adult;M;gerpi;4;gerp;18,9;11,3;36,2;21,3;23,8;6,2;7,6;41,8;23,3;10,2;82;141;64;VSTR;NA;NA;NA;montane;NA;-18.809999999999999;48.98;NA;13.09.2018;NA;NA
408;F15-18;Sahafina;adult;F;gerpi;4;gerp;18,3;11,9;37,3;23,7;24,9;7,3;8,1;41,4;24,8;10,3;94;137;65;VSTR;NA;NA;NA;montane;NA;-18.809999999999999;48.98;NA;08.09.2018;NA;NA
409;F12-18;Sahafina;adult;F;gerpi;4;gerp;18,8;11,3;37;21,1;24,8;7;7,3;43,3;24,8;10;94;146;66;VSTR;NA;NA;NA;montane;NA;-18.809999999999999;48.98;NA;06.09.2018;NA;NA
410;F22-18;Sahafina;adult;F;gerpi;4;gerp;18,3;11,2;36,3;21,4;24,6;7;7,4;42,6;23,9;10,3;91;145;72;VSTR;NA;NA;NA;montane;NA;-18.809999999999999;48.98;NA;15.09.2018;NA;NA
411;F21-18;Sahafina;adult;F;gerpi;4;gerp;19,8;11,5;36,9;21,4;25,7;6,6;7,5;42,5;24,2;9,9;95;157;#NV;VSTR;NA;pregnant;101;montane;NA;-18.809999999999999;48.98;NA;14.09.2018;NA;NA
419;F10-08fina;Sahafina;adult;F;gerpi;4;gerp;17,4;10,9;36,7;20,2;24,5;8,7;7;39,6;#NV;10,7;93;148;71;GERP;NA;closed;NA;NA;NA;-18.809999999999999;48.98;NA;39801;3;NA
420;M09-08fina;Sahafina;adult;M;gerpi;4;gerp;18,4;9,5;36,1;20,3;21,8;9,7;6,1;41,4;22,4;11,1;90;141;71;GERP;enlarged;NA;NA;NA;NA;-18.809999999999999;48.98;NA;39800;3;RADSEQ
421;F02-08fina;Sahafina;adult;F;gerpi;4;gerp;20,3;11,5;#NV;21,4;23,6;8,5;7,3;41,8;23,6;9,6;87;155;#NV;GERP;NA;closed;NA;NA;NA;-18.809999999999999;48.98;NA;39797;C;NA
422;F37-18;Sahamamy;adult;F;gerpi;4;gerp;18,9;12,4;36;22,6;24;6,9;8;41;23,3;10,3;92;137;66;VSTR;NA;NA;NA;montane;NA;-18.564453999999898;48.979272999999999;NA;17.10.2018;NA;NA
423;M39-18;Sahamamy;adult;M;gerpi;4;gerp;19,2;12,5;37,5;21,5;24,2;7;8,1;40,9;24,2;10,4;84;138;66;VSTR;NA;NA;NA;montane;NA;-18.564453999999898;48.979272999999999;NA;18.10.2018;NA;NA
424;M36-18;Sahamamy;adult;M;gerpi;4;gerp;18,9;12,1;37,5;22,2;24,2;6,8;8,2;42,3;23,8;10,3;90;142;67;VSTR;NA;NA;NA;montane;NA;-18.564453999999898;48.979272999999999;NA;17.10.2018;NA;NA
425;M31-18;Sahamamy;adult;M;gerpi;4;gerp;19;11,6;37,6;21,2;24,4;6,5;7,8;42,1;22,3;10;96;140;75;VSTR;NA;NA;NA;montane;NA;-18.564453999999898;48.979272999999999;NA;12.10.2018;NA;NA
426;F35-18;Sahamamy;adult;F;gerpi;4;gerp;19,1;12,3;37,7;22,6;25,3;7,5;8,3;42,9;24;10,1;100;140;79;VSTR;NA;NA;NA;montane;NA;-18.564453999999898;48.979272999999999;NA;17.10.2018;NA;NA
427;F30-18;Sahamamy;adult;F;gerpi;4;gerp;19,4;11,6;37,9;22,2;24;7,6;8,6;43,3;25;10;93;148;82;VSTR;NA;NA;NA;montane;NA;-18.564453999999898;48.979272999999999;NA;12.10.2018;NA;NA
428;F32-18;Sahamamy;adult;F;gerpi;4;gerp;18,6;12,3;37,5;22,3;24,7;7;7,9;42,4;23,5;10,7;93;145;#NV;VSTR;NA;pregnant;91;montane;NA;-18.564453999999898;48.979272999999999;NA;12.10.2018;NA;NA
429;F34-18;Sahamamy;adult;F;gerpi;4;gerp;19,1;12,3;38;22,7;24,8;7;8,3;43,1;24;10,8;99;149;#NV;VSTR;NA;pregnant;97;montane;NA;-18.564453999999898;48.979272999999999;NA;14.10.2018;NA;NA
430;F33-18;Sahamamy;adult;F;gerpi;4;gerp;17,5;11,4;37,4;21,6;24,5;6,9;7,9;41,3;23,6;10,3;100;142;#NV;VSTR;NA;pregnant;100;montane;NA;-18.564453999999898;48.979272999999999;NA;13.10.2018;NA;NA
431;F38-18;Sahamamy;adult;F;gerpi;4;gerp;18,4;11,8;38,4;23,6;25,9;7,9;8,1;42,2;23,6;10,9;100;143;#NV;VSTR;NA;pregnant;115;montane;NA;-18.564453999999898;48.979272999999999;NA;18.10.2018;NA;NA
432;M28-18;Vohiposa;adult;M;gerpi;4;gerp;18,2;12,3;36,5;21,5;24,6;6;7,9;40,7;24,5;10,8;85;137;70;VSTR;NA;NA;NA;montane;NA;-18.753729999999901;48.956740000000003;NA;23.09.2018;NA;NA
433;M24-18;Vohiposa;adult;M;gerpi;4;gerp;19;11,3;36,4;21,6;23,9;6,6;7,8;41;23,9;9,5;90;137;70;VSTR;NA;NA;NA;montane;NA;-18.753729999999901;48.956740000000003;NA;19.09.2018;NA;NA
434;M29-18;Vohiposa;adult;M;gerpi;4;gerp;18,9;11,8;37;21,9;24,8;6,6;7,3;41,6;23,9;10,3;85;143;86;VSTR;NA;NA;NA;montane;NA;-18.753729999999901;48.956740000000003;NA;24.09.2018;NA;NA
435;F25-18;Vohiposa;adult;F;gerpi;4;gerp;18,2;11,2;37,5;21,4;23,9;7;7,4;43,8;24,9;10;100;152;#NV;VSTR;NA;pregnant;89;montane;NA;-18.753729999999901;48.956740000000003;NA;19.09.2018;NA;NA
436;F26-18;Vohiposa;adult;F;gerpi;4;gerp;18,9;11,4;36,9;22;24,1;8;7,4;44,3;25,6;10,4;95;146;#NV;VSTR;NA;pregnant;91;montane;NA;-18.753729999999901;48.956740000000003;NA;21.09.2018;NA;NA
437;F27-18;Vohiposa;adult;F;gerpi;4;gerp;18,5;12;37,7;22,5;25;7;8,1;41,2;25;10,8;87;142;#NV;VSTR;NA;pregnant;100;montane;NA;-18.753729999999901;48.956740000000003;NA;23.09.2018;NA;NA
438;F23-18;Vohiposa;adult;F;gerpi;4;gerp;19,1;11,2;37,6;21,6;25;7,4;8,8;42;24,1;10,7;96;152;#NV;VSTR;NA;pregnant;88;montane;NA;-18.753729999999901;48.956740000000003;NA;43453;NA;NA
631;0681-0F03;Beza_Mahafaly;adult;M;griseorufus;11;gris_Beza;23;#NV;29,9;20,1;#NV;#NV;#NV;36,5;#NV;8;85;140;39;ER;NA;NA;NA;NA;Spiny Forest;-23.681968999999999;44.598444000000001;NA;39302;NA;NA
632;0682-A0F8;Beza_Mahafaly;adult;M;griseorufus;11;gris_Beza;21,95;#NV;30,79;20,6;#NV;#NV;#NV;35,75;#NV;8;83;143;39,5;ER;NA;NA;NA;NA;Ihazoara;-23.681968999999999;44.598444000000001;NA;39307;NA;NA
633;067B-89A5;Beza_Mahafaly;adult;F;griseorufus;11;gris_Beza;21,75;#NV;33,9;20,9;#NV;#NV;#NV;33,25;#NV;8,25;90;139;40;ER;NA;NA;NA;NA;Ihazoara;-23.681968999999999;44.598444000000001;NA;39317;NA;NA
634;0682-9468;Beza_Mahafaly;adult;M;griseorufus;11;gris_Beza;23,7;#NV;29,7;20;#NV;#NV;#NV;36;#NV;8;86;144;40;ER;NA;NA;NA;NA;Spiny Forest;-23.681968999999999;44.598444000000001;NA;39305;NA;NA
635;067B-8D9D;Beza_Mahafaly;adult;M;griseorufus;11;gris_Beza;21,35;#NV;31;19,2;#NV;#NV;#NV;35;#NV;9,5;82;142;41;ER;NA;NA;NA;NA;Gallery Forest;-23.681968999999999;44.598444000000001;NA;39295;NA;NA
636;067B-A9D9;Beza_Mahafaly;adult;M;griseorufus;11;gris_Beza;22,24;#NV;30,1;22,71;#NV;#NV;#NV;37;#NV;8;89;148;41,5;ER;NA;NA;NA;NA;Spiny Forest;-23.681968999999999;44.598444000000001;NA;39321;NA;NA
637;067B-A155;Beza_Mahafaly;adult;M;griseorufus;11;gris_Beza;22,5;#NV;30;22,5;#NV;#NV;#NV;37;#NV;8,25;88;145;41,5;ER;NA;NA;NA;NA;Spiny Forest;-23.681968999999999;44.598444000000001;NA;39296;NA;NA
638;0682-B0DB;Beza_Mahafaly;adult;M;griseorufus;11;gris_Beza;21,7;#NV;30,7;21,5;#NV;#NV;#NV;36,35;#NV;8,25;87;147;42;ER;NA;NA;NA;NA;Ihazoara;-23.681968999999999;44.598444000000001;NA;39306;NA;NA
639;067B-7C73;Beza_Mahafaly;adult;M;griseorufus;11;gris_Beza;22,6;#NV;31,7;20,7;#NV;#NV;#NV;38;#NV;8,25;82;147;44;ER;NA;NA;NA;NA;Spiny Forest;-23.681968999999999;44.598444000000001;NA;39311;NA;NA
640;067B-997B;Beza_Mahafaly;adult;M;griseorufus;11;gris_Beza;21,5;#NV;32,5;19,6;#NV;#NV;#NV;35,75;#NV;9,5;87;143;45;ER;NA;NA;NA;NA;Gallery Forest;-23.681968999999999;44.598444000000001;NA;39310;NA;NA
641;067B-7C35;Beza_Mahafaly;adult;M;griseorufus;11;gris_Beza;22,2;#NV;30,5;23,9;#NV;#NV;#NV;36;#NV;8,5;97;143;45;ER;NA;NA;NA;NA;Ihazoara;-23.681968999999999;44.598444000000001;NA;39305;NA;NA
642;067B-8BE5;Beza_Mahafaly;adult;M;griseorufus;11;gris_Beza;21,15;#NV;32,9;20,5;#NV;#NV;#NV;36;#NV;9,5;83;143;45,5;ER;NA;NA;NA;NA;Gallery Forest;-23.681968999999999;44.598444000000001;NA;39320;NA;NA
643;0682-9F0D;Beza_Mahafaly;adult;F;griseorufus;11;gris_Beza;22,5;#NV;31,1;21,4;#NV;#NV;#NV;36;#NV;8,25;84;141,5;46;ER;NA;NA;NA;NA;Spiny Forest;-23.681968999999999;44.598444000000001;NA;39305;NA;NA
644;067B-8358;Beza_Mahafaly;adult;M;griseorufus;11;gris_Beza;22,6;#NV;31,9;22;#NV;#NV;#NV;38;#NV;8,5;85;139,5;49,5;ER;NA;NA;NA;NA;Spiny Forest;-23.681968999999999;44.598444000000001;NA;39321;NA;NA
645;0682-B244;Beza_Mahafaly;adult;M;griseorufus;11;gris_Beza;23,7;#NV;32;20,5;#NV;#NV;#NV;39;#NV;9,5;#NV;145;49,5;ER;NA;NA;NA;NA;Gallery Forest;-23.681968999999999;44.598444000000001;NA;39297;NA;NA
646;0682-A566;Beza_Mahafaly;adult;M;griseorufus;11;gris_Beza;22,56;#NV;31,9;22,3;#NV;#NV;#NV;38;#NV;8,25;93;142;50;ER;NA;NA;NA;NA;Spiny Forest;-23.681968999999999;44.598444000000001;NA;39302;NA;NA
647;067B-9A8B;Beza_Mahafaly;adult;M;griseorufus;11;gris_Beza;20,6;#NV;32,5;23,8;#NV;#NV;#NV;36,25;#NV;8,5;101;147;52,5;ER;NA;NA;NA;NA;Ihazoara;-23.681968999999999;44.598444000000001;NA;39314;NA;NA
648;067B-85A3;Beza_Mahafaly;adult;M;griseorufus;11;gris_Beza;22;#NV;33,3;22;#NV;#NV;#NV;38;#NV;9,75;94;154;53;ER;NA;NA;NA;NA;Gallery Forest;-23.681968999999999;44.598444000000001;NA;39297;NA;NA
649;067B-8437;Beza_Mahafaly;adult;F;griseorufus;11;gris_Beza;20;#NV;34,4;20;#NV;#NV;#NV;38;#NV;9,25;94;158;56,5;ER;NA;NA;NA;NA;Gallery Forest;-23.681968999999999;44.598444000000001;NA;39311;NA;NA
650;067B-9013;Beza_Mahafaly;adult;M;griseorufus;11;gris_Beza;22,68;#NV;33,1;21,7;#NV;#NV;#NV;36,25;#NV;8,75;103;149;57,5;ER;NA;NA;NA;NA;Ihazoara;-23.681968999999999;44.598444000000001;NA;39316;NA;NA
651;067B-973F;Beza_Mahafaly;adult;F;griseorufus;11;gris_Beza;22,4;#NV;31,9;23,7;#NV;#NV;#NV;35;#NV;8;87;140;45;ER;NA;NA;NA;NA;Spiny Forest;-23.681968999999999;44.598444000000001;NA;39328;NA;NA
652;067B-979E;Beza_Mahafaly;adult;F;griseorufus;11;gris_Beza;22,4;#NV;31,5;22;#NV;#NV;#NV;37;#NV;8,25;91;141;47;ER;NA;NA;NA;NA;Spiny Forest;-23.681968999999999;44.598444000000001;NA;39327;NA;NA
653;0679-A31D;Beza_Mahafaly;adult;F;griseorufus;11;gris_Beza;21,5;#NV;34;20,1;#NV;#NV;#NV;37,75;#NV;9;84;139;47,5;ER;NA;NA;NA;NA;Gallery Forest;-23.681968999999999;44.598444000000001;NA;39336;NA;NA
654;067B-9522;Beza_Mahafaly;adult;M;griseorufus;11;gris_Beza;22,25;#NV;32,9;21,1;#NV;#NV;#NV;39;#NV;9,75;84;147;52;ER;NA;NA;NA;NA;Gallery Forest;-23.681968999999999;44.598444000000001;NA;39328;NA;NA
655;067B-9D23;Beza_Mahafaly;adult;M;griseorufus;11;gris_Beza;22,6;#NV;33,6;21;#NV;#NV;#NV;39;#NV;9,75;95;149;55;ER;NA;NA;NA;NA;Gallery Forest;-23.681968999999999;44.598444000000001;NA;39331;NA;NA
656;067B-9C2C;Beza_Mahafaly;adult;F;griseorufus;11;gris_Beza;20;#NV;35;20,1;#NV;#NV;#NV;38;#NV;9,25;90;158;56;ER;NA;NA;NA;NA;Gallery Forest;-23.681968999999999;44.598444000000001;NA;39334;NA;NA
657;067B-82DB;Beza_Mahafaly;adult;F;griseorufus;11;gris_Beza;21,84;#NV;33;23,11;#NV;#NV;#NV;37,5;#NV;9;95;141;56,5;ER;NA;NA;NA;NA;Ihazoara;-23.681968999999999;44.598444000000001;NA;39338;NA;NA
660;0659-D356;Beza_Mahafaly;adult;F;griseorufus;11;gris_Beza;21,2;#NV;32,6;19,5;#NV;#NV;#NV;38,75;#NV;8,25;90;132,5;38;ER;NA;NA;NA;NA;Gallery Forest;-23.681968999999999;44.598444000000001;NA;39010;NA;NA
661;0659-FE7B;Beza_Mahafaly;adult;F;griseorufus;11;gris_Beza;22;#NV;29,9;21,2;#NV;#NV;#NV;45;#NV;8;100;137,5;39,5;ER;NA;NA;NA;NA;Spiny Forest;-23.681968999999999;44.598444000000001;NA;39010;NA;NA
662;0658-57EA;Beza_Mahafaly;adult;M;griseorufus;11;gris_Beza;22,31;#NV;32,8;19;#NV;#NV;#NV;38,5;#NV;9,75;87;141;40;ER;NA;NA;NA;NA;Gallery Forest;-23.681968999999999;44.598444000000001;NA;39012;NA;NA
663;065A-2927;Beza_Mahafaly;adult;F;griseorufus;11;gris_Beza;22,2;#NV;29,5;19,9;#NV;#NV;#NV;38;#NV;7,5;90;130;40,5;ER;NA;NA;NA;NA;Spiny Forest;-23.681968999999999;44.598444000000001;NA;39006;NA;NA
664;0659-BCC9;Beza_Mahafaly;adult;F;griseorufus;11;gris_Beza;21,8;#NV;30;20;#NV;#NV;#NV;34;#NV;8,25;82;138;42;ER;NA;NA;NA;NA;Spiny Forest;-23.681968999999999;44.598444000000001;NA;39007;NA;NA
665;0659-A5A6;Beza_Mahafaly;adult;M;griseorufus;11;gris_Beza;23;#NV;32,4;19,9;#NV;#NV;#NV;38;#NV;9;95;141;43;ER;NA;NA;NA;NA;Gallery Forest;-23.681968999999999;44.598444000000001;NA;39001;NA;NA
666;0659-A046;Beza_Mahafaly;adult;F;griseorufus;11;gris_Beza;21,8;#NV;30,2;23,1;#NV;#NV;#NV;34,25;#NV;8;83;139;44;ER;NA;NA;NA;NA;Spiny Forest;-23.681968999999999;44.598444000000001;NA;39013;NA;NA
667;0659-ACE3;Beza_Mahafaly;adult;M;griseorufus;11;gris_Beza;22,3;#NV;30,2;24;#NV;#NV;#NV;36,25;#NV;8,5;96;147;45;ER;NA;NA;NA;NA;Ihazoara;-23.681968999999999;44.598444000000001;NA;39010;NA;NA
668;0659-DA1E;Beza_Mahafaly;adult;M;griseorufus;11;gris_Beza;21,5;#NV;32,5;20;#NV;#NV;#NV;36,5;#NV;9;83;142;46;ER;NA;NA;NA;NA;Gallery Forest;-23.681968999999999;44.598444000000001;NA;39010;NA;NA
669;065A-0C04;Beza_Mahafaly;adult;F;griseorufus;11;gris_Beza;21,8;#NV;30,2;22,1;#NV;#NV;#NV;38;#NV;8,5;87;140;46,5;ER;NA;NA;NA;NA;Spiny Forest;-23.681968999999999;44.598444000000001;NA;39010;NA;NA
670;0659-DF6F;Beza_Mahafaly;adult;M;griseorufus;11;gris_Beza;19,75;#NV;30,2;23,2;#NV;#NV;#NV;34,5;#NV;8,5;87;147;47;ER;NA;NA;NA;NA;Ihazoara;-23.681968999999999;44.598444000000001;NA;39011;NA;NA
671;0659-2687;Beza_Mahafaly;adult;F;griseorufus;11;gris_Beza;21,5;#NV;34;20,3;#NV;#NV;#NV;37,75;#NV;8,75;89;136;47;ER;NA;NA;NA;NA;Gallery Forest;-23.681968999999999;44.598444000000001;NA;39006;NA;NA
672;0658-5DF4;Beza_Mahafaly;adult;M;griseorufus;11;gris_Beza;20;#NV;30,4;23,8;#NV;#NV;#NV;35;#NV;8,5;89;145;48;ER;NA;NA;NA;NA;Ihazoara;-23.681968999999999;44.598444000000001;NA;39010;NA;NA
673;0659-9FC3;Beza_Mahafaly;adult;M;griseorufus;11;gris_Beza;21,45;#NV;32,1;20;#NV;#NV;#NV;34,5;#NV;9,5;87;144;48;ER;NA;NA;NA;NA;Gallery Forest;-23.681968999999999;44.598444000000001;NA;39004;NA;NA
674;0659-F697;Beza_Mahafaly;adult;F;griseorufus;11;gris_Beza;21,5;#NV;34;20,1;#NV;#NV;#NV;35;#NV;8,75;90;138;48;ER;NA;NA;NA;NA;Gallery Forest;-23.681968999999999;44.598444000000001;NA;39011;NA;NA
675;065A-17A9;Beza_Mahafaly;adult;F;griseorufus;11;gris_Beza;22,4;#NV;30,7;22,7;#NV;#NV;#NV;38;#NV;8,5;95;139;48;ER;NA;NA;NA;NA;Spiny Forest;-23.681968999999999;44.598444000000001;NA;39019;NA;NA
676;0659-A10B;Beza_Mahafaly;adult;F;griseorufus;11;gris_Beza;22,5;#NV;30,9;22,6;#NV;#NV;#NV;39;#NV;8,5;90;139,5;48;ER;NA;NA;NA;NA;Spiny Forest;-23.681968999999999;44.598444000000001;NA;39004;NA;NA
677;065A-18AB;Beza_Mahafaly;adult;M;griseorufus;11;gris_Beza;22,5;#NV;30,7;21,75;#NV;#NV;#NV;38;#NV;8,5;90;140;48;ER;NA;NA;NA;NA;Spiny Forest;-23.681968999999999;44.598444000000001;NA;39007;NA;NA
678;063B-F118;Beza_Mahafaly;adult;F;griseorufus;11;gris_Beza;22,5;#NV;31;22;#NV;#NV;#NV;38;#NV;8,5;90;140;49;ER;NA;NA;NA;NA;Spiny Forest;-23.681968999999999;44.598444000000001;NA;39018;NA;NA
679;0659-AE95;Beza_Mahafaly;adult;F;griseorufus;11;gris_Beza;20;#NV;34,3;22,4;#NV;#NV;#NV;37;#NV;9;107;145;50;ER;NA;NA;NA;NA;Gallery Forest;-23.681968999999999;44.598444000000001;NA;39013;NA;NA
680;0652-B71E;Beza_Mahafaly;adult;F;griseorufus;11;gris_Beza;20,7;#NV;34,1;22,2;#NV;#NV;#NV;37,75;#NV;8,75;85;154;51;ER;NA;NA;NA;NA;Gallery Forest;-23.681968999999999;44.598444000000001;NA;39009;NA;NA
681;0659-C0B9;Beza_Mahafaly;adult;F;griseorufus;11;gris_Beza;22,2;#NV;34,5;23,2;#NV;#NV;#NV;38,75;#NV;9,25;109;156;53;ER;NA;NA;NA;NA;Gallery Forest;-23.681968999999999;44.598444000000001;NA;39008;NA;NA
682;065A-0E6B;Beza_Mahafaly;adult;F;griseorufus;11;gris_Beza;23,4;#NV;32,3;21,55;#NV;#NV;#NV;37,5;#NV;9;95;145;53;ER;NA;NA;NA;NA;Ihazoara;-23.681968999999999;44.598444000000001;NA;39013;NA;NA
683;063C-09A1;Beza_Mahafaly;adult;M;griseorufus;11;gris_Beza;22,4;#NV;33,2;22,7;#NV;#NV;#NV;38,25;#NV;9,75;93;151;54;ER;NA;NA;NA;NA;Gallery Forest;-23.681968999999999;44.598444000000001;NA;39000;NA;NA
684;0659-DC21;Beza_Mahafaly;adult;F;griseorufus;11;gris_Beza;22,1;#NV;30,3;23,5;#NV;#NV;#NV;35,5;#NV;8,25;87;138;45;ER;NA;NA;NA;NA;Spiny Forest;-23.681968999999999;44.598444000000001;NA;39404;NA;NA
685;065A-2E28;Beza_Mahafaly;adult;M;griseorufus;11;gris_Beza;23,05;#NV;31,6;20,4;#NV;#NV;#NV;38,5;#NV;8,5;97;142;45;ER;NA;NA;NA;NA;Spiny Forest;-23.681968999999999;44.598444000000001;NA;39038;NA;NA
686;0659-B7F2;Beza_Mahafaly;adult;F;griseorufus;11;gris_Beza;22,12;#NV;32,3;22,5;#NV;#NV;#NV;37;#NV;9;93;145;54,5;ER;NA;NA;NA;NA;Spiny Forest;-23.681968999999999;44.598444000000001;NA;39042;NA;NA
688;0659-5ED4;Beza_Mahafaly;adult;M;griseorufus;11;gris_Beza;21,8;#NV;30,5;21,4;#NV;#NV;#NV;36;#NV;8;90;148;42;ER;NA;NA;NA;NA;Ihazoara;-23.681968999999999;44.598444000000001;NA;39062;NA;NA
689;0652-C187;Beza_Mahafaly;adult;M;griseorufus;11;gris_Beza;21,5;#NV;32;20,3;#NV;#NV;#NV;36,5;#NV;9,5;83;142;44;ER;NA;NA;NA;NA;Gallery Forest;-23.681968999999999;44.598444000000001;NA;39071;NA;NA
690;0658-566B;Beza_Mahafaly;adult;M;griseorufus;11;gris_Beza;24,75;#NV;33,8;22,9;#NV;#NV;#NV;40;#NV;9;108;152;63;ER;NA;NA;NA;NA;Spiny Forest;-23.681968999999999;44.598444000000001;NA;39064;NA;NA
691;0659-DEF1;Beza_Mahafaly;adult;F;griseorufus;11;gris_Beza;20,5;#NV;36,2;22,3;#NV;#NV;#NV;36;#NV;9,75;110;158;78;ER;NA;NA;NA;NA;Gallery Forest;-23.681968999999999;44.598444000000001;NA;39056;NA;NA
692;0659-D0EF;Beza_Mahafaly;adult;F;griseorufus;11;gris_Beza;20,7;#NV;36,7;24,9;#NV;#NV;#NV;37,5;#NV;10;110;160;89;ER;NA;NA;NA;NA;Gallery Forest;-23.681968999999999;44.598444000000001;NA;39053;NA;NA
727;SSF27;Kianjavato;adult;F;jollyae;4;joll;#NV;#NV;#NV;#NV;#NV;#NV;8,3;#NV;#NV;#NV;81,94;137,17;50;NKG;NA;closed;NA;NA;NA;-21.353083000000002;47.829216000000002;NA;43287;NA;NA
728;SSM16;Kianjavato;adult;M;jollyae;4;joll;#NV;#NV;#NV;#NV;#NV;#NV;9,32;#NV;#NV;#NV;83,64;139,64;54;NKG;enlarged;N/A;NA;NA;NA;-21.353083000000002;47.829216000000002;NA;43285;NA;NA
729;SSM15;Kianjavato;adult;M;jollyae;4;joll;#NV;#NV;#NV;#NV;#NV;#NV;9,69;#NV;#NV;#NV;80,66;141,93;56;NKG;enlarged;N/A;NA;NA;NA;-21.353083000000002;47.829216000000002;NA;43283;NA;NA
730;SSM17;Kianjavato;adult;M;jollyae;4;joll;#NV;#NV;#NV;#NV;#NV;#NV;12,31;#NV;#NV;#NV;83,66;127,8;59;NKG;enlarged;N/A;NA;NA;NA;-21.353083000000002;47.829216000000002;NA;43292;NA;NA
731;SSM14;Kianjavato;adult;M;jollyae;4;joll;#NV;#NV;#NV;#NV;#NV;#NV;7,63;#NV;#NV;#NV;82,51;136,19;63;NKG;enlarged;N/A;NA;NA;NA;-21.353083000000002;47.829216000000002;NA;43283;NA;NA
732;SSF26;Kianjavato;adult;F;jollyae;4;joll;#NV;#NV;#NV;#NV;#NV;#NV;9,56;#NV;#NV;#NV;96,65;127,14;80;NKG;NA;closed;NA;NA;NA;-21.353083000000002;47.829216000000002;NA;43283;NA;NA
733;SSF31;Kianjavato;adult;F;jollyae;4;joll;#NV;#NV;#NV;#NV;#NV;#NV;10,6;#NV;#NV;#NV;79,5;139,51;55;NKG;NA;open;NA;NA;NA;-21.353083000000002;47.829216000000002;NA;43332;NA;NA
734;SSM24;Kianjavato;adult;M;jollyae;4;joll;#NV;#NV;#NV;#NV;#NV;#NV;9,27;#NV;#NV;#NV;83,72;125,66;58;NKG;enlarged;N/A;NA;NA;NA;-21.353083000000002;47.829216000000002;NA;43334;NA;NA
735;SSF33;Kianjavato;adult;F;jollyae;4;joll;#NV;#NV;#NV;#NV;#NV;#NV;10,27;#NV;#NV;#NV;87,22;133,73;59;NKG;NA;open;NA;NA;NA;-21.353083000000002;47.829216000000002;NA;43336;NA;NA
736;SSM23;Kianjavato;adult;M;jollyae;4;joll;#NV;#NV;#NV;#NV;#NV;#NV;9,42;#NV;#NV;#NV;70,79;131,36;60;NKG;enlarged;N/A;NA;NA;NA;-21.353083000000002;47.829216000000002;NA;43334;NA;NA
737;SSF29;Kianjavato;adult;F;jollyae;4;joll;#NV;#NV;#NV;#NV;#NV;#NV;10,52;#NV;#NV;#NV;86,84;137,52;60;NKG;NA;closed;NA;NA;NA;-21.353083000000002;47.829216000000002;NA;43320;NA;NA
738;SSM20;Kianjavato;adult;M;jollyae;4;joll;#NV;#NV;#NV;#NV;#NV;#NV;12,73;#NV;#NV;#NV;76,62;125,63;62;NKG;enlarged;N/A;NA;NA;NA;-21.353083000000002;47.829216000000002;NA;43320;NA;NA
739;SSM21;Kianjavato;adult;M;jollyae;4;joll;#NV;#NV;#NV;#NV;#NV;#NV;10,49;#NV;#NV;#NV;72,21;126,94;62;NKG;enlarged;N/A;NA;NA;NA;-21.353083000000002;47.829216000000002;NA;43332;NA;NA
740;SSM19;Kianjavato;adult;M;jollyae;4;joll;#NV;#NV;#NV;#NV;#NV;#NV;14,6;#NV;#NV;#NV;68,64;115,67;64;NKG;enlarged;N/A;NA;NA;NA;-21.353083000000002;47.829216000000002;NA;43318;NA;NA
741;SSF28;Kianjavato;adult;F;jollyae;4;joll;#NV;#NV;#NV;#NV;#NV;#NV;12,23;#NV;#NV;#NV;71,54;128,49;64;NKG;NA;closed;NA;NA;NA;-21.353083000000002;47.829216000000002;NA;43320;NA;NA
742;SSM25;Kianjavato;adult;M;jollyae;4;joll;#NV;#NV;#NV;#NV;#NV;#NV;11,56;#NV;#NV;#NV;85,99;136,24;67;NKG;enlarged;N/A;NA;NA;NA;-21.353083000000002;47.829216000000002;NA;43341;NA;NA
743;SSM18;Kianjavato;adult;M;jollyae;4;joll;#NV;#NV;#NV;#NV;#NV;#NV;9,99;#NV;#NV;#NV;84,89;104,83;70;NKG;enlarged;N/A;NA;NA;NA;-21.353083000000002;47.829216000000002;NA;43315;NA;NA
744;SSM22;Kianjavato;adult;M;jollyae;4;joll;#NV;#NV;#NV;#NV;#NV;#NV;9,42;#NV;#NV;#NV;80,93;142,97;70;NKG;enlarged;N/A;NA;NA;NA;-21.353083000000002;47.829216000000002;NA;43332;NA;NA
745;SSF32;Kianjavato;adult;F;jollyae;4;joll;#NV;#NV;#NV;#NV;#NV;#NV;11;#NV;#NV;#NV;79,41;130,49;71;NKG;NA;closed;NA;NA;NA;-21.353083000000002;47.829216000000002;NA;43332;NA;NA
746;SSF30;Kianjavato;adult;F;jollyae;4;joll;#NV;#NV;#NV;#NV;#NV;#NV;16,28;#NV;#NV;#NV;83,71;140,1;82;NKG;NA;closed;NA;NA;NA;-21.353083000000002;47.829216000000002;NA;43322;NA;NA
747;SSF35;Kianjavato;adult;F;jollyae;4;joll;#NV;#NV;#NV;#NV;#NV;#NV;9,47;#NV;#NV;#NV;87,04;128,36;71;NKG;NA;closed;NA;NA;NA;-21.353083000000002;47.829216000000002;NA;43413;NA;NA
748;B-MM-B24;Ambavala;adult;M;jonahi;9;jona;15,3;11,5;35,8;21,3;23,7;7,6;9;37,4;20,8;9,9;92,6;135;62;DS;enlarged;NA;NA;caught in clearing with secondary trees, dorsal stripe, yellowish to white belly and ventral neck,1-2g feces in trap;NA;-16.194925000000001;49.597845999999997;282;42991;B24;RADSEQ
749;B-MM-B13;Ambavala;adult;M;jonahi;9;jona;18;11,8;36,8;20;24,9;7;10,3;39,3;21,5;8,4;94;138;63;DS;enlarged;NA;NA;caught in CoBa, dorsal stripe, yellowish to white belly, fur around head looked bit gray, maybe old individual;NA;-16.202280999999999;49.588577999999998;320;42989;B13;RADSEQ
750;B-MF-BC1;Ambavala;adult;F;jonahi;9;jona;18;12,5;36,3;23,1;23,8;8,2;10,6;39,2;23;8,9;96,3;132;64;DS;NA;closed;NA;big and robust individuum, belly and ventral neck pale yellow to white, dorsal stripe nearly absent;NA;-16.199763999999998;49.595655000000001;318;42995;BC1;RADSEQ
751;B-MM-B34;Ambavala;adult;M;jonahi;9;jona;17,6;13,7;37,7;23;26;8,2;10;41,7;24,5;10,6;95,6;130;66;DS;enlarged;NA;NA;caught in CoBa, dorsal stripe (darker fur than the surrounding), whitish to slightly yellow fur at ventral neck, big testis, 1 g of feces in trap;NA;-16.205113000000001;49.589523;356;42984;B34;RADSEQ
752;A-MM-A12;Antanambe;adult;M;jonahi;9;jona;18,7;13,5;36,7;21,4;24,9;7,3;10,1;38,1;22,5;11,6;95,9;128;50;DS;enlarged;NA;NA;caught along A-TL-05, yellowish belly, slightly orange to brown, uniformly colored back, small testis (dorso-ventral) compared to other catches of the area;NA;-16.452300999999999;49.796540999999998;226;42960;A12;RADSEQ
753;A-MM-A13;Antanambe;adult;M;jonahi;9;jona;18,5;12,1;37,4;20,7;24;8,1;9,9;39,8;23;7,9;83,3;146;52;DS;enlarged;NA;NA;caught at way to study side at forest edge, yellowisch to orange ventral neck, no dorsal stripe, big testis (dorso-ventral);NA;-16.455200999999999;49.804036000000004;230;42971;A13;RADSEQ
754;A-MM-A24;Antanambe;adult;M;jonahi;9;jona;17;12,1;32,8;21,3;25,4;8,1;9,1;40,1;22,6;10,9;82,8;146;53;DS;enlarged;NA;NA;caught along A-TL-04, yellowish to orange ventral neck, belly yellowish white, no dorsal stripe, caught in Longosa forest;NA;-16.458787000000001;49.802889;263;42969;A24;RADSEQ
755;A-MM-A23;Antanambe;adult;M;jonahi;9;jona;18;13,5;35,9;21,6;23,2;7;11,4;38,4;22,9;10,4;94;137;54;DS;enlarged;NA;NA;caught along A-TL-04, pale yellow to white colored belly, distinctive dorsal stripe;NA;-16.460173999999999;49.802750000000003;272;42962;A23;RADSEQ
756;A-MF-AB1;Antanambe;adult;F;jonahi;9;jona;17;12,4;36,3;20,1;24,2;7,5;9,1;39,4;21,5;10,4;88,7;135;56;DS;NA;closed;NA;caught at way to study site at forest edge, close to A-HT-05, whitish fur at belly with slightly yellow ventral neck, no dorsal stripe, 3g feces in trap (insects and seeds);NA;-16.455397999999999;49.804309000000003;228;42973;AB1;RADSEQ
757;A-MM-A34;Antanambe;adult;M;jonahi;9;jona;17,6;14,7;34,5;22;24,7;8,1;11;44;23;8,7;100,1;133;63;DS;enlarged;NA;NA;caught at A-VP-01, yellowish to white ventral neck an belly, no dorsal stripe, bis testis (dorso-ventral), caught in exploited forest;NA;-16.438016999999999;49.815103000000001;42;42964;A34;RADSEQ
758;B-MF-BD1;Antsiradrano;adult;F;jonahi;9;jona;17;12,4;39,7;20;26,7;7,5;10,4;41,1;24;10,4;103;151;64;DS;NA;closed;NA;caught in CoBA near Antsiradrano, no dorsal stripe, whitish to slightly yellow neck, whitish belly fur,;NA;-16.183982;49.578397000000002;256;42982;BD1;RADSEQ
765;MBB 032;Mananara_Nord;adult;M;jonahi;9;jona;16,44;#NV;35,54;21,6;#NV;#NV;11,04;#NV;#NV;#NV;#NV;126;49;MBB;enlarged;NA;NA;"degraded forest (2) on the side of more ""close"" canopy";NA;-16.312512000000002;49.794106999999997;300;42240;0007827893;NA
767;MBB 025;Mananara_Nord;adult;M;jonahi;9;jona;16,9;#NV;35,5;22,62;#NV;#NV;11,66;#NV;#NV;#NV;#NV;121;53;MBB;enlarged;NA;NA;primary forest, high and fairly dense canopy, dominated by pakas and pandanus;well developed testes, LL:18.64, LW:9, no evidence of fattening, cuts/marks on ears, aggresion?;-16.307915000000001;49.791663999999997;377;42237;0007826954;RADSEQ
768;MBB 020;Mananara_Nord;adult;M;jonahi;9;jona;16,4;#NV;35,66;21,36;#NV;#NV;11,1;#NV;#NV;#NV;#NV;131;53,5;MBB;enlarged;NA;NA;"degraded forest, lots of wild ginger ""longoza"", on the side of the most open canopy";well developed testes, LL:15.56, LW:7.26, no evidence of fattening, 1 louse removed from genital area;-16.31054;49.795513999999997;300;42231;00076F7FD0;RADSEQ
769;MBB 021;Mananara_Nord;adult;M;jonahi;9;jona;16,52;#NV;35,4;21,38;#NV;#NV;10;#NV;#NV;#NV;#NV;131;54;MBB;enlarged;NA;NA;"degraded forest, lots of wild ginger ""longoza"", on the side of the more ""close""canopy near forest edge";well developed testes, LL:17.3, LW:10.8, no evidence of fattening, 2 lice removed from scalp, 1 mite from genital area;-16.311433000000001;49.795115000000003;312;42231;00075A276A;RADSEQ
770;MBB 019;Mananara_Nord;adult;M;jonahi;9;jona;17,4;#NV;36,7;21,62;#NV;#NV;#NV;#NV;#NV;#NV;#NV;131,9;55;MBB;enlarged;NA;NA;"degraded forest, lots of wild ginger ""longoza"", open canopy, close to forest edge";"well developed testes, LL:15.4, LW:9.24, no evidence of fattening, relatively large eyes, almost ""naked"" ears, pale reddish dorsal coat, creamy ventrally";-16.311340000000001;49.794637999999999;327;42229;000781979D;RADSEQ
771;MBB 026;Mananara_Nord;adult;M;jonahi;9;jona;16,96;#NV;36,7;21,32;#NV;#NV;12,4;#NV;#NV;#NV;#NV;115,6;57;MBB;enlarged;NA;NA;"degraded forest (2) on the more ""open"" side close to wild ginger opening, only a few trees scattered around";relatively well developed testes, LL:17.9, LW:7.74, still shows a bit of fattening in his tail, looks similar to Tsinjoarivo individuals, relatively hairy ears;-16.312529000000001;49.794013;299;42238;00075A25D0;NA
772;MBB 028;Mananara_Nord;adult;M;jonahi;9;jona;17,06;#NV;36,46;22,82;#NV;#NV;11,2;#NV;#NV;#NV;#NV;121,2;64;MBB;enlarged;NA;NA;"degraded forest (2) on the side of more ""close"" canopy";well developed testes, LL:15.8, LW:8.6, no evidence of fattening;-16.313462000000001;49.794260000000001;299;42239;00075BAD3B;RADSEQ
777;B-MM-B23;Ambavala;adult;M;lehilahytsara;1;lehi_N;18;11,6;33,8;18,9;19,6;#NV;10,4;36,5;#NV;8,2;#NV;#NV;37;DS;NA;NA;NA;caught together with B-MM-B12, juvenile with very dense and fluffy fur, dorsal stripe, whitish to yellow belly, more yellowisch ventral neck, sex maybe unclear;NA;-16.204273000000001;49.596496000000002;462;42987;B23;RADSEQ
778;B-MM-C12;Ambavala;adult;M;lehilahytsara;1;lehi_N;18,1;10,8;36,4;#NV;#NV;#NV;9,5;38;#NV;7,9;#NV;#NV;46;DS;regressed;NA;NA;trapped in small secondary patchwith the slope group, dorsal stripe, yellowish, more whitish belly and ventral neck, head bit reddish/orange, small juvenile, no testis, sex maybe unclear;NA;-16.197817000000001;49.599837999999998;237;42993;C12;RADSEQ
779;M01-06leng;Amparihimolengy;adult;M;lehilahytsara;1;lehi_mitt;16,5;12,1;34,3;#NV;#NV;#NV;9,3;38,7;21,9;8,7;68;116;50;GERP;enlarged;NA;NA;NA;NA;-15.407417000000001;49.135638999999998;NA;39064;NA;NA
780;Perinet93;Andasibe;adult;F;lehilahytsara;1;lehi_S;#NV;11,1;#NV;#NV;#NV;#NV;#NV;#NV;#NV;#NV;#NV;100;35;TH;NA;closed;NA;red;NA;-20.075489000000001;44.631041000000003;NA;34234;NA;NA
781;Perinet8;Andasibe;adult;F;lehilahytsara;1;lehi_S;#NV;11,1;#NV;#NV;#NV;#NV;#NV;#NV;#NV;#NV;85;118;39;TH;NA;swollen;NA;red;NA;-20.075489000000001;44.631041000000003;NA;34625;NA;NA
782;Perinet3;Andasibe;adult;M;lehilahytsara;1;lehi_S;#NV;9,8;#NV;#NV;#NV;#NV;#NV;#NV;#NV;#NV;72;115;45;TH;enlarged;NA;NA;red;NA;-20.075489000000001;44.631041000000003;NA;34623;NA;NA
792;M05-07hely;Anjiahely;adult;M;lehilahytsara;1;lehi_mitt;18,2;11,8;34,4;20;19,8;6,5;7,2;34,9;20;8;65;134;38;GERP;enlarged;NA;NA;NA;NA;-15.410861000000001;49.495305999999999;NA;39330;NA;NA
793;W10-07hely;Anjiahely;adult;F;lehilahytsara;1;lehi_mitt;18,6;11;33,8;20;20,5;7;8,7;34,6;21;8;65;127;38;GERP;NA;closed;NA;NA;NA;-15.410861000000001;49.495305999999999;NA;39331;NA;RADSEQ
794;W08-07hely;Anjiahely;adult;F;lehilahytsara;1;lehi_mitt;18,7;11,9;34,5;19,9;20,9;5,6;7,8;34,2;21;8;70;120;39;GERP;NA;closed;NA;NA;NA;-15.409139;49.493943999999999;NA;39330;NA;RADSEQ
795;M09-07hely;Anjiahely;adult;M;lehilahytsara;1;lehi_mitt;17,5;11,6;35,3;19;20,9;6,1;7,7;35,8;19,2;7,5;67;128;40;GERP;enlarged;NA;NA;NA;NA;-15.411194;49.496443999999997;NA;39331;NA;NA
796;M03-07hely;Anjiahely;adult;M;lehilahytsara;1;lehi_mitt;18,7;10,8;33,3;19,3;20,9;6;6,4;34,1;19,3;7,6;68;115;41;GERP;enlarged;NA;NA;NA;NA;-15.410861000000001;49.495305999999999;NA;39330;NA;NA
797;M15-07hely;Anjiahely;adult;M;lehilahytsara;1;lehi_mitt;15;12,1;34,7;19;#NV;7,1;8,2;33,7;18,1;8,6;70;100;42;GERP;enlarged;NA;NA;NA;NA;-15.411028;49.494528000000003;NA;39331;NA;NA
798;W17-07hely;Anjiahely;adult;F;lehilahytsara;1;lehi_mitt;17,1;11,3;33,7;20;19,6;5,8;6,6;33,4;18,2;8,6;73;118;42;GERP;NA;closed;NA;NA;NA;-15.410583000000001;49.494528000000003;NA;39331;NA;NA
799;M06-07hely;Anjiahely;adult;M;lehilahytsara;1;lehi_mitt;19,9;12,4;34,2;18,1;19;6,4;8,9;35,6;20,7;7,9;72;115;43;GERP;enlarged;NA;NA;NA;NA;-15.410861000000001;49.495305999999999;NA;39330;NA;NA
800;M14-07hely;Anjiahely;adult;M;lehilahytsara;1;lehi_mitt;16,5;11;35,7;19;20,2;7,1;9,1;37,1;20;8;65;125;46;GERP;enlarged;NA;NA;NA;NA;-15.409750000000001;49.494028;NA;39331;NA;NA
801;M07-07hely;Anjiahely;adult;M;lehilahytsara;1;lehi_mitt;17,8;12,8;34,5;19,7;20,4;7,9;6,9;35,3;20,6;7,1;70;125;48;GERP;enlarged;NA;NA;NA;NA;-15.409139;49.493943999999999;NA;39330;NA;NA
802;M12-07hely;Anjiahely;adult;M;lehilahytsara;1;lehi_mitt;18,8;11,8;34,6;19,8;20,4;7;8,3;35,2;20;7,9;75;125;48;GERP;enlarged;NA;NA;NA;NA;-15.409972;49.495443999999999;NA;39331;NA;NA
803;W04-07hely;Anjiahely;adult;F;lehilahytsara;1;lehi_mitt;18,9;11;34,8;20;20,2;6,6;7,6;36,4;20,8;8,4;70;135;49;GERP;NA;closed;NA;NA;NA;-15.410861000000001;49.495305999999999;NA;39330;NA;RADSEQ
804;M02-07hely;Anjiahely;adult;M;lehilahytsara;1;lehi_mitt;20;11,8;34,7;18,8;20,6;6,6;8;36,6;19,4;7,5;70;119;49;GERP;enlarged;NA;NA;NA;NA;-15.406222;49.498417000000003;NA;39329;NA;RADSEQ
805;M11-07hely;Anjiahely;adult;M;lehilahytsara;1;lehi_mitt;20;12;33,4;19;20,8;6,2;8;34,4;19,6;7,8;75;122;52;GERP;enlarged;NA;NA;NA;NA;-15.409306000000001;49.494083000000003;NA;39331;NA;NA
806;M13-07hely;Anjiahely;adult;M;lehilahytsara;1;lehi_mitt;19,8;13,8;35,3;21;21,6;6,5;8,3;37,9;20,1;7,7;80;135;58;GERP;enlarged;NA;NA;NA;NA;-15.410861000000001;49.495305999999999;NA;39331;NA;NA
807;M05-06hely;Anjiahely;adult;M;lehilahytsara;1;lehi_mitt;19,2;12,9;33;17,9;20,3;6,2;7,7;35,5;19,8;7,5;73;121;40;GERP;enlarged;NA;NA;NA;NA;-15.410861000000001;49.494777999999997;346;39030;NA;NA
808;W02-06hely;Anjiahely;adult;F;lehilahytsara;1;lehi_mitt;19,7;13,4;35,4;18,7;21,4;6,7;8,8;36,2;#NV;7,7;80;119;49;GERP;NA;closed;NA;NA;NA;-15.408279;49.497638999999999;366;39029;NA;NA
809;W06-06hely;Anjiahely;adult;F;lehilahytsara;1;lehi_mitt;19,1;12,2;34;19,2;20,7;5,4;7;35,2;20,4;6,9;75;125;51;GERP;NA;open;NA;NA;NA;-15.411;49.494472000000002;355;39030;NA;NA
824;00076E0CF1;Ankafobe;adult;F;lehilahytsara;1;lehi_S;17,9;#NV;34,3;19,98;#NV;#NV;10,98;#NV;#NV;#NV;#NV;119,4;47;MBB;NA;swollen;NA;slightly swollen vagina;NA;-18.10643;47.187010000000001;1470;42279;NA;NA
825;0007818AEB;Ankafobe;adult;M;lehilahytsara;1;lehi_S;18,7;#NV;33,4;18,96;#NV;#NV;11,32;#NV;#NV;#NV;#NV;112,1;47;MBB;enlarged;NA;NA;NA;NA;-18.10643;47.187010000000001;1470;42278;NA;NA
827;M07-06habe;Antsahabe;adult;M;lehilahytsara;1;lehi_mitt;17,7;12,7;32,5;18,8;#NV;6,4;6,3;33,8;20;7,6;72;107;40;GERP;enlarged;NA;NA;NA;NA;-15.347638999999999;49.406444;958;39033;NA;RADSEQ
828;W08-06habe;Antsahabe;adult;F;lehilahytsara;1;lehi_mitt;18,1;13,4;34,4;19,7;22,2;#NV;7,9;36,7;#NV;8,7;#NV;123;55;GERP;NA;open;NA;NA;NA;-15.358528;49.408999999999999;955;39038;NA;NA
829;15Msp001;Befotaka;adult;F;lehilahytsara;1;lehi_N;15,2;12,1;35,8;21,3;21,5;#NV;10,2;36,5;#NV;10,4;#NV;#NV;45;DS;NA;closed;NA;NA;NA;-17.0871789999999;48.975228999999999;NA;2022;NA;NA
830;15Msp004;Befotaka;adult;M;lehilahytsara;1;lehi_N;15,5;11,6;34,9;21,7;21,9;#NV;9,2;37,7;#NV;9,2;#NV;#NV;43;DS;NA;NA;NA;NA;NA;-17.0884029999999;48.975195999999997;NA;2022;NA;NA
831;15Msp005;Befotaka;adult;M;lehilahytsara;1;lehi_N;14;12,1;33,9;19,9;21;#NV;8,8;38,3;#NV;9;#NV;#NV;46;DS;NA;NA;NA;NA;NA;-17.0845079999999;48.975150999999997;NA;2022;NA;NA
832;15Msp101;Befotaka;adult;M;lehilahytsara;1;lehi_N;17,2;10,7;36,6;20,7;22,3;#NV;11;39,5;#NV;9,3;#NV;#NV;50;DS;NA;NA;NA;NA;NA;-17.090536999999902;48.983213999999997;NA;2022;NA;NA
834;B-MF-BC3;Madera;adult;F;lehilahytsara;1;lehi_N;17,7;13;35,4;19,9;21,7;#NV;9;38;#NV;8;#NV;#NV;47;DS;NA;closed;NA;dorsal stripe, yellowish to pale white belly and ventral neck, cuaght in secondary shrubs;NA;-16.211178;49.577964999999999;438;42997;BC3;RADSEQ
835;09Msp019;Madera;adult;M;lehilahytsara;1;lehi_N;15;11,5;37,7;22;21,2;#NV;10;39,6;#NV;9,3;#NV;#NV;51;DS;NA;NA;NA;NA;NA;-16.1922309999999;49.599100999999997;NA;2022;NA;NA
836;09Msp074;Madera;adult;M;lehilahytsara;1;lehi_N;17,5;11,3;35,1;20,2;20,3;#NV;8,7;36;#NV;9,2;#NV;#NV;41;DS;NA;NA;NA;NA;NA;-16.210515999999899;49.578003000000002;NA;2022;NA;NA
837;09Msp075;Madera;adult;M;lehilahytsara;1;lehi_N;15,9;12,1;33,8;20,2;19,9;#NV;10,1;34;#NV;9,5;#NV;#NV;39;DS;NA;no;NA;NA;NA;-16.2112459999999;49.577955000000003;NA;2022;NA;NA
864;M31-99Man;Mantadia;adult;M;lehilahytsara;1;lehi_S;#NV;14,7;33;19,4;21,3;5;#NV;36,9;20,8;#NV;80;115;48;BR;enlarged;NA;NA;NA;NA;-18.850000000000001;48.42;970;36379;2B;NA
865;M39-99Man;Mantadia;adult;M;lehilahytsara;1;lehi_S;#NV;12;33,7;18;20,4;5,9;#NV;34,1;21;#NV;75;120;39;BR;enlarged;NA;NA;NA;NA;-18.850000000000001;48.42;970;36427;4D;NA
866;M37-99Man;Mantadia;adult;M;lehilahytsara;1;lehi_S;#NV;11,3;#NV;18,6;20;5,7;#NV;36,4;20,5;#NV;70;115;42;BR;enlarged;NA;NA;NA;NA;-18.850000000000001;48.42;970;36410;4C;NA
867;M33-99Man;Mantadia;adult;M;lehilahytsara;1;lehi_S;#NV;12,3;31,5;19,1;20,2;6,2;#NV;35,4;20,8;#NV;75;115;42;BR;enlarged;NA;NA;NA;NA;-18.850000000000001;48.42;970;36410;3B;NA
868;M40-99Man;Mantadia;adult;M;lehilahytsara;1;lehi_S;#NV;12,8;33,7;18,6;21;4,9;#NV;35,6;19,7;#NV;70;110;43;BR;enlarged;NA;NA;NA;NA;-18.850000000000001;48.42;970;36427;1AC;NA
869;M34-99Man;Mantadia;adult;M;lehilahytsara;1;lehi_S;#NV;12,3;33,5;19,8;20;5,8;#NV;35,9;19,9;#NV;70;115;43;BR;enlarged;NA;NA;testes very large (21.8mm total width) in Oct/Nov;NA;-18.850000000000001;48.42;970;36410;4B;NA
870;F32-99Man;Mantadia;adult;F;lehilahytsara;1;lehi_S;#NV;11,9;33,8;19,2;20,1;5;#NV;35,1;21,2;#NV;75;115;45;BR;NA;closed;NA;was swollen on 07.11.99, open on 9.11.99;NA;-18.850000000000001;48.42;970;36407;3D;NA
871;M41-99Man;Mantadia;adult;M;lehilahytsara;1;lehi_S;#NV;13,5;33,8;#NV;20;5,7;#NV;36,6;21,3;#NV;75;116;45;BR;enlarged;NA;NA;NA;NA;-18.850000000000001;48.42;970;36429;2AB;NA
872;M36-99Man;Mantadia;adult;M;lehilahytsara;1;lehi_S;#NV;12;32,9;18;20,2;6,4;#NV;34,5;19;#NV;70;110;46;BR;enlarged;NA;NA;NA;NA;-18.850000000000001;48.42;970;36410;3C;NA
873;M38-99Man;Mantadia;adult;M;lehilahytsara;1;lehi_S;#NV;13,8;33,3;18,2;20,4;5,7;#NV;36,4;20,7;#NV;70;120;46;BR;enlarged;NA;NA;NA;NA;-18.850000000000001;48.42;970;36410;2D;NA
874;M35-99Man;Mantadia;adult;M;lehilahytsara;1;lehi_S;#NV;12,8;34,1;18,8;20,5;6,1;#NV;35,3;19,5;#NV;70;110;47;BR;enlarged;NA;NA;NA;NA;-18.850000000000001;48.42;970;36410;2C;NA
875;F42-99Man;Mantadia;adult;F;lehilahytsara;1;lehi_S;#NV;11,4;34,9;17,5;20,4;5,6;#NV;35,8;21,1;#NV;70;120;39;BR;NA;closed;NA;was open on 07.11.99;NA;-18.850000000000001;48.42;970;36457;NA;NA
877;M44-99Man;Mantadia;adult;M;lehilahytsara;1;lehi_S;#NV;11,3;32,9;18,2;19,9;6;#NV;34,8;18,8;#NV;70;100;40;BR;enlarged;NA;NA;NA;NA;-18.850000000000001;48.42;970;36473;12C;NA
878;F45-99Man;Mantadia;adult;F;lehilahytsara;1;lehi_S;#NV;11,6;34,1;19,1;20,3;5,8;#NV;37,2;22,6;#NV;70;115;46;BR;NA;open;NA;NA;NA;-18.850000000000001;48.42;970;36473;12D;NA
879;F48-99Man;Mantadia;adult;F;lehilahytsara;1;lehi_S;#NV;12,7;33,8;18,9;19,9;4,7;#NV;37,2;20,2;#NV;70;115;#NV;BR;NA;pregnant;49;NA;NA;-18.850000000000001;48.42;970;36501;13B;NA
880;F47-99Man;Mantadia;adult;F;lehilahytsara;1;lehi_S;#NV;12;33,2;17,5;20;5,8;#NV;35,9;20,3;#NV;70;115;#NV;BR;NA;pregnant;50;NA;NA;-18.850000000000001;48.42;970;36501;13A;NA
881;F49-99Man;Mantadia;adult;F;lehilahytsara;1;lehi_S;#NV;13;32,3;18,2;18,7;5,5;#NV;37,5;18,8;#NV;70;115;#NV;BR;NA;pregnant;55;NA;NA;-18.850000000000001;48.42;970;36501;123;NA
900;JMR-002;Riamalandy;adult;M;lehilahytsara;1;lehi_N;#NV;#NV;#NV;#NV;#NV;#NV;#NV;#NV;#NV;#NV;#NV;127;43;JMR;enlarged;NA;NA;NA;undisturbed humid forest;-16.285;48.814999999999998;NA;38319;NA;RADSEQ
901;JMR-001;Riamalandy;adult;F;lehilahytsara;1;lehi_N;15;#NV;#NV;#NV;#NV;#NV;#NV;#NV;#NV;#NV;#NV;120;46;JMR;NA;NA;NA;undisturbed humid forest;NA;-16.285;48.814999999999998;NA;38317;NA;RADSEQ
912;103-313-103;Tsinjoarivo;adult;F;lehilahytsara;1;lehi_S;15,46;#NV;31,7;18,4;#NV;#NV;10,04;#NV;#NV;#NV;#NV;110,18;29,5;MBB;NA;NA;NA;NA;Vatateza;-19.720759999999999;47.856929999999998;1350;39399;NA;NA
913;NA;Tsinjoarivo;adult;M;lehilahytsara;1;lehi_S;16,58;#NV;32,96;19,68;#NV;#NV;10,24;#NV;#NV;#NV;#NV;113,18;35;MBB;NA;NA;NA;NA;Vatateza;-19.720759999999999;47.856929999999998;1350;39397;NA;NA
914;103-310-598;Tsinjoarivo;adult;M;lehilahytsara;1;lehi_S;16,2;#NV;33,14;17,98;#NV;#NV;9,56;#NV;#NV;#NV;#NV;116,92;36,5;MBB;NA;NA;NA;NA;Vatateza;-19.720759999999999;47.856929999999998;1350;39400;NA;NA
915;103-317-270;Tsinjoarivo;adult;M;lehilahytsara;1;lehi_S;18,48;#NV;33,32;19,34;#NV;#NV;8,8;#NV;#NV;#NV;#NV;111,48;37,5;MBB;NA;NA;NA;NA;Andasivodihazo;-19.679950000000002;47.770620000000001;1600;39409;NA;NA
916;083-352-594;Tsinjoarivo;adult;M;lehilahytsara;1;lehi_S;19,34;#NV;33,76;19,1;#NV;#NV;9,96;#NV;#NV;#NV;#NV;110,58;39,5;MBB;NA;NA;NA;NA;Andasivodihazo;-19.679950000000002;47.770620000000001;1600;39407;NA;NA
917;103-291-338;Tsinjoarivo;adult;F;lehilahytsara;1;lehi_S;17,8;#NV;34,12;19,96;#NV;#NV;9,8;#NV;#NV;#NV;#NV;116,46;41;MBB;NA;NA;NA;NA;Andasivodihazo;-19.679950000000002;47.770620000000001;1600;39414;NA;NA
918;NA;Tsinjoarivo;adult;F;lehilahytsara;1;lehi_S;15,4;#NV;34,62;18,66;#NV;#NV;10,76;#NV;#NV;#NV;#NV;114,54;41,5;MBB;NA;NA;NA;NA;Vatateza;-19.720759999999999;47.856929999999998;1350;39401;NA;NA
919;103-318-604;Tsinjoarivo;adult;F;lehilahytsara;1;lehi_S;17,02;#NV;32,14;20,56;#NV;#NV;10,34;#NV;#NV;#NV;#NV;110,32;44;MBB;NA;NA;NA;NA;Andasivodihazo;-19.679950000000002;47.770620000000001;1600;39413;NA;NA
920;103-317-057;Tsinjoarivo;adult;M;lehilahytsara;1;lehi_S;16,4;#NV;33,28;20,68;#NV;#NV;9,26;#NV;#NV;#NV;#NV;112,3;45;MBB;NA;NA;NA;NA;Andasivodihazo;-19.679950000000002;47.770620000000001;1600;39410;NA;NA
921;103-328-077;Tsinjoarivo;adult;M;lehilahytsara;1;lehi_S;18,48;#NV;32,14;19,28;#NV;#NV;9,54;#NV;#NV;#NV;#NV;112,98;45;MBB;NA;NA;NA;NA;Andasivodihazo;-19.679950000000002;47.770620000000001;1600;39408;NA;NA
922;103-307-518;Tsinjoarivo;adult;F;lehilahytsara;1;lehi_S;16,7;#NV;34,86;19,88;#NV;#NV;9,7;#NV;#NV;#NV;#NV;111,2;48;MBB;NA;NA;NA;NA;Andasivodihazo;-19.679950000000002;47.770620000000001;1600;39415;NA;NA
923;103-331-274;Tsinjoarivo;adult;M;lehilahytsara;1;lehi_S;17,68;#NV;34,74;19,76;#NV;#NV;10,28;#NV;#NV;#NV;#NV;102,22;49,5;MBB;NA;NA;NA;NA;Andasivodihazo;-19.679950000000002;47.770620000000001;1600;39407;NA;NA
924;103-331-520;Tsinjoarivo;adult;F;lehilahytsara;1;lehi_S;17,54;#NV;32,86;20,84;#NV;#NV;9,7;#NV;#NV;#NV;#NV;114,06;50;MBB;NA;NA;NA;NA;Andasivodihazo;-19.679950000000002;47.770620000000001;1600;39407;NA;NA
925;103-319-852;Tsinjoarivo;adult;F;lehilahytsara;1;lehi_S;18,28;#NV;36,22;20,96;#NV;#NV;11,22;#NV;#NV;#NV;#NV;123,24;52,5;MBB;NA;NA;NA;NA;Andasivodihazo;-19.679950000000002;47.770620000000001;1600;39414;NA;NA
926;083-378-856;Tsinjoarivo;adult;M;lehilahytsara;1;lehi_S;19,42;#NV;34,02;20;#NV;#NV;10,44;#NV;#NV;#NV;#NV;119,92;52,5;MBB;NA;NA;NA;NA;Andasivodihazo;-19.679950000000002;47.770620000000001;1600;39407;NA;NA
927;083-530-375;Tsinjoarivo;adult;F;lehilahytsara;1;lehi_S;17,7;#NV;33,52;20,18;#NV;#NV;10,02;#NV;#NV;#NV;#NV;113,48;53,5;MBB;NA;NA;NA;NA;Andasivodihazo;-19.679950000000002;47.770620000000001;1600;39407;NA;NA
928;103-294-798;Tsinjoarivo;adult;F;lehilahytsara;1;lehi_S;19,02;#NV;34,58;20,1;#NV;#NV;10,44;#NV;#NV;#NV;#NV;115,96;54,5;MBB;NA;NA;NA;NA;Vatateza;-19.720759999999999;47.856929999999998;1350;39395;NA;NA
929;103-319-296;Tsinjoarivo;adult;F;lehilahytsara;1;lehi_S;18,78;#NV;35,3;20,74;#NV;#NV;10,48;#NV;#NV;#NV;#NV;111,64;55;MBB;NA;NA;NA;NA;Andasivodihazo;-19.679950000000002;47.770620000000001;1600;39409;NA;NA
930;Vero;Tsinjoarivo;adult;F;lehilahytsara;1;lehi_S;17,02;#NV;33,44;20;#NV;#NV;10,7;#NV;#NV;#NV;#NV;111,84;39,5;MBB;NA;NA;NA;NA;Andasivodihazo;-19.679950000000002;47.770620000000001;1600;39443;NA;NA
931;103-331-542;Tsinjoarivo;adult;F;lehilahytsara;1;lehi_S;17,84;#NV;35,64;19,94;#NV;#NV;9,88;#NV;#NV;#NV;#NV;122,62;47;MBB;NA;NA;NA;NA;Andasivodihazo;-19.679950000000002;47.770620000000001;1600;39417;NA;NA
932;W01-07hely;Anjiahely;adult;F;macarthurii;9;maca;19,5;11,1;35,1;19,7;21,6;6,4;8,3;38,7;#NV;8,2;85;#NV;53;GERP;NA;closed;NA;NA;NA;-15.40625;49.498417000000003;NA;39329;NA;RADSEQ
933;F03-13hely;Anjiahely;adult;F;macarthurii;9;maca;17,7;11,5;35,6;18,4;23,1;6,7;#NV;37,8;#NV;#NV;82,8;133,1;51;GERP;NA;closed;NA;NA;NA;-15.404028;49.509388999999999;NA;39746;NA;RADSEQ
934;F04-13hely;Anjiahely;adult;F;macarthurii;9;maca;17,5;13,3;37,4;18,9;23,2;7,1;#NV;39,8;#NV;10,1;88,3;151,9;55;GERP;NA;closed;NA;NA;NA;-15.404028;49.509388999999999;NA;39747;NA;RADSEQ
935;F02-13hely;Anjiahely;adult;F;macarthurii;9;maca;17,9;11,3;37,4;19,6;23,7;7,5;#NV;39,6;#NV;9,3;94,9;141,5;61;GERP;NA;closed;NA;NA;NA;-15.404028;49.509388999999999;NA;41572;NA;NA
936;M01-13hely;Anjiahely;adult;M;macarthurii;9;maca;17,1;11,8;37,6;17,8;26,6;7,2;#NV;38,4;#NV;10,3;96,6;141,8;70;GERP;enlarged;NA;NA;NA;NA;-15.404028;49.509388999999999;NA;41572;NA;RADSEQ
937;W04-06hely;Anjiahely;adult;F;macarthurii;9;maca;18,7;10,2;36,5;19,7;22;6,9;8,4;39,7;#NV;8,1;75;151;50;GERP;NA;swollen;NA;NA;NA;-15.412388999999999;49.493721999999998;354;39030;NA;RADSEQ
938;M01-06hely;Anjiahely;adult;M;macarthurii;9;maca;18,8;10,2;36,6;18,4;21,1;6,2;8,1;38,2;#NV;8,8;82;142;58;GERP;enlarged;NA;NA;NA;NA;-15.4125;49.493749999999999;379;39029;NA;RADSEQ
939;M03-11hely;Anjiahely;adult;M;macarthurii;9;maca;17,9;9,1;39,2;20,2;22,7;6,7;9,8;39,9;#NV;9,8;91;134;61;GERP;enlarged;NA;NA;NA;NA;-15.404028;49.509388999999999;NA;40869;NA;NA
940;M03-06hely;Anjiahely;adult;M;macarthurii;9;maca;18;12;37,5;19,8;23,3;6,8;8;40,2;#NV;8,2;85;142;68;GERP;enlarged;NA;NA;NA;NA;-15.412417;49.493749999999999;352;39030;NA;NA
941;F04-11hely;Anjiahely;adult;F;macarthurii;9;maca;19,4;10,3;38,7;22;23,8;8,1;12;42,7;#NV;10,9;99;146;72;GERP;NA;closed;NA;NA;NA;-15.404028;49.509388999999999;NA;40869;NA;NA
942;M08-08hely;Anjiahely;adult;M;macarthurii;9;maca;17,2;9,6;37,1;22,3;25;7,6;9,3;39,9;#NV;10;96;145;55;GERP;enlarged;NA;NA;NA;NA;-15.401806000000001;49.512250000000002;NA;39795;NA;RADSEQ
943;M07-08hely;Anjiahely;adult;M;macarthurii;9;maca;17,6;10,3;39;21,3;25,6;7,8;10,8;40,6;#NV;9,9;94;138;62;GERP;enlarged;NA;NA;NA;NA;-15.400221999999999;49.513888999999999;NA;39795;NA;RADSEQ
944;M06-08hely;Anjiahely;adult;M;macarthurii;9;maca;17,2;9,6;37,2;20,1;24,7;6,7;10;41,6;#NV;9,8;94;144;68;GERP;enlarged;NA;NA;NA;NA;-15.402694;49.512388999999999;NA;39795;NA;RADSEQ
945;M05-08hely;Anjiahely;adult;M;macarthurii;9;maca;17,5;8,5;39,7;22,4;24,4;8;11,3;40,8;#NV;10;95;143;72;GERP;NA;NA;NA;NA;NA;-15.404722;49.508527999999998;NA;39794;NA;RADSEQ
950;F05-16Lok;Lokobe;adult;F;mamiratra;6;mami;18,8;13,8;36,8;19,8;22,5;7,3;#NV;#NV;22,8;9;#NV;149;58;AMR;NA;closed;NA;NA;NA;-13.403416999999999;48.345332999999997;14;42546;1;NA
951;F06-16Lok;Lokobe;adult;F;mamiratra;6;mami;17,8;12,5;36;22;22;6,8;8,3;#NV;23,3;9;#NV;152;68;AMR;NA;closed;NA;NA;NA;-13.403267;48.345483000000002;35;42549;2;NA
952;F03-16Lok;Lokobe;adult;F;mamiratra;6;mami;18;11,8;35,5;20,5;21,3;7,3;8;#NV;23;9,8;#NV;154;69;AMR;NA;closed;NA;NA;NA;-13.394316999999999;48.341900000000003;26;42541;C;NA
953;F09-16Lok;Lokobe;adult;F;mamiratra;6;mami;18,5;12,8;32,8;20,3;23;7,5;7,8;#NV;22,8;9;#NV;155;70;AMR;NA;closed;NA;NA;NA;-13.403499999999999;48.345149999999997;13;42551;A1;NA
954;M03-16Lok;Lokobe;adult;M;mamiratra;6;mami;18;11;36;19,3;22,5;7,3;7,5;#NV;22,8;9;#NV;157;71;AMR;enlarged;NA;NA;NA;NA;-13.414694000000001;48.306528;NA;42546;C;NA
955;F02-16Lok;Lokobe;adult;F;mamiratra;6;mami;16,8;12,4;32;22,7;24,7;6,5;#NV;#NV;#NV;7,5;#NV;145;#NV;AMR;NA;pregnant;72;babies on 27 June;NA;-13.414694000000001;48.306528;NA;43628;B;NA
956;F01-16Lok;Lokobe;adult;F;mamiratra;6;mami;19;12,2;36,5;21,2;25,3;6,8;7,7;#NV;#NV;9,3;#NV;156;72;AMR;NA;closed;NA;NA;NA;-13.414694000000001;48.306528;NA;42533;A;NA
957;F10-16 Lok;Lokobe;adult;F;mamiratra;6;mami;19;13,8;32,8;23;21,8;8;7,8;#NV;22;9;#NV;150;73;AMR;NA;closed_recently;NA;NA;NA;-13.399417;48.343983000000001;3;42551;A2;NA
958;M02-16Lok;Lokobe;adult;M;mamiratra;6;mami;21,3;14,5;32,8;20,3;22,3;7;7,8;#NV;21,3;8;#NV;150;73;AMR;enlarged;NA;NA;NA;NA;-13.390183;48.341783;47;42543;B;NA
959;F08-16Lok;Lokobe;adult;F;mamiratra;6;mami;17,3;13,5;37,5;23,8;22,3;7,3;8,3;#NV;23,3;9,3;#NV;152;74;AMR;NA;closed;NA;NA;NA;-13.403416999999999;48.345199999999998;14;42550;4;NA
960;M09-16Lok;Lokobe;adult;M;mamiratra;6;mami;19,8;12,3;37,5;22,5;21,3;7,3;7,3;#NV;22,5;9,8;#NV;147;62;AMR;enlarged;NA;NA;NA;NA;-13.389749999999999;48.338633000000002;28;42556;A1;NA
961;M11-16Lok;Lokobe;adult;M;mamiratra;6;mami;18,3;12,8;35;19,8;23,3;#NV;7,8;#NV;23,5;8,3;#NV;155;64;AMR;enlarged;NA;NA;NA;NA;-13.389749999999999;48.338633000000002;28;42560;A2;NA
962;M13-16Lok;Lokobe;adult;M;mamiratra;6;mami;17,8;12;36,3;19,5;21,8;7,5;7,5;#NV;22;8,8;#NV;146;65;AMR;enlarged;NA;NA;NA;NA;-13.389749999999999;48.338633000000002;28;42561;A4;NA
963;M12-16Lok;Lokobe;adult;M;mamiratra;6;mami;19,8;12,3;36;20,3;22;6,8;7,3;#NV;23,8;10;#NV;159;69;AMR;enlarged;NA;NA;NA;NA;-13.389749999999999;48.338633000000002;28;42560;A3;NA
964;M15-16Lok;Lokobe;adult;M;mamiratra;6;mami;19;13;38;19,8;22;7,5;8;#NV;22,8;9,8;#NV;160;71;AMR;enlarged;NA;NA;NA;NA;-13.389749999999999;48.338633000000002;28;42561;B3;NA
965;F16-16Lok;Lokobe;adult;F;mamiratra;6;mami;16,5;13,8;36,8;20,5;22,5;6,5;8;#NV;22,5;8,8;#NV;153;72;AMR;NA;lactating;NA;NA;NA;-13.389749999999999;48.338633000000002;28;42561;B4;NA
966;M22-16Lok;Lokobe;adult;M;mamiratra;6;mami;18,4;13,25;36,25;21,5;22,5;7,5;8,1;#NV;23,75;9,25;#NV;158;72;AMR;enlarged;NA;NA;NA;NA;-13.386717000000001;48.336416999999997;11;42567;D2;RADSEQ
967;M10-16Lok;Lokobe;adult;M;mamiratra;6;mami;18,5;12,8;34,5;21,3;22;7,5;7,3;#NV;22,3;#NV;#NV;149;73;AMR;enlarged;NA;NA;NA;NA;-13.389749999999999;48.338633000000002;28;40368;B1;NA
968;M16-16Lok;Lokobe;adult;M;mamiratra;6;mami;19,2;11,3;37;22,3;23;6,5;9,7;#NV;22,5;9;#NV;146;76;AMR;enlarged;NA;NA;NA;NA;-13.38626;48.346783000000002;39;42563;B4;RADSEQ
969;M14-16Lok;Lokobe;adult;M;mamiratra;6;mami;17;14;36,5;22,5;21,8;7,5;8,5;#NV;24,8;8,8;#NV;162;80;AMR;enlarged;NA;NA;NA;NA;-13.389749999999999;48.338633000000002;28;42561;B2;NA
970;01-02;Lokobe;adult;F;mamiratra;6;mami;18;12;34,7;18,3;18,7;6,1;9,4;34;20,8;7,9;70;150;40;GO;NA;closed;NA;no_age_initially_given_in_raw_data;NA;-13.414694000000001;48.306528;NA;37548;NA;no
971;02-02;Lokobe;adult;F;mamiratra;6;mami;19,6;13,2;37,2;20,2;20,6;5,6;7;35,7;21,4;9,6;80;160;62;GO;NA;closed;NA;no_age_initially_given_in_raw_data;NA;-13.414694000000001;48.306528;NA;37553;NA;no
972;05-02;Lokobe;adult;M;mamiratra;6;mami;20,6;12,2;35,5;20,6;21,7;6,2;9;37,2;22,2;8,1;80;162;63;GO;enlarged;NA;NA;no_age_initially_given_in_raw_data;NA;-13.414694000000001;48.306528;NA;37597;NA;no
973;03-02;Lokobe;adult;M;mamiratra;6;mami;17,5;12,6;36,3;20,8;21,6;6,2;7,4;37,2;20,8;8,2;80;160;66;GO;enlarged;NA;NA;no_age_initially_given_in_raw_data;NA;-13.414694000000001;48.306528;NA;37594;NA;no
974;04-02;Lokobe;adult;F;mamiratra;6;mami;21;12,8;38,9;20,7;22,3;6,1;9,2;36,6;23,2;8,8;85;165;71;GO;NA;open;NA;no_age_initially_given_in_raw_data;NA;-13.414694000000001;48.306528;NA;37596;NA;no
979;M12-02oka;Manehoko;adult;M;mamiratra;6;mami;#NV;11,2;33,7;20,3;21;6,8;#NV;37;20,2;7,4;75;155;#NV;BR;regressed;NA;NA;NA;NA;-13.430277777777778;48.797499999999999;NA;37588;AD;RADSEQ
980;F08-02oka;Manehoko;adult;F;mamiratra;6;mami;#NV;12,3;34,1;20,5;20,4;6,3;#NV;35,2;22,1;7,8;75;157;#NV;BR;NA;closed;NA;NA;NA;-13.430277777777778;48.797499999999999;NA;37581;4;NA
981;M03-02oka;Manehoko;adult;M;mamiratra;6;mami;#NV;12,2;35,9;19,4;21,3;6;#NV;35,5;20;8,3;75;150;#NV;BR;regressed;NA;NA;NA;NA;-13.430277777777778;48.797499999999999;NA;37577;C;NA
982;F11-02oka;Manehoko;adult;F;mamiratra;6;mami;#NV;11,8;35,8;21;21,9;7;#NV;36,6;20,9;7,6;80;159;#NV;BR;NA;closed;NA;NA;NA;-13.430277777777778;48.797499999999999;NA;37581;A1;RADSEQ
983;F05-02oka;Manehoko;adult;F;mamiratra;6;mami;#NV;11,3;34,3;20;20,1;5,5;#NV;34,8;20,1;8;80;165;#NV;BR;NA;closed;NA;NA;NA;-13.430277777777778;48.797499999999999;NA;37579;1;RADSEQ
984;M13-02oka;Manehoko;adult;M;mamiratra;6;mami;#NV;11,9;34,5;19,5;20,7;6,6;#NV;37;22;8,7;80;155;#NV;BR;enlarged;NA;NA;NA;NA;-13.430277777777778;48.797499999999999;NA;37583;B1;NA
985;F04-02oka;Manehoko;adult;F;mamiratra;6;mami;#NV;13,3;36,5;21,9;21;6;#NV;37,6;22,7;8,3;80;155;#NV;BR;NA;lactating;NA;NA;NA;-13.430277777777778;48.797499999999999;NA;37579;D;NA
986;F07-02oka;Manehoko;adult;F;mamiratra;6;mami;#NV;12,2;35,3;21,3;22,2;6,9;#NV;36,6;21,8;8,8;85;160;#NV;BR;NA;pregnant;76;NA;NA;-13.430277777777778;48.797499999999999;NA;37581;3;NA
987;F06-02oka;Manehoko;adult;F;mamiratra;6;mami;#NV;12;37,2;21,3;20,8;5,9;#NV;37,7;22,4;8,3;90;155;#NV;BR;NA;pregnant;80;NA;NA;-13.430277777777778;48.797499999999999;NA;37581;2;NA
988;F09-02oka;Manehoko;adult;F;mamiratra;6;mami;#NV;12,2;36;21;22,7;7;#NV;38,7;21,2;8,7;85;160;#NV;BR;NA;pregnant;85;NA;NA;-13.430277777777778;48.797499999999999;NA;37581;AB;NA
989;I01_2015;Maromokotra;adult;F;mamiratra;6;mami;#NV;11,69;#NV;22,16;#NV;6,83;#NV;40,09;21,6;#NV;96;149;#NV;ERD;NA;pregnant;99;red head, red face, yellowish belly, red back, dorsal line;NA;-13.61644914;49.02572558;249;42324;A12;RADSEQ
998;F14-16mibe;Ankaramibe;adult;F;margotmarshae;6;marg;16;12,5;36,5;21;21,2;6,3;7,5;#NV;23,3;9,8;#NV;148;50;AMR;NA;closed_recently;NA;NA;NA;-13.96325;48.202916999999999;332;42606;B2;RADSEQ
999;M12-16mibe;Ankaramibe;adult;M;margotmarshae;6;marg;16,3;11,8;34,8;19,5;22,3;6,8;6,5;#NV;20,8;7,8;#NV;140;50;AMR;regressed;NA;NA;NA;NA;-13.959517;48.201967000000003;320;42609;A4;RADSEQ
1000;F07-16mibe;Ankaramibe;adult;F;margotmarshae;6;marg;16,5;11,3;36,8;20;22;6,8;8,1;#NV;21,8;8;#NV;133;50;AMR;NA;closed;NA;NA;NA;-13.94905;48.203432999999997;228;42603;3;NA
1001;F13-16mibe;Ankaramibe;adult;F;margotmarshae;6;marg;15,8;12,5;34,8;21;22;6,5;7,3;#NV;21,5;9;#NV;151;57;AMR;NA;closed;NA;NA;NA;-13.963017000000001;48.204883000000002;379;42606;B1;RADSEQ
1002;M04-16mibe;Ankaramibe;adult;M;margotmarshae;6;marg;#NV;12,3;36;20,3;22;7,3;8,3;#NV;22;9,8;#NV;135;58;AMR;enlarged;NA;NA;NA;NA;-13.963517;48.206650000000003;425;42590;4;NA
1003;M07-16mibe;Ankaramibe;adult;M;margotmarshae;6;marg;17,3;13,3;35,8;20,5;22;7;8,8;#NV;22,8;8,5;#NV;140;59;AMR;enlarged;NA;NA;NA;NA;-13.958067;48.203932999999999;457;42593;C;NA
1004;F19-16mibe;Ankaramibe;adult;F;margotmarshae;6;marg;16,3;12,5;35,25;21;22,25;7,25;8;#NV;23;8,8;#NV;151;60;AMR;NA;open;NA;NA;NA;-13.965783;48.202249999999999;311;42613;C3;RADSEQ
1005;M03-16mibe;Ankaramibe;adult;M;margotmarshae;6;marg;16,8;10,8;37,5;22;#NV;7,3;7,8;#NV;23,3;8,8;#NV;134;60;AMR;enlarged;NA;NA;NA;NA;-13.963967;48.206150000000001;426;42590;3;NA
1006;F06-16mibe;Ankaramibe;adult;F;margotmarshae;6;marg;18,4;12,5;36,8;21,5;22,8;#NV;7;#NV;21,3;8;#NV;132;60;AMR;NA;closed;NA;NA;NA;-13.958432999999999;48.2042;461;42599;2;NA
1007;M02-16mibe;Ankaramibe;adult;M;margotmarshae;6;marg;16,75;11,5;36,5;20,25;23;6,5;8,75;#NV;21;9,5;#NV;141;61;AMR;enlarged;NA;NA;NA;NA;-13.964532999999999;48.207700000000003;456;42590;2;NA
1008;F03-16mibe;Ankaramibe;adult;F;margotmarshae;6;marg;15,8;11,8;36;20,8;22,8;7,5;7,3;#NV;22,3;8;#NV;148;63;AMR;NA;closed_recently;NA;NA;NA;-13.959267000000001;48.207799999999999;NA;42591;C;NA
1009;F04-16mibe;Ankaramibe;adult;F;margotmarshae;6;marg;18;12,3;36;20,5;23;7,8;7,3;#NV;22;7,8;#NV;139;64;AMR;NA;closed;NA;NA;NA;-13.961499999999999;48.206733;457;42594;D;NA
1010;M05-16mibe;Ankaramibe;adult;M;margotmarshae;6;marg;16,5;11,3;35,8;20,8;23,3;7;7,3;#NV;22,8;9,5;#NV;134;66;AMR;enlarged;NA;NA;NA;NA;-13.960433;48.207149999999999;NA;42591;A;NA
1011;M01-16mibe;Ankaramibe;adult;M;margotmarshae;6;marg;18;13,8;35,5;21,1;22,5;7,3;7,8;#NV;22,3;9;#NV;140;68;AMR;enlarged;NA;NA;NA;NA;-13.963832999999999;48.197699999999998;244;42587;1;NA
1012;M13-16mibe;Ankaramibe;adult;M;margotmarshae;6;marg;17,3;12;36,3;#NV;23;6,5;7,3;#NV;22,5;10;#NV;148;72;AMR;enlarged;NA;NA;NA;NA;-13.965949999999999;48.202199999999998;331;42611;B1;RADSEQ
1013;M06-16mibe;Ankaramibe;adult;M;margotmarshae;6;marg;17;11;38;20,5;23,3;7,8;8;#NV;23,3;8,8;#NV;135;76;AMR;enlarged;NA;NA;NA;NA;-13.9618;48.204999999999998;NA;42591;B3;NA
1014;F02-16mibe;Ankaramibe;adult;F;margotmarshae;6;marg;17,3;12;37;20,3;23,8;6,8;8,5;#NV;21,5;9,8;#NV;136;#NV;AMR;NA;pregnant;80;NA;NA;-13.959267000000001;48.207799999999999;NA;42591;B;NA
1015;M18-16mibe;Ankaramibe;adult;M;margotmarshae;6;marg;15,8;12,3;35,5;20;21,8;6,5;7,8;#NV;21,5;9,5;#NV;135;54;AMR;enlarged;NA;NA;NA;NA;-13.951333;48.193983000000003;178;42615;C2;RADSEQ
1018;RMR131;Marolambo;adult;M;marohita;4;maro;19;#NV;#NV;#NV;#NV;#NV;#NV;#NV;#NV;#NV;#NV;#NV;64;RMR;NA;NA;NA;NA;NA;-20.0602166699999;48.183300000000003;NA;NA;NA;RADSEQ
1019;RMR136;Marolambo;adult;F;marohita;4;maro;19;#NV;#NV;#NV;#NV;#NV;#NV;#NV;#NV;#NV;#NV;145;#NV;RMR;NA;closed;NA;NA;NA;-20.0602166699999;48.183300000000003;NA;NA;NA;RADSEQ
1027;F62-17jabe;Ambanjabe;adult;F;murinus;8;muri_N;19,4;14,4;32,5;18,9;20,9;7,7;6,3;36,2;20,8;8;86;117;42;MBF;NA;closed;NA;NA;C9B490R;-16.330739999999999;46.725729999999999;157;10-08-2017;B3;NA
1028;F70-17jabe;Ambanjabe;adult;F;murinus;8;muri_N;18,6;14,3;31,2;19,1;19,6;8,2;8,8;36,1;18,4;9;85;128;49;MBF;NA;closed;NA;NA;C9A240L;-16.328379999999999;46.71884;157;42958;A13;NA
1029;M43-17jabe;Ambanjabe;adult;M;murinus;8;muri_N;23,2;16,8;32,8;17,2;20,3;#NV;6,5;36,5;21,1;9,3;88;126;50;MBF;regressed;NA;NA;NA;C9B380R;-16.328669999999999;46.720089999999999;157;42953;B3;NA
1030;M86-17jabe;Ambanjabe;adult;M;murinus;8;muri_N;18,9;14,9;#NV;17,9;19,1;8,8;7,4;37,5;19,9;8,5;84;115;52;MBF;enlarged;NA;NA;NA;C9B380L;-16.330590000000001;46.725230000000003;157;42961;BC1;NA
1031;M48-17jabe;Ambanjabe;adult;M;murinus;8;muri_N;19,4;15,8;37,2;20,1;19,2;7,8;5,4;37,7;19,8;8,6;91;112;52;MBF;enlarged;NA;NA;NA;C9A390L;-16.328669999999999;46.720089999999999;157;42954;B1;NA
1032;M49-17jabe;Ambanjabe;adult;M;murinus;8;muri_N;19,2;15,9;31,2;21,9;20,2;7,2;6,2;36,7;20,5;7,8;91;128;54;MBF;regressed;NA;NA;NA;C9A150L;-16.327950000000001;46.717950000000002;157;42954;D3;NA
1033;M87-17jabe;Ambanjabe;adult;M;murinus;8;muri_N;17,8;14,2;32,1;20,3;20,6;8,5;6,3;35,6;20;10,9;82;128;56;MBF;enlarged;NA;NA;NA;C9A150R;-16.327950000000001;46.717950000000002;157;42962;B13;NA
1034;F65-17jabe;Ambanjabe;adult;F;murinus;8;muri_N;17,9;13,3;35,5;19,5;19;8,3;6,9;39,8;22,1;7,8;90;130;57;MBF;NA;closed;NA;NA;C9A440L;-16.328949999999999;46.721159999999998;157;42958;C4;NA
1035;M78-17jabe;Ambanjabe;adult;M;murinus;8;muri_N;17,1;14,2;35,5;17,4;19,9;6,2;7,5;38,3;20,3;8,9;96;135;59;MBF;enlarged;NA;NA;NA;C9B30L;-16.328949999999999;46.721159999999998;157;42961;A24;NA
1036;M69-17jabe;Ambanjabe;adult;M;murinus;8;muri_N;23,1;15,1;33,2;19,5;21,3;6,8;7,6;39,7;20,9;8,6;96;122;60;MBF;enlarged;NA;NA;NA;C9A240R;-16.328379999999999;46.71884;157;42958;AB4;NA
1037;M66-17jabe;Ambanjabe;adult;M;murinus;8;muri_N;25,2;13,8;35,3;21,1;21,9;7,9;6,8;37,4;18,1;8,7;94;125;61;MBF;enlarged;NA;NA;NA;C9A460R;-16.328949999999999;46.721159999999998;157;42958;B12;NA
1038;M47-17jabe;Ambanjabe;adult;M;murinus;8;muri_N;18,5;15,6;32,7;18;20,2;8,6;7,6;35,4;19,5;8,5;99;121;64;MBF;enlarged;NA;NA;NA;C9A380L;-16.328669999999999;46.720089999999999;157;42954;BC3;NA
1039;F140-17jabe;Ambanjabe;adult;F;murinus;8;muri_N;20,3;13,8;30,5;19,7;20,3;6,8;8,3;37,2;20,4;8,1;88;133;52;MBF;NA;open;NA;NA;2FN320L;-16.306576;46.697180000000003;137;42991;C12;RADSEQ
1040;M142-17jabe;Ambanjabe;adult;M;murinus;8;muri_N;17,8;13,8;#NV;17,9;#NV;5,8;7,8;35,8;19,7;8,7;91;124;56;MBF;enlarged;NA;NA;NA;2FN0L;-16.304987000000001;46.698534000000002;137;42991;BD1;RADSEQ
1041;F201-17jabe;Ambanjabe;adult;F;murinus;8;muri_N;21,3;13,7;33,2;19,9;19,5;8;8,4;37,5;21,5;8;85;115;60;MBF;NA;closed;NA;NA;C20A360L;-16.322199999999999;46.722499999999997;145;43030;D24;NA
1066;Ampi1;Ampijoroa;adult;F;murinus;8;muri_N;#NV;13,7;#NV;#NV;#NV;#NV;#NV;#NV;#NV;#NV;#NV;#NV;59;TH;NA;closed;NA;grey;NA;-16.322555999999999;46.827728;NA;34251;NA;NA
1067;Ampi11;Ampijoroa;adult;F;murinus;8;muri_N;#NV;17,5;30,9;22;#NV;#NV;#NV;#NV;23,2;#NV;#NV;#NV;64;TH;NA;closed;NA;grey;NA;-16.322555999999999;46.827728;NA;34638;NA;NA
1068;Ampi2;Ampijoroa;adult;F;murinus;8;muri_N;#NV;14;#NV;#NV;#NV;#NV;#NV;#NV;#NV;#NV;#NV;#NV;65;TH;NA;closed;NA;grey;NA;-16.322555999999999;46.827728;NA;34251;NA;NA
1069;Ampi4;Ampijoroa;adult;F;murinus;8;muri_N;#NV;14,2;34,2;21,6;#NV;#NV;#NV;#NV;24,2;#NV;#NV;#NV;#NV;TH;NA;closed;87;red;NA;-16.322555999999999;46.827728;NA;34635;NA;NA
1070;Ampi72;Ampijoroa;adult;M;murinus;8;muri_N;#NV;13,3;32,75;22,65;#NV;#NV;#NV;#NV;21,45;#NV;#NV;#NV;52;TH;NA;NA;NA;grey;NA;-16.322555999999999;46.827728;NA;34643;NA;NA
1071;Ampi32_3;Ampijoroa;adult;F;murinus;8;muri_N;#NV;11,7;35,4;20,5;#NV;#NV;#NV;#NV;26,9;#NV;#NV;#NV;56;TH;NA;closed;NA;red;NA;-16.322555999999999;46.827728;NA;34639;NA;NA
1072;Ampi33;Ampijoroa;adult;M;murinus;8;muri_N;#NV;13,5;34,5;27,5;#NV;#NV;#NV;#NV;22,6;#NV;#NV;#NV;57;TH;enlarged;NA;NA;grey;NA;-16.322555999999999;46.827728;NA;34640;NA;NA
1073;Ampi32_2;Ampijoroa;adult;F;murinus;8;muri_N;#NV;15;35,8;22,4;#NV;#NV;#NV;#NV;24,8;#NV;#NV;#NV;#NV;TH;NA;pregnant;86;red;NA;-16.322555999999999;46.827728;NA;34640;NA;NA
1074;Ampi22;Ampijoroa;adult;F;murinus;8;muri_N;#NV;15,9;36,7;23,2;#NV;#NV;#NV;#NV;25;#NV;#NV;#NV;#NV;TH;NA;pregnant;94;grey;NA;-16.322555999999999;46.827728;NA;34640;NA;NA
1158;09-03;Ankirihitra;adult;F;murinus;8;muri_N;25;14,7;35,7;21,4;19;5,6;6;36;22;7,8;75;135;43;GO;NA;swollen;NA;age_inferred_from_weight;NA;-16.779399000000002;46.471311;NA;37877;NA;no
1159;04-03;Ankirihitra;adult;F;murinus;8;muri_N;24,8;16,7;34;19,5;19,7;6,1;7,8;35,4;21,1;8,9;78;128;46;GO;NA;closed;NA;age_inferred_from_weight;NA;-16.779399000000002;46.471311;NA;37875;NA;no
1160;02-03;Ankirihitra;adult;F;murinus;8;muri_N;25;16,3;34,7;20,4;19,8;6,4;6,5;36,8;20,8;8,4;82;137;47;GO;NA;closed;NA;age_inferred_from_weight;NA;-16.779399000000002;46.471311;NA;37875;NA;no
1161;01-03;Ankirihitra;adult;F;murinus;8;muri_N;23,5;14,8;33,9;21;20,5;6;7,1;36,7;20,1;8,3;83;135;48;GO;NA;closed;NA;age_inferred_from_weight;NA;-16.779399000000002;46.471311;NA;37875;NA;no
1162;03-03;Ankirihitra;adult;F;murinus;8;muri_N;24,5;16,8;36;20,7;20,6;6,9;7,6;37;22;8,4;87;136;50;GO;NA;swollen;NA;age_inferred_from_weight;NA;-16.779399000000002;46.471311;NA;37875;NA;no
1163;07-03;Ankirihitra;adult;M;murinus;8;muri_N;24,2;14,8;33;19,3;19,7;6,3;6,4;35,8;21,8;7,6;75;135;51;GO;enlarged;NA;NA;age_inferred_from_weight;NA;-16.779399000000002;46.471311;NA;37876;NA;no
1164;06-03;Ankirihitra;adult;F;murinus;8;muri_N;26,8;14,9;35,8;21,7;20,2;5,9;8,8;36,7;22;8,3;85;130;54;GO;NA;NA;NA;age_inferred_from_weight;NA;-16.779399000000002;46.471311;NA;37876;NA;no
1204;MOR129;Beroboka;adult;M;murinus;8;muri_C;#NV;#NV;#NV;#NV;#NV;#NV;#NV;#NV;#NV;#NV;93,6;#NV;62,12;EEL;NA;NA;NA;NA;NA;-19.983305559999899;44.677555560000002;NA;36779;NA;NA
1205;MOR106;Beroboka;adult;M;murinus;8;muri_C;#NV;#NV;#NV;#NV;#NV;#NV;#NV;#NV;#NV;#NV;96,6;#NV;67,95;EEL;NA;NA;NA;NA;NA;-19.983305559999899;44.677555560000002;NA;36776;NA;NA
1206;MOR100;Beroboka;adult;F;murinus;8;muri_C;#NV;#NV;#NV;#NV;#NV;#NV;#NV;#NV;#NV;#NV;104;#NV;68,48;EEL;NA;NA;NA;NA;NA;-19.983305559999899;44.677555560000002;NA;36775;NA;NA
1238;F31-15Bom;Bombetoka;adult;F;murinus;8;muri_N;21;14,5;35;19,3;19,5;6,8;7,3;37,8;22,8;7,8;#NV;135;48;AMR;NA;closed;NA;NA;NA;-15.866667;46.233333000000002;NA;42273;B;NA
1239;M20-15Bom;Bombetoka;adult;M;murinus;8;muri_N;19,8;14;34;18,5;19;7;6,8;37,8;22,25;7,25;#NV;120;50;AMR;enlarged;NA;NA;NA;NA;-15.866667;46.25;NA;42268;A;NA
1240;F30-15Bom;Bombetoka;adult;F;murinus;8;muri_N;21;15;36;19,3;19,5;7;8;37,5;22,8;7,5;#NV;132;53;AMR;NA;swollen;NA;NA;NA;-15.866667;46.233333000000002;NA;42273;1;NA
1241;M29-15Bom;Bombetoka;adult;M;murinus;8;muri_N;22;15;34;18,8;19;7,8;7;37;21,8;7,8;#NV;124;56;AMR;enlarged;NA;NA;NA;NA;-15.866667;46.25;NA;42273;D;NA
1242;M32-15Bom;Bombetoka;adult;M;murinus;8;muri_N;22,3;15;35,5;19,5;20;7,3;6,8;39;23,8;6,8;#NV;130;60;AMR;enlarged;NA;NA;NA;NA;-15.866667;46.25;NA;42273;B;NA
1243;M34-15Bom;Bombetoka;adult;M;murinus;8;muri_N;22,3;15,5;34,5;20,3;20;6,3;6,5;39,5;22,8;8,5;#NV;131;62;AMR;enlarged;NA;NA;NA;NA;-15.880283;46.250183;NA;42273;2;NA
1244;M37-15Bom;Bombetoka;adult;M;murinus;8;muri_N;21;15,5;35,8;18,8;19;6;8;39,3;22,8;8;#NV;132;64;AMR;enlarged;NA;NA;NA;NA;-15.866667;46.25;NA;42273;3;NA
1245;F21-15Bom;Bombetoka;adult;F;murinus;8;muri_N;22,8;17;36;21;20,5;6,8;7;40;23,5;9;#NV;134;65;AMR;NA;NA;NA;NA;NA;-15.866667;46.25;NA;42268;B;NA
1246;M33-15Bom;Bombetoka;adult;M;murinus;8;muri_N;21,8;15,7;35;21;20,3;8;8,3;41,5;23;7,5;#NV;125;70;AMR;enlarged;NA;NA;NA;NA;-15.880267;46.250067000000001;NA;42273;A1;RADSEQ
1247;M17-15Bom;Bombetoka;adult;M;murinus;8;muri_N;22,8;16,3;35;#NV;21;8;7;40,8;23,8;8,5;#NV;130;77;AMR;enlarged;NA;NA;NA;NA;-15.866667;46.233333000000002;NA;42267;C;NA
1248;F51-15Bom;Bombetoka;adult;F;murinus;8;muri_N;20;#NV;35,2;20,8;18,3;5;6;37;20,8;9;#NV;125;52;AMR;NA;closed;NA;NA;NA;-15.866667;46.233333000000002;NA;42284;4;NA
1249;F49-15Bom;Bombetoka;adult;F;murinus;8;muri_N;23;13;34;20;19,5;5,6;5;38,5;22,8;9;#NV;125;53;AMR;NA;closed_recently;NA;NA;NA;-15.866667;46.233333000000002;NA;42284;3;NA
1250;M40-15Bom;Bombetoka;adult;M;murinus;8;muri_N;22;14,5;34,3;21,8;19,5;5;6;39,5;21,8;9,3;#NV;123;54;AMR;enlarged;NA;NA;NA;NA;-15.880516999999999;46.250582999999999;NA;42278;A4;NA
1251;F38-15Bom;Bombetoka;adult;F;murinus;8;muri_N;23,25;#NV;35,75;19,5;18,7;6;5,5;41;20,5;9;#NV;120;56;AMR;NA;closed;NA;NA;NA;-15.880516999999999;46.250582999999999;NA;42278;C;NA
1252;M45-15Bom;Bombetoka;adult;M;murinus;8;muri_N;22,3;#NV;35;21;20;6;6,7;40,5;21,7;9;#NV;125;60;AMR;enlarged;NA;NA;NA;NA;-15.880417;46.250267000000001;NA;42283;4;NA
1253;F47-15Bom;Bombetoka;adult;F;murinus;8;muri_N;22;#NV;34,4;20,5;19,3;6;#NV;38,3;19,3;8,3;#NV;125;61;AMR;NA;closed;NA;NA;NA;-15.866667;46.25;NA;42284;2;NA
1280;66-15;JBA;adult;M;murinus;8;muri_N;19,5;14,5;36,4;19,9;19,3;7,2;7,8;36,4;21,5;8,1;66;132;48;AK;NA;NA;NA;B est;NA;-16.314793999999999;46.812100999999998;NA;42157;NA;NA
1282;58-15;JBA;adult;F;murinus;8;muri_N;17,4;14;33,4;20,9;20,5;5,8;8,7;36,9;22,8;7,2;75;121;52;AK;NA;NA;NA;C 4;NA;-16.314793999999999;46.812100999999998;NA;42157;NA;NA
1283;73-15;JBA;adult;F;murinus;8;muri_N;16,3;#NV;36,4;20,8;19,8;#NV;5,8;37,1;19,3;9,3;87;140;55;AK;NA;NA;NA;Sud 5;NA;-16.314793999999999;46.812100999999998;NA;42161;NA;NA
1284;3-95;JBA;adult;M;murinus;8;muri_N;#NV;13,85;34,35;21,42;21,1;6,15;8,35;38,33;23;8,3;75;133;#NV;UR;NA;NA;NA;NA;NA;-16.314793999999999;46.812100999999998;NA;34867;NA;NA
1285;102-96;JBA;adult;M;murinus;8;muri_N;#NV;16,1;32,4;21,5;22,9;7,3;#NV;37,7;22,7;9,5;83;130;#NV;UR;NA;NA;NA;NA;NA;-16.314793999999999;46.812100999999998;NA;1996;NA;NA
1286;114-96;JBA;adult;M;murinus;8;muri_N;#NV;17,4;33,5;21,4;22,3;7,6;8,2;39,3;20,9;9,3;75;130;#NV;UR;NA;NA;NA;NA;NA;-16.314793999999999;46.812100999999998;NA;1996;NA;NA
1287;124-96;JBA;adult;F;murinus;8;muri_N;#NV;#NV;35;22,2;21,5;7,7;9,3;39,7;24,6;9,8;85;135;#NV;UR;NA;NA;NA;NA;NA;-16.314793999999999;46.812100999999998;NA;1996;NA;NA
1289;1-95;JBA;adult;M;murinus;8;muri_N;#NV;16,55;35,5;19,45;20;7,2;10,2;35,55;21,1;8,65;84;115;#NV;UR;NA;NA;NA;NA;NA;-16.314793999999999;46.812100999999998;NA;1995;NA;NA
1290;2-96;JBA;adult;F;murinus;8;muri_N;#NV;13,3;#NV;17,5;19,5;5,4;7,28;36,5;20,15;6,4;75;130;#NV;UR;NA;NA;NA;NA;NA;-16.314793999999999;46.812100999999998;NA;1996;NA;NA
1291;9-96;JBA;adult;F;murinus;8;muri_N;#NV;15,3;33;22;21;7;8,5;39,5;21,5;7,1;81;131;#NV;UR;NA;NA;NA;NA;NA;-16.314793999999999;46.812100999999998;NA;1996;NA;NA
1292;72-95;JBA;adult;M;murinus;8;muri_N;#NV;12,4;34,8;18,3;20,7;6,3;8,4;36,4;21,7;7,2;90;135;#NV;UR;NA;NA;NA;NA;NA;-16.314793999999999;46.812100999999998;NA;1995;NA;NA
1293;112-96;JBA;adult;M;murinus;8;muri_N;#NV;15,8;35,5;20,4;23,6;8,1;8,7;38,9;23,6;8,5;80;133;#NV;UR;NA;NA;NA;NA;NA;-16.314793999999999;46.812100999999998;NA;1996;NA;NA
1294;17-95;JBA;adult;M;murinus;8;muri_N;#NV;14,9;31,75;20;19,2;6,6;8,4;35,1;21,3;9,2;82;125;#NV;UR;NA;NA;NA;NA;NA;-16.314793999999999;46.812100999999998;NA;1995;NA;NA
1295;104-96;JBA;adult;F;murinus;8;muri_N;#NV;15;35,1;19,9;21,1;7,8;9,6;37,7;21,6;9,8;90;130;#NV;UR;NA;NA;NA;NA;NA;-16.314793999999999;46.812100999999998;NA;1996;NA;NA
1296;4-96;JBA;adult;M;murinus;8;muri_N;#NV;17,1;32,8;21,5;22,6;7,35;8,32;34,5;22,2;6,1;78;132;#NV;UR;NA;NA;NA;NA;NA;-16.314793999999999;46.812100999999998;NA;1996;NA;NA
1297;156-96;JBA;adult;M;murinus;8;muri_N;#NV;13,5;34,8;21;22,6;7,5;8,5;37,8;23,1;8,6;85;127;#NV;UR;NA;NA;NA;NA;NA;-16.314793999999999;46.812100999999998;NA;1996;NA;NA
1298;3-96;JBA;adult;M;murinus;8;muri_N;#NV;16,12;30,85;21,73;21,75;6,5;9,6;40,55;23,3;7,6;80;132;#NV;UR;NA;NA;NA;NA;NA;-16.314793999999999;46.812100999999998;NA;1996;NA;NA
1299;10-95;JBA;adult;M;murinus;8;muri_N;#NV;15,5;34,4;21,7;20,4;6,4;8,4;#NV;21,7;7,6;80;130;#NV;UR;NA;NA;NA;NA;NA;-16.314793999999999;46.812100999999998;NA;1995;NA;NA
1300;110-96;JBA;adult;M;murinus;8;muri_N;#NV;14,6;34,1;19,4;22,9;8;9,1;37,5;20,5;7,3;70;125;#NV;UR;NA;NA;NA;NA;NA;-16.314793999999999;46.812100999999998;NA;1996;NA;NA
1301;1-96;JBA;adult;M;murinus;8;muri_N;#NV;15,5;30,5;18,7;20,3;7,5;9,4;38,3;21,4;6,5;78;125;#NV;UR;NA;NA;NA;NA;NA;-16.314793999999999;46.812100999999998;NA;1996;NA;NA
1302;116-96;JBA;adult;F;murinus;8;muri_N;#NV;16,3;33,2;20,8;21,4;6,4;6,9;35,6;22,2;7,7;81;131;#NV;UR;NA;NA;NA;NA;NA;-16.314793999999999;46.812100999999998;NA;1996;NA;NA
1303;5-96;JBA;adult;M;murinus;8;muri_N;#NV;16,14;31,5;22,8;22,6;7,5;10,4;39,5;20,6;7,5;74;131;#NV;UR;NA;NA;NA;NA;NA;-16.314793999999999;46.812100999999998;NA;1996;NA;NA
1304;6-96;JBA;adult;M;murinus;8;muri_N;#NV;15;32;21,7;20,7;5,9;8,9;37,25;23,2;7,1;77;130;#NV;UR;NA;NA;NA;NA;NA;-16.314793999999999;46.812100999999998;NA;1996;NA;NA
1305;117-96;JBA;adult;F;murinus;8;muri_N;#NV;15,7;34,6;22,3;21,7;7,4;9,1;37,1;23,4;8,5;85;120;#NV;UR;NA;NA;NA;NA;NA;-16.314793999999999;46.812100999999998;NA;1996;NA;NA
1306;25-95;JBA;adult;M;murinus;8;muri_N;#NV;13,8;33,3;21,7;19,9;7,1;9,2;36,6;21;7,9;80;130;#NV;UR;NA;NA;NA;NA;NA;-16.314793999999999;46.812100999999998;NA;1995;NA;NA
1307;23-95;JBA;adult;F;murinus;8;muri_N;#NV;15,9;34,8;20,8;22,3;7,2;9,8;36,15;22,3;10,4;80;130;#NV;UR;NA;NA;NA;NA;NA;-16.314793999999999;46.812100999999998;NA;1995;NA;NA
1308;38-95;JBA;adult;F;murinus;8;muri_N;#NV;15,7;36;21;20,5;7,2;7,6;#NV;24,4;9,7;80;120;#NV;UR;NA;NA;NA;NA;NA;-16.314793999999999;46.812100999999998;NA;1995;NA;NA
1309;133-96;JBA;adult;F;murinus;8;muri_N;#NV;14,8;34,9;20,4;20,5;6,6;6,9;40,9;20,8;8,6;85;130;#NV;UR;NA;NA;NA;NA;NA;-16.314793999999999;46.812100999999998;NA;1996;NA;NA
1310;43-95;JBA;adult;F;murinus;8;muri_N;#NV;14,4;34,3;21,7;20,42;6,17;9,45;35;23,2;8,9;80;123;#NV;UR;NA;NA;NA;NA;NA;-16.314793999999999;46.812100999999998;NA;1995;NA;NA
1311;44-95;JBA;adult;M;murinus;8;muri_N;#NV;14,7;35;21,9;21,8;6,1;8,1;37;20;9,2;85;120;#NV;UR;NA;NA;NA;NA;NA;-16.314793999999999;46.812100999999998;NA;1995;NA;NA
1312;63-95;JBA;adult;F;murinus;8;muri_N;#NV;14,2;34,9;18,9;25,6;6,2;8,1;35,2;22;7,9;85;120;#NV;UR;NA;NA;NA;NA;NA;-16.314793999999999;46.812100999999998;NA;1995;NA;NA
1313;71-95;JBA;adult;F;murinus;8;muri_N;#NV;14,4;35,4;18,8;20,6;6,3;8,1;37,3;19,9;8,3;80;125;#NV;UR;NA;NA;NA;NA;NA;-16.314793999999999;46.812100999999998;NA;1995;NA;NA
1314;14-95;JBA;adult;F;murinus;8;muri_N;#NV;15;31,5;21,8;21,6;6,7;9,6;35,25;23,05;10,7;78;125;#NV;UR;NA;NA;NA;NA;NA;-16.314793999999999;46.812100999999998;NA;1995;NA;NA
1315;65-95;JBA;adult;M;murinus;8;muri_N;#NV;14,8;35,8;17,3;20,4;6,8;8,2;39,8;22,8;9,5;90;120;#NV;UR;NA;NA;NA;NA;NA;-16.314793999999999;46.812100999999998;NA;1995;NA;NA
1316;63-96;JBA;adult;F;murinus;8;muri_N;#NV;14,8;33;21,8;21,8;6,7;9,4;#NV;22;10,1;94;130;#NV;UR;NA;NA;NA;NA;NA;-16.314793999999999;46.812100999999998;NA;1996;NA;NA
1317;65-96;JBA;adult;F;murinus;8;muri_N;#NV;13,5;32,5;19,5;19,5;7,3;7,6;34,1;23,1;9,7;90;130;#NV;UR;NA;NA;NA;NA;NA;-16.314793999999999;46.812100999999998;NA;1996;NA;NA
1318;137-96;JBA;adult;M;murinus;8;muri_N;#NV;16;33,4;19,1;21,2;6,3;8,7;37,6;22,1;9,5;75;120;#NV;UR;NA;NA;NA;NA;NA;-16.314793999999999;46.812100999999998;NA;1996;NA;NA
1319;74-95;JBA;adult;M;murinus;8;muri_N;#NV;13,9;#NV;18;20,9;6,4;8,1;42,5;22,1;9,1;85;128;#NV;UR;NA;NA;NA;NA;NA;-16.314793999999999;46.812100999999998;NA;1995;NA;NA
1320;108-96;JBA;adult;M;murinus;8;muri_N;#NV;16;35,1;19,5;21,1;6,7;8;34,6;20,7;9,3;85;135;#NV;UR;NA;NA;NA;NA;NA;-16.314793999999999;46.812100999999998;NA;1996;NA;NA
1321;126-96;JBA;adult;M;murinus;8;muri_N;#NV;15,4;35,6;19,1;20,5;6,6;8,8;36,8;22,6;8,7;85;130;#NV;UR;NA;NA;NA;NA;NA;-16.314793999999999;46.812100999999998;NA;1996;NA;NA
1322;20-95;JBA;adult;M;murinus;8;muri_N;#NV;15,1;31,8;21,1;20,7;7,2;9,3;35,6;24,3;10,1;80;127;#NV;UR;NA;NA;NA;NA;NA;-16.314793999999999;46.812100999999998;NA;1995;NA;NA
1323;96-96;JBA;adult;F;murinus;8;muri_N;#NV;13,7;35;16,9;20,2;5,9;8;38,75;23,8;7,9;90;133;#NV;UR;NA;NA;NA;NA;NA;-16.314793999999999;46.812100999999998;NA;1996;NA;NA
1324;29-95;JBA;adult;M;murinus;8;muri_N;#NV;16,1;34,9;19,2;22;7,1;8,3;39,3;21,9;9,7;85;135;#NV;UR;NA;NA;NA;NA;NA;-16.314793999999999;46.812100999999998;NA;1995;NA;NA
1325;37-95;JBA;adult;F;murinus;8;muri_N;#NV;14;36,7;20,7;21,5;7,7;9,7;42,8;23;9,7;90;135;#NV;UR;NA;NA;NA;NA;NA;-16.314793999999999;46.812100999999998;NA;1995;NA;NA
1326;70-95;JBA;adult;M;murinus;8;muri_N;#NV;15,3;35,4;18,8;20,8;6,9;8,1;41,5;21,1;8,8;85;125;#NV;UR;NA;NA;NA;NA;NA;-16.314793999999999;46.812100999999998;NA;1995;NA;NA
1327;81-96;JBA;adult;M;murinus;8;muri_N;#NV;15,4;34,5;21;21,2;7,5;9,3;39;19,9;10,2;90;130;#NV;UR;NA;NA;NA;NA;NA;-16.314793999999999;46.812100999999998;NA;1996;NA;NA
1328;150-96;JBA;adult;M;murinus;8;muri_N;#NV;15,7;34,8;20;22,4;7,7;9,2;38,8;20,7;8,3;85;125;#NV;UR;NA;NA;NA;NA;NA;-16.314793999999999;46.812100999999998;NA;1996;NA;NA
1329;95-96;JBA;adult;M;murinus;8;muri_N;#NV;15,7;34,9;20;21,3;7,6;9,7;37,4;20,85;8,6;90;130;#NV;UR;NA;NA;NA;NA;NA;-16.314793999999999;46.812100999999998;NA;1996;NA;NA
1330;7-96;JBA;adult;F;murinus;8;muri_N;#NV;15,4;32,9;23,75;21;7,3;10;39,8;21,95;7,35;85;136;#NV;UR;NA;NA;NA;NA;NA;-16.314793999999999;46.812100999999998;NA;1996;NA;NA
1331;125-96;JBA;adult;M;murinus;8;muri_N;#NV;16,6;36,6;19,9;22,2;7,8;9,8;40;22,5;8;82;125;#NV;UR;NA;NA;NA;NA;NA;-16.314793999999999;46.812100999999998;NA;1996;NA;NA
1332;128-96;JBA;adult;F;murinus;8;muri_N;#NV;14,9;36,3;20;21,85;6,4;8,95;36,35;20,75;10,8;85;135;#NV;UR;NA;NA;NA;NA;NA;-16.314793999999999;46.812100999999998;NA;1996;NA;NA
1333;115-96;JBA;adult;M;murinus;8;muri_N;#NV;14,6;35,6;20,6;23;7,3;10;40,6;21,1;8,9;85;135;#NV;UR;NA;NA;NA;NA;NA;-16.314793999999999;46.812100999999998;NA;1996;NA;NA
1334;148-96;JBA;adult;M;murinus;8;muri_N;#NV;14,8;33,9;20,2;21,2;6,7;7,7;39,3;22,8;10,9;82;122;#NV;UR;NA;NA;NA;NA;NA;-16.314793999999999;46.812100999999998;NA;1996;NA;NA
1335;119-96;JBA;adult;M;murinus;8;muri_N;#NV;14,4;34,2;19,4;22,4;4,1;6,1;38,6;21,6;10,3;80;130;#NV;UR;NA;NA;NA;NA;NA;-16.314793999999999;46.812100999999998;NA;1996;NA;NA
1336;157-96;JBA;adult;F;murinus;8;muri_N;#NV;#NV;#NV;22,1;23,1;7,2;9,6;38,95;22,45;9,2;100;135;#NV;UR;NA;NA;NA;NA;NA;-16.314793999999999;46.812100999999998;NA;1996;NA;NA
1337;129-96;JBA;adult;F;murinus;8;muri_N;#NV;17,4;32,1;20,1;21,4;6,7;8,5;36,4;20,4;9,1;92;125;#NV;UR;NA;NA;NA;NA;NA;-16.314793999999999;46.812100999999998;NA;1996;NA;NA
1338;135-96;JBA;adult;M;murinus;8;muri_N;#NV;16,1;34,9;20,1;20,4;6,9;8;38,4;20;9,1;85;122;#NV;UR;NA;NA;NA;NA;NA;-16.314793999999999;46.812100999999998;NA;1996;NA;NA
1339;145-96;JBA;adult;M;murinus;8;muri_N;#NV;15,7;33,5;21,9;21,2;7,6;7,5;38,9;22,6;8,8;90;130;#NV;UR;NA;NA;NA;NA;NA;-16.314793999999999;46.812100999999998;NA;1996;NA;NA
1340;121-96;JBA;adult;M;murinus;8;muri_N;#NV;14,8;33,9;19,1;20,2;7,1;6,8;34,5;20,9;9,5;80;125;#NV;UR;NA;NA;NA;NA;NA;-16.314793999999999;46.812100999999998;NA;1996;NA;NA
1341;77-96;JBA;adult;M;murinus;8;muri_N;#NV;16,5;34,4;18,7;21,1;7,9;8;36,1;22,6;8,3;90;138;#NV;UR;NA;NA;NA;NA;NA;-16.314793999999999;46.812100999999998;NA;1996;NA;NA
1342;11-95;JBA;adult;M;murinus;8;muri_N;#NV;15,9;34,6;22,45;21,4;7,7;9,4;40;22,45;9,7;83;130;#NV;UR;NA;NA;NA;NA;NA;-16.314793999999999;46.812100999999998;NA;1995;NA;NA
1343;118-96;JBA;adult;F;murinus;8;muri_N;#NV;14,9;34,6;18,9;20,7;6,8;8,3;#NV;20,3;8,8;90;132;#NV;UR;NA;NA;NA;NA;NA;-16.314793999999999;46.812100999999998;NA;1996;NA;NA
1344;130-96;JBA;adult;F;murinus;8;muri_N;#NV;15,9;35,6;19,3;21,8;6,6;8,3;37,1;21,8;9,7;95;132;#NV;UR;NA;NA;NA;NA;NA;-16.314793999999999;46.812100999999998;NA;1996;NA;NA
1345;132-96;JBA;adult;M;murinus;8;muri_N;#NV;14,2;33,9;21,5;20,1;6,5;7,6;36,8;22,1;9,8;85;135;#NV;UR;NA;NA;NA;NA;NA;-16.314793999999999;46.812100999999998;NA;1996;NA;NA
1346;136-96;JBA;adult;M;murinus;8;muri_N;#NV;14,5;34,6;21,8;20,7;6,3;8,4;41;20,5;9,1;90;130;#NV;UR;NA;NA;NA;NA;NA;-16.314793999999999;46.812100999999998;NA;1996;NA;NA
1347;140-96;JBA;adult;M;murinus;8;muri_N;#NV;14,1;35,9;20,3;21;7,1;8,8;39,6;21,6;10,5;90;135;#NV;UR;NA;NA;NA;NA;NA;-16.314793999999999;46.812100999999998;NA;1996;NA;NA
1348;111-96;JBA;adult;M;murinus;8;muri_N;#NV;15,9;34;21,6;21;7,4;7,7;38,2;21,3;9,9;83;125;#NV;UR;NA;NA;NA;NA;NA;-16.314793999999999;46.812100999999998;NA;1996;NA;NA
1349;149-96;JBA;adult;F;murinus;8;muri_N;#NV;15,6;35,6;22,6;21,6;7;7,7;40;21,4;8,3;95;115;#NV;UR;NA;NA;NA;NA;NA;-16.314793999999999;46.812100999999998;NA;1996;NA;NA
1350;78-96;JBA;adult;F;murinus;8;muri_N;#NV;14,2;34;19,5;22;7,2;8;36,3;22,5;9,5;85;127;#NV;UR;NA;NA;NA;NA;NA;-16.314793999999999;46.812100999999998;NA;1996;NA;NA
1352;106-96;JBA;adult;M;murinus;8;muri_N;#NV;15,5;34,6;22;20,8;6,8;8,6;37,3;22,7;9,3;90;125;#NV;UR;NA;NA;NA;NA;NA;-16.314793999999999;46.812100999999998;NA;1996;NA;NA
1353;75-95;JBA;adult;M;murinus;8;muri_N;#NV;15,7;30,4;17,3;19;7,2;7,9;40,7;23;9;83;135;#NV;UR;NA;NA;NA;NA;NA;-16.314793999999999;46.812100999999998;NA;1995;NA;NA
1354;8-96;JBA;adult;M;murinus;8;muri_N;#NV;16,7;31;21,7;19,5;7,2;8,2;40,8;20,5;6,4;87;132;#NV;UR;NA;NA;NA;NA;NA;-16.314793999999999;46.812100999999998;NA;1996;NA;NA
1355;120-96;JBA;adult;F;murinus;8;muri_N;#NV;16,3;37;20,8;22,1;6,8;8,4;40,1;21,7;9,9;95;125;#NV;UR;NA;NA;NA;NA;NA;-16.314793999999999;46.812100999999998;NA;1996;NA;NA
1356;64-95;JBA;adult;M;murinus;8;muri_N;#NV;14;35,1;18,7;#NV;7,9;10,4;39,8;21,2;9,8;85;122;#NV;UR;NA;NA;NA;NA;NA;-16.314793999999999;46.812100999999998;NA;1995;NA;NA
1357;26-96;JBA;adult;M;murinus;8;muri_N;#NV;15,1;34;20,2;20,4;7,8;9,2;39,3;22,7;11,2;90;135;#NV;UR;NA;NA;NA;NA;NA;-16.314793999999999;46.812100999999998;NA;1996;NA;NA
1358;155-96;JBA;adult;F;murinus;8;muri_N;#NV;15,7;36,4;17,3;21,3;7,6;9,1;39,2;22,5;9,7;90;130;#NV;UR;NA;NA;NA;NA;NA;-16.314793999999999;46.812100999999998;NA;1996;NA;NA
1359;139-96;JBA;adult;M;murinus;8;muri_N;#NV;15;33,5;19;19,9;6,2;8,1;39,1;21;9,3;80;118;#NV;UR;NA;NA;NA;NA;NA;-16.314793999999999;46.812100999999998;NA;1996;NA;NA
1360;105-96;JBA;adult;F;murinus;8;muri_N;#NV;15,9;32,4;21,4;21;6,9;8,1;38,2;22,9;9,6;90;135;#NV;UR;NA;NA;NA;NA;NA;-16.314793999999999;46.812100999999998;NA;1996;NA;NA
1363;102-15;JBA;adult;M;murinus;8;muri_N;22,9;15,9;32;21,1;18,9;7,2;6,5;35,6;22,1;8,4;86;105;47;AK;NA;NA;NA;C est;NA;-16.314793999999999;46.812100999999998;NA;42209;NA;NA
1364;100-15;JBA;adult;F;murinus;8;muri_N;20,5;14,8;32,3;21,4;19,9;6,2;5,8;37,4;21,9;6,8;85;115;49;AK;NA;NA;NA;E 1;NA;-16.314793999999999;46.812100999999998;NA;42207;NA;NA
1365;91-15;JBA;adult;M;murinus;8;muri_N;21,4;15,8;32,7;22,9;20,1;5,5;7,4;37,2;22,5;7,9;89;127;49;AK;NA;NA;NA;E 7;NA;-16.314793999999999;46.812100999999998;NA;42188;NA;NA
1366;88-15;JBA;adult;F;murinus;8;muri_N;21,7;14,9;34,2;23;21,4;6,5;8,1;38,1;22,8;9,6;90;111;49;AK;NA;NA;NA;Sud 1;NA;-16.314793999999999;46.812100999999998;NA;42186;NA;NA
1367;F41-11JBA;JBA;adult;F;murinus;8;muri_N;19,4;14,9;33,7;19,6;20,4;5,2;6,4;37,2;#NV;6,1;79;127;50;SK;NA;closed;NA;NA;NA;-16.32;46.8;NA;40746;C;NA
1368;70-11;JBA;adult;M;murinus;8;muri_N;22,5;16;36,5;22,3;18,8;6,7;6,6;41;23;9,1;90;124;57;AK;NA;NA;NA;C 3;NA;-16.314793999999999;46.812100999999998;NA;42207;NA;NA
1371;114-15;JBA;adult;M;murinus;8;muri_N;24;16;32;20,5;18,3;#NV;9,1;#NV;22,9;8,3;77;119;47;AK;NA;NA;NA;Sud 5;NA;-16.314793999999999;46.812100999999998;NA;42243;NA;NA
1372;M08-13JBA;JBA;adult;M;murinus;8;muri_N;21,7;16,7;32,8;#NV;21,6;6,7;8,9;37,8;21,7;8,9;85;136;50;RZ;enlarged;NA;NA;NA;NA;-16.32;46.8;NA;41501;A2;NA
1373;F57-13JBA;JBA;adult;F;murinus;8;muri_N;20;13,3;33,9;#NV;21,1;7,2;9,5;40,6;22,8;8,3;80;#NV;51;RZ;NA;closed;NA;NA;NA;-16.32;46.8;NA;41506;B4;NA
1374;M06-13JBA;JBA;adult;M;murinus;8;muri_N;21,7;16,1;33,9;#NV;20,6;6,7;8,3;36,7;20,6;9,4;85;131;51;RZ;enlarged;NA;NA;NA;NA;-16.32;46.8;NA;41501;B3;NA
1375;M44-13JBA;JBA;adult;M;murinus;8;muri_N;20,5;15,6;35,5;#NV;21,6;7,8;7,8;40,6;21,1;8,3;84;139;52;RZ;enlarged;NA;NA;NA;NA;-16.32;46.8;NA;41506;AB2;RADSEQ
1376;M22-13JBA;JBA;adult;M;murinus;8;muri_N;24;13,6;31,7;#NV;20;6,1;6,8;39,5;20,8;7,3;77;129;52;RZ;enlarged;NA;NA;NA;NA;-16.32;46.8;NA;41504;AC;NA
1377;50-13;JBA;adult;M;murinus;8;muri_N;20,8;14,9;33,5;20,7;#NV;5,6;6,9;36,3;21,9;8,9;90;120;53;AK;NA;NA;NA;Sud 8;NA;-16.314793999999999;46.812100999999998;NA;42217;NA;NA
1378;M03-13JBA;JBA;adult;M;murinus;8;muri_N;21,1;15,5;34,2;#NV;21;5;8;37;23;9,2;72;130;54;RZ;enlarged;NA;NA;NA;NA;-16.32;46.8;NA;41501;A4;NA
1379;F56-13JBA;JBA;adult;F;murinus;8;muri_N;21,7;16,6;36,1;#NV;#NV;7,2;8,9;41,6;22,8;8,3;82;138;56;RZ;NA;closed;NA;NA;NA;-16.32;46.8;NA;41506;AC;RADSEQ
1380;F05-13JBA;JBA;adult;F;murinus;8;muri_N;24,8;15,1;33,8;#NV;21,7;6;8;37,6;22;8,4;73;142;56;RZ;NA;closed;NA;NA;NA;-16.32;46.8;NA;41501;A4;NA
1381;112-15;JBA;adult;M;murinus;8;muri_N;21,9;14,5;34;20;19,1;#NV;8,5;37,4;23,3;7,5;90;111;57;AK;NA;NA;NA;F west;NA;-16.314793999999999;46.812100999999998;NA;42243;NA;NA
1382;109-15;JBA;adult;M;murinus;8;muri_N;23,4;16,4;32,8;18,7;18,5;5,4;7;35,5;21,9;8;87;122;57;AK;NA;NA;NA;G 2;NA;-16.314793999999999;46.812100999999998;NA;42241;NA;NA
1383;M53-11JBA;JBA;adult;M;murinus;8;muri_N;21,6;15,9;34,3;22,2;20,3;4,2;6,6;39,3;#NV;6,3;80;115;58;SK;enlarged;NA;NA;NA;NA;-16.32;46.8;NA;40771;AD;NA
1384;113-15;JBA;adult;M;murinus;8;muri_N;22,7;#NV;33,9;20,8;20,4;6;6,1;38,7;21,5;8,4;84;117;61;AK;NA;NA;NA;Sud 8;NA;-16.314793999999999;46.812100999999998;NA;42243;NA;NA
1387;119-15;JBA;adult;M;murinus;8;muri_N;23,1;17;#NV;21,9;20,8;6;8,6;37;22;8,1;75;117;48;AK;NA;NA;NA;Sud 3;NA;-16.314793999999999;46.812100999999998;NA;42252;NA;NA
1388;125-15;JBA;adult;M;murinus;8;muri_N;22,1;15;32,1;22;20,1;6,8;6,1;40,2;21,9;9,1;72;120;49;AK;NA;NA;NA;C west;NA;-16.314793999999999;46.812100999999998;NA;42276;NA;NA
1389;123-15;JBA;adult;M;murinus;8;muri_N;23,7;14,4;32,3;20,1;21,3;6,1;8;37,7;20,7;8,4;90;120;53;AK;NA;NA;NA;G est;NA;-16.314793999999999;46.812100999999998;NA;42268;NA;NA
1390;M66-11JBA;JBA;adult;M;murinus;8;muri_N;23,7;16,4;33,3;22,4;19,8;5,7;6,8;35,3;#NV;#NV;72;115;54;SK;enlarged;NA;NA;NA;NA;-16.32;46.8;NA;40798;AB;NA
1391;M61-11JBA;JBA;adult;M;murinus;8;muri_N;21,2;14,5;34,6;21,6;20;5,4;6,1;35,9;#NV;#NV;77;126;56;SK;enlarged;NA;NA;NA;NA;-16.32;46.8;NA;40795;BC;NA
1392;120-15;JBA;adult;M;murinus;8;muri_N;24,4;#NV;35;22,2;20,4;7,2;6,5;36,5;20,6;8,5;75;125;57;AK;NA;NA;NA;Sud est;NA;-16.314793999999999;46.812100999999998;NA;42252;NA;NA
1393;124-15;JBA;adult;F;murinus;8;muri_N;24,6;13,5;35,8;23,3;21,6;7,3;7,1;39;22,2;7,8;88;125;59;AK;NA;NA;NA;Nord 5;NA;-16.314793999999999;46.812100999999998;NA;42276;NA;NA
1394;135-15;JBA;adult;M;murinus;8;muri_N;23,9;14,3;35,5;21,6;20,8;6,3;5,5;38,6;21,7;8,6;72;114;52;AK;NA;NA;NA;Sud 2;NA;-16.314793999999999;46.812100999999998;NA;42301;NA;NA
1395;130-15;JBA;adult;F;murinus;8;muri_N;23,6;14,8;34,9;22,5;20;6,2;8,1;39,4;22,7;9,5;75;118;60;AK;NA;NA;NA;Nord ouest;NA;-16.314793999999999;46.812100999999998;NA;42280;NA;NA
1402;16-13;JBB;adult;M;murinus;8;muri_N;21,9;15,3;34,1;21,7;21;6,4;7,4;#NV;21,9;7,8;81;117;60;AK;NA;NA;NA;20;NA;-16.1344722199999;46.811527779999999;NA;42227;NA;NA
1413;0696AD0A;Kirindy;adult;M;murinus;8;muri_C;#NV;#NV;34,8;22,2;#NV;#NV;#NV;#NV;#NV;#NV;94;149;59;MD;enlarged;NA;NA;NA;NA;-20.0459779799999;44.54847427;NA;39706;NA;NA
1414;01F142D3;Kirindy;adult;F;murinus;8;muri_C;#NV;#NV;35,4;22,2;#NV;#NV;#NV;#NV;#NV;#NV;115;156;68;MD;NA;NA;NA;NA;NA;-20.0459779799999;44.54847427;NA;40078;NA;NA
1415;06965E1C;Kirindy;adult;M;murinus;8;muri_C;#NV;#NV;35,4;22,3;#NV;#NV;#NV;#NV;#NV;#NV;103;149;70;MD;enlarged;NA;NA;NA;NA;-20.0459779799999;44.54847427;NA;39703;NA;NA
1416;06955E2A;Kirindy;adult;M;murinus;8;muri_C;#NV;#NV;35,8;22;#NV;#NV;#NV;#NV;#NV;#NV;107;182;71;MD;enlarged;NA;NA;NA;NA;-20.0459779799999;44.54847427;NA;39703;NA;NA
1417;06963D07;Kirindy;adult;M;murinus;8;muri_C;#NV;#NV;35,8;22;#NV;#NV;#NV;#NV;#NV;#NV;110;136;73;MD;enlarged;NA;NA;NA;NA;-20.0459779799999;44.54847427;NA;39703;NA;NA
1418;06956D64;Kirindy;adult;M;murinus;8;muri_C;#NV;#NV;35,9;22,6;#NV;#NV;#NV;#NV;#NV;#NV;110;#NV;80;MD;enlarged;NA;NA;NA;NA;-20.0459779799999;44.54847427;NA;39703;NA;NA
1419;04500311;Kirindy;adult;F;murinus;8;muri_C;#NV;#NV;32,6;19,7;#NV;#NV;#NV;#NV;#NV;#NV;78;129;42;MD;NA;NA;NA;NA;NA;-20.0459779799999;44.54847427;NA;41191;NA;NA
1420;04508619;Kirindy;adult;F;murinus;8;muri_C;#NV;#NV;32,1;20,8;#NV;#NV;#NV;#NV;#NV;#NV;80;128;43;MD;NA;NA;NA;NA;NA;-20.0459779799999;44.54847427;NA;41186;NA;NA
1421;04500189;Kirindy;adult;F;murinus;8;muri_C;#NV;#NV;33,8;20,8;#NV;#NV;#NV;#NV;#NV;#NV;88;132;45;MD;NA;NA;NA;NA;NA;-20.0459779799999;44.54847427;NA;41186;NA;NA
1422;1140;Kirindy;adult;F;murinus;8;muri_C;#NV;#NV;36,2;19,5;#NV;#NV;#NV;#NV;20,2;#NV;98,8;127;48;TH;NA;swollen;NA;grey;NA;-20.075489000000001;44.631041000000003;NA;34624;NA;NA
1423;04498077;Kirindy;adult;F;murinus;8;muri_C;#NV;#NV;33;20,9;#NV;#NV;#NV;#NV;#NV;#NV;87;143;50;MD;NA;NA;NA;NA;NA;-20.0459779799999;44.54847427;NA;41186;NA;NA
1424;3A13;Kirindy;adult;F;murinus;8;muri_C;#NV;#NV;33;17,2;#NV;#NV;#NV;#NV;19,9;#NV;97;132;51;TH;NA;swollen;NA;grey;NA;-20.075489000000001;44.631041000000003;NA;34624;NA;NA
1425;04494699;Kirindy;adult;M;murinus;8;muri_C;#NV;#NV;33,4;20,8;#NV;#NV;#NV;#NV;#NV;#NV;88;144;53;MD;NA;NA;NA;NA;NA;-20.0459779799999;44.54847427;NA;41186;NA;NA
1426;04795662;Kirindy;adult;M;murinus;8;muri_C;#NV;#NV;33,3;21,4;#NV;#NV;#NV;#NV;#NV;#NV;94;135;53;MD;NA;NA;NA;NA;NA;-20.0459779799999;44.54847427;NA;41193;NA;NA
1427;6C5A;Kirindy;adult;F;murinus;8;muri_C;#NV;#NV;33,4;20;#NV;#NV;#NV;#NV;20,6;#NV;87,6;120;54;TH;NA;open;NA;grey;NA;-20.075489000000001;44.631041000000003;NA;34624;NA;NA
1428;DB63;Kirindy;adult;M;murinus;8;muri_C;#NV;#NV;33,1;20,5;#NV;#NV;#NV;#NV;20;#NV;109,9;130;54;TH;enlarged;NA;NA;grey;NA;-20.075489000000001;44.631041000000003;NA;34624;NA;NA
1429;04793545;Kirindy;adult;F;murinus;8;muri_C;#NV;#NV;34;21,2;#NV;#NV;#NV;#NV;#NV;#NV;90;144;54;MD;NA;NA;NA;NA;NA;-20.0459779799999;44.54847427;NA;41186;NA;NA
1430;6BCBa;Kirindy;adult;M;murinus;8;muri_C;#NV;#NV;31;20,1;#NV;#NV;#NV;#NV;19,6;#NV;95;121;55;TH;enlarged;NA;NA;grey;NA;-20.075489000000001;44.631041000000003;NA;34624;NA;NA
1431;8CBE;Kirindy;adult;F;murinus;8;muri_C;#NV;#NV;34,7;21;#NV;#NV;#NV;#NV;22;#NV;111,3;142;#NV;TH;NA;pregnant;55;grey;NA;-20.075489000000001;44.631041000000003;NA;34624;NA;NA
1432;295A;Kirindy;adult;F;murinus;8;muri_C;#NV;#NV;35,4;20;#NV;#NV;#NV;#NV;22,6;#NV;106,6;138;56;TH;NA;closed;NA;grey;NA;-20.075489000000001;44.631041000000003;NA;34618;NA;NA
1433;DCE1;Kirindy;adult;F;murinus;8;muri_C;#NV;#NV;34,2;22,6;#NV;#NV;#NV;#NV;18,5;#NV;94,8;126;56;TH;NA;open;NA;grey;NA;-20.075489000000001;44.631041000000003;NA;34624;NA;NA
1434;04497549;Kirindy;adult;F;murinus;8;muri_C;#NV;#NV;34;21,1;#NV;#NV;#NV;#NV;#NV;#NV;95;136;56;MD;NA;NA;NA;NA;NA;-20.0459779799999;44.54847427;NA;41185;NA;NA
1435;04504174;Kirindy;adult;F;murinus;8;muri_C;#NV;#NV;35,1;21,9;#NV;#NV;#NV;#NV;#NV;#NV;94;152;56;MD;NA;NA;NA;NA;NA;-20.0459779799999;44.54847427;NA;41194;NA;NA
1436;04795425;Kirindy;adult;M;murinus;8;muri_C;#NV;#NV;31,8;20,6;#NV;#NV;#NV;#NV;#NV;#NV;90;132;57;MD;NA;NA;NA;NA;NA;-20.0459779799999;44.54847427;NA;41205;NA;NA
1437;4235;Kirindy;adult;M;murinus;8;muri_C;#NV;#NV;29,3;22,5;#NV;#NV;#NV;#NV;19,5;#NV;97,7;115;58;TH;enlarged;NA;NA;grey;NA;-20.075489000000001;44.631041000000003;NA;34624;NA;NA
1438;0656;Kirindy;adult;M;murinus;8;muri_C;#NV;#NV;33,7;22,3;#NV;#NV;#NV;#NV;20;#NV;92,3;126;58;TH;enlarged;NA;NA;grey;NA;-20.075489000000001;44.631041000000003;NA;34619;NA;NA
1439;D892;Kirindy;adult;M;murinus;8;muri_C;#NV;#NV;32,3;19,5;#NV;#NV;#NV;#NV;21,4;#NV;102,7;126;59;TH;enlarged;NA;NA;grey;NA;-20.075489000000001;44.631041000000003;NA;34624;NA;NA
1440;D64C;Kirindy;adult;F;murinus;8;muri_C;#NV;#NV;34,5;20,5;#NV;#NV;#NV;#NV;20,3;#NV;112,5;132;60;TH;NA;open;NA;grey;NA;-20.075489000000001;44.631041000000003;NA;34624;NA;NA
1441;28BA;Kirindy;adult;M;murinus;8;muri_C;#NV;#NV;34,4;21;#NV;#NV;#NV;#NV;22,4;#NV;103,6;140;61;TH;enlarged;NA;NA;grey;NA;-20.075489000000001;44.631041000000003;NA;34618;NA;NA
1442;054F;Kirindy;adult;F;murinus;8;muri_C;#NV;#NV;36;20,8;#NV;#NV;#NV;#NV;22,9;#NV;109;125;62;TH;NA;closed;NA;grey;NA;-20.075489000000001;44.631041000000003;NA;34619;NA;NA
1443;04507812;Kirindy;adult;F;murinus;8;muri_C;#NV;#NV;34,3;22,2;#NV;#NV;#NV;#NV;#NV;#NV;103;135;62;MD;NA;NA;NA;NA;NA;-20.0459779799999;44.54847427;NA;41192;NA;NA
1444;04793948;Kirindy;adult;M;murinus;8;muri_C;#NV;#NV;34,9;22,4;#NV;#NV;#NV;#NV;#NV;#NV;102;149;62;MD;NA;NA;NA;NA;NA;-20.0459779799999;44.54847427;NA;41205;NA;NA
1445;04514976;Kirindy;adult;F;murinus;8;muri_C;#NV;#NV;33,4;22,1;#NV;#NV;#NV;#NV;#NV;#NV;100;156;63;MD;NA;NA;NA;NA;NA;-20.0459779799999;44.54847427;NA;41205;NA;NA
1446;C995;Kirindy;adult;F;murinus;8;muri_C;#NV;#NV;34,7;20;#NV;#NV;#NV;#NV;20,5;#NV;113,3;135;64;TH;NA;open;NA;grey;NA;-20.075489000000001;44.631041000000003;NA;34624;NA;NA
1447;F8F4;Kirindy;adult;M;murinus;8;muri_C;#NV;#NV;35,7;21;#NV;#NV;#NV;#NV;23,4;#NV;102,3;140;64;TH;enlarged;NA;NA;grey;NA;-20.075489000000001;44.631041000000003;NA;34618;NA;NA
1448;0F95;Kirindy;adult;F;murinus;8;muri_C;#NV;#NV;28,3;18,5;#NV;#NV;#NV;#NV;21,1;#NV;105,7;120;65;TH;NA;open;NA;grey;NA;-20.075489000000001;44.631041000000003;NA;34624;NA;NA
1449;47F2;Kirindy;adult;F;murinus;8;muri_C;#NV;#NV;36,1;20,9;#NV;#NV;#NV;#NV;22;#NV;105,9;138;65;TH;NA;open;NA;grey;NA;-20.075489000000001;44.631041000000003;NA;34619;NA;NA
1450;31F3;Kirindy;adult;M;murinus;8;muri_C;#NV;#NV;34,3;20,4;#NV;#NV;#NV;#NV;21,6;#NV;102,7;139;66;TH;enlarged;NA;NA;grey;NA;-20.075489000000001;44.631041000000003;NA;34624;NA;NA
1451;12F2;Kirindy;adult;M;murinus;8;muri_C;#NV;#NV;31;21,3;#NV;#NV;#NV;#NV;21,4;#NV;104;132;66;TH;enlarged;NA;NA;grey;NA;-20.075489000000001;44.631041000000003;NA;34627;NA;NA
1452;64CB;Kirindy;adult;M;murinus;8;muri_C;#NV;#NV;33,6;19,9;#NV;#NV;#NV;#NV;24,6;#NV;93,4;145;67;TH;enlarged;NA;NA;grey;NA;-20.075489000000001;44.631041000000003;NA;34624;NA;NA
1453;109C;Kirindy;adult;M;murinus;8;muri_C;#NV;#NV;28,4;22;#NV;#NV;#NV;#NV;20;#NV;114,6;135;67;TH;enlarged;NA;NA;grey;NA;-20.075489000000001;44.631041000000003;NA;34624;NA;NA
1454;405A;Kirindy;adult;M;murinus;8;muri_C;#NV;#NV;33,3;17,3;#NV;#NV;#NV;#NV;22,5;#NV;94,7;122;69;TH;enlarged;NA;NA;grey;NA;-20.075489000000001;44.631041000000003;NA;34624;NA;NA
1455;3533;Kirindy;adult;M;murinus;8;muri_C;#NV;#NV;36,2;20,6;#NV;#NV;#NV;#NV;24,1;#NV;103,8;140;69;TH;enlarged;NA;NA;grey;NA;-20.075489000000001;44.631041000000003;NA;34618;NA;NA
1456;107B;Kirindy;adult;M;murinus;8;muri_C;#NV;#NV;34,9;22,2;#NV;#NV;#NV;#NV;22,1;#NV;98,1;128;70;TH;enlarged;NA;NA;grey;NA;-20.075489000000001;44.631041000000003;NA;34619;NA;NA
1457;3540;Kirindy;adult;M;murinus;8;muri_C;#NV;#NV;36,7;21,9;#NV;#NV;#NV;#NV;23,7;#NV;108,3;138;70;TH;enlarged;NA;NA;grey;NA;-20.075489000000001;44.631041000000003;NA;34619;NA;NA
1458;45FE;Kirindy;adult;M;murinus;8;muri_C;#NV;#NV;28,5;21,1;#NV;#NV;#NV;#NV;20,4;#NV;108,5;130;72;TH;enlarged;NA;NA;grey;NA;-20.075489000000001;44.631041000000003;NA;34624;NA;NA
1459;A68C;Kirindy;adult;M;murinus;8;muri_C;#NV;#NV;34,3;21,8;#NV;#NV;#NV;#NV;23;#NV;100,7;130;72;TH;enlarged;NA;NA;grey;NA;-20.075489000000001;44.631041000000003;NA;34618;NA;NA
1460;04794424;Kirindy;adult;M;murinus;8;muri_C;#NV;#NV;34,4;21,9;#NV;#NV;#NV;#NV;#NV;#NV;105;143;72;MD;NA;NA;NA;NA;NA;-20.0459779799999;44.54847427;NA;41186;NA;NA
1461;CF80;Kirindy;adult;M;murinus;8;muri_C;#NV;#NV;33,7;22;#NV;#NV;#NV;#NV;20,3;#NV;106,3;135;73;TH;enlarged;NA;NA;grey;NA;-20.075489000000001;44.631041000000003;NA;34620;NA;NA
1462;293D;Kirindy;adult;M;murinus;8;muri_C;#NV;#NV;33,9;22,3;#NV;#NV;#NV;#NV;22,1;#NV;99,1;123;74;TH;enlarged;NA;NA;grey;NA;-20.075489000000001;44.631041000000003;NA;34624;NA;NA
1463;9496;Kirindy;adult;M;murinus;8;muri_C;#NV;#NV;36;22,6;#NV;#NV;#NV;#NV;23,1;#NV;102;130;74;TH;enlarged;NA;NA;grey;NA;-20.075489000000001;44.631041000000003;NA;34619;NA;NA
1464;_293Da;Kirindy;adult;M;murinus;8;muri_C;#NV;#NV;33;21,3;#NV;#NV;#NV;#NV;22;#NV;100;121;58;TH;enlarged;NA;NA;grey;NA;-20.075489000000001;44.631041000000003;NA;34656;NA;NA
1465;70F4;Kirindy;adult;M;murinus;8;muri_C;#NV;#NV;36;18,5;#NV;#NV;#NV;#NV;19,6;#NV;98;129;58;TH;enlarged;NA;NA;grey;NA;-20.075489000000001;44.631041000000003;NA;34653;NA;NA
1466;0F34;Kirindy;adult;M;murinus;8;muri_C;#NV;#NV;28,4;23,2;#NV;#NV;#NV;#NV;22,7;#NV;103,6;137;59;TH;enlarged;NA;NA;grey;NA;-20.075489000000001;44.631041000000003;NA;34646;NA;NA
1467;D1CB;Kirindy;adult;M;murinus;8;muri_C;#NV;#NV;33,8;22,6;#NV;#NV;#NV;#NV;22,8;#NV;106,2;134;59;TH;enlarged;NA;NA;grey;NA;-20.075489000000001;44.631041000000003;NA;34654;NA;NA
1468;22EE;Kirindy;adult;M;murinus;8;muri_C;#NV;#NV;34,8;21,3;#NV;#NV;#NV;#NV;22,2;#NV;94,2;136;60;TH;enlarged;NA;NA;grey;NA;-20.075489000000001;44.631041000000003;NA;34655;NA;NA
1469;unknown;Kirindy;adult;M;murinus;8;muri_C;#NV;#NV;34,3;21,8;#NV;#NV;#NV;#NV;23,3;#NV;106,7;135;60;TH;enlarged;NA;NA;grey;NA;-20.075489000000001;44.631041000000003;NA;34653;NA;NA
1470;6AD4;Kirindy;adult;M;murinus;8;muri_C;#NV;#NV;35,5;21,7;#NV;#NV;#NV;#NV;22;#NV;99,5;139;63;TH;enlarged;NA;NA;grey;NA;-20.075489000000001;44.631041000000003;NA;34653;NA;NA
1471;EEA8;Kirindy;adult;M;murinus;8;muri_C;#NV;#NV;36,3;18;#NV;#NV;#NV;#NV;23,4;#NV;111,7;126;68;TH;enlarged;NA;NA;grey;NA;-20.075489000000001;44.631041000000003;NA;34648;NA;NA
1472;1263;Kirindy;adult;M;murinus;8;muri_C;#NV;#NV;33,4;23,9;#NV;#NV;#NV;#NV;25,7;#NV;109,6;144;72;TH;enlarged;NA;NA;grey;NA;-20.075489000000001;44.631041000000003;NA;34654;NA;NA
1473;0E56;Kirindy;adult;F;murinus;8;muri_C;#NV;#NV;34,2;20;#NV;#NV;#NV;#NV;22,4;#NV;104,8;142;#NV;TH;NA;pregnant;75;grey;NA;-20.075489000000001;44.631041000000003;NA;34656;NA;NA
1474;73D0;Kirindy;adult;F;murinus;8;muri_C;#NV;#NV;32,5;23,3;#NV;#NV;#NV;#NV;21,2;#NV;96,5;134;75;TH;NA;closed;NA;grey;NA;-20.075489000000001;44.631041000000003;NA;34646;NA;NA
1475;CC24;Kirindy;adult;F;murinus;8;muri_C;#NV;#NV;36,7;21,8;#NV;#NV;#NV;#NV;22,7;#NV;100,3;139;#NV;TH;NA;pregnant;76;grey;NA;-20.075489000000001;44.631041000000003;NA;34655;NA;NA
1476;649D;Kirindy;adult;F;murinus;8;muri_C;#NV;#NV;34,9;22,5;#NV;#NV;#NV;#NV;21,8;#NV;104,1;123;#NV;TH;NA;pregnant;80;grey;NA;-20.075489000000001;44.631041000000003;NA;34655;NA;NA
1477;9DE1;Kirindy;adult;F;murinus;8;muri_C;#NV;#NV;36,8;23,2;#NV;#NV;#NV;#NV;20,8;#NV;103,2;130;#NV;TH;NA;pregnant;82;grey;NA;-20.075489000000001;44.631041000000003;NA;34654;NA;NA
1478;6BCB;Kirindy;adult;M;murinus;8;muri_C;#NV;#NV;24,7;25,2;#NV;#NV;#NV;#NV;21;#NV;78;115;50;TH;enlarged;NA;NA;grey;NA;-20.075489000000001;44.631041000000003;NA;34322;NA;NA
1479;C417;Kirindy;adult;M;murinus;8;muri_C;#NV;#NV;27,6;23;#NV;#NV;#NV;#NV;21,5;#NV;74;130;50;TH;enlarged;NA;NA;grey;NA;-20.075489000000001;44.631041000000003;NA;34322;NA;NA
1480;9027;Kirindy;adult;M;murinus;8;muri_C;#NV;#NV;33,6;29,3;#NV;#NV;#NV;#NV;18;#NV;73;133;52;TH;NA;NA;NA;grey;NA;-20.075489000000001;44.631041000000003;NA;34319;NA;NA
1481;9CF6;Kirindy;adult;M;murinus;8;muri_C;#NV;#NV;35,4;23,7;#NV;#NV;#NV;#NV;23,3;#NV;80;125;58;TH;enlarged;NA;NA;grey;NA;-20.075489000000001;44.631041000000003;NA;34324;NA;NA
1482;_A68C;Kirindy;adult;M;murinus;8;muri_C;#NV;#NV;29,1;22,3;#NV;#NV;#NV;#NV;22;#NV;70;135;58;TH;enlarged;NA;NA;grey;NA;-20.075489000000001;44.631041000000003;NA;34319;NA;NA
1483;BFD2;Kirindy;adult;M;murinus;8;muri_C;#NV;#NV;32,8;20,5;#NV;#NV;#NV;#NV;18,6;#NV;68;127;60;TH;enlarged;NA;NA;grey;NA;-20.075489000000001;44.631041000000003;NA;34320;NA;NA
1484;3F93;Kirindy;adult;M;murinus;8;muri_C;#NV;#NV;30,9;25,3;#NV;#NV;#NV;#NV;20;#NV;81;129;67;TH;enlarged;NA;NA;grey;NA;-20.075489000000001;44.631041000000003;NA;34325;NA;NA
1485;E43D;Kirindy;adult;M;murinus;8;muri_C;#NV;#NV;36;29,5;#NV;#NV;#NV;#NV;25;#NV;91;144;68;TH;enlarged;NA;NA;grey;NA;-20.075489000000001;44.631041000000003;NA;34318;NA;NA
1486;_3A13;Kirindy;adult;F;murinus;8;muri_C;#NV;#NV;33,9;21,5;#NV;#NV;#NV;#NV;21,8;#NV;92;125;74;TH;NA;closed;NA;grey;NA;-20.075489000000001;44.631041000000003;NA;34322;NA;NA
1487;3A5B;Kirindy;adult;F;murinus;8;muri_C;#NV;#NV;30;25,6;#NV;#NV;#NV;#NV;21,6;#NV;94;126;76;TH;NA;closed;NA;grey;NA;-20.075489000000001;44.631041000000003;NA;34321;NA;NA
1488;ECC5;Kirindy;adult;F;murinus;8;muri_C;#NV;#NV;34,2;25,4;#NV;#NV;#NV;#NV;19,8;#NV;93;132;#NV;TH;NA;pregnant;84;grey;NA;-20.075489000000001;44.631041000000003;NA;34321;NA;NA
1489;3B6C;Kirindy;adult;F;murinus;8;muri_C;#NV;#NV;30,3;22;#NV;#NV;#NV;#NV;18,2;#NV;103;115;#NV;TH;NA;pregnant;96;grey;NA;-20.075489000000001;44.631041000000003;NA;34322;NA;NA
1490;A20F;Kirindy;adult;F;murinus;8;muri_C;#NV;#NV;32,6;22,9;#NV;#NV;#NV;#NV;21,2;#NV;97;140;#NV;TH;NA;pregnant;97;red;NA;-20.075489000000001;44.631041000000003;NA;34325;NA;NA
1572;155-03;Mahajamba-Est;adult;F;murinus;8;muri_N;24,2;15,2;33,7;20,4;22,9;6,8;6,9;41,9;22,7;8,2;#NV;#NV;62;GO;NA;open;NA;no_age_initially_given_in_raw_data;NA;-16.196435000000001;47.256968000000001;NA;37870;NA;no
1577;40-03;Mangatelo;adult;M;murinus;8;muri_N;19;13,1;34,3;21,3;18;6;7,8;34,6;21,4;8,1;84;128;45;GO;enlarged;NA;NA;no_age_initially_given_in_raw_data;NA;-16.410967809999899;46.991793309999998;NA;37797;NA;no
1578;49-03;Mangatelo;adult;F;murinus;8;muri_N;18,7;12,7;32,2;19,8;19,9;7,1;7,9;39,1;22;7,8;89;135;49;GO;NA;closed;NA;no_age_initially_given_in_raw_data;NA;-16.410967809999899;46.991793309999998;NA;37798;NA;no
1579;42-03;Mangatelo;adult;M;murinus;8;muri_N;21,2;12,9;34,3;21,4;20,3;7,5;8,4;39,6;23,1;7,9;83;133;49;GO;enlarged;NA;NA;no_age_initially_given_in_raw_data;NA;-16.410967809999899;46.991793309999998;NA;37797;NA;no
1580;28-03;Mangatelo;adult;M;murinus;8;muri_N;21,3;12;36,4;20,3;21,9;8;6,9;39,2;22,7;9,6;89;133;50;GO;enlarged;NA;NA;no_age_initially_given_in_raw_data;NA;-16.410967809999899;46.991793309999998;NA;37795;NA;no
1581;36-03;Mangatelo;adult;F;murinus;8;muri_N;22,8;14,8;33,4;20,4;22,4;6,6;7,1;39,5;23,4;8,8;92;128;50;GO;NA;closed;NA;no_age_initially_given_in_raw_data;NA;-16.410967809999899;46.991793309999998;NA;37796;NA;no
1582;30-03;Mangatelo;adult;F;murinus;8;muri_N;23,7;12,8;34,2;21,3;19,8;7,3;7,4;35,8;22,4;8,4;86;132;50;GO;NA;closed;NA;no_age_initially_given_in_raw_data;NA;-16.410967809999899;46.991793309999998;NA;37795;NA;no
1583;43-03;Mangatelo;adult;M;murinus;8;muri_N;23,8;15,5;36,5;19,9;21;8,3;7,3;43,1;22,7;7,9;93;132;51;GO;enlarged;NA;NA;no_age_initially_given_in_raw_data;NA;-16.410967809999899;46.991793309999998;NA;37797;NA;no
1584;35-03;Mangatelo;adult;M;murinus;8;muri_N;20,3;14,8;35,4;21,4;20,7;7,7;7,4;42;23;8,1;90;133;52;GO;enlarged;NA;NA;no_age_initially_given_in_raw_data;NA;-16.410967809999899;46.991793309999998;NA;37795;NA;no
1585;27-03;Mangatelo;adult;M;murinus;8;muri_N;20,7;#NV;37,2;19;21,6;7,1;8,2;41;23,9;9,2;92;135;52;GO;enlarged;NA;NA;no_age_initially_given_in_raw_data;NA;-16.410967809999899;46.991793309999998;NA;37795;NA;no
1586;41-03;Mangatelo;adult;F;murinus;8;muri_N;21,2;#NV;35,2;20,4;20,2;8,4;9,1;38,5;22,6;8,2;89;129;52;GO;NA;closed;NA;no_age_initially_given_in_raw_data;NA;-16.410967809999899;46.991793309999998;NA;37797;NA;no
1587;33-03;Mangatelo;adult;M;murinus;8;muri_N;17,8;13,2;35,2;#NV;22,4;8,4;8,8;40,3;20,8;9,1;92;134;53;GO;enlarged;NA;NA;no_age_initially_given_in_raw_data;NA;-16.410967809999899;46.991793309999998;NA;37795;NA;no
1588;37-03;Mangatelo;adult;M;murinus;8;muri_N;20,5;13,6;35;20,7;21,5;8,3;7,3;39,2;22,1;7,9;86;127;53;GO;enlarged;NA;NA;no_age_initially_given_in_raw_data;NA;-16.410967809999899;46.991793309999998;NA;37796;NA;no
1589;26-03;Mangatelo;adult;F;murinus;8;muri_N;#NV;14;32,9;21;20,3;7,8;9,8;39,7;22,6;8,7;92;136;53;GO;NA;closed;NA;no_age_initially_given_in_raw_data;NA;-16.410967809999899;46.991793309999998;NA;37794;NA;no
1590;44-03;Mangatelo;adult;F;murinus;8;muri_N;20,5;14,2;35,1;20,8;19,1;7,3;7,9;40,6;23,2;8,5;89;142;54;GO;NA;closed;NA;no_age_initially_given_in_raw_data;NA;-16.410967809999899;46.991793309999998;NA;37797;NA;no
1591;24-03;Mangatelo;adult;F;murinus;8;muri_N;21,7;14;37,4;22,4;20,1;8,5;9,4;41;22,5;9;95;137;54;GO;NA;closed;NA;no_age_initially_given_in_raw_data;NA;-16.410967809999899;46.991793309999998;NA;37794;NA;no
1592;48-03;Mangatelo;adult;M;murinus;8;muri_N;21,5;14;35,5;21,2;20,9;6,7;9;40,8;22,7;8,7;93;141;55;GO;enlarged;NA;NA;no_age_initially_given_in_raw_data;NA;-16.410967809999899;46.991793309999998;NA;37798;NA;no
1593;46-03;Mangatelo;adult;M;murinus;8;muri_N;21,8;13,1;37,3;21,4;21;7,7;7,5;43,1;21,5;8,9;91;137;55;GO;enlarged;NA;NA;no_age_initially_given_in_raw_data;NA;-16.410967809999899;46.991793309999998;NA;37798;NA;no
1594;34-03;Mangatelo;adult;F;murinus;8;muri_N;18,3;13,4;36,1;22,8;21,4;8;7,3;42,7;24,2;8,2;96;132;56;GO;NA;closed;NA;no_age_initially_given_in_raw_data;NA;-16.410967809999899;46.991793309999998;NA;37795;NA;no
1595;38-03;Mangatelo;adult;M;murinus;8;muri_N;20,5;12,6;35,8;23,1;21;7,6;6,6;41,3;21,7;7,6;92;138;56;GO;enlarged;NA;NA;no_age_initially_given_in_raw_data;NA;-16.410967809999899;46.991793309999998;NA;37796;NA;no
1596;50-03;Mangatelo;adult;M;murinus;8;muri_N;17,3;14,3;34,1;19,8;20;8;7,7;40,2;21,8;8,5;94;140;57;GO;enlarged;NA;NA;no_age_initially_given_in_raw_data;NA;-16.410967809999899;46.991793309999998;NA;37798;NA;no
1597;45-03;Mangatelo;adult;M;murinus;8;muri_N;23,1;13,6;36,2;22,5;21,3;7,9;7,6;41,3;21,3;7,5;94;127;57;GO;enlarged;NA;NA;no_age_initially_given_in_raw_data;NA;-16.410967809999899;46.991793309999998;NA;37797;NA;no
1598;25-03;Mangatelo;adult;F;murinus;8;muri_N;22,1;15,6;36;23;21,2;7,3;7,6;36,5;22;7,2;96;134;58;GO;NA;closed;NA;no_age_initially_given_in_raw_data;NA;-16.410967809999899;46.991793309999998;NA;37794;NA;no
1599;29-03;Mangatelo;adult;F;murinus;8;muri_N;19,5;13,9;36,2;22;20,6;8,1;8,1;41,1;22,6;8,1;91;139;61;GO;NA;closed;NA;no_age_initially_given_in_raw_data;NA;-16.410967809999899;46.991793309999998;NA;37795;NA;no
1600;31-03;Mangatelo;adult;M;murinus;8;muri_N;19,6;12,7;33,1;22;22,5;8;7,9;36,9;22,7;7,7;95;131;61;GO;enlarged;NA;NA;no_age_initially_given_in_raw_data;NA;-16.410967809999899;46.991793309999998;NA;37795;NA;no
1601;39-03;Mangatelo;adult;F;murinus;8;muri_N;22,6;15,2;37;20,9;20,6;7,8;9,8;41,3;22,3;8,8;97;133;66;GO;NA;closed;NA;no_age_initially_given_in_raw_data;NA;-16.410967809999899;46.991793309999998;NA;37796;NA;no
1602;47-03;Mangatelo;adult;F;murinus;8;muri_N;23,6;13;37;22,4;21,9;8,1;7,9;41,4;23,1;7,6;94;131;74;GO;NA;closed;NA;no_age_initially_given_in_raw_data;NA;-16.410967809999899;46.991793309999998;NA;37798;NA;no
1605;F27-14Mari;Mariarano;adult;F;murinus;8;muri_N;#NV;#NV;33,7;#NV;#NV;#NV;#NV;35,4;#NV;#NV;81;124;47;UR;NA;NA;NA;NA;NA;-15.466666666666667;46.8;NA;41815;D;NA
1606;M78-18Mari;Mariarano;adult;M;murinus;8;muri_N;20,9;13,5;33,2;20,8;19,4;8,4;8,5;35;21,4;8;72;118;48;MBF;regressed;NA;NA;NA;NA;-15.303900000000001;46.435699999999997;45;43252;A4;NA
1607;M18-14Mari;Mariarano;adult;M;murinus;8;muri_N;#NV;#NV;34,1;#NV;#NV;#NV;#NV;39,3;#NV;#NV;82;124;49;UR;NA;NA;NA;NA;NA;-15.466666666666667;46.8;NA;41815;B;NA
1608;M130-18Mari;Mariarano;adult;M;murinus;8;muri_N;24,5;17,2;#NV;18;19,2;6,9;9,4;35,3;21,4;8,7;80;122;50;MBF;regressed;NA;NA;NA;NA;-15.303900000000001;46.435699999999997;45;43257;C2;RADSEQ
1609;F23-14Mari;Mariarano;adult;F;murinus;8;muri_N;#NV;#NV;34,2;#NV;#NV;#NV;#NV;38,6;#NV;#NV;96;130;50;UR;NA;NA;NA;NA;NA;-15.466666666666667;46.8;NA;41815;C;NA
1610;M100-18Mari;Mariarano;adult;M;murinus;8;muri_N;18,9;13,3;33;19,7;21,2;7,4;8,7;35,9;20,4;8,4;77;121;51;MBF;regressed;NA;NA;NA;NA;-15.303800000000001;46.4206;23;43254;D23;NA
1611;M185-18Mari;Mariarano;adult;M;murinus;8;muri_N;20;13,3;33,6;#NV;#NV;7,2;8,8;36,2;23,2;9;80;116;51;MBF;regressed;NA;NA;NA;NA;-15.3019;46.414900000000003;19;43257;AD3;NA
1612;M87-18Mari;Mariarano;adult;M;murinus;8;muri_N;20;15;#NV;18,9;#NV;7,8;9,6;37,7;20,1;8,9;81;122;51;MBF;regressed;NA;NA;NA;NA;-15.303900000000001;46.435699999999997;45;43252;C3;NA
1613;M99-18Mari;Mariarano;adult;M;murinus;8;muri_N;21,4;13,8;33,9;21,3;20,7;7,5;7,4;37,9;22,6;7,9;85;123;51;MBF;regressed;NA;NA;NA;NA;-15.303800000000001;46.4206;23;43254;C34;NA
1614;F189-18Mari;Mariarano;adult;F;murinus;8;muri_N;19,8;#NV;32,5;18,5;19,8;8,1;11;38,5;21,7;10;81;121;52;MBF;NA;closed;NA;NA;NA;-15.3019;46.414900000000003;19;43257;AC3;NA
1615;M187-18Mari;Mariarano;adult;M;murinus;8;muri_N;20,1;14,2;32,6;21,3;18,5;7,5;7,4;36,1;21;7,8;81;114;52;MBF;regressed;NA;NA;NA;NA;-15.3019;46.414900000000003;19;43257;AC3;RADSEQ
1616;F21-14Mari;Mariarano;adult;F;murinus;8;muri_N;#NV;#NV;35,4;#NV;#NV;#NV;#NV;36,7;#NV;#NV;67;123;53;UR;NA;NA;NA;NA;NA;-15.466666666666667;46.8;NA;41815;B;RADSEQ
1617;F33-14Mari;Mariarano;adult;F;murinus;8;muri_N;#NV;#NV;36,3;#NV;#NV;#NV;#NV;#NV;#NV;#NV;68;128;54;UR;NA;NA;NA;NA;NA;-15.466666666666667;46.8;NA;41815;3;NA
1618;F98-18Mari;Mariarano;adult;F;murinus;8;muri_N;21,6;15,4;#NV;18,5;20,6;6,6;8,4;39,5;22;9,1;80;124;55;MBF;NA;closed;NA;NA;NA;-15.303800000000001;46.4206;23;43254;B23;NA
1619;M88-18Mari;Mariarano;adult;M;murinus;8;muri_N;20;13,2;#NV;21;#NV;7,2;9,3;37,8;20,5;7,1;81;130;56;MBF;regressed;NA;NA;NA;NA;-15.303900000000001;46.435699999999997;45;43252;A3;NA
1620;M41-14Mari;Mariarano;adult;M;murinus;8;muri_N;#NV;#NV;32,6;#NV;#NV;#NV;#NV;40,3;#NV;#NV;85;129;56;UR;NA;NA;NA;NA;NA;-15.466666666666667;46.8;NA;41815;1;NA
1621;M77-18Mari;Mariarano;adult;M;murinus;8;muri_N;24;15,6;34;19,7;19,8;#NV;10,4;37,9;23;8,8;79;123;57;MBF;regressed;NA;NA;NA;NA;-15.303900000000001;46.435699999999997;45;43252;A12;NA
1622;F186-18Mari;Mariarano;adult;F;murinus;8;muri_N;23,5;15,2;31,7;19,1;#NV;7,8;8,9;35,8;21,7;8,2;79;121;57,5;MBF;NA;closed;NA;NA;NA;-15.3019;46.414900000000003;19;43257;D14;NA
1623;F184-18Mari;Mariarano;adult;F;murinus;8;muri_N;21,8;13,8;34,1;21,3;20,3;6,5;8,9;37,5;22,2;9,2;78;122;58,5;MBF;NA;closed;NA;NA;NA;-15.3019;46.414900000000003;19;43257;AB4;NA
1624;M17-14Mari;Mariarano;adult;M;murinus;8;muri_N;#NV;#NV;36;#NV;#NV;#NV;#NV;37,8;#NV;#NV;80;115;59;UR;NA;NA;NA;NA;NA;-15.466666666666667;46.8;NA;41813;A;NA
1625;F116-18Mari;Mariarano;adult;F;murinus;8;muri_N;21,6;12,5;35,8;21,9;19;8,7;7,6;34,6;21,7;7,8;81;122;61;MBF;NA;closed;NA;NA;NA;-15.303900000000001;46.435699999999997;45;43255;C1;RADSEQ
1626;M83-18Mari;Mariarano;adult;M;murinus;8;muri_N;23;14;32,8;21,1;#NV;7,3;5,9;35,2;21,3;6,5;86;122;65;MBF;regressed;NA;NA;NA;NA;-15.303900000000001;46.435699999999997;45;43252;A2;NA
1627;F37-14Mari;Mariarano;adult;F;murinus;8;muri_N;#NV;#NV;36;#NV;#NV;#NV;#NV;35,4;#NV;#NV;77;132;65;UR;NA;NA;NA;NA;NA;-15.466666666666667;46.8;NA;41815;A1;NA
1628;F80-18Mari;Mariarano;adult;F;murinus;8;muri_N;19;14,2;34,2;20,7;17,5;6,6;8;36,5;21,6;8,1;80;130;74;MBF;NA;closed;NA;NA;NA;-15.303900000000001;46.435699999999997;45;43252;A3;NA
1629;F119-18Mari;Mariarano;adult;F;murinus;8;muri_N;20,6;13;33,8;20,5;16,9;7,2;8,9;40,4;21,9;7,8;82;123;79;MBF;NA;closed;79;NA;NA;-15.303900000000001;46.435699999999997;45;43255;D1;NA
1630;F97-18Mari;Mariarano;adult;F;murinus;8;muri_N;21,2;#NV;36,2;22,5;19,2;8,4;9;38,2;20,7;8,6;86;128;#NV;MBF;NA;closed;NA;NA;NA;-15.303800000000001;46.4206;23;43254;AB2;NA
1631;F79-18Mari;Mariarano;adult;F;murinus;8;muri_N;19,5;13,7;34,5;20;18,7;#NV;10;40;21,6;7,9;87;132;#NV;MBF;NA;closed;NA;NA;NA;-15.303900000000001;46.435699999999997;45;43252;A1;NA
1633;M51-13Mari;Mariarano;adult;M;murinus;8;muri_N;#NV;14,3;33,1;19;#NV;#NV;#NV;37,2;24,3;#NV;75;#NV;46;UR;NA;NA;NA;NA;NA;-15.466666666666667;46.8;NA;41458;C;NA
1634;F45-13Mari;Mariarano;adult;F;murinus;8;muri_N;#NV;14,5;33,7;20;#NV;#NV;#NV;38,2;21,6;#NV;85;120;48;UR;NA;NA;NA;NA;NA;-15.466666666666667;46.8;NA;41458;B2;NA
1635;F59-13Mari;Mariarano;adult;F;murinus;8;muri_N;#NV;14;34,3;20,6;#NV;#NV;#NV;37,4;20,1;#NV;75;128;48;UR;NA;NA;NA;NA;NA;-15.466666666666667;46.8;NA;41460;1;NA
1636;F56-13Mari;Mariarano;adult;F;murinus;8;muri_N;#NV;14,9;34,3;19,4;#NV;#NV;#NV;35,1;21,5;#NV;85;122;51;UR;NA;NA;NA;NA;NA;-15.466666666666667;46.8;NA;41458;C;RADSEQ
1637;M73-13Mari;Mariarano;adult;M;murinus;8;muri_N;#NV;16,4;35;21,6;#NV;#NV;#NV;38,7;20,6;#NV;80;128;51;UR;NA;NA;NA;NA;NA;-15.466666666666667;46.8;NA;41460;D;NA
1638;M48-13Mari;Mariarano;adult;F;murinus;8;muri_N;#NV;16,2;36,5;20,5;#NV;#NV;#NV;37,7;23;#NV;80;128;52;UR;NA;NA;NA;NA;NA;-15.466666666666667;46.8;NA;41458;A;RADSEQ
1639;M75-13Mari;Mariarano;adult;M;murinus;8;muri_N;#NV;15,5;33,6;20,4;#NV;#NV;#NV;40,6;20,1;#NV;80;115;52;UR;NA;NA;NA;NA;NA;-15.466666666666667;46.8;NA;41460;2;NA
1640;M47-13Mari;Mariarano;adult;M;murinus;8;muri_N;#NV;14,4;33,1;19,3;#NV;#NV;#NV;33,9;22,9;#NV;85;128;61;UR;NA;NA;NA;NA;NA;-15.466666666666667;46.8;NA;41458;B;NA
1641;F152-14Mari;Mariarano;adult;F;murinus;8;muri_N;#NV;#NV;35,3;#NV;#NV;#NV;#NV;40,4;#NV;#NV;92;138;76;UR;NA;closed;76;NA;NA;-15.466666666666667;46.8;NA;41832;B1;NA
1643;305-03;Maroakata;adult;M;murinus;8;muri_N;23,1;13,6;34,9;19;19,9;8;8,6;35,9;22,2;8;80;121;44;GO;enlarged;NA;NA;no_age_initially_given_in_raw_data;NA;-16.086279999999999;47.30274;NA;37859;NA;no
1644;302-03;Maroakata;adult;F;murinus;8;muri_N;20,9;14;32,7;19,4;19;6,9;7,1;37,7;22;9,2;89;120;45;GO;NA;closed;NA;no_age_initially_given_in_raw_data;NA;-16.086279999999999;47.30274;NA;37859;NA;no
1645;300-03;Maroakata;adult;F;murinus;8;muri_N;22,2;14;33,2;19,4;20,8;7,3;10,9;35,6;22,3;8,5;86;122;45;GO;NA;closed;NA;no_age_initially_given_in_raw_data;NA;-16.086279999999999;47.30274;NA;37859;NA;no
1646;315-03;Maroakata;adult;M;murinus;8;muri_N;21,8;14,5;34,7;19,6;20,4;7,8;7,1;38,1;22,5;7,7;91;132;47;GO;enlarged;NA;NA;no_age_initially_given_in_raw_data;NA;-16.086279999999999;47.30274;NA;37862;NA;no
1647;321-03;Maroakata;adult;M;murinus;8;muri_N;20,9;14,7;32,5;20;20,5;6,9;8,7;34,5;22,8;8,5;75;132;48;GO;enlarged;NA;NA;no_age_initially_given_in_raw_data;NA;-16.086279999999999;47.30274;NA;37862;NA;no
1648;310-03;Maroakata;adult;F;murinus;8;muri_N;21;15;32,9;20,1;19,7;7,9;7,7;39,3;22,3;9;84;126;50;GO;NA;closed;NA;no_age_initially_given_in_raw_data;NA;-16.086279999999999;47.30274;NA;37860;NA;no
1649;309-03;Maroakata;adult;F;murinus;8;muri_N;20,3;13;31,9;20,8;19,6;7,3;7,1;40,8;23,8;9,4;84;124;52;GO;NA;closed;NA;no_age_initially_given_in_raw_data;NA;-16.086279999999999;47.30274;NA;37860;NA;no
1650;303-03;Maroakata;adult;F;murinus;8;muri_N;20,7;#NV;35,1;18,9;20;7,5;9,5;38,7;21,9;8,5;92;127;55;GO;NA;closed;NA;no_age_initially_given_in_raw_data;NA;-16.086279999999999;47.30274;NA;37859;NA;no
1651;306-03;Maroakata;adult;M;murinus;8;muri_N;23,5;#NV;34,3;20,7;20,9;6,9;9,3;39,6;22,2;8,5;85;126;56;GO;enlarged;NA;NA;no_age_initially_given_in_raw_data;NA;-16.086279999999999;47.30274;NA;37860;NA;no
1652;304-03;Maroakata;adult;M;murinus;8;muri_N;22;#NV;33,4;20,5;21,4;8,4;7,4;38,9;23,5;8,6;98;134;59;GO;enlarged;NA;NA;no_age_initially_given_in_raw_data;NA;-16.086279999999999;47.30274;NA;37859;NA;no
1655;337-03;Maroakata;adult;F;murinus;8;muri_N;24,7;14,8;33,1;20,6;19,7;6,9;7,8;38;24;8,8;86;124;50;GO;NA;swollen;NA;no_age_initially_given_in_raw_data;NA;-16.086279999999999;47.30274;NA;37868;NA;no
1656;322-03;Maroakata;adult;M;murinus;8;muri_N;24,3;12,8;32,7;22;21,8;7,5;7,5;39,8;22,9;9;88;132;54;GO;enlarged;NA;NA;no_age_initially_given_in_raw_data;NA;-16.086279999999999;47.30274;NA;37865;NA;no
1657;325-03;Maroakata;adult;M;murinus;8;muri_N;22,1;12,8;34,6;19,8;21,1;7,2;8;39,3;21,3;9,6;86;136;56;GO;enlarged;NA;NA;no_age_initially_given_in_raw_data;NA;-16.086279999999999;47.30274;NA;37865;NA;no
1658;324-03;Maroakata;adult;M;murinus;8;muri_N;21,5;16,2;36;20,6;20,7;6,6;7,9;39,6;19,7;8,5;92;129;60;GO;enlarged;NA;NA;no_age_initially_given_in_raw_data;NA;-16.086279999999999;47.30274;NA;37865;NA;no
1659;336-03;Maroakata;adult;M;murinus;8;muri_N;22,8;13,2;33;22,2;19,8;6,4;7,5;35,9;22,3;7,2;87;121;61;GO;enlarged;NA;NA;no_age_initially_given_in_raw_data;NA;-16.086279999999999;47.30274;NA;37868;NA;no
1660;333-03;Maroakata;adult;F;murinus;8;muri_N;20,1;14,3;35,2;22,3;21,7;7,2;7,3;37,4;22,2;9,2;94;132;63;GO;NA;closed;NA;no_age_initially_given_in_raw_data;NA;-16.086279999999999;47.30274;NA;37868;NA;no
1661;335-03;Maroakata;adult;F;murinus;8;muri_N;22,6;15,7;35,1;21,5;20,4;6,9;7,2;37,4;22,7;8,3;91;125;63;GO;NA;closed;NA;no_age_initially_given_in_raw_data;NA;-16.086279999999999;47.30274;NA;37868;NA;no
1662;342-03;Maroakata;adult;F;murinus;8;muri_N;23,2;13,8;35,1;21,5;20,9;8,8;8,6;40,1;23,2;8,7;90;128;65;GO;NA;swollen;NA;no_age_initially_given_in_raw_data;NA;-16.086279999999999;47.30274;NA;37869;NA;no
1664;M04-15sely;Marosely;adult;M;murinus;8;muri_N;24;13,4;34,2;24;19;4,3;6,8;35,7;21,5;10;#NV;134;50;AMR;regressed;NA;NA;NA;NA;-15.65;47.566667000000002;NA;42194;A;NA
1665;M09-15sely;Marosely;adult;M;murinus;8;muri_N;20;15,7;34,7;20,3;19,8;7,3;7,3;38,5;22,5;9,4;#NV;130;54;AMR;regressed;NA;NA;NA;NA;-15.65;47.583333000000003;NA;42198;B;NA
1666;M10-15sely;Marosely;adult;M;murinus;8;muri_N;22;#NV;34,5;19,6;18,2;4,5;7;39,2;20;10;#NV;136;54;AMR;regressed;NA;NA;NA;NA;-15.65;47.583333000000003;NA;42198;BD;NA
1667;M23-15sely;Marosely;adult;M;murinus;8;muri_N;21;13,3;34,6;22,8;15,3;5,8;6;39,5;21;9,3;#NV;135;62;AMR;regressed;NA;NA;NA;NA;-15.652150000000001;47.585349999999998;NA;42205;CD;RADSEQ
1668;118-03;Tanambao;adult;M;murinus;8;muri_N;21,5;13,6;34,5;21,3;19,6;7,3;9,1;#NV;19,5;7,1;85;122;44;GO;enlarged;NA;NA;no_age_initially_given_in_raw_data;NA;-15.509042000000001;46.603281000000003;NA;37832;NA;no
1669;110-03;Tanambao;adult;F;murinus;8;muri_N;18,9;15,1;34,6;19,9;18,7;6,3;7,3;36,6;21,6;8,5;86;129;46;GO;NA;closed;NA;no_age_initially_given_in_raw_data;NA;-15.509042000000001;46.603281000000003;NA;37832;NA;no
1670;126-03;Tanambao;adult;F;murinus;8;muri_N;19,8;12,4;34,1;19,7;19,8;6,7;9,3;37,4;20,8;7;74;127;41;GO;NA;closed;NA;no_age_initially_given_in_raw_data;NA;-15.509042000000001;46.603281000000003;NA;37834;NA;no
1671;123-03;Tanambao;adult;M;murinus;8;muri_N;20;12,6;37,3;21,9;20;7,7;7,1;38,6;20,8;7,1;82;128;45;GO;enlarged;NA;NA;no_age_initially_given_in_raw_data;NA;-15.509042000000001;46.603281000000003;NA;37834;NA;no
1672;124-03;Tanambao;adult;M;murinus;8;muri_N;21,8;14,6;35,9;20,1;19,7;7,6;9,2;39,9;21,2;8,3;80;124;49;GO;enlarged;NA;NA;no_age_initially_given_in_raw_data;NA;-15.509042000000001;46.603281000000003;NA;37834;NA;no
1673;141-03;Tanambao;adult;M;murinus;8;muri_N;23,8;14,5;34,1;20,5;19;6,6;7;35,3;21,9;8,6;92;135;50;GO;enlarged;NA;NA;no_age_initially_given_in_raw_data;NA;-15.509042000000001;46.603281000000003;NA;37837;NA;no
1674;142-03;Tanambao;adult;M;murinus;8;muri_N;22,8;15,2;32,8;20,8;21,5;7,2;9,8;36,5;24,3;8,6;93;134;52;GO;enlarged;NA;NA;no_age_initially_given_in_raw_data;NA;-15.509042000000001;46.603281000000003;NA;37837;NA;no
1675;143-03;Tanambao;adult;M;murinus;8;muri_N;24;14,7;32,6;21,1;20;6,9;7,1;39,1;21,8;8,8;89;132;52;GO;enlarged;NA;NA;no_age_initially_given_in_raw_data;NA;-15.509042000000001;46.603281000000003;NA;37837;NA;no
1676;144-03;Tanambao;adult;F;murinus;8;muri_N;22,5;13,5;33,4;20,7;19,5;7,7;8,4;39,2;22;8;94;125;53;GO;NA;closed;NA;no_age_initially_given_in_raw_data;NA;-15.509042000000001;46.603281000000003;NA;37837;NA;no
1677;146-03;Tanambao;adult;F;murinus;8;muri_N;22,3;14,6;35,9;20,8;20,8;7,5;9,5;37,6;24;8,6;94;134;61;GO;NA;closed;NA;no_age_initially_given_in_raw_data;NA;-15.509042000000001;46.603281000000003;NA;37837;NA;no
1680;F75-04Tsin;Tsinjomitondraka;adult;F;murinus;8;muri_N;19,2;13,8;34,4;20,1;19,7;8;9,3;38,5;23,7;8,1;80;130;48;GO;NA;closed;NA;NA;NA;-15.64396;47.131419999999999;NA;38219;2A;NA
1681;M61-04Tsin;Tsinjomitondraka;adult;M;murinus;8;muri_N;19,8;12,2;31;21,2;20,3;7,6;9,2;35,3;23,7;8,8;85;127;48;GO;enlarged;NA;NA;NA;NA;-15.651070000000001;47.12724;NA;38216;C3;NA
1682;F77-04Tsin;Tsinjomitondraka;adult;F;murinus;8;muri_N;20,6;13,4;35,1;22;20,1;8,1;10,1;38;24,8;7,8;85;131;50;GO;NA;closed;NA;NA;NA;-15.643890000000001;47.131160000000001;NA;38221;D2;NA
1683;F67-04Tsin;Tsinjomitondraka;adult;F;murinus;8;muri_N;20,7;13,8;35;21,9;20,9;7,5;8,4;39,7;22,8;7,7;85;138;52;GO;NA;closed;NA;NA;NA;-15.64546;47.12912;NA;38217;2C;NA
1684;F76-04Tsin;Tsinjomitondraka;adult;F;murinus;8;muri_N;22,7;14,4;35,4;22,1;20,1;7,7;7,9;39,1;24,3;9;90;136;53;GO;NA;closed;NA;NA;NA;-15.643789999999999;47.131740000000001;NA;38219;1D;NA
1685;M70-04Tsin;Tsinjomitondraka;adult;M;murinus;8;muri_N;21,2;15,7;33,8;20,6;21,2;7,5;8,3;38,9;22,8;9,3;84;131;54;GO;enlarged;NA;NA;NA;NA;-15.65091;47.127310000000001;NA;38218;14;NA
1686;M79-04Tsin;Tsinjomitondraka;adult;M;murinus;8;muri_N;22,9;13,3;35,6;21,6;19,8;7;8,9;37,8;22,8;8,5;88;126;54;GO;enlarged;NA;NA;NA;NA;-15.64902;47.125430000000001;NA;38223;B2;NA
1687;F62-04Tsin;Tsinjomitondraka;adult;F;murinus;8;muri_N;20,5;15,6;32,2;22,4;20,8;8;9,3;40,3;23,3;9,2;91;130;55;GO;NA;closed;NA;NA;NA;-15.64589;47.126779999999997;NA;38217;12;NA
1688;M65-04Tsin;Tsinjomitondraka;adult;M;murinus;8;muri_N;19,6;15,1;34,6;21,3;22,7;8,4;9,3;39,7;23,5;9,2;89;138;56;GO;enlarged;NA;NA;NA;NA;-15.645820000000001;47.128439999999998;NA;38217;24;NA
1689;M63-04Tsin;Tsinjomitondraka;adult;M;murinus;8;muri_N;20,7;13,7;35;21,3;21,3;6,3;9,4;38,4;21,7;9;83;139;57;GO;enlarged;NA;NA;NA;NA;-15.64593;47.127850000000002;NA;38217;AC;NA
1690;M74-04Tsin;Tsinjomitondraka;adult;M;murinus;8;muri_N;22,5;15,4;34,7;21,9;20,4;7,6;8;39,6;23,2;8,3;85;128;58;GO;enlarged;NA;NA;NA;NA;-15.643890000000001;47.131160000000001;NA;38219;B1;NA
1691;M78-04Tsin;Tsinjomitondraka;adult;M;murinus;8;muri_N;21,7;15,4;35,5;21,2;20,5;7,6;8,2;39,9;23,2;8,6;86;133;59;GO;enlarged;NA;NA;NA;NA;-15.650309999999999;47.127490000000002;NA;38223;4B;NA
1692;M71-04Tsin;Tsinjomitondraka;adult;M;murinus;8;muri_N;23;16,1;35,3;21,3;21,1;7,3;8,1;40,5;20,9;8,1;89;132;59;GO;enlarged;NA;NA;NA;NA;-15.649430000000001;47.125410000000002;NA;38218;13;RADSEQ
1693;M73-04Tsin;Tsinjomitondraka;adult;M;murinus;8;muri_N;23,7;16,2;37,2;23,4;22,3;8,2;8,8;39,8;23,6;9,3;94;132;60;GO;enlarged;NA;NA;NA;NA;-15.64547;47.129040000000003;NA;38219;AB;NA
1694;F81-04Tsin;Tsinjomitondraka;adult;F;murinus;8;muri_N;22,1;15,9;35,1;24,4;20,6;7,3;6,9;40,3;#NV;9,1;94;140;61;GO;NA;swollen;NA;NA;NA;-15.645709999999999;47.127510000000001;NA;38225;23;NA
1695;F72-04Tsin;Tsinjomitondraka;adult;F;murinus;8;muri_N;23,4;13,7;34,6;22,6;20,8;6;8,1;39;23,9;9,1;91;131;61;GO;NA;closed;NA;NA;NA;-15.64578;47.127780000000001;NA;38219;1A;NA
1696;F64-04Tsin;Tsinjomitondraka;adult;F;murinus;8;muri_N;22,1;12,7;36,1;23,2;22;7,5;8,4;41,1;23,6;8,3;89;132;62;GO;NA;closed;NA;NA;NA;-15.64594;47.128210000000003;NA;38217;A3;NA
1697;M69-04Tsin;Tsinjomitondraka;adult;M;murinus;8;muri_N;19,2;14,1;35,9;21,6;21,2;7,7;9,1;40;23,1;8;88;137;64;GO;enlarged;NA;NA;NA;NA;-15.64396;47.131;NA;38217;AB;NA
1698;M66-04Tsin;Tsinjomitondraka;adult;M;murinus;8;muri_N;20,8;14,8;35,6;#NV;22,8;7,6;7,2;40,7;23,8;8,1;88;135;65;GO;enlarged;NA;NA;NA;NA;-15.645530000000001;47.128860000000003;NA;38217;AD;NA
1699;M82-04Tsin;Tsinjomitondraka;adult;M;murinus;8;muri_N;23;15,1;33,7;21,7;22,2;8,5;8,2;39,1;23,8;9;91;131;67;GO;enlarged;NA;NA;NA;NA;-15.64396;47.131419999999999;NA;38225;C1;NA
1703;08-03;Ankirihitra;adult;F;myoxinus;5;myox;21,1;12,5;34,5;19,6;19,5;6;7,3;35,4;21,6;8,9;80;150;51;GO;NA;closed;NA;no_age_initially_given_in_raw_data;NA;-16.779399000000002;46.471311;NA;37876;NA;no
1704;05-03;Ankirihitra;adult;F;myoxinus;5;myox;20,7;11,6;34,3;20,6;19,6;5,1;7;37,2;21,8;7,6;85;145;53;GO;NA;closed;NA;no_age_initially_given_in_raw_data;NA;-16.779399000000002;46.471311;NA;37876;NA;no
1708;F06-13Bom;Bombetoka;adult;M;myoxinus;5;myox;20,4;12,6;33,8;19,4;19,7;6,2;7,2;#NV;21,7;#NV;70;147;46;EZ;enlarged;NA;NA;NA;NA;-15.866666666666667;46.25;NA;41531;B4;RADSEQ
1709;M02-13Bom;Bombetoka;adult;M;myoxinus;5;myox;18,8;11,6;33,8;21,5;20,5;6,9;7,7;38,8;22,7;#NV;75;147;48;EZ;regressed;NA;NA;NA;NA;-15.866666666666667;46.25;NA;41531;B1;NA
1710;M17-13Bom;Bombetoka;adult;M;myoxinus;5;myox;19;12,8;30,6;19,9;19,4;5,7;7,5;35,1;18,1;#NV;76;135;49;EZ;enlarged;NA;NA;NA;NA;-15.866666666666667;46.25;NA;41534;A3;NA
1711;F19-13Bom;Bombetoka;adult;F;myoxinus;5;myox;19,4;11,6;34,5;21,1;20,6;5,6;8,5;36,4;22,8;#NV;75;147;51;EZ;NA;closed;NA;NA;NA;-15.866666666666667;46.25;NA;41533;C;NA
1712;M14-13Bom;Bombetoka;adult;M;myoxinus;5;myox;19,9;12,7;29,6;20;20,5;5,1;6,6;36,7;20,4;#NV;74;129;52;EZ;enlarged;NA;NA;NA;NA;-15.866666666666667;46.25;NA;42629;A;NA
1713;M03-13Bom;Bombetoka;adult;M;myoxinus;5;myox;17,8;12,7;31,6;19,9;19,5;4,9;6,7;37,7;19,9;#NV;72;153;53;EZ;enlarged;NA;NA;NA;NA;-15.866666666666667;46.25;NA;41531;C;NA
1714;F01-13Bom;Bombetoka;adult;F;myoxinus;5;myox;18,7;11,6;34,8;20,5;18,8;4,9;7,7;#NV;21,6;#NV;80;167;53;EZ;NA;closed;NA;NA;NA;-15.866666666666667;46.25;NA;41530;D;RADSEQ
1715;M16-13Bom;Bombetoka;adult;M;myoxinus;5;myox;19,9;11,5;33,8;19,9;19,9;5,5;7,7;35,5;22,7;#NV;#NV;153;56;EZ;enlarged;NA;NA;NA;NA;-15.866666666666667;46.25;NA;41533;A1;NA
1716;F18-13Bom;Bombetoka;adult;F;myoxinus;5;myox;19,5;#NV;33,4;#NV;22,4;5,7;7,2;37,3;21,1;#NV;83;151;57;EZ;NA;closed;NA;NA;NA;-15.866666666666667;46.25;NA;41533;3;NA
1717;F09-13Bom;Bombetoka;adult;F;myoxinus;5;myox;19,4;12;35;23,3;19,4;5,2;9,8;37,3;22,4;#NV;90;152;59;EZ;NA;closed;NA;NA;NA;-15.866666666666667;46.25;NA;41532;2;NA
1723;M11-03Madi;Madirovalo;adult;M;myoxinus;5;myox;19;11,9;36,2;20,8;21,4;8,3;7,6;37,4;21,2;7,5;78;127;39;GO;enlarged;NA;NA;NA;NA;-16.380579999999998;46.479579999999999;NA;37786;A3;NA
1724;M15-03Madi;Madirovalo;adult;M;myoxinus;5;myox;17,3;11,7;35,6;#NV;20,2;7,5;8;38,4;22,3;8,4;74;138;41;GO;regressed;NA;NA;NA;NA;-16.383510000000001;46.476419999999997;NA;37788;AB;NA
1725;M23-03Madi;Madirovalo;adult;M;myoxinus;5;myox;19;10,4;35,7;19,6;20,5;7,4;11,4;37,6;20,6;7,3;78;150;41;GO;enlarged;NA;NA;NA;NA;-16.385999999999999;46.475149999999999;NA;37789;BD;NA
1726;F05-03Madi;Madirovalo;adult;F;myoxinus;5;myox;18,4;11,2;34,8;20,1;22,8;6,1;10;#NV;18,9;9,7;75;139;42;GO;NA;closed;NA;NA;NA;-16.383710000000001;46.477310000000003;NA;37780;A1;NA
1727;M22-03Madi;Madirovalo;adult;M;myoxinus;5;myox;16,8;10,6;35;19;21,6;7,8;9,9;39,2;20,1;9,7;77;137;43;GO;enlarged;NA;NA;NA;NA;-16.386610000000001;46.474719999999998;NA;37789;BC;NA
1728;M21-03Madi;Madirovalo;adult;M;myoxinus;5;myox;17,7;12,6;36;19,5;21;8,2;8,2;37,3;22,7;7,9;76;139;43;GO;regressed;NA;NA;NA;NA;-16.38589;46.475709999999999;NA;37789;AB(nat)C;NA
1729;F18-03Madi;Madirovalo;adult;F;myoxinus;5;myox;15,5;12,6;34,5;21,6;21,4;7,7;9,8;37,7;20,5;10,7;79;144;45;GO;NA;closed;NA;NA;NA;-16.381519999999998;46.47925;NA;37788;B2;NA
1730;M9-03Madi;Madirovalo;adult;M;myoxinus;5;myox;17,9;12,2;34,2;21,3;21,8;6,6;6,8;37,8;22,2;8,2;92;133;45;GO;enlarged;NA;NA;NA;NA;-16.386510000000001;46.474690000000002;NA;37785;14;NA
1731;F10-03Madi;Madirovalo;adult;F;myoxinus;5;myox;19,8;11;35,2;20,3;20,8;7,6;8,3;37,4;21,1;8,5;86;128;45;GO;NA;closed;NA;NA;NA;-16.38353;46.476669999999999;NA;37786;A2;NA
1732;M14-03Madi;Madirovalo;adult;M;myoxinus;5;myox;18,5;11,5;39,4;24,2;21,8;7,9;10;37,5;22,9;8;79;156;47;GO;enlarged;NA;NA;NA;NA;-16.386510000000001;46.474690000000002;NA;37787;34;NA
1733;F6-03Madi;Madirovalo;adult;F;myoxinus;5;myox;#NV;12,6;35,5;19,1;23;8,4;8;37,7;19,1;7,5;78;137;48;GO;NA;closed;NA;NA;NA;-16.38307;46.477809999999998;NA;37782;14(nat. cut C);NA
1734;F13-03Madi;Madirovalo;adult;F;myoxinus;5;myox;17,4;11,6;36,2;20,7;20,3;7,7;8,4;38;23,2;8,5;88;152;51;GO;NA;closed;NA;NA;NA;-16.386430000000001;46.474620000000002;NA;37787;B1;NA
1735;F7-03Madi;Madirovalo;adult;F;myoxinus;5;myox;15,7;11,2;36,2;21,5;22,4;7,1;7,5;37,4;23,7;7,7;94;142;58;GO;NA;closed;NA;NA;NA;-16.38307;46.477809999999998;NA;37784;AD(hole at C);NA
1896;M67-03Anko;Ankoririka;adult;M;ravelobensis;3;rave;23,6;15,2;36,2;20,4;19,7;7,8;7,3;41,9;25,2;#NV;82,5;161;#NV;RR;regressed;NA;NA;NA;NA;-16.255800000000001;47.036999999999999;NA;37786;A2;NA
1897;F53-03Anko;Ankoririka;adult;F;ravelobensis;3;rave;21;16,6;35,8;21,2;21,6;8,1;8;43,6;25,5;8,6;87,5;157;#NV;RR;NA;closed;NA;NA;NA;-16.27;47.036999999999999;NA;37782;12;NA
1964;63-15;JBA;adult;M;ravelobensis;3;rave;19;#NV;35,5;19,6;21,5;7;7,5;40;24;7;65;158;47;AK;NA;NA;NA;B 8;NA;-16.314793999999999;46.812100999999998;NA;42157;NA;NA
1966;65-15;JBA;adult;F;ravelobensis;3;rave;21;#NV;37,2;18,4;20,5;6,4;7,8;39,1;22;8,1;70;160;48;AK;NA;NA;NA;Nord est;NA;-16.314793999999999;46.812100999999998;NA;42157;NA;NA
1967;67-15;JBA;adult;F;ravelobensis;3;rave;15,6;#NV;36,3;21,4;18,8;5,6;6,2;40,1;24,5;9,3;75;140;49;AK;NA;NA;NA;D 7;NA;-16.314793999999999;46.812100999999998;NA;42159;NA;NA
1968;84-15;JBA;adult;F;ravelobensis;3;rave;19,1;#NV;35,2;20,7;18,9;6,7;8,5;39,9;22,9;10,7;80;160;50;AK;NA;NA;NA;B 2;NA;-16.314793999999999;46.812100999999998;NA;42173;NA;NA
1969;59-15;JBA;adult;F;ravelobensis;3;rave;14,3;#NV;#NV;22,3;21,1;5,7;9,6;37,1;22;7,3;62;168;52;AK;NA;NA;NA;D 3;NA;-16.314793999999999;46.812100999999998;NA;42157;NA;NA
1970;77-15;JBA;adult;F;ravelobensis;3;rave;17,9;#NV;34,9;21,7;19,8;5,1;5,3;41,5;22;10,3;81;144;52;AK;NA;NA;NA;A 8;NA;-16.314793999999999;46.812100999999998;NA;42161;NA;NA
1971;83-15;JBA;adult;F;ravelobensis;3;rave;17;#NV;37,1;19,7;20,7;7,4;8,2;39;23,1;9,7;87;145;53;AK;NA;NA;NA;D 6;NA;-16.314793999999999;46.812100999999998;NA;42173;NA;NA
1972;87-15;JBA;adult;M;ravelobensis;3;rave;18,8;#NV;35,1;23,2;20,7;6,2;8,8;42,5;22,9;11,1;80;149;54;AK;NA;NA;NA;Sud 4;NA;-16.314793999999999;46.812100999999998;NA;42175;NA;NA
1973;74-15;JBA;adult;F;ravelobensis;3;rave;18,8;#NV;33,9;19,9;19,1;5,2;#NV;38,6;#NV;9,4;87;140;56;AK;NA;NA;NA;D 8;NA;-16.314793999999999;46.812100999999998;NA;42161;NA;NA
1974;71-15;JBA;adult;M;ravelobensis;3;rave;19,5;#NV;#NV;19,5;21;8;6,7;41,1;23,4;9,1;85;140;56;AK;NA;NA;NA;G 4;NA;-16.314793999999999;46.812100999999998;NA;42159;NA;NA
1975;61-15;JBA;adult;M;ravelobensis;3;rave;21;#NV;38,7;18,7;21,9;4,7;9,3;43,1;21,5;10,3;79;160;56;AK;NA;NA;NA;D 4;NA;-16.314793999999999;46.812100999999998;NA;42157;NA;NA
1976;82-15;JBA;adult;M;ravelobensis;3;rave;19;#NV;37,1;22,1;22,1;6,2;7,7;37,3;21,9;10,4;90;159;58;AK;NA;NA;NA;A 2;NA;-16.314793999999999;46.812100999999998;NA;42171;NA;NA
1977;68-15;JBA;adult;F;ravelobensis;3;rave;15,1;#NV;35,2;22,4;19;7;7,7;38,9;24,5;9,7;78;155;59;AK;NA;NA;NA;N 6;NA;-16.314793999999999;46.812100999999998;NA;42159;NA;NA
1978;86-15;JBA;adult;F;ravelobensis;3;rave;16,4;#NV;35,8;22,2;20,8;6,5;7,7;39,1;22,9;9,3;93;152;59;AK;NA;NA;NA;E 8;NA;-16.314793999999999;46.812100999999998;NA;42175;NA;NA
1979;26-14;JBA;adult;F;ravelobensis;3;rave;18,7;#NV;37,7;24,6;19,6;5,7;7,5;40,5;#NV;8,8;90;144;59;AK;NA;NA;NA;Nord 2;NA;-16.314793999999999;46.812100999999998;NA;42175;NA;NA
1980;60-15;JBA;adult;M;ravelobensis;3;rave;18,3;#NV;38,2;25,7;24,4;6,6;8,2;36,7;23,1;9,8;68;150;62;AK;NA;NA;NA;A 2;NA;-16.314793999999999;46.812100999999998;NA;42157;NA;NA
1981;79-15;JBA;adult;F;ravelobensis;3;rave;19,3;#NV;#NV;25,2;20,2;6,3;7,9;42,1;25,6;11,7;95;169;71;AK;NA;NA;NA;F 6;NA;-16.314793999999999;46.812100999999998;NA;42171;NA;NA
1983;59-96;JBA;adult;M;ravelobensis;3;rave;#NV;14,46;#NV;#NV;22,55;7,23;9,57;36,11;25,05;#NV;95;140;#NV;UR;NA;NA;NA;NA;NA;-16.314793999999999;46.812100999999998;NA;34868;NA;NA
1984;11-96;JBA;adult;M;ravelobensis;3;rave;#NV;12,77;34,98;22,2;22,19;6,67;9,97;38,83;23,35;#NV;86;150;#NV;UR;NA;NA;NA;NA;NA;-16.314793999999999;46.812100999999998;NA;34868;NA;NA
1986;18-96;JBA;adult;F;ravelobensis;3;rave;#NV;15,5;34,9;21,5;22,4;7,8;10;38,9;21,4;#NV;80;138;#NV;UR;NA;NA;NA;NA;NA;-16.314793999999999;46.812100999999998;NA;34868;NA;NA
1988;127-96;JBA;adult;F;ravelobensis;3;rave;#NV;14,2;35;21,1;22,9;7,8;10,05;39,45;22;#NV;90;155;#NV;UR;NA;NA;NA;NA;NA;-16.314793999999999;46.812100999999998;NA;34868;NA;NA
1989;113-96;JBA;adult;M;ravelobensis;3;rave;#NV;15;36,2;21,1;#NV;7,2;11,2;43,1;25,9;#NV;75;165;#NV;UR;NA;NA;NA;NA;NA;-16.314793999999999;46.812100999999998;NA;34868;NA;NA
1992;17-96;JBA;adult;M;ravelobensis;3;rave;#NV;15,5;33,5;22,2;20,6;7,5;9,8;41;23,5;#NV;78;154;#NV;UR;NA;NA;NA;NA;NA;-16.314793999999999;46.812100999999998;NA;34868;NA;NA
1994;0-96;JBA;adult;M;ravelobensis;3;rave;#NV;16;34,5;21,5;20,5;7,5;9,3;43,4;25;#NV;78;155;#NV;UR;NA;NA;NA;NA;NA;-16.314793999999999;46.812100999999998;NA;34868;NA;NA
1995;16-96;JBA;adult;M;ravelobensis;3;rave;#NV;16,1;34,4;22,3;21;6,5;10,5;42,5;23,2;#NV;74;155;#NV;UR;NA;NA;NA;NA;NA;-16.314793999999999;46.812100999999998;NA;34868;NA;NA
1997;25-96;JBA;adult;F;ravelobensis;3;rave;#NV;14;38,6;20,3;22,5;#NV;11;42,5;23,4;#NV;95;162;#NV;UR;NA;NA;NA;NA;NA;-16.314793999999999;46.812100999999998;NA;34868;NA;NA
1998;15-96;JBA;adult;F;ravelobensis;3;rave;#NV;14,6;#NV;19,1;#NV;5,8;8,3;39,35;20,1;#NV;78;134;#NV;UR;NA;NA;NA;NA;NA;-16.314793999999999;46.812100999999998;NA;34868;NA;NA
1999;76-95;JBA;adult;F;ravelobensis;3;rave;#NV;13,3;37,5;22,9;20,1;7,4;8,5;40,9;22,3;#NV;85;157;#NV;UR;NA;NA;NA;NA;NA;-16.314793999999999;46.812100999999998;NA;34867;NA;NA
2000;62-96;JBA;adult;F;ravelobensis;3;rave;#NV;14,4;36;19,8;20,6;7,2;9,3;42,2;26,7;#NV;95;160;#NV;UR;NA;NA;NA;NA;NA;-16.314793999999999;46.812100999999998;NA;34868;NA;NA
2001;28-96;JBA;adult;M;ravelobensis;3;rave;#NV;15,6;34,5;22,5;20,4;6,2;10,5;43,6;24,2;#NV;86;154;#NV;UR;NA;NA;NA;NA;NA;-16.314793999999999;46.812100999999998;NA;34868;NA;NA
2002;109-96;JBA;adult;M;ravelobensis;3;rave;#NV;14,6;35,8;19,5;21,2;6,6;9,6;41,4;20,5;#NV;93;152;#NV;UR;NA;NA;NA;NA;NA;-16.314793999999999;46.812100999999998;NA;34868;NA;NA
2003;24-96;JBA;adult;M;ravelobensis;3;rave;#NV;16,8;36,15;22,2;21;6;8,8;43;22,8;#NV;84;160;#NV;UR;NA;NA;NA;NA;NA;-16.314793999999999;46.812100999999998;NA;34868;NA;NA
2005;22-96;JBA;adult;M;ravelobensis;3;rave;#NV;14,5;35,6;21,3;21,3;6,3;8,5;37,3;22,6;#NV;78;140;#NV;UR;NA;NA;NA;NA;NA;-16.314793999999999;46.812100999999998;NA;34868;NA;NA
2006;30-96;JBA;adult;F;ravelobensis;3;rave;#NV;14,2;32,8;20,1;20,4;5,3;10,5;41,9;23,3;#NV;85;152;#NV;UR;NA;NA;NA;NA;NA;-16.314793999999999;46.812100999999998;NA;34868;NA;NA
2007;131-96;JBA;adult;F;ravelobensis;3;rave;#NV;16,4;35,6;21,1;22;7,2;9,8;39;23,9;#NV;95;142;#NV;UR;NA;NA;NA;NA;NA;-16.314793999999999;46.812100999999998;NA;34868;NA;NA
2008;144-96;JBA;adult;F;ravelobensis;3;rave;#NV;14,1;36;22,3;21,5;7,6;9,3;43,7;23;#NV;90;160;#NV;UR;NA;NA;NA;NA;NA;-16.314793999999999;46.812100999999998;NA;34868;NA;NA
2009;61-96;JBA;adult;F;ravelobensis;3;rave;#NV;14,4;36,11;#NV;22,23;6,11;10,58;38,35;25,54;#NV;105;175;#NV;UR;NA;NA;NA;NA;NA;-16.314793999999999;46.812100999999998;NA;34868;NA;NA
2010;60-96;JBA;adult;M;ravelobensis;3;rave;#NV;15,57;38,53;#NV;21,53;6,17;9,53;35,59;25,6;#NV;90;160;#NV;UR;NA;NA;NA;NA;NA;-16.314793999999999;46.812100999999998;NA;34868;NA;NA
2011;19-96;JBA;adult;M;ravelobensis;3;rave;#NV;17,21;#NV;20,35;20,6;6,1;9,7;40,3;21,4;#NV;85;140;#NV;UR;NA;NA;NA;NA;NA;-16.314793999999999;46.812100999999998;NA;34868;NA;NA
2012;21-96;JBA;adult;M;ravelobensis;3;rave;#NV;15,6;34,8;23,9;22,3;6,3;9,3;42,5;23,35;#NV;85;163;#NV;UR;NA;NA;NA;NA;NA;-16.314793999999999;46.812100999999998;NA;34868;NA;NA
2013;151-96;JBA;adult;F;ravelobensis;3;rave;#NV;14;38,6;24,3;22,6;7,9;10,5;43,9;24;#NV;#NV;160;#NV;UR;NA;NA;NA;NA;NA;-16.314793999999999;46.812100999999998;NA;34868;NA;NA
2014;80-96;JBA;adult;F;ravelobensis;3;rave;#NV;14,7;38,4;23,5;22,2;7,1;11,1;40,3;23,1;#NV;100;150;#NV;UR;NA;NA;NA;NA;NA;-16.314793999999999;46.812100999999998;NA;34868;NA;NA
2015;14-96;JBA;adult;M;ravelobensis;3;rave;#NV;15,5;34,5;20,1;22,7;7,5;10,2;42;24,5;#NV;81;162;#NV;UR;NA;NA;NA;NA;NA;-16.314793999999999;46.812100999999998;NA;34868;NA;NA
2016;146-96;JBA;adult;F;ravelobensis;3;rave;#NV;15,1;38;23,2;22,4;8;9,3;44;23,4;#NV;100;167;#NV;UR;NA;NA;NA;NA;NA;-16.314793999999999;46.812100999999998;NA;34868;NA;NA
2017;27-96;JBA;adult;M;ravelobensis;3;rave;#NV;15;35,4;22,5;22;6,9;9,6;42,9;23;#NV;78;166;#NV;UR;NA;NA;NA;NA;NA;-16.314793999999999;46.812100999999998;NA;34868;NA;NA
2018;103-96;JBA;adult;M;ravelobensis;3;rave;#NV;14,3;35,7;20,7;22,1;8,3;11,1;35,8;23;#NV;80;153;#NV;UR;NA;NA;NA;NA;NA;-16.314793999999999;46.812100999999998;NA;34868;NA;NA
2019;134-96;JBA;adult;M;ravelobensis;3;rave;#NV;13,1;35,9;21;22,1;7,1;9,9;41,6;22,4;#NV;90;167;#NV;UR;NA;NA;NA;NA;NA;-16.314793999999999;46.812100999999998;NA;34868;NA;NA
2020;107-96;JBA;adult;M;ravelobensis;3;rave;#NV;13,3;35,7;21,7;21,1;6,7;9,4;36,7;23,2;#NV;80;165;#NV;UR;NA;NA;NA;NA;NA;-16.314793999999999;46.812100999999998;NA;34868;NA;NA
2021;64-96;JBA;adult;F;ravelobensis;3;rave;#NV;13,9;36;21,9;22,1;7,5;9,3;40,4;24,9;#NV;83;157;#NV;UR;NA;NA;NA;NA;NA;-16.314793999999999;46.812100999999998;NA;34868;NA;NA
2022;147-96;JBA;adult;M;ravelobensis;3;rave;#NV;14,1;38,2;23,1;22,6;#NV;8,4;44,2;24,3;#NV;90;160;#NV;UR;NA;NA;NA;NA;NA;-16.314793999999999;46.812100999999998;NA;34868;NA;NA
2023;83-96;JBA;adult;M;ravelobensis;3;rave;#NV;14,3;36,6;22,2;21,1;6,9;10,7;40,2;25,5;#NV;85;150;#NV;UR;NA;NA;NA;NA;NA;-16.314793999999999;46.812100999999998;NA;34868;NA;NA
2024;20-96;JBA;adult;M;ravelobensis;3;rave;#NV;17,5;#NV;25,1;21,04;7,1;10,35;42,8;23,8;#NV;88;171;#NV;UR;NA;NA;NA;NA;NA;-16.314793999999999;46.812100999999998;NA;34868;NA;NA
2025;82-96;JBA;adult;M;ravelobensis;3;rave;#NV;14,5;35,8;23;20,3;7;8,8;42,35;20,2;#NV;90;161;#NV;UR;NA;NA;NA;NA;NA;-16.314793999999999;46.812100999999998;NA;34868;NA;NA
2026;152-96;JBA;adult;M;ravelobensis;3;rave;#NV;15;37,2;22;21,7;7,8;10,8;41,7;23,3;#NV;85;150;#NV;UR;NA;NA;NA;NA;NA;-16.314793999999999;46.812100999999998;NA;34868;NA;NA
2027;154-96;JBA;adult;M;ravelobensis;3;rave;#NV;14,8;35,9;22,8;21,8;7,5;9,1;42,2;23;#NV;85;150;#NV;UR;NA;NA;NA;NA;NA;-16.314793999999999;46.812100999999998;NA;34868;NA;NA
2028;79-96;JBA;adult;M;ravelobensis;3;rave;#NV;15,2;37,7;23,1;20,8;7,3;10,2;40,5;25,8;#NV;100;148;#NV;UR;NA;NA;NA;NA;NA;-16.314793999999999;46.812100999999998;NA;34868;NA;NA
2038;92.15;JBA;adult;M;ravelobensis;3;rave;19,9;#NV;34,4;22,7;19,3;4,9;9,3;36,4;24,4;8,8;80;142;50;AK;NA;NA;NA;G 2;NA;-16.314793999999999;46.812100999999998;NA;42188;NA;NA
2039;103-15;JBA;adult;M;ravelobensis;3;rave;22,5;#NV;38,6;21,9;19,7;6,4;7,2;42,2;24,3;9,8;82;160;51;AK;NA;NA;NA;A 5;NA;-16.314793999999999;46.812100999999998;NA;42209;NA;NA
2040;99-15;JBA;adult;M;ravelobensis;3;rave;22,9;#NV;36,6;23,7;17,7;6,1;6,9;42,2;26,1;9,5;89;135;56;AK;NA;NA;NA;Nord 3;NA;-16.314793999999999;46.812100999999998;NA;42207;NA;NA
2041;110-15;JBA;adult;F;ravelobensis;3;rave;21;#NV;35,5;20;18,3;6,2;8,3;42;24;9,2;86;127;46;AK;NA;NA;NA;Nord 4;NA;-16.314793999999999;46.812100999999998;NA;42243;NA;NA
2042;111-15;JBA;adult;F;ravelobensis;3;rave;19,9;#NV;34,6;19,9;#NV;#NV;7,1;43,1;24,4;9,1;88;140;49;AK;NA;NA;NA;E west;NA;-16.314793999999999;46.812100999999998;NA;42243;NA;NA
2043;107-15;JBA;adult;M;ravelobensis;3;rave;21;#NV;35,3;22,1;18,8;5,7;6,6;42,4;25,3;8,2;83;145;54;AK;NA;NA;NA;G ouest;NA;-16.314793999999999;46.812100999999998;NA;42219;NA;NA
2045;116-15;JBA;adult;M;ravelobensis;3;rave;21,9;#NV;35;20,2;19,2;6,4;9,8;36;23,9;7;85;155;46;AK;NA;NA;NA;E 7;NA;-16.314793999999999;46.812100999999998;NA;42250;NA;NA
2046;127-15;JBA;adult;F;ravelobensis;3;rave;20,7;#NV;33,3;23,6;19,6;5,3;8,1;36,1;23,9;7,2;78;148;51;AK;NA;NA;NA;Sud 5;NA;-16.314793999999999;46.812100999999998;NA;42276;NA;NA
2047;121-15;JBA;adult;M;ravelobensis;3;rave;24,5;#NV;35,3;23,6;20,8;6,4;9,8;43,7;23,4;10,4;75;155;65;AK;NA;NA;NA;F ouest;NA;-16.314793999999999;46.812100999999998;NA;42266;NA;NA
2048;118-15;JBA;adult;M;ravelobensis;3;rave;20,2;#NV;35,4;22,2;22;6,4;7,7;44,3;21,3;9,5;95;145;66;AK;NA;NA;NA;G 7;NA;-16.314793999999999;46.812100999999998;NA;42252;NA;NA
2049;131-15;JBA;adult;F;ravelobensis;3;rave;22,7;#NV;33,2;20,9;19,6;6,7;6,4;39,6;24,6;9,3;73;151;45;AK;NA;NA;NA;E 6;NA;-16.314793999999999;46.812100999999998;NA;42297;NA;NA
2050;129-15;JBA;adult;M;ravelobensis;3;rave;21,4;#NV;34,9;22,5;20,5;6,6;9,4;38,8;22,7;7,2;75;142;47;AK;NA;NA;NA;F 7;NA;-16.314793999999999;46.812100999999998;NA;42278;NA;NA
2051;133-15;JBA;adult;M;ravelobensis;3;rave;22,5;#NV;35,2;21,6;21,2;6,1;8;41;23,4;9,3;78;141;53;AK;NA;NA;NA;B 7;NA;-16.314793999999999;46.812100999999998;NA;42299;NA;NA
2052;128-15;JBA;adult;F;ravelobensis;3;rave;23,4;#NV;36,8;21,9;20,3;6,7;10;38,3;23,8;10;82;146;56;AK;NA;NA;NA;G 6;NA;-16.314793999999999;46.812100999999998;NA;42278;NA;NA
2053;136-15;JBA;adult;M;ravelobensis;3;rave;22,2;#NV;33,1;20,7;20;6,4;7;38,5;23,8;8,6;69;152;47;AK;NA;NA;NA;D 7;NA;-16.314793999999999;46.812100999999998;NA;42311;NA;NA
2071;23-15;JBB;adult;F;ravelobensis;3;rave;18,8;#NV;36,4;24,1;21;4,4;7,7;38,9;20;8,4;72;141;47;AK;NA;NA;NA;26;NA;-16.1344722199999;46.811527779999999;NA;42156;NA;NA
2072;36-15;JBB;adult;F;ravelobensis;3;rave;16,3;#NV;36,1;22;#NV;7,6;7;38,8;21,5;9;74;149;50;AK;NA;NA;NA;45;NA;-16.1344722199999;46.811527779999999;NA;42163;NA;NA
2073;25-15;JBB;adult;M;ravelobensis;3;rave;19,9;#NV;34,2;21,8;19,3;4,8;5,9;38,7;21,1;9,1;72;141;50;AK;NA;NA;NA;42;NA;-16.1344722199999;46.811527779999999;NA;42156;NA;NA
2074;28-15;JBB;adult;M;ravelobensis;3;rave;16,3;#NV;35,6;20,1;18,9;6,7;7;39,4;19;9,7;76;155;53;AK;NA;NA;NA;46;NA;-16.1344722199999;46.811527779999999;NA;42156;NA;NA
2075;42-15;JBB;adult;M;ravelobensis;3;rave;19,4;#NV;35,4;21,3;18,6;5,8;5,3;41,7;21,7;9,9;76;145;53;AK;NA;NA;NA;35;NA;-16.1344722199999;46.811527779999999;NA;42163;NA;NA
2076;32-15;JBB;adult;F;ravelobensis;3;rave;20,8;#NV;34,7;21,5;18,4;5,8;5,1;40,3;19,3;9,1;72;160;54;AK;NA;NA;NA;NA;NA;-16.1344722199999;46.811527779999999;NA;42161;NA;NA
2077;33-15;JBB;adult;M;ravelobensis;3;rave;15,4;#NV;34,3;21,3;20,6;5,8;5,7;37,7;21,9;9;73;148;55;AK;NA;NA;NA;55;NA;-16.1344722199999;46.811527779999999;NA;42161;NA;NA
2078;27-15;JBB;adult;M;ravelobensis;3;rave;16,7;#NV;36,2;19,5;17,9;5;7,4;37,3;19,5;9,9;78;152;55;AK;NA;NA;NA;62;NA;-16.1344722199999;46.811527779999999;NA;42156;NA;NA
2079;34-15;JBB;adult;F;ravelobensis;3;rave;19,8;#NV;36,6;21,5;19,3;5,6;5,4;35,9;22,3;9,5;88;158;55;AK;NA;NA;NA;71;NA;-16.1344722199999;46.811527779999999;NA;42161;NA;NA
2080;38-15;JBB;adult;F;ravelobensis;3;rave;21,9;#NV;35,8;20,2;18,8;5,5;5,4;35,8;#NV;9,5;75;138;59;AK;NA;NA;NA;26;NA;-16.1344722199999;46.811527779999999;NA;42163;NA;NA
2081;39-15;JBB;adult;F;ravelobensis;3;rave;19,4;#NV;36,1;21,3;18,6;6,4;#NV;40,8;22,9;9,6;78;158;61;AK;NA;NA;NA;21;NA;-16.1344722199999;46.811527779999999;NA;42163;NA;NA
2082;24-15;JBB;adult;F;ravelobensis;3;rave;20,6;#NV;35,3;22,1;19,3;5,9;6,7;39,9;22,9;9,2;78;142;61;AK;NA;NA;NA;72;NA;-16.1344722199999;46.811527779999999;NA;42156;NA;NA
2083;37-15;JBB;adult;F;ravelobensis;3;rave;16,9;#NV;35,4;21,4;17,9;4,5;#NV;37,8;20,6;9,4;74;140;63;AK;NA;NA;NA;14;NA;-16.1344722199999;46.811527779999999;NA;42163;NA;NA
2084;31-15;JBB;adult;F;ravelobensis;3;rave;24,7;#NV;37,2;23,2;20,5;6,3;5,8;42,4;19,3;8,7;83;143;65;AK;NA;NA;NA;98;NA;-16.1344722199999;46.811527779999999;NA;42161;NA;NA
2085;22-15;JBB;adult;F;ravelobensis;3;rave;18,5;#NV;34,4;20;19,2;5;7,2;39,4;22;9,8;74;150;66;AK;NA;NA;NA;52;NA;-16.1344722199999;46.811527779999999;NA;42156;NA;NA
2086;37-13;JBB;adult;M;ravelobensis;3;rave;19,9;#NV;36,6;21,9;21,2;5,1;#NV;39,2;21;8,6;82;141;70;AK;NA;NA;NA;50;NA;-16.1344722199999;46.811527779999999;NA;42161;NA;NA
2087;29-15;JBB;adult;M;ravelobensis;3;rave;20,8;#NV;36;21,2;20,8;6,6;5,6;42,2;22,6;9,5;86;152;70;AK;NA;NA;NA;38;NA;-16.1344722199999;46.811527779999999;NA;42161;NA;NA
2088;40-15;JBB;adult;F;ravelobensis;3;rave;19,6;#NV;37,4;22,5;18,9;5,3;5,7;38,7;20,9;8,7;80;145;73;AK;NA;NA;NA;24;NA;-16.1344722199999;46.811527779999999;NA;42163;NA;NA
2089;26-15;JBB;adult;F;ravelobensis;3;rave;18,6;#NV;36,7;22;20,7;6,8;7,2;40,1;19,1;9,1;88;#NV;75;AK;NA;NA;NA;95;NA;-16.1344722199999;46.811527779999999;NA;42156;NA;NA
2090;41-15;JBB;adult;F;ravelobensis;3;rave;23,3;#NV;37,9;23,1;20,5;7,9;5,5;39,7;18,6;9,5;88;156;75;AK;NA;NA;NA;38;NA;-16.1344722199999;46.811527779999999;NA;42163;NA;NA
2092;138-96;JBB;adult;M;ravelobensis;3;rave;#NV;13,6;35,2;18,9;18,3;4,9;9,9;39,1;22,7;#NV;80;170;#NV;UR;NA;NA;NA;NA;NA;-16.1344722199999;46.811527779999999;NA;34868;NA;NA
2093;62-96;JBB;adult;F;ravelobensis;3;rave;#NV;13,4;35,6;22,7;20,3;5,3;11,7;34;24,6;#NV;85;160;#NV;UR;NA;NA;NA;NA;NA;-16.1344722199999;46.811527779999999;NA;34868;NA;NA
2094;47-96;JBB;adult;M;ravelobensis;3;rave;#NV;17,5;35,4;22,8;20,8;7,2;10,1;44,5;20,6;#NV;87;169;#NV;UR;NA;NA;NA;NA;NA;-16.1344722199999;46.811527779999999;NA;34868;NA;NA
2095;69-96;JBB;adult;F;ravelobensis;3;rave;#NV;14,6;#NV;23,9;21,5;6,3;9;37,3;24,1;#NV;92;145;#NV;UR;NA;NA;NA;NA;NA;-16.1344722199999;46.811527779999999;NA;34868;NA;NA
2096;67-96;JBB;adult;F;ravelobensis;3;rave;#NV;15,6;35,3;#NV;22;7,3;10,3;43,6;23,6;#NV;85;155;#NV;UR;NA;NA;NA;NA;NA;-16.1344722199999;46.811527779999999;NA;34868;NA;NA
2097;53-96;JBB;adult;F;ravelobensis;3;rave;#NV;16,4;37,5;21,5;20,5;6,8;9,5;42,85;22,7;#NV;86;165;#NV;UR;NA;NA;NA;NA;NA;-16.1344722199999;46.811527779999999;NA;34868;NA;NA
2098;91-96;JBB;adult;F;ravelobensis;3;rave;#NV;15,3;35,2;19,7;22,3;7,5;10,3;37,4;24,9;#NV;90;155;#NV;UR;NA;NA;NA;NA;NA;-16.1344722199999;46.811527779999999;NA;35234;NA;NA
2099;92-96;JBB;adult;F;ravelobensis;3;rave;#NV;14,1;35,6;19,1;20,4;7,4;10,3;42,5;25,1;#NV;80;152;#NV;UR;NA;NA;NA;NA;NA;-16.1344722199999;46.811527779999999;NA;34868;NA;NA
2102;53-95;JBB;adult;F;ravelobensis;3;rave;#NV;14,7;32,7;21,4;21,51;#NV;11,7;38,5;25,5;#NV;74;170;#NV;UR;NA;NA;NA;NA;NA;-16.1344722199999;46.811527779999999;NA;34867;NA;NA
2103;54-96;JBB;adult;F;ravelobensis;3;rave;#NV;16,25;35,1;24,1;21,2;7,2;9,25;40,7;22,55;#NV;82;156;#NV;UR;NA;NA;NA;NA;NA;-16.1344722199999;46.811527779999999;NA;34868;NA;NA
2104;50-95;JBB;adult;M;ravelobensis;3;rave;#NV;15,5;33,9;21,4;21,2;7,5;9,8;38,1;25,5;#NV;70;155;#NV;UR;NA;NA;NA;NA;NA;-16.1344722199999;46.811527779999999;NA;34867;NA;NA
2105;52-95;JBB;adult;F;ravelobensis;3;rave;#NV;14,1;35,5;22,2;19,4;7,5;10,5;44,5;24,3;#NV;73;165;#NV;UR;NA;NA;NA;NA;NA;-16.1344722199999;46.811527779999999;NA;34867;NA;NA
2107;57-96;JBB;adult;F;ravelobensis;3;rave;#NV;17,2;37,5;22,5;23;6,4;10,2;45,5;25,7;#NV;87;172;#NV;UR;NA;NA;NA;NA;NA;-16.1344722199999;46.811527779999999;NA;34868;NA;NA
2108;32-96;JBB;adult;M;ravelobensis;3;rave;#NV;16,3;34,9;22,5;20,6;7,2;9,6;42,8;23,7;#NV;81;168;#NV;UR;NA;NA;NA;NA;NA;-16.1344722199999;46.811527779999999;NA;34868;NA;NA
2109;48-96;JBB;adult;M;ravelobensis;3;rave;#NV;15,6;36,12;22,2;21,2;7,2;9,4;39,7;23,9;#NV;75;155;#NV;UR;NA;NA;NA;NA;NA;-16.1344722199999;46.811527779999999;NA;34868;NA;NA
2110;45-96;JBB;adult;M;ravelobensis;3;rave;#NV;15,8;35;23,1;22,5;7,1;10,5;42,15;24,2;#NV;86;165;#NV;UR;NA;NA;NA;NA;NA;-16.1344722199999;46.811527779999999;NA;34868;NA;NA
2111;51-96;JBB;adult;F;ravelobensis;3;rave;#NV;16,2;36,4;#NV;22,7;7,5;10,5;43,9;24,8;#NV;86;172;#NV;UR;NA;NA;NA;NA;NA;-16.1344722199999;46.811527779999999;NA;34868;NA;NA
2112;54-95;JBB;adult;F;ravelobensis;3;rave;#NV;14,65;35,3;20;21,2;7,8;9,3;38,9;24,5;#NV;70;145;#NV;UR;NA;NA;NA;NA;NA;-16.1344722199999;46.811527779999999;NA;34867;NA;NA
2113;87-96;JBB;adult;F;ravelobensis;3;rave;#NV;14,5;32,3;20,6;21,4;5,6;9,3;41;23,8;#NV;90;160;#NV;UR;NA;NA;NA;NA;NA;-16.1344722199999;46.811527779999999;NA;34868;NA;NA
2115;142-96;JBB;adult;F;ravelobensis;3;rave;#NV;15;38,8;24,1;21;8,1;9,5;37,1;23,3;#NV;80;155;#NV;UR;NA;NA;NA;NA;NA;-16.1344722199999;46.811527779999999;NA;34868;NA;NA
2116;38-96;JBB;adult;M;ravelobensis;3;rave;#NV;15,9;#NV;23,9;20,2;7,4;9,3;45;25,6;#NV;85;175;#NV;UR;NA;NA;NA;NA;NA;-16.1344722199999;46.811527779999999;NA;34868;NA;NA
2117;56-96;JBB;adult;F;ravelobensis;3;rave;#NV;15;36,2;21,05;20,4;7,7;10;42,6;23,2;#NV;85;162;#NV;UR;NA;NA;NA;NA;NA;-16.1344722199999;46.811527779999999;NA;34868;NA;NA
2118;88-96;JBB;adult;F;ravelobensis;3;rave;#NV;14,7;#NV;21,3;21;7,5;10,4;43,8;27;#NV;95;165;#NV;UR;NA;NA;NA;NA;NA;-16.1344722199999;46.811527779999999;NA;34868;NA;NA
2119;42-96;JBB;adult;M;ravelobensis;3;rave;#NV;16,1;35,9;26,1;20,5;6,5;9,9;40,4;24,2;#NV;78;155;#NV;UR;NA;NA;NA;NA;NA;-16.1344722199999;46.811527779999999;NA;34868;NA;NA
2120;39-96;JBB;adult;M;ravelobensis;3;rave;#NV;17,2;36,1;23,25;21,15;6,6;9,5;43,25;23,8;#NV;88;168;#NV;UR;NA;NA;NA;NA;NA;-16.1344722199999;46.811527779999999;NA;34868;NA;NA
2121;85-96;JBB;adult;F;ravelobensis;3;rave;#NV;15;#NV;18,6;21,5;7;10,5;39,4;24,7;#NV;82;155;#NV;UR;NA;NA;NA;NA;NA;-16.1344722199999;46.811527779999999;NA;35234;NA;NA
2122;52-96;JBB;adult;F;ravelobensis;3;rave;#NV;11,1;33,5;22,6;20,35;6,4;8,5;41,8;24,9;#NV;75;161;#NV;UR;NA;NA;NA;NA;NA;-16.1344722199999;46.811527779999999;NA;34868;NA;NA
2123;89-96;JBB;adult;M;ravelobensis;3;rave;#NV;15,1;36,8;20,6;22,7;8;9,8;40,6;24,8;#NV;85;160;#NV;UR;NA;NA;NA;NA;NA;-16.1344722199999;46.811527779999999;NA;34868;NA;NA
2124;37-96;JBB;adult;M;ravelobensis;3;rave;#NV;17,15;#NV;21,85;20,55;7,15;9,25;43,8;22,1;#NV;88;170;#NV;UR;NA;NA;NA;NA;NA;-16.1344722199999;46.811527779999999;NA;34868;NA;NA
2125;58-95;JBB;adult;F;ravelobensis;3;rave;#NV;15;34,35;20,3;#NV;8,3;#NV;36;24;#NV;60;145;#NV;UR;NA;NA;NA;NA;NA;-16.1344722199999;46.811527779999999;NA;34867;NA;NA
2126;73-95;JBB;adult;M;ravelobensis;3;rave;#NV;14,1;37,8;20,3;22,2;8,2;10,9;42,1;25,4;#NV;88;173;#NV;UR;NA;NA;NA;NA;NA;-16.1344722199999;46.811527779999999;NA;34867;NA;NA
2127;44-96;JBB;adult;M;ravelobensis;3;rave;#NV;16,3;36,2;24;20,2;7,2;10,3;42;23,2;#NV;85;162;#NV;UR;NA;NA;NA;NA;NA;-16.1344722199999;46.811527779999999;NA;34868;NA;NA
2128;76-96;JBB;adult;M;ravelobensis;3;rave;#NV;15,8;35,2;22,2;21,1;5;8,7;42,1;24,3;#NV;95;154;#NV;UR;NA;NA;NA;NA;NA;-16.1344722199999;46.811527779999999;NA;34868;NA;NA
2130;55-95;JBB;adult;F;ravelobensis;3;rave;#NV;14,2;35,9;22,3;20,9;7,7;8,8;41,9;24,5;#NV;67;143;#NV;UR;NA;NA;NA;NA;NA;-16.1344722199999;46.811527779999999;NA;34867;NA;NA
2131;73-96;JBB;adult;F;ravelobensis;3;rave;#NV;14,5;37,6;22,9;20,9;6,2;10,6;44;25,4;#NV;105;157;#NV;UR;NA;NA;NA;NA;NA;-16.1344722199999;46.811527779999999;NA;34868;NA;NA
2132;93-96;JBB;adult;F;ravelobensis;3;rave;#NV;16,6;35,7;19;23,4;8;10,3;41,1;24;#NV;90;165;#NV;UR;NA;NA;NA;NA;NA;-16.1344722199999;46.811527779999999;NA;34868;NA;NA
2133;34-96;JBB;adult;M;ravelobensis;3;rave;#NV;17,25;37,2;22,54;22,1;7,6;9,4;44,2;23,35;#NV;82;166;#NV;UR;NA;NA;NA;NA;NA;-16.1344722199999;46.811527779999999;NA;34868;NA;NA
2134;72-96;JBB;adult;F;ravelobensis;3;rave;#NV;15,8;34,6;22;21,3;6,2;10,8;39,7;22,7;#NV;90;170;#NV;UR;NA;NA;NA;NA;NA;-16.1344722199999;46.811527779999999;NA;34868;NA;NA
2135;86-96;JBB;adult;F;ravelobensis;3;rave;#NV;14,6;35,2;18,3;20;7,1;8,4;39,2;24,1;#NV;85;157;#NV;UR;NA;NA;NA;NA;NA;-16.1344722199999;46.811527779999999;NA;34868;NA;NA
2136;35-96;JBB;adult;M;ravelobensis;3;rave;#NV;16,25;34,3;21,75;21;7;8,7;43,75;24;#NV;82;165;#NV;UR;NA;NA;NA;NA;NA;-16.1344722199999;46.811527779999999;NA;34868;NA;NA
2137;75-96;JBB;adult;F;ravelobensis;3;rave;#NV;14,8;34,7;18,2;18,8;6;8,4;38;22,5;#NV;85;155;#NV;UR;NA;NA;NA;NA;NA;-16.1344722199999;46.811527779999999;NA;34868;NA;NA
2138;41-96;JBB;adult;M;ravelobensis;3;rave;#NV;15,7;35,7;24,75;19,5;7,1;9,6;42,8;23,1;#NV;84;167;#NV;UR;NA;NA;NA;NA;NA;-16.1344722199999;46.811527779999999;NA;34868;NA;NA
2139;50-96;JBB;adult;F;ravelobensis;3;rave;#NV;16;37,5;24,9;22,5;7;9;46,6;25,5;#NV;89;172;#NV;UR;NA;NA;NA;NA;NA;-16.1344722199999;46.811527779999999;NA;34868;NA;NA
2140;40-96;JBB;adult;M;ravelobensis;3;rave;#NV;11,05;35,2;23;20,5;6,8;7,8;43,3;25;#NV;84;162;#NV;UR;NA;NA;NA;NA;NA;-16.1344722199999;46.811527779999999;NA;34868;NA;NA
2141;71-96;JBB;adult;F;ravelobensis;3;rave;#NV;15;35,3;23,9;20;6,5;10,3;38,4;23,8;#NV;100;160;#NV;UR;NA;NA;NA;NA;NA;-16.1344722199999;46.811527779999999;NA;34868;NA;NA
2142;97-96;JBB;adult;M;ravelobensis;3;rave;#NV;15,3;35;24,7;21,1;7,1;9;38,6;24;#NV;70;155;#NV;UR;NA;NA;NA;NA;NA;-16.1344722199999;46.811527779999999;NA;34868;NA;NA
2143;143-96;JBB;adult;M;ravelobensis;3;rave;#NV;16,1;35,3;24,4;21,3;7,8;9,4;36,2;24,9;#NV;80;150;#NV;UR;NA;NA;NA;NA;NA;-16.1344722199999;46.811527779999999;NA;34868;NA;NA
2144;49-96;JBB;adult;F;ravelobensis;3;rave;#NV;15,4;35,5;21,5;#NV;6,7;9,2;40,4;23,8;#NV;85;156;#NV;UR;NA;NA;NA;NA;NA;-16.1344722199999;46.811527779999999;NA;34868;NA;NA
2145;43-96;JBB;adult;M;ravelobensis;3;rave;#NV;16,8;37,1;22,5;23,1;7,7;10,7;43,2;24,8;#NV;86;170;#NV;UR;NA;NA;NA;NA;NA;-16.1344722199999;46.811527779999999;NA;34868;NA;NA
2146;49-95;JBB;adult;F;ravelobensis;3;rave;#NV;17;36,5;22,7;20,5;7;8,5;41,5;24,6;#NV;86;165;#NV;UR;NA;NA;NA;NA;NA;-16.1344722199999;46.811527779999999;NA;34867;NA;NA
2147;55-96;JBB;adult;F;ravelobensis;3;rave;#NV;15,5;35,4;22,2;20,2;7,2;#NV;40,2;24,2;#NV;72;155;#NV;UR;NA;NA;NA;NA;NA;-16.1344722199999;46.811527779999999;NA;34868;NA;NA
2148;100-96;JBB;adult;F;ravelobensis;3;rave;#NV;16,1;36,1;23,6;22,3;7,6;10;38,1;#NV;#NV;95;153;#NV;UR;NA;NA;NA;NA;NA;-16.1344722199999;46.811527779999999;NA;34868;NA;NA
2149;98-96;JBB;adult;M;ravelobensis;3;rave;#NV;16;36,8;23,6;19,3;5,4;9,6;39,3;24,4;#NV;90;157;#NV;UR;NA;NA;NA;NA;NA;-16.1344722199999;46.811527779999999;NA;34868;NA;NA
2150;99-96;JBB;adult;F;ravelobensis;3;rave;#NV;17;37,7;23,3;20,8;7,4;9;45,9;26,2;#NV;105;172;#NV;UR;NA;NA;NA;NA;NA;-16.1344722199999;46.811527779999999;NA;34868;NA;NA
2151;48-95;JBB;adult;M;ravelobensis;3;rave;#NV;14,1;34,8;22,5;22,3;7,4;10;37,65;26,6;#NV;90;173;#NV;UR;NA;NA;NA;NA;NA;-16.1344722199999;46.811527779999999;NA;34867;NA;NA
2152;66-96;JBB;adult;F;ravelobensis;3;rave;#NV;14,8;#NV;21,2;22,2;#NV;10,6;43,4;24,4;#NV;95;160;#NV;UR;NA;NA;NA;NA;NA;-16.1344722199999;46.811527779999999;NA;34868;NA;NA
2154;68-96;JBB;adult;F;ravelobensis;3;rave;#NV;15;35,4;#NV;20,8;6,8;8,7;43;24,9;#NV;80;155;#NV;UR;NA;NA;NA;NA;NA;-16.1344722199999;46.811527779999999;NA;34868;NA;NA
2155;84-96;JBB;adult;M;ravelobensis;3;rave;#NV;15,8;35,5;20,8;20,1;7,5;9,3;41,2;24;#NV;85;155;#NV;UR;NA;NA;NA;NA;NA;-16.1344722199999;46.811527779999999;NA;34868;NA;NA
2156;70-96;JBB;adult;M;ravelobensis;3;rave;#NV;14,7;39,1;23,5;19,5;6,2;10,2;40,9;25,3;#NV;95;158;#NV;UR;NA;NA;NA;NA;NA;-16.1344722199999;46.811527779999999;NA;34868;NA;NA
2159;51-15;JBB;adult;F;ravelobensis;3;rave;22,8;#NV;37,8;21,2;18,5;6,5;8,4;41,1;24,9;9,3;77;154;49;AK;NA;NA;NA;67;NA;-16.1344722199999;46.811527779999999;NA;42202;NA;NA
2160;45-15;JBB;adult;F;ravelobensis;3;rave;22,1;#NV;35,9;22,3;18,4;5,6;7,8;41,1;24,9;9,9;85;155;50;AK;NA;NA;NA;entrance;NA;-16.1344722199999;46.811527779999999;NA;42198;NA;NA
2161;44-15;JBB;adult;F;ravelobensis;3;rave;23,4;#NV;36,5;21,1;19,5;5,5;8,6;42,7;26,1;10,3;90;142;50;AK;NA;NA;NA;90;NA;-16.1344722199999;46.811527779999999;NA;42198;NA;NA
2162;47-15;JBB;adult;F;ravelobensis;3;rave;21,6;#NV;35,9;24,9;19,7;4,9;7,9;40,8;23,4;9,4;80;144;51;AK;NA;NA;NA;39;NA;-16.1344722199999;46.811527779999999;NA;42198;NA;NA
2163;50-15;JBB;adult;F;ravelobensis;3;rave;23,5;#NV;34,2;20,8;19,4;6,8;8,2;40,3;24,6;9,2;80;162;53;AK;NA;NA;NA;49;NA;-16.1344722199999;46.811527779999999;NA;42202;NA;NA
2164;41-13;JBB;adult;F;ravelobensis;3;rave;21,5;#NV;32,3;23,3;20,6;6,5;8,3;42,1;25,8;10,8;93;159;56;AK;NA;NA;NA;45;NA;-16.1344722199999;46.811527779999999;NA;42200;NA;NA
2165;39-13;JBB;adult;F;ravelobensis;3;rave;19,3;#NV;36,1;22,9;18,3;5,3;9,4;46,3;26,1;9;95;154;63;AK;NA;NA;NA;61;NA;-16.1344722199999;46.811527779999999;NA;42198;NA;NA
2166;58-15;JBB;adult;F;ravelobensis;3;rave;21,9;#NV;35,7;20,8;19,3;7,3;7,7;40,4;25,2;9,2;85;143;49;AK;NA;NA;NA;89;NA;-16.1344722199999;46.811527779999999;NA;42231;NA;NA
2167;F20-13JBB;JBB;adult;F;ravelobensis;3;rave;20,6;15;35,6;20,5;20,5;7,2;10,6;40,6;23,9;7,2;90;150;51;RZ;NA;closed_recently;NA;NA;NA;-16.1344722199999;46.811527779999999;NA;41503;C4;NA
2168;M42-13JBB;JBB;adult;M;ravelobensis;3;rave;22;13,6;35,1;20;21;7,3;8,5;41,2;23;8,5;81;173;52;RZ;enlarged;NA;NA;NA;NA;-16.1344722199999;46.811527779999999;NA;41505;D1;NA
2169;F12-13JBB;JBB;adult;F;ravelobensis;3;rave;22,8;17,2;35;22,2;21,1;6,7;8,9;42,8;25;8,9;80;155;53;RZ;NA;closed;NA;NA;NA;-16.1344722199999;46.811527779999999;NA;41503;B3;NA
2170;F07-13JBB;JBB;adult;F;ravelobensis;3;rave;20,6;14,4;35,6;20;22,8;7,8;9,5;40,5;20,6;7,9;85;154;54;RZ;NA;closed;NA;NA;NA;-16.1344722199999;46.811527779999999;NA;41503;A2;NA
2171;M15-13JBB;JBB;adult;M;ravelobensis;3;rave;23,4;14,3;34,6;22,6;21,3;6,6;7,4;44,2;22,5;8,6;89;153;54;RZ;enlarged;NA;NA;NA;NA;-16.1344722199999;46.811527779999999;NA;41503;B2;NA
2172;M21-13JBB;JBB;adult;M;ravelobensis;3;rave;25,2;15;35,1;21,5;20,5;6,1;8,3;40,4;24;8,1;88;162;55;RZ;enlarged;NA;NA;NA;NA;-16.1344722199999;46.811527779999999;NA;41503;C2;NA
2173;55-15;JBB;adult;M;ravelobensis;3;rave;24,7;#NV;36,2;22,6;20,8;7,3;8,3;41,1;23,6;9,5;88;150;56;AK;NA;NA;NA;33;NA;-16.1344722199999;46.811527779999999;NA;42229;NA;NA
2174;F14-13JBB;JBB;adult;F;ravelobensis;3;rave;24,4;16,6;35;20;22,2;7,8;9,2;42,8;24,4;10;87,5;171;57;RZ;NA;closed;NA;NA;NA;-16.1344722199999;46.811527779999999;NA;41503;B2;NA
2175;F36-13JBB;JBB;adult;F;ravelobensis;3;rave;22,2;12,8;37,2;20,5;21,7;8,3;10;42,8;24,4;8,9;92;171;58;RZ;NA;closed;NA;NA;NA;-16.1344722199999;46.811527779999999;NA;41505;AC;NA
2176;078-15;JBB;adult;M;ravelobensis;3;rave;23,4;#NV;33,7;20,3;18,8;#NV;#NV;44,3;21,9;9,9;74;158;58;AK;NA;NA;NA;71;NA;-16.1344722199999;46.811527779999999;NA;42229;NA;NA
2177;F18-13JBB;JBB;adult;F;ravelobensis;3;rave;22,2;15,5;36,7;20;22,2;7,2;10;45;24,4;9,4;90;158;60;RZ;NA;closed_recently;NA;NA;NA;-16.1344722199999;46.811527779999999;NA;41503;B1;NA
2178;M09-13JBB;JBB;adult;M;ravelobensis;3;rave;21,6;16,1;36,1;20;22,2;6,6;7,2;41,1;24,4;9,4;90;165;62;RZ;enlarged;NA;NA;NA;NA;-16.1344722199999;46.811527779999999;NA;41503;A4;NA
2179;57-15;JBB;adult;F;ravelobensis;3;rave;22,8;#NV;37,1;22,8;21,1;7,4;10,1;44,3;26,7;9,8;#NV;170;63;AK;NA;NA;NA;42;NA;-16.1344722199999;46.811527779999999;NA;42229;NA;NA
2180;M19-13JBB;JBB;adult;M;ravelobensis;3;rave;23,6;13,3;34,4;21;22,3;7;8,7;42,2;24,2;8,8;85;166;63;RZ;enlarged;NA;NA;NA;NA;-16.1344722199999;46.811527779999999;NA;41503;B1;NA
2181;M10-13JBB;JBB;adult;M;ravelobensis;3;rave;24,4;16,1;37;25;21,8;5,4;6,4;42,3;25;9,1;80;170;68;RZ;enlarged;NA;NA;NA;NA;-16.1344722199999;46.811527779999999;NA;41503;BD4;RADSEQ
2182;F11-13JBB;JBB;adult;F;ravelobensis;3;rave;24,6;16,6;36,6;24,7;23,6;6,8;8,3;41,4;24;8,7;93;174;68;RZ;NA;closed;NA;NA;NA;-16.1344722199999;46.811527779999999;NA;41503;A3;NA
2183;F13-13JBB;JBB;adult;F;ravelobensis;3;rave;24,7;16;34;23,3;22;6,8;7,4;43,2;24;8,5;87;158;68;RZ;NA;closed;NA;NA;NA;-16.1344722199999;46.811527779999999;NA;41503;C3;NA
2184;F39-13JBB;JBB;adult;F;ravelobensis;3;rave;25,4;14;34,7;21,5;21;6;8;44,4;25,1;9,1;85;162;72;RZ;NA;closed;NA;NA;NA;-16.1344722199999;46.811527779999999;NA;41505;A4;NA
2185;60-15;JBB;adult;M;ravelobensis;3;rave;23;#NV;35,8;22,9;22;7,3;11,7;40,7;21;9,1;75;150;64;AK;NA;NA;NA;44;NA;-16.1344722199999;46.811527779999999;NA;42258;NA;NA
2356;148-03;Mahajamba-Est;adult;F;ravelobensis;3;rave;24,6;15,1;35,5;21,8;21,5;7,7;7,4;42;26,1;9,4;#NV;#NV;58;GO;NA;closed;NA;no_age_initially_given_in_raw_data;NA;-16.196435000000001;47.256968000000001;NA;37863;NA;no
2357;150-03;Mahajamba-Est;adult;M;ravelobensis;3;rave;25,1;15,3;36,8;22;22,1;7,9;9,9;43,4;24,7;9,3;#NV;#NV;63;GO;enlarged;NA;NA;no_age_initially_given_in_raw_data;NA;-16.196435000000001;47.256968000000001;NA;37863;NA;no
2358;149-03;Mahajamba-Est;adult;F;ravelobensis;3;rave;24,9;15,8;37,8;20,9;22,8;8;10,6;42;24,9;8,5;#NV;#NV;72;GO;NA;open;NA;no_age_initially_given_in_raw_data;NA;-16.196435000000001;47.256968000000001;NA;37863;NA;no
2359;154-03;Mahajamba-Est;adult;F;ravelobensis;3;rave;22,2;14,2;35,8;18,6;21,4;7;7,1;#NV;22,8;8,2;#NV;#NV;49;GO;NA;closed;NA;no_age_initially_given_in_raw_data;NA;-16.196435000000001;47.256968000000001;NA;37868;NA;no
2360;152-03;Mahajamba-Est;adult;F;ravelobensis;3;rave;21,9;16,6;36,6;19;21,7;6,3;8,3;37,9;24,2;8,1;#NV;#NV;62;GO;NA;open;NA;no_age_initially_given_in_raw_data;NA;-16.196435000000001;47.256968000000001;NA;37868;NA;no
2361;153-03;Mahajamba-Est;adult;F;ravelobensis;3;rave;20,8;15,7;36,7;18,1;21,3;7,4;7,1;39,9;23,6;8,4;#NV;#NV;70;GO;NA;closed;NA;no_age_initially_given_in_raw_data;NA;-16.196435000000001;47.256968000000001;NA;37868;NA;no
2362;32-03;Mangatelo;adult;F;ravelobensis;8;rave;20,9;#NV;37,8;21,1;21,4;7,9;9,2;39,5;23,6;9;99;146;58;GO;NA;closed;NA;no_age_initially_given_in_raw_data;initially misclassified as murinus;-16.410967809999899;46.991793309999998;NA;37795;NA;no
2363;M48-14Mari;Mariarano;adult;M;ravelobensis;3;rave;#NV;#NV;34,8;#NV;#NV;#NV;#NV;35,4;#NV;#NV;69;145;52;UR;NA;NA;NA;NA;NA;-15.49;46.7;NA;41818;D;NA
2364;M50-14Mari;Mariarano;adult;M;ravelobensis;3;rave;#NV;#NV;33,4;#NV;#NV;#NV;#NV;40,4;#NV;#NV;83;144;53;UR;NA;NA;NA;NA;NA;-15.47;46.7;NA;41819;A1;NA
2365;M52-14Mari;Mariarano;adult;M;ravelobensis;3;rave;#NV;#NV;35;#NV;#NV;#NV;#NV;39,8;#NV;#NV;72;154;54;UR;NA;NA;NA;NA;NA;-15.47;46.7;NA;41819;A2;NA
2366;F23-13Mari;Mariarano;adult;F;ravelobensis;3;rave;#NV;#NV;35,1;#NV;#NV;#NV;#NV;40;#NV;#NV;78;148;57;UR;NA;NA;NA;NA;NA;-15.47;46.7;NA;41819;C1;NA
2367;F21-13Mari;Mariarano;adult;F;ravelobensis;3;rave;#NV;#NV;34,6;#NV;#NV;#NV;#NV;39;#NV;#NV;78;151;58;UR;NA;NA;NA;NA;NA;-15.47;46.7;NA;41819;B2;NA
2368;M56-14Mari;Mariarano;adult;M;ravelobensis;3;rave;#NV;#NV;36,1;#NV;#NV;#NV;#NV;40,3;#NV;#NV;87;160;58;UR;NA;NA;NA;NA;NA;-15.47;46.7;NA;41819;A4;NA
2369;F06-13Mari;Mariarano;adult;F;ravelobensis;3;rave;#NV;#NV;35,2;#NV;#NV;#NV;#NV;40;#NV;#NV;76;148;61;UR;NA;NA;NA;NA;NA;-15.47;46.7;NA;41819;C;NA
2370;F44-14Mari;Mariarano;adult;M;ravelobensis;3;rave;#NV;#NV;35,9;#NV;#NV;#NV;#NV;36,7;#NV;#NV;87;163;67;UR;NA;NA;NA;NA;NA;-15.49;46.7;NA;41818;A3;NA
2382;51-03;Mariarano;adult;F;ravelobensis;3;rave;18,1;13;35,4;20;19,9;7;7,5;38,8;23,8;8;74;143;41;GO;NA;closed;NA;no_age_initially_given_in_raw_data;NA;-15.47;46.7;NA;37809;NA;no
2383;106-03;Mariarano;adult;M;ravelobensis;3;rave;18,5;11,4;36,1;21,4;19;7,1;8,4;41,4;23,7;7,6;74;144;41;GO;NA;NA;NA;no_age_initially_given_in_raw_data;NA;-15.47;46.7;NA;37817;NA;no
2384;60-03;Mariarano;adult;F;ravelobensis;3;rave;19,5;12,3;37,5;22,1;19,3;7,1;8,3;36,9;21,9;8,4;80;143;42;GO;NA;closed;NA;no_age_initially_given_in_raw_data;NA;-15.47;46.7;NA;37809;NA;no
2385;61-03;Mariarano;adult;F;ravelobensis;3;rave;21;11,4;34,8;20,1;19,9;6,7;11;37,6;23,4;8,5;72;145;42;GO;NA;closed;NA;no_age_initially_given_in_raw_data;NA;-15.47;46.7;NA;37810;NA;no
2386;97-03;Mariarano;adult;F;ravelobensis;3;rave;21,2;11,5;35,6;21,3;19;6,9;8,6;38,8;24,2;8,1;85;154;42;GO;NA;closed;NA;no_age_initially_given_in_raw_data;NA;-15.47;46.7;NA;37815;NA;no
2387;90-03;Mariarano;adult;F;ravelobensis;3;rave;22,4;12,3;35,4;22,2;21,3;8,6;9,5;38,7;34,9;9,2;84;162;42;GO;NA;closed;NA;no_age_initially_given_in_raw_data;NA;-15.47;46.7;NA;37811;NA;no
2388;62-03;Mariarano;adult;M;ravelobensis;3;rave;23,7;12,3;34,9;20,2;19,1;6,2;8,1;38,6;23,7;8;74;152;42;GO;enlarged;NA;NA;no_age_initially_given_in_raw_data;NA;-15.47;46.7;NA;37810;NA;no
2389;101-03;Mariarano;adult;F;ravelobensis;3;rave;20,5;13;36,4;21;19;6,2;8,9;38,1;24,4;8,7;79;152;44;GO;NA;closed;NA;no_age_initially_given_in_raw_data;NA;-15.47;46.7;NA;37817;NA;no
2390;87-03;Mariarano;adult;M;ravelobensis;3;rave;20,6;13,1;37,7;20;20,3;5,7;9,7;39,8;23,2;8,8;78;150;44;GO;enlarged;NA;NA;no_age_initially_given_in_raw_data;NA;-15.47;46.7;NA;37811;NA;no
2391;58-03;Mariarano;adult;M;ravelobensis;3;rave;21,1;11,9;36,9;21,9;19,9;7,2;8,4;38,6;23,4;9,2;73;152;45;GO;enlarged;NA;NA;no_age_initially_given_in_raw_data;NA;-15.47;46.7;NA;37809;NA;no
2392;52-03;Mariarano;adult;F;ravelobensis;3;rave;22;13,1;35,4;22,2;20,5;7,1;8,3;41,4;23,7;7,1;81;157;45;GO;NA;NA;NA;no_age_initially_given_in_raw_data;NA;-15.47;46.7;NA;37809;NA;no
2393;104-03;Mariarano;adult;F;ravelobensis;3;rave;20,1;12,2;35,1;20,6;19,3;8;10,7;37,4;22,1;9,3;86;150;46;GO;NA;closed;NA;no_age_initially_given_in_raw_data;NA;-15.47;46.7;NA;37817;NA;no
2394;109-03;Mariarano;adult;F;ravelobensis;3;rave;21,2;12,3;35,6;23,5;19,4;7,5;8,6;40;24;#NV;84;146;46;GO;NA;closed;NA;no_age_initially_given_in_raw_data;NA;-15.47;46.7;NA;37818;NA;no
2395;53-03;Mariarano;adult;F;ravelobensis;3;rave;19,7;12,9;35,5;24,5;19;6,9;8,6;37,3;23,5;8,5;77;157;47;GO;NA;closed;NA;no_age_initially_given_in_raw_data;NA;-15.47;46.7;NA;37809;NA;no
2396;99-03;Mariarano;adult;F;ravelobensis;3;rave;19,9;13,2;#NV;21,9;19,4;7,1;8,3;40;23;7,2;86;148;47;GO;NA;closed;NA;no_age_initially_given_in_raw_data;NA;-15.47;46.7;NA;37815;NA;no
2397;54-03;Mariarano;adult;M;ravelobensis;3;rave;21;11,8;34,1;23,2;19,9;6,9;8,3;39;22,5;8,7;83;158;47;GO;NA;NA;NA;no_age_initially_given_in_raw_data;NA;-15.47;46.7;NA;37809;NA;no
2398;74-03;Mariarano;adult;M;ravelobensis;3;rave;#NV;#NV;#NV;#NV;#NV;#NV;#NV;#NV;#NV;#NV;#NV;#NV;47;GO;enlarged;NA;NA;no_age_initially_given_in_raw_data;NA;-15.47;46.7;NA;37811;NA;no
2399;83-03;Mariarano;adult;M;ravelobensis;3;rave;#NV;#NV;#NV;#NV;#NV;#NV;#NV;#NV;#NV;#NV;#NV;#NV;47;GO;enlarged;NA;NA;no_age_initially_given_in_raw_data;NA;-15.47;46.7;NA;37811;NA;no
2400;71-03;Mariarano;adult;F;ravelobensis;3;rave;#NV;#NV;#NV;#NV;#NV;#NV;#NV;#NV;#NV;#NV;#NV;#NV;49;GO;NA;closed;NA;no_age_initially_given_in_raw_data;NA;-15.47;46.7;NA;37811;NA;no
2401;65-03;Mariarano;adult;F;ravelobensis;3;rave;21,4;13,5;38,5;21,6;19,4;7,3;9;38,6;23,4;9,8;84;161;50;GO;NA;closed;NA;no_age_initially_given_in_raw_data;NA;-15.47;46.7;NA;37810;NA;no
2402;93-03;Mariarano;adult;M;ravelobensis;3;rave;24;12,7;35,1;21,1;20,8;6,7;8,5;41,5;23,1;9;88;146;50;GO;enlarged;NA;NA;no_age_initially_given_in_raw_data;NA;-15.47;46.7;NA;37811;NA;no
2403;107-03;Mariarano;adult;F;ravelobensis;3;rave;19,5;13,9;36,1;21,2;19,1;7,4;8,5;40,3;24,7;7,9;93;159;51;GO;NA;closed;NA;no_age_initially_given_in_raw_data;NA;-15.47;46.7;NA;37817;NA;no
2404;92-03;Mariarano;adult;F;ravelobensis;3;rave;#NV;#NV;#NV;#NV;#NV;#NV;#NV;#NV;#NV;#NV;#NV;#NV;51;GO;NA;closed;NA;no_age_initially_given_in_raw_data;NA;-15.47;46.7;NA;37811;NA;no
2405;98-03;Mariarano;adult;M;ravelobensis;3;rave;29,2;12,8;36,7;20,6;19,1;6,4;8,4;39,5;20,2;7,5;88;147;52;GO;enlarged;NA;NA;no_age_initially_given_in_raw_data;NA;-15.47;46.7;NA;37815;NA;no
2406;88-03;Mariarano;adult;F;ravelobensis;3;rave;#NV;#NV;#NV;#NV;#NV;#NV;#NV;#NV;#NV;#NV;#NV;#NV;52;GO;NA;closed;NA;no_age_initially_given_in_raw_data;NA;-15.47;46.7;NA;37811;NA;no
2407;M108-14Mari;Mariarano;adult;M;ravelobensis;3;rave;#NV;#NV;35;#NV;#NV;#NV;#NV;38,6;#NV;#NV;81;146;52;UR;NA;NA;NA;NA;NA;-15.49;46.7;NA;41827;A13;NA
2408;M178-14Mari;Mariarano;adult;M;ravelobensis;3;rave;#NV;#NV;35;#NV;#NV;#NV;#NV;41,5;#NV;#NV;90;134;52;UR;NA;NA;NA;NA;NA;-15.47;46.7;NA;41834;A2;RADSEQ
2409;63-03;Mariarano;adult;M;ravelobensis;3;rave;23,5;12,5;35,8;21,5;20,6;7,7;10,5;40,1;24,8;10,3;82;164;54;GO;enlarged;NA;NA;no_age_initially_given_in_raw_data;NA;-15.47;46.7;NA;37810;NA;no
2410;69-03;Mariarano;adult;M;ravelobensis;3;rave;23,6;13;36,4;21;20,5;8;9,4;40;23,8;8;92;141;54;GO;enlarged;NA;NA;no_age_initially_given_in_raw_data;NA;-15.47;46.7;NA;37810;NA;no
2411;94-03;Mariarano;adult;M;ravelobensis;3;rave;#NV;#NV;#NV;#NV;#NV;#NV;#NV;#NV;#NV;#NV;#NV;#NV;54;GO;enlarged;NA;NA;no_age_initially_given_in_raw_data;NA;-15.47;46.7;NA;37811;NA;no
2412;59-03;Mariarano;adult;M;ravelobensis;3;rave;21,3;11,7;37,3;22;21,4;7,8;9,3;41,4;22,1;7,8;88;161;55;GO;enlarged;NA;NA;no_age_initially_given_in_raw_data;NA;-15.47;46.7;NA;37809;NA;no
2413;78-03;Mariarano;adult;F;ravelobensis;3;rave;#NV;#NV;#NV;#NV;#NV;#NV;#NV;#NV;#NV;#NV;#NV;#NV;55;GO;NA;closed;NA;no_age_initially_given_in_raw_data;NA;-15.47;46.7;NA;37811;NA;no
2414;91-03;Mariarano;adult;M;ravelobensis;3;rave;#NV;#NV;#NV;#NV;#NV;#NV;#NV;#NV;#NV;#NV;#NV;#NV;55;GO;enlarged;NA;NA;no_age_initially_given_in_raw_data;NA;-15.47;46.7;NA;37811;NA;no
2415;F65-14Mari;Mariarano;adult;F;ravelobensis;3;rave;#NV;#NV;34,6;#NV;#NV;#NV;#NV;41,1;#NV;#NV;86;145;55;UR;NA;NA;NA;NA;NA;-15.47;46.7;NA;41822;B4;NA
2416;64-03;Mariarano;adult;F;ravelobensis;3;rave;20,5;13,4;38,7;21,3;20;7,7;#NV;41,1;24,1;9,5;86;168;56;GO;NA;closed;NA;no_age_initially_given_in_raw_data;NA;-15.47;46.7;NA;37810;NA;no
2417;100-03;Mariarano;adult;M;ravelobensis;3;rave;21,3;12,3;38,7;23,1;19,6;7,3;9,4;41,8;27,3;8,8;89;152;56;GO;enlarged;NA;NA;no_age_initially_given_in_raw_data;NA;-15.47;46.7;NA;37815;NA;no
2418;89-03;Mariarano;adult;F;ravelobensis;3;rave;#NV;#NV;#NV;#NV;#NV;#NV;#NV;#NV;#NV;#NV;#NV;#NV;56;GO;NA;closed;NA;no_age_initially_given_in_raw_data;NA;-15.47;46.7;NA;37811;NA;no
2419;F115-14Mari;Mariarano;adult;F;ravelobensis;3;rave;#NV;#NV;37,5;#NV;#NV;#NV;#NV;39,7;#NV;#NV;83;144;56;UR;NA;NA;NA;NA;NA;-15.49;46.7;NA;41827;B14;NA
2420;70-03;Mariarano;adult;F;ravelobensis;3;rave;21,4;14,1;35,9;22,2;21,1;7,4;9;38,5;23,6;8,4;83;156;57;GO;NA;closed;NA;no_age_initially_given_in_raw_data;NA;-15.47;46.7;NA;37811;NA;no
2421;82-03;Mariarano;adult;F;ravelobensis;3;rave;22,3;12,7;37,8;21,7;19,5;7,3;8,8;39,4;22,9;8,8;91;156;57;GO;NA;closed;NA;no_age_initially_given_in_raw_data;NA;-15.47;46.7;NA;37811;NA;no
2422;77-03;Mariarano;adult;M;ravelobensis;3;rave;#NV;#NV;#NV;#NV;#NV;#NV;#NV;#NV;#NV;#NV;#NV;#NV;57;GO;enlarged;NA;NA;no_age_initially_given_in_raw_data;NA;-15.47;46.7;NA;37811;NA;no
2423;F63-14Mari;Mariarano;adult;F;ravelobensis;3;rave;#NV;#NV;34,7;#NV;#NV;#NV;#NV;37,2;#NV;#NV;82;157;57;UR;NA;NA;NA;NA;NA;-15.47;46.7;NA;41822;1;RADSEQ
2424;108-03;Mariarano;adult;F;ravelobensis;3;rave;21,1;11,2;33,7;21,3;20,1;7,1;8,5;40,7;23;7,5;96;151;58;GO;NA;closed;NA;no_age_initially_given_in_raw_data;NA;-15.47;46.7;NA;37818;NA;no
2425;56-03;Mariarano;adult;F;ravelobensis;3;rave;21,3;12,9;38,2;22,9;19,6;6,1;8,3;40,7;24;7,2;91;161;58;GO;NA;closed;NA;no_age_initially_given_in_raw_data;NA;-15.47;46.7;NA;37809;NA;no
2426;72-03;Mariarano;adult;F;ravelobensis;3;rave;#NV;#NV;#NV;#NV;#NV;#NV;#NV;#NV;#NV;#NV;#NV;#NV;58;GO;NA;closed;NA;no_age_initially_given_in_raw_data;NA;-15.47;46.7;NA;37811;NA;no
2427;M125-14Mari;Mariarano;adult;M;ravelobensis;3;rave;#NV;#NV;34,6;#NV;#NV;#NV;#NV;37,4;#NV;#NV;81;155;58;UR;NA;NA;NA;NA;NA;-15.49;46.7;NA;41827;A14;RADSEQ
2428;84-03;Mariarano;adult;M;ravelobensis;3;rave;19,4;13,7;36,5;20,8;20,5;7,5;7,8;40,4;24,2;7,9;93;158;59;GO;enlarged;NA;NA;no_age_initially_given_in_raw_data;NA;-15.47;46.7;NA;37811;NA;no
2429;73-03;Mariarano;adult;F;ravelobensis;3;rave;21,4;11,7;36,1;21,5;20,6;7,6;9,6;41,1;24;7,4;89;151;59;GO;NA;closed;NA;no_age_initially_given_in_raw_data;NA;-15.47;46.7;NA;37811;NA;no
2430;96-03;Mariarano;adult;F;ravelobensis;3;rave;22,1;14,2;#NV;21,8;22,2;7,7;8,7;41,9;24,4;9,1;94;167;59;GO;NA;closed;NA;no_age_initially_given_in_raw_data;NA;-15.47;46.7;NA;37815;NA;no
2431;F136-14Mari;Mariarano;adult;F;ravelobensis;3;rave;#NV;#NV;35,6;#NV;#NV;#NV;#NV;38,6;#NV;#NV;94;158;59;UR;NA;NA;NA;NA;NA;-15.47;46.7;NA;41828;BD;NA
2432;F64-14Mari;Mariarano;adult;F;ravelobensis;3;rave;#NV;#NV;35;#NV;#NV;#NV;#NV;37,4;#NV;#NV;85;156;59;UR;NA;NA;NA;NA;NA;-15.47;46.7;NA;41822;C2;NA
2433;102-03;Mariarano;adult;F;ravelobensis;3;rave;22,2;11,6;#NV;23,9;21,8;7,9;10,2;44,4;25,2;7,8;98;163;60;GO;NA;closed;NA;no_age_initially_given_in_raw_data;NA;-15.47;46.7;NA;37817;NA;no
2434;105-03;Mariarano;adult;F;ravelobensis;3;rave;22,4;13,3;37,2;23,4;22,2;6,9;8,1;40,6;23,2;8;94;156;61;GO;NA;closed;NA;no_age_initially_given_in_raw_data;NA;-15.47;46.7;NA;37817;NA;no
2435;55-03;Mariarano;adult;F;ravelobensis;3;rave;24,4;13,6;37,5;23,3;20,3;6,5;9,4;40,1;23,6;9,3;91;161;61;GO;NA;closed;NA;no_age_initially_given_in_raw_data;NA;-15.47;46.7;NA;37809;NA;no
2436;F112-14Mari;Mariarano;adult;F;ravelobensis;3;rave;#NV;#NV;36;#NV;#NV;#NV;#NV;40,4;#NV;#NV;84;154;61;UR;NA;NA;NA;NA;NA;-15.49;46.7;NA;41827;A14;NA
2437;F173-14Mari;Mariarano;adult;F;ravelobensis;3;rave;#NV;#NV;36,4;#NV;#NV;#NV;#NV;41,3;#NV;#NV;87;155;61;UR;NA;NA;NA;NA;NA;-15.47;46.7;NA;41834;D1;NA
2438;M174-14Mari;Mariarano;adult;M;ravelobensis;3;rave;#NV;#NV;36,2;#NV;#NV;#NV;#NV;41,9;#NV;#NV;88;147;62;UR;NA;NA;NA;NA;NA;-15.47;46.7;NA;41834;C3;NA
2439;M175-14Mari;Mariarano;adult;M;ravelobensis;3;rave;#NV;#NV;36,7;#NV;#NV;#NV;#NV;42,4;#NV;#NV;81;158;62;UR;NA;NA;NA;NA;NA;-15.47;46.7;NA;41834;AB;NA
2440;68-03;Mariarano;adult;F;ravelobensis;3;rave;23,7;12,5;36,1;22;20,5;#NV;9;40,5;23,6;9;96;158;63;GO;NA;closed;NA;no_age_initially_given_in_raw_data;NA;-15.47;46.7;NA;37810;NA;no
2441;F118-147Mari;Mariarano;adult;F;ravelobensis;3;rave;#NV;#NV;36,1;#NV;#NV;#NV;#NV;42,2;#NV;#NV;75;150;63;UR;NA;NA;NA;NA;NA;-15.49;46.7;NA;41827;D13;NA
2442;76-03;Mariarano;adult;M;ravelobensis;3;rave;22;13,1;#NV;22,3;20,3;7,2;9,6;41;24,9;8;90;159;64;GO;enlarged;NA;NA;no_age_initially_given_in_raw_data;NA;-15.47;46.7;NA;37811;NA;no
2443;95-03;Mariarano;adult;F;ravelobensis;3;rave;23,2;14,2;34,9;22,1;22;7,5;10,5;39,3;24,1;8,4;95;161;66;GO;NA;closed;NA;no_age_initially_given_in_raw_data;NA;-15.47;46.7;NA;37815;NA;no
2445;113-03;Tanambao;adult;F;ravelobensis;3;rave;23,2;13,5;34,9;22;21,3;8,4;9,6;42;23,7;9,1;81;160;48;GO;NA;closed;NA;no_age_initially_given_in_raw_data;NA;-15.509042000000001;46.603281000000003;NA;37832;NA;no
2446;120-03;Tanambao;adult;M;ravelobensis;3;rave;22,7;13,9;36;20,5;20;6,7;10,1;40,9;24,5;8,5;89;165;49;GO;enlarged;NA;NA;no_age_initially_given_in_raw_data;NA;-15.509042000000001;46.603281000000003;NA;37832;NA;no
2447;116-03;Tanambao;adult;F;ravelobensis;3;rave;20;12,1;35,5;21,5;19,8;7,1;10,4;39;22;9,7;93;163;51;GO;NA;closed;NA;no_age_initially_given_in_raw_data;NA;-15.509042000000001;46.603281000000003;NA;37832;NA;no
2448;114-03;Tanambao;adult;F;ravelobensis;3;rave;21,2;11,6;34,3;21,6;19;6,8;8,4;39,5;22;8,6;94;152;51;GO;NA;closed;NA;no_age_initially_given_in_raw_data;NA;-15.509042000000001;46.603281000000003;NA;37832;NA;no
2449;119-03;Tanambao;adult;F;ravelobensis;3;rave;18,3;13,5;37,4;20,7;21,1;#NV;11,8;40;23,9;8,3;97;156;57;GO;NA;closed;NA;no_age_initially_given_in_raw_data;NA;-15.509042000000001;46.603281000000003;NA;37832;NA;no
2450;115-03;Tanambao;adult;F;ravelobensis;3;rave;21,9;12,3;37,1;24,6;19,5;#NV;9,1;41,6;24,4;9,8;99;166;62;GO;NA;closed;NA;no_age_initially_given_in_raw_data;NA;-15.509042000000001;46.603281000000003;NA;37832;NA;no
2451;111-03;Tanambao;adult;F;ravelobensis;3;rave;23,5;13,7;37,3;23;21,2;8,1;10,6;41,8;24,3;9,1;94;164;62;GO;NA;closed;NA;no_age_initially_given_in_raw_data;NA;-15.509042000000001;46.603281000000003;NA;37832;NA;no
2452;112-03;Tanambao;adult;F;ravelobensis;3;rave;22,4;13,4;37,9;21,8;21,9;8;9,7;44,7;23;9,6;104;159;64;GO;NA;closed;NA;no_age_initially_given_in_raw_data;NA;-15.509042000000001;46.603281000000003;NA;37832;NA;no
2457;139-03;Tanambao;adult;F;ravelobensis;3;rave;21,7;13,1;34,7;21,8;18,5;6,9;9,1;38,8;21,8;10,1;82;156;40;GO;NA;closed;NA;no_age_initially_given_in_raw_data;NA;-15.509042000000001;46.603281000000003;NA;37835;NA;no
2458;147-03;Tanambao;adult;M;ravelobensis;3;rave;20,4;13,9;34,9;19,5;19,4;7,3;8,6;38;22,7;8,6;84;156;42;GO;enlarged;NA;NA;no_age_initially_given_in_raw_data;NA;-15.509042000000001;46.603281000000003;NA;37842;NA;no
2459;133-03;Tanambao;adult;F;ravelobensis;3;rave;21,1;13,2;35;21,1;#NV;7,1;8,1;40,2;23,6;9,8;79;154;43;GO;NA;closed;NA;no_age_initially_given_in_raw_data;NA;-15.509042000000001;46.603281000000003;NA;37835;NA;no
2460;131-03;Tanambao;adult;M;ravelobensis;3;rave;20,8;13,5;34,6;20,7;18,7;7,2;9,9;40;24,7;8,1;79;151;44;GO;enlarged;NA;NA;no_age_initially_given_in_raw_data;NA;-15.509042000000001;46.603281000000003;NA;37835;NA;no
2461;140-03;Tanambao;adult;M;ravelobensis;3;rave;22;12,7;36,1;21,1;19,9;6,9;9,2;39,1;24,2;7,5;81;156;46;GO;enlarged;NA;NA;no_age_initially_given_in_raw_data;NA;-15.509042000000001;46.603281000000003;NA;37835;NA;no
2462;134-03;Tanambao;adult;M;ravelobensis;3;rave;23,8;11,6;35,2;21;19,8;7,9;9,9;43;24,1;#NV;88;166;46;GO;enlarged;NA;NA;no_age_initially_given_in_raw_data;NA;-15.509042000000001;46.603281000000003;NA;37835;NA;no
2463;132-03;Tanambao;adult;M;ravelobensis;3;rave;23,3;11,7;35,8;21,8;19,3;7,2;8,5;39,5;23,5;8,3;89;156;48;GO;enlarged;NA;NA;no_age_initially_given_in_raw_data;NA;-15.509042000000001;46.603281000000003;NA;37835;NA;no
2464;127-03;Tanambao;adult;M;ravelobensis;3;rave;20,5;12,7;36;20,5;20,3;7,2;10,4;41;23,7;8,7;90;152;49;GO;enlarged;NA;NA;no_age_initially_given_in_raw_data;NA;-15.509042000000001;46.603281000000003;NA;37834;NA;no
2465;138-03;Tanambao;adult;F;ravelobensis;3;rave;24,6;15;36,3;21;20,9;6,6;9,4;41,4;23,7;10,6;92;158;51;GO;NA;closed;NA;no_age_initially_given_in_raw_data;NA;-15.509042000000001;46.603281000000003;NA;37835;NA;no
2466;125-03;Tanambao;adult;M;ravelobensis;3;rave;20,6;13,2;38,5;22,6;#NV;7,5;11,1;40,2;22,6;10,2;92;164;52;GO;enlarged;NA;NA;no_age_initially_given_in_raw_data;NA;-15.509042000000001;46.603281000000003;NA;37834;NA;no
2467;136-03;Tanambao;adult;F;ravelobensis;3;rave;19,1;12,7;36,9;23,5;18,7;7;10,3;41,8;24;10,5;92;152;54;GO;NA;closed;NA;no_age_initially_given_in_raw_data;NA;-15.509042000000001;46.603281000000003;NA;37835;NA;no
2468;128-03;Tanambao;adult;M;ravelobensis;3;rave;23;13;35,8;23,5;20,9;7,4;8,7;43;25;7,7;97;161;56;GO;enlarged;NA;NA;no_age_initially_given_in_raw_data;NA;-15.509042000000001;46.603281000000003;NA;37834;NA;no
2469;122-03;Tanambao;adult;F;ravelobensis;3;rave;19,7;13;37,8;21,4;21,9;8,4;10;43,1;23,1;10,7;96;178;60;GO;NA;closed;NA;no_age_initially_given_in_raw_data;NA;-15.509042000000001;46.603281000000003;NA;37834;NA;no
2470;145-03;Tanambao;adult;M;ravelobensis;3;rave;21,8;13,9;35,8;22,1;18,9;6,9;9,3;40;24,1;10,3;97;154;63;GO;enlarged;NA;NA;no_age_initially_given_in_raw_data;NA;-15.509042000000001;46.603281000000003;NA;37837;NA;no
2471;130-03;Tanambao;adult;F;ravelobensis;3;rave;22,5;13,6;37,5;20,8;19,7;7,1;11,4;42,3;24,7;9,5;98;157;66;GO;NA;closed;NA;no_age_initially_given_in_raw_data;NA;-15.509042000000001;46.603281000000003;NA;37835;NA;no
2472;362-03;Tsiaramaso;adult;M;ravelobensis;3;rave;19,7;14,3;36,8;20,9;19,5;7,8;7,1;40,1;24,9;9,2;85;161;53;GO;enlarged;NA;NA;no_age_initially_given_in_raw_data;NA;-15.831709729999901;47.09158584;NA;37907;NA;no
2473;366-03;Tsiaramaso;adult;F;ravelobensis;3;rave;23,1;13,1;36,1;20,9;20,8;7,2;9,6;41,7;25,1;9,2;88;155;53;GO;NA;open;NA;no_age_initially_given_in_raw_data;NA;-15.831709729999901;47.09158584;NA;37911;NA;no
2474;365-03;Tsiaramaso;adult;F;ravelobensis;3;rave;23,2;11,4;35,7;20,6;20,3;7,9;8,7;42,9;26;8,9;89;162;#NV;GO;NA;pregnant;53;no_age_initially_given_in_raw_data;NA;-15.831709729999901;47.09158584;NA;37911;NA;no
2475;358-03;Tsiaramaso;adult;F;ravelobensis;3;rave;22,5;12,5;36,5;20,7;19,2;7,2;9,1;40,4;26,1;9,5;88;170;#NV;GO;NA;pregnant;54;no_age_initially_given_in_raw_data;NA;-15.831709729999901;47.09158584;NA;37904;NA;no
2476;367-03;Tsiaramaso;adult;F;ravelobensis;3;rave;19,1;14;#NV;22,1;20,7;8;8,6;42,6;25,6;10,4;89;162;59;GO;NA;open;NA;no_age_initially_given_in_raw_data;NA;-15.831709729999901;47.09158584;NA;37911;NA;no
2477;360-03;Tsiaramaso;adult;M;ravelobensis;3;rave;22,2;12,4;35,2;20,4;21,5;8,4;7,5;41,3;25,7;9,4;89;154;59;GO;enlarged;NA;NA;no_age_initially_given_in_raw_data;NA;-15.831709729999901;47.09158584;NA;37905;NA;no
2478;361-03;Tsiaramaso;adult;M;ravelobensis;3;rave;21,7;14,6;37,2;21;21,5;7,9;9,8;42,4;27;10,1;78;161;62;GO;enlarged;NA;NA;no_age_initially_given_in_raw_data;NA;-15.831709729999901;47.09158584;NA;37905;NA;no
2479;364-03;Tsiaramaso;adult;F;ravelobensis;3;rave;22,2;13,8;36,8;22,1;20,1;7,1;7,8;41,6;24;9,2;97;158;66;GO;NA;closed;NA;no_age_initially_given_in_raw_data;NA;-15.831709729999901;47.09158584;NA;37907;NA;no
2480;370-03;Tsiaramaso;adult;F;ravelobensis;3;rave;22,8;12,4;37,2;21,9;22,5;7,7;9,2;41,3;25,4;8,2;91;154;70;GO;NA;closed;NA;no_age_initially_given_in_raw_data;NA;-15.831709729999901;47.09158584;NA;37912;NA;no
2481;371-03;Tsiaramaso;adult;F;ravelobensis;3;rave;19,9;14,1;37,4;22;21,8;7,7;9,7;42,5;23,9;10;84;151;74;GO;NA;open;NA;no_age_initially_given_in_raw_data;NA;-15.831709729999901;47.09158584;NA;37913;NA;no
2482;359-03;Tsiaramaso;adult;F;ravelobensis;3;rave;21,7;13,2;38,2;23;21,3;7,3;9,9;37,8;25,1;8,7;96;153;75;GO;NA;open;NA;no_age_initially_given_in_raw_data;NA;-15.831709729999901;47.09158584;NA;37904;NA;no
2483;369-03;Tsiaramaso;adult;F;ravelobensis;3;rave;23,6;12,1;36,1;23,4;23,1;7;10;42,1;25,5;9,1;98;159;76;GO;NA;closed;NA;no_age_initially_given_in_raw_data;NA;-15.831709729999901;47.09158584;NA;37912;NA;no
2484;363-03;Tsiaramaso;adult;F;ravelobensis;3;rave;18,5;13,3;37,7;22,3;21,8;8;9,3;41,2;26;10;90;167;77;GO;NA;closed;NA;no_age_initially_given_in_raw_data;NA;-15.831709729999901;47.09158584;NA;37907;NA;no
2485;372-03;Tsiaramaso;adult;F;ravelobensis;3;rave;20,1;13,1;37,9;22,7;22,3;8,3;9,7;42;26,1;8,3;88;156;81;GO;NA;open;NA;no_age_initially_given_in_raw_data;NA;-15.831709729999901;47.09158584;NA;37914;NA;no
2486;368-03;Tsiaramaso;adult;F;ravelobensis;3;rave;19,5;13,7;36,6;21,8;23,7;7;9,2;41,1;23,6;8,3;101;159;83;GO;NA;closed;NA;no_age_initially_given_in_raw_data;NA;-15.831709729999901;47.09158584;NA;37912;NA;no
2488;081-880-268;Ranomafana;adult;F;rufus;5;rufu;17,8;#NV;34,85;#NV;#NV;#NV;9,2;#NV;#NV;#NV;#NV;111;35;MBB;NA;NA;NA;smaller morphotype;Talatakely;-21.259678999999998;47.422139000000001;990;39016;NA;NA
2489;081-846-042;Ranomafana;adult;F;rufus;5;rufu;14,9;#NV;35,8;#NV;#NV;#NV;8,3;#NV;#NV;#NV;#NV;118,6;35,5;MBB;NA;NA;NA;smaller morphotype;Talatakely;-21.259678999999998;47.422139000000001;990;39005;NA;NA
2490;081-836-868;Ranomafana;adult;M;rufus;5;rufu;20;#NV;32,6;#NV;#NV;#NV;8,9;#NV;#NV;#NV;#NV;100,9;37;MBB;NA;NA;NA;smaller morphotype;Talatakely;-21.259678999999998;47.422139000000001;990;39020;NA;NA
2491;Napolean;Ranomafana;adult;M;rufus;5;rufu;18,26;#NV;34,29;#NV;#NV;#NV;10,26;#NV;#NV;#NV;#NV;114,27;38;MBB;enlarged;NA;NA;NA;Talatakely;-21.259678999999998;47.422139000000001;990;39379;NA;NA
2492;081-870-858;Ranomafana;adult;M;rufus;5;rufu;18,3;#NV;33,4;#NV;#NV;#NV;8,1;#NV;#NV;#NV;#NV;109;38,5;MBB;NA;NA;NA;smaller morphotype;Talatakely;-21.259678999999998;47.422139000000001;990;39007;NA;NA
2493;081-843-118;Ranomafana;adult;F;rufus;5;rufu;15,7;#NV;35;#NV;#NV;#NV;9,5;#NV;#NV;#NV;#NV;132,6;39;MBB;NA;NA;NA;larger morphotype;Talatakely;-21.259678999999998;47.422139000000001;990;39016;NA;NA
2494;081-869-628;Ranomafana;adult;M;rufus;5;rufu;17,1;#NV;36,7;#NV;#NV;#NV;9,9;#NV;#NV;#NV;#NV;125,3;44;MBB;NA;NA;NA;smaller morphotype;Talatakely;-21.259678999999998;47.422139000000001;990;39007;NA;NA
2495;081-836-856;Ranomafana;adult;F;rufus;5;rufu;17,6;#NV;35,6;#NV;#NV;#NV;9,9;#NV;#NV;#NV;#NV;111,5;44;MBB;NA;NA;NA;smaller morphotype;Talatakely;-21.259678999999998;47.422139000000001;990;39015;NA;NA
2496;081-870-632;Ranomafana;adult;F;rufus;5;rufu;17,6;#NV;36;#NV;#NV;#NV;9,5;#NV;#NV;#NV;#NV;130,4;46;MBB;NA;NA;NA;larger morphotype;Talatakely;-21.259678999999998;47.422139000000001;990;39007;NA;NA
2497;081-870-632;Ranomafana;adult;M;rufus;5;rufu;16,8;#NV;33,9;#NV;#NV;#NV;8,9;#NV;#NV;#NV;#NV;105;46,5;MBB;NA;NA;NA;smaller morphotype;Talatakely;-21.259678999999998;47.422139000000001;990;39007;NA;NA
2498;081-873-892;Ranomafana;adult;M;rufus;5;rufu;18,5;#NV;35,6;#NV;#NV;#NV;10;#NV;#NV;#NV;#NV;120,9;46,5;MBB;NA;NA;NA;smaller morphotype;Talatakely;-21.259678999999998;47.422139000000001;990;39008;NA;NA
2499;0 92121857;Ranomafana;adult;M;rufus;5;rufu;#NV;#NV;43,2;#NV;#NV;#NV;9,09;#NV;#NV;#NV;#NV;106,57;50;MBB;enlarged;NA;NA;NA;Talatakely;-21.259678999999998;47.422139000000001;990;39373;NA;NA
2500;145225173A;Ranomafana;adult;M;rufus;5;rufu;17,47;#NV;33,15;#NV;#NV;#NV;9,74;#NV;#NV;#NV;#NV;115,3;51;MBB;NA;NA;NA;NA;Talatakely;-21.259678999999998;47.422139000000001;990;39375;NA;NA
2501;081-873-771;Ranomafana;adult;F;rufus;5;rufu;17,5;#NV;37,2;#NV;#NV;#NV;11,22;#NV;#NV;#NV;#NV;136;53;MBB;NA;NA;NA;larger morphotype;Talatakely;-21.259678999999998;47.422139000000001;990;39385;NA;NA
2502;0 81877566;Ranomafana;adult;M;rufus;5;rufu;16,59;#NV;34,44;#NV;#NV;#NV;9,84;#NV;#NV;#NV;#NV;118,93;58;MBB;enlarged;NA;NA;NA;Talatakely;-21.259678999999998;47.422139000000001;990;39380;NA;NA
2503;081-877-566;Ranomafana;adult;M;rufus;5;rufu;17,5;#NV;37;#NV;#NV;#NV;10,2;#NV;#NV;#NV;#NV;126,2;58;MBB;NA;NA;NA;larger morphotype;Talatakely;-21.259678999999998;47.422139000000001;990;39380;NA;NA
2504;081-874-119;Ranomafana;adult;M;rufus;5;rufu;18,86;#NV;36,12;#NV;#NV;#NV;9,7;#NV;#NV;#NV;#NV;126,06;65;MBB;NA;NA;NA;larger morphotype;Talatakely;-21.259678999999998;47.422139000000001;990;39380;NA;NA
2505;081-848-348;Ranomafana;adult;F;rufus;5;rufu;17,5;#NV;34,7;#NV;#NV;#NV;10,6;#NV;#NV;#NV;#NV;116;37;MBB;NA;NA;NA;smaller morphotype;Talatakely;-21.259678999999998;47.422139000000001;990;39022;NA;NA
2506;0 81871065;Ranomafana;adult;M;rufus;5;rufu;18,7;#NV;35,24;#NV;#NV;#NV;8,62;#NV;#NV;#NV;#NV;110,55;44,3;MBB;enlarged;NA;NA;NA;Talatakely;-21.259678999999998;47.422139000000001;990;39392;NA;NA
2507;0 81881568;Ranomafana;adult;F;rufus;5;rufu;17,58;#NV;33,66;#NV;#NV;#NV;9,62;#NV;#NV;#NV;#NV;127,55;44,5;MBB;NA;NA;NA;open vagina,all top incisors mising,parasites, humpback, top of right ear missing;Talatakely;-21.259678999999998;47.422139000000001;990;39405;NA;NA
2508;081-881-606;Ranomafana;adult;F;rufus;5;rufu;16,45;#NV;35,7;#NV;#NV;#NV;9,5;#NV;#NV;#NV;#NV;124,7;46;MBB;NA;NA;NA;larger morphotype;Talatakely;-21.259678999999998;47.422139000000001;990;39028;NA;NA
2509;0 81877830;Ranomafana;adult;F;rufus;5;rufu;18,96;#NV;35,26;#NV;#NV;#NV;10,11;#NV;#NV;#NV;#NV;121,52;47,5;MBB;NA;NA;NA;NA;Talatakely;-21.259678999999998;47.422139000000001;990;39405;NA;NA
2510;092-356-306;Ranomafana;adult;F;rufus;5;rufu;18;#NV;36,3;#NV;#NV;#NV;9,8;#NV;#NV;#NV;#NV;130,6;50,5;MBB;NA;NA;NA;larger morphotype;Talatakely;-21.259678999999998;47.422139000000001;990;39030;NA;NA
2511;0 81869608;Ranomafana;adult;F;rufus;5;rufu;18,85;#NV;34,04;#NV;#NV;#NV;8,5;#NV;#NV;#NV;#NV;128,41;52;MBB;NA;NA;NA;NA;Talatakely;-21.259678999999998;47.422139000000001;990;39388;NA;NA
2512;0 72065043;Ranomafana;adult;M;rufus;5;rufu;18,36;#NV;35,53;#NV;#NV;#NV;10,44;#NV;#NV;#NV;#NV;112,45;55,6;MBB;enlarged;NA;NA;parasites on both ears, old looking teeth;Talatakely;-21.259678999999998;47.422139000000001;990;39405;NA;NA
2513;081-877-552;Ranomafana;adult;F;rufus;5;rufu;19,6;#NV;34,8;#NV;#NV;#NV;10,8;#NV;#NV;#NV;#NV;126,9;57,5;MBB;NA;NA;NA;larger morphotype;Talatakely;-21.259678999999998;47.422139000000001;990;39022;NA;NA
2514;0 81878299;Ranomafana;adult;M;rufus;5;rufu;18,58;#NV;36,99;#NV;#NV;#NV;11,48;#NV;#NV;#NV;#NV;118,91;57,6;MBB;enlarged;NA;NA;NA;Talatakely;-21.259678999999998;47.422139000000001;990;39405;NA;NA
2515;081-877-355;Ranomafana;adult;M;rufus;5;rufu;17,7;#NV;34,8;#NV;#NV;#NV;10,2;#NV;#NV;#NV;#NV;120,2;44,5;MBB;NA;NA;NA;smaller morphotype;Talatakely;-21.259678999999998;47.422139000000001;990;39059;NA;NA
2516;081-881-365;Ranomafana;adult;M;rufus;5;rufu;15,7;#NV;32,7;#NV;#NV;#NV;8,9;#NV;#NV;#NV;#NV;112,5;46;MBB;NA;NA;NA;smaller morphotype;Talatakely;-21.259678999999998;47.422139000000001;990;39065;NA;NA
2517;081-875-818;Ranomafana;adult;F;rufus;5;rufu;16,6;#NV;33,35;#NV;#NV;#NV;8,3;#NV;#NV;#NV;#NV;109,7;48;MBB;NA;NA;NA;smaller morphotype;Talatakely;-21.259678999999998;47.422139000000001;990;39069;NA;NA
2521;M05-05mamy;Ambongomany;adult;M;sambiranensis;6;samb;14,7;11,8;31,7;18,5;21,1;6,5;8,4;34,5;21,1;8,5;70;129;38;GO;enlarged;NA;NA;NA;NA;-14.444270399999899;48.220066729999999;NA;38625;A1;NA
2522;F03-05mamy;Ambongomany;adult;F;sambiranensis;6;samb;#NV;9,4;33,1;18,9;20,1;7,8;9,5;34,7;20;9,6;74;139;39;GO;NA;open;NA;NA;NA;-14.444270399999899;48.220066729999999;NA;38624;A3;NA
2523;F04-05mamy;Ambongomany;adult;F;sambiranensis;6;samb;17,2;11,8;33,2;21;21,5;7,2;9,9;34,7;20;10,5;82;#NV;42;GO;NA;closed;NA;NA;NA;-14.444270399999899;48.220066729999999;NA;38624;C4;NA
2524;M11-05mamy;Ambongomany;adult;M;sambiranensis;6;samb;#NV;11,3;34,3;19,1;21,9;7,3;8,7;36,5;21,4;8,9;71;134;35;GO;enlarged;NA;NA;NA;NA;-14.444270399999899;48.220066729999999;NA;38627;B3;NA
2525;M12-05mamy;Ambongomany;adult;M;sambiranensis;6;samb;16,5;11,5;32,7;20,2;21,6;6,9;8,1;34,2;21,3;9,1;68;131;36;GO;enlarged;NA;NA;NA;NA;-14.444270399999899;48.220066729999999;NA;38629;C1;NA
2526;M10-05mamy;Ambongomany;adult;M;sambiranensis;6;samb;14,9;10,5;31,5;18,3;22,2;8,1;8,7;36;21,1;8,1;72;137;39;GO;enlarged;NA;NA;NA;NA;-14.444270399999899;48.220066729999999;NA;38627;B3;NA
2527;M09-05mamy;Ambongomany;adult;M;sambiranensis;6;samb;16,5;9,2;33;18,7;20,7;5,9;8,2;36,1;21,8;9,3;63;137;39;GO;enlarged;NA;NA;NA;NA;-14.444270399999899;48.220066729999999;NA;38626;13;NA
2528;M13-05mamy;Ambongomany;adult;M;sambiranensis;6;samb;16,2;11,2;33,5;#NV;21,3;7,5;9,1;37,7;21,1;7,7;75;139;40;GO;enlarged;NA;NA;NA;NA;-14.444270399999899;48.220066729999999;NA;38630;23;NA
2529;F07-05mamy;Ambongomany;adult;F;sambiranensis;6;samb;16,5;10,8;34;21,2;21,7;7,4;9,9;36,1;20,7;10,4;72;144;40;GO;NA;closed;NA;NA;NA;-14.444270399999899;48.220066729999999;NA;38627;A3;NA
2530;F06-05mamy;Ambongomany;adult;F;sambiranensis;6;samb;18,3;10;34;20,1;20;6,2;9,1;36,1;20,8;7,8;75;143;43;GO;NA;swollen;NA;NA;NA;-14.444270399999899;48.220066729999999;NA;38626;AB;RADSEQ
2531;M08-05mamy;Ambongomany;adult;M;sambiranensis;6;samb;16;10,6;32,6;20,5;21,3;6;#NV;34,7;21,1;#NV;65;132;#NV;GO;enlarged;NA;NA;NA;NA;-14.444270399999899;48.220066729999999;NA;38628;BC;NA
2536;F04-02Mah;Mahilaka;adult;F;sambiranensis;6;samb;#NV;12,4;33,6;18,6;19,7;5,3;#NV;32,5;21,2;6,9;70;145;36;BR;NA;closed;NA;NA;NA;-14.286666666666667;48.227222222222224;NA;37425;3;NA
2537;F06-02Mah;Mahilaka;adult;F;sambiranensis;6;samb;#NV;11,2;33,2;19,5;19,3;5,8;#NV;35,6;21,2;7,4;75;130;37;BR;NA;closed;NA;NA;NA;-14.286666666666667;48.227222222222224;NA;37427;C3;RADSEQ
2538;F12-02Mah;Mahilaka;adult;F;sambiranensis;6;samb;#NV;11,6;32,2;19,6;18,8;5,3;#NV;35,8;20,6;7;75;145;40;BR;NA;closed;NA;NA;NA;-14.286666666666667;48.227222222222224;NA;37429;14;NA
2539;F02-02Mah;Mahilaka;adult;F;sambiranensis;6;samb;#NV;11,2;33,7;18,3;20,7;5,5;#NV;35,5;22,5;7,4;75;145;40;BR;NA;closed;NA;NA;NA;-14.286666666666667;48.227222222222224;NA;37423;1;NA
2540;M13-02Mah;Mahilaka;adult;M;sambiranensis;6;samb;#NV;11,2;34,7;19,9;18,7;5,4;#NV;33,6;19,8;6,7;75;132;40;BR;enlarged;NA;NA;NA;NA;-14.286666666666667;48.227222222222224;NA;37431;AB;NA
2541;M11-02Mah;Mahilaka;adult;M;sambiranensis;6;samb;#NV;12,8;33,6;18,4;19,8;6;#NV;34,7;20,4;8;75;138;43;BR;enlarged;NA;NA;NA;NA;-14.286666666666667;48.227222222222224;NA;37429;13;NA
2542;F01-02Mah;Mahilaka;adult;F;sambiranensis;6;samb;#NV;12,4;33,8;20,2;20,3;6,4;#NV;34,3;20,1;7,7;75;140;44;BR;NA;closed;NA;NA;NA;-14.286666666666667;48.227222222222224;NA;37423;A;NA
2543;M14-02Mah;Mahilaka;adult;M;sambiranensis;6;samb;#NV;11;32;19,9;19;7;#NV;34,4;18,8;6,3;75;132;45;BR;enlarged;NA;NA;NA;NA;-14.286666666666667;48.227222222222224;NA;37431;BC;NA
2544;F08-02Mah;Mahilaka;adult;F;sambiranensis;6;samb;#NV;12,9;35,1;18,7;18;6;#NV;37;20,4;8,5;78;140;48;BR;NA;closed;NA;NA;NA;-14.286666666666667;48.227222222222224;NA;37427;D;NA
2545;F03-02Mah;Mahilaka;adult;F;sambiranensis;6;samb;#NV;12,4;33,8;20,8;21;5,8;#NV;35,2;19,8;8,5;80;142;49;BR;NA;closed;NA;NA;NA;-14.286666666666667;48.227222222222224;NA;37423;C;NA
2546;F07-02Mah;Mahilaka;adult;F;sambiranensis;6;samb;#NV;12;34,8;20,9;19,4;5,2;#NV;34,1;20,5;8,5;75;140;51;BR;NA;closed;NA;NA;NA;-14.286666666666667;48.227222222222224;NA;37427;AC;RADSEQ
2547;F09-02Mah;Mahilaka;adult;F;sambiranensis;6;samb;#NV;12,4;34,7;19,2;19;5,7;#NV;37,1;20;7,7;80;145;#NV;BR;NA;lactating;53;NA;NA;-14.286666666666667;48.227222222222224;NA;37427;4;NA
2548;F15-02Mah;Mahilaka;adult;F;sambiranensis;6;samb;#NV;11,7;35;21;20,6;7;#NV;38;20,7;8,3;80;150;#NV;BR;NA;lactating;58;NA;NA;-14.286666666666667;48.227222222222224;NA;37433;CD;RADSEQ
2549;A3;Ambodiriana;adult;F;simmonsi;2;simm;#NV;11,51;35,08;#NV;22,24;6,79;10,97;#NV;22,68;#NV;80;130;#NV;AM;NA;closed;NA;NA;NA;-16.674231120000002;49.701283009999997;NA;41811;A3;RADSEQ
2550;A2;Ambodiriana;adult;F;simmonsi;2;simm;#NV;12,35;33,74;#NV;22,09;5,99;10,52;#NV;#NV;#NV;#NV;121;#NV;AM;NA;closed;NA;NA;NA;-16.673121609999999;49.698892319999999;NA;41808;A23;RADSEQ
2551;A1;Ambodiriana;adult;F;simmonsi;2;simm;#NV;12,92;35,53;#NV;22,15;7,5;11,9;#NV;23,29;#NV;#NV;148;#NV;AM;NA;closed;NA;NA;NA;-16.67490746;49.70225765;NA;41808;A1;RADSEQ
2552;A5;Ambodiriana;adult;M;simmonsi;2;simm;#NV;11,5;34,55;#NV;21,92;5,73;7,3;#NV;20,59;#NV;85;120;#NV;AM;enlarged;NA;NA;enlarged testes;NA;-16.673396790000002;49.699760519999998;NA;41822;A3;NA
2553;A8;Ambodiriana;adult;M;simmonsi;2;simm;#NV;12,42;35,82;#NV;23,44;6,41;10,5;#NV;22,26;#NV;87;135;#NV;AM;enlarged;NA;NA;enlarged testes;NA;-16.673482450000002;49.700184810000003;NA;41837;C1;RADSEQ
2554;A6;Ambodiriana;adult;M;simmonsi;2;simm;#NV;12,67;35,08;#NV;22,36;6,24;7,36;#NV;22,66;#NV;93;123;#NV;AM;enlarged;NA;NA;enlarged testes;NA;-16.67474678;49.701901669999998;NA;41837;A23;NA
2555;A7;Ambodiriana;adult;M;simmonsi;2;simm;#NV;14,36;36,04;#NV;23,74;7,14;10,24;#NV;23,14;#NV;95;130;#NV;AM;enlarged;NA;NA;enlarged testes;NA;-16.67393264;49.70078831;NA;41837;B1;NA
2556;A4;Ambodiriana;adult;M;simmonsi;2;simm;#NV;12,75;36,77;#NV;23;6,44;11,48;#NV;22,28;#NV;95;138;#NV;AM;enlarged;NA;NA;enlarged testes;NA;-16.673994839999999;49.70091437;NA;41822;A1;NA
2557;12Msp118;Antara;adult;F;simmonsi;2;simm;16,8;12,2;38,4;23,5;23,7;7,6;10,7;43,8;24,6;9,9;106,2;#NV;#NV;TVE;NA;closed;83;NA;NA;-16.864683999999901;49.186171000000002;NA;2022;NA;NA
2558;12Msp017;Antara;adult;F;simmonsi;2;simm;16,6;11,7;37,3;22,5;25,3;7,1;7,9;40,2;20,9;10,4;104,4;#NV;#NV;TVE;NA;closed;92;NA;NA;-16.867352999999898;49.184066999999999;NA;2022;NA;NA
2559;12Msp025;Antara;adult;F;simmonsi;2;simm;16,6;11,1;36,6;23,6;23,9;#NV;8,6;40,2;22,7;9,9;104,9;131,9;#NV;DS;NA;pregnant;90;NA;NA;-16.8623639999999;49.177855999999998;NA;2022;NA;NA
2560;15Msp102;Befotaka;adult;F;simmonsi;2;simm;18;12,1;36,6;21,6;22,4;7,7;8,1;40;22,8;10,5;96,4;#NV;67;TVE;NA;closed;NA;NA;NA;-17.090626999999898;48.983333000000002;NA;2022;NA;NA
2561;15Msp105;Befotaka;adult;M;simmonsi;2;simm;17;13,2;37,5;21,1;21,9;7,6;8,5;39,6;22,3;9,9;97,2;#NV;59;TVE;NA;NA;NA;NA;NA;-17.092301999999901;48.983511;NA;2022;NA;NA
2562;15Msp008;Befotaka;adult;F;simmonsi;2;simm;17;12;37,9;21;22,7;8,4;10,7;40,4;23,2;10,7;93,5;#NV;55;TVE;NA;closed;NA;NA;NA;-17.0994169999999;48.983046999999999;NA;2022;NA;NA
2563;15Msp014;Befotaka;adult;M;simmonsi;2;simm;15,7;13,1;36,9;22,3;22,8;8,4;9,1;40,7;20,4;8,4;104,3;#NV;74;TVE;NA;NA;NA;NA;NA;-17.086420999999898;48.964207000000002;NA;2022;NA;NA
2565;11Msp008;Sasomanga;adult;F;simmonsi;2;simm;16,1;11,5;37,4;21,6;24,5;#NV;9,7;38,3;24,1;9,2;97,6;124,2;61;DS;NA;closed;NA;NA;NA;-16.648892999999902;49.448242;NA;2022;NA;NA
2566;11Msp009;Sasomanga;adult;M;simmonsi;2;simm;14,2;12,1;35,9;22,3;24,1;#NV;10,5;39,8;22,1;9,6;81,6;140,3;55;DS;NA;NA;NA;NA;NA;-16.646787999999901;49.444271000000001;NA;2022;NA;NA
2567;11Msp011;Sasomanga;adult;M;simmonsi;2;simm;17,6;12,3;37,7;21,6;24,5;#NV;9,8;41,4;21,9;10;91,5;128,8;56;DS;NA;NA;NA;NA;NA;-16.646759999999901;49.444018;NA;2022;NA;NA
2570;AMBH_D08_2013;Ambohitrandrina;adult;M;sp1;7;sp1;19,51;11,94;34,55;20,51;#NV;7,25;#NV;#NV;21,35;#NV;83;145;45,5;DSAO;enlarged;NA;NA;NA;NA;-13.64791883;50.068798110000003;NA;41569;AB1;RADSEQ
2571;AMBH_D07_2013;Ambohitrandrina;adult;F;sp1;7;sp1;17,48;#NV;34,02;20,32;#NV;7,02;#NV;#NV;20,03;#NV;82;140;#NV;DSAO;NA;closed;65;NA;NA;-13.649688169999999;50.068451019999998;NA;41569;AB1;RADSEQ
2572;AMBH_D09_2013;Ambohitrandrina;adult;F;sp1;7;sp1;20,45;#NV;34,81;20,21;#NV;7,01;#NV;#NV;21,77;#NV;85;143;#NV;DSAO;NA;closed;65;NA;NA;-13.6481148;50.070469459999998;NA;41569;AB2;RADSEQ
2576;ANALV_A68_2013;Analalava;adult;F;sp1;7;sp1;16,95;12,64;32,27;21,06;20,9;5,6;6,63;#NV;20,66;#NV;82;137;39;BLP;NA;closed;NA;NA;NA;-13.632569139999999;49.981991020000002;NA;41502;AC4;RADSEQ
2577;ANALV_A73_2013;Analalava;adult;F;sp1;7;sp1;#NV;11,38;34,2;20,15;20,45;6,86;7,92;#NV;20,76;#NV;72;144;39;JS;NA;closed;NA;NA;NA;-13.61552219;49.998288870000003;NA;41502;AB1;RADSEQ
2578;ANALV_A51_2013;Analalava;adult;F;sp1;7;sp1;16,58;#NV;34,77;19,96;#NV;6,41;#NV;#NV;19,5;#NV;82;142;40;DSAO;NA;closed;NA;NA;NA;-13.614589280000001;49.991321409999998;NA;41500;A13;RADSEQ
2579;ANALV_A66_2013;Analalava;adult;F;sp1;7;sp1;16,36;11,68;33,36;20,68;#NV;6,31;#NV;#NV;20,74;#NV;82;146;41;DSAO;NA;closed;NA;NA;NA;-13.61633104;49.985073630000002;NA;41502;B13;NA
2580;ANALV_A74_2013;Analalava;adult;F;sp1;7;sp1;#NV;12,03;33,7;20,46;20,94;6,95;10,72;35,33;20,16;#NV;82;137;41;JS;NA;closed;NA;NA;NA;-13.612180990000001;49.998766140000001;NA;41502;AB2;NA
2581;ANALV_A69_2013;Analalava;adult;M;sp1;7;sp1;18,26;12,69;34,4;20,4;20,25;5,4;7,65;#NV;20,14;#NV;84;143;41;BLP;enlarged;NA;NA;NA;NA;-13.61192971;49.996311249999998;NA;41502;AB2;NA
2582;ANALV_A20_2013;Analalava;adult;M;sp1;7;sp1;19,06;11,47;36,72;20,77;#NV;7,76;#NV;#NV;19,8;#NV;#NV;146;44;DSAO;enlarged;NA;NA;NA;NA;-13.61879474;49.993703969999999;NA;41496;A12;NA
2583;ANALV_A52_2013;Analalava;adult;F;sp1;7;sp1;16,34;11,56;33,82;20,35;#NV;5,69;#NV;#NV;18,37;#NV;72;125;45;DSAO;NA;closed;NA;NA;NA;-13.613186320000001;49.990891759999997;NA;41500;B12;NA
2584;ANALV_A36_2013;Analalava;adult;M;sp1;7;sp1;18;11,74;34,72;21,24;#NV;7,21;#NV;#NV;20,85;#NV;88;140;45,5;DSAO;enlarged;NA;NA;NA;NA;-13.622756860000001;49.988337039999998;NA;41499;B12;NA
2585;ANALV_A30_2013;Analalava;adult;M;sp1;7;sp1;#NV;12,4;38,2;20,5;20,41;7,01;8,23;#NV;20,37;#NV;80;147;47;JS;enlarged;NA;NA;NA;NA;-13.616442770000001;49.994157680000001;NA;41498;A13;NA
2586;ANALV_A19_2013;Analalava;adult;F;sp1;7;sp1;#NV;11,6;#NV;20,05;#NV;7,27;#NV;#NV;20,68;#NV;#NV;#NV;48;DSAO;NA;closed;NA;NA;NA;-13.607927009999999;49.997425540000002;NA;41496;A12;RADSEQ
2587;G78_2015;Analavelona;adult;F;sp1;7;sp1;20,62;10,87;#NV;19,56;22,56;6,7;7,32;38,76;20,06;#NV;80;128;56;GMS;NA;NA;NA;nipples well developed, grey-red-brown head, grey-red-brown back , yellowish belly, red face, dorsal stripe;previously_arnholdi;-13.35996274;49.442538429999999;801;42295;AB1;RADSEQ
2589;A45_2014;Andravory;adult;F;sp1;7;sp1;20,07;14,02;35,69;20,96;20,3;4,41;10,2;35,91;20,8;#NV;71;125;44;BLP;NA;NA;NA;brown-red head, red face, yellowish belly, brown back;NA;-13.78868074;49.514024669999998;961;41877;BC3;RADSEQ
2590;E15_2014;Andravory_east;adult;M;sp1;7;sp1;18,35;15,41;35,05;20,39;20,97;5,29;10,45;38,08;20,68;#NV;68;134;52;BLP;enlarged;NA;NA;red head, red face, yellowish belly, silver-red back, dorsal line;well developped testis;-13.75207479;49.597572040000003;967;41957;BC2;RADSEQ
2591;E35_2014;Andravory_east;adult;F;sp1;7;sp1;20,64;13,11;36,74;20,02;22,88;6,72;10,43;38,75;18,46;#NV;71;132;#NV;BLP;NA;closed;71;black tip of the tail, red head, red face, yellowish belly, silver-brown back, dorsal line;NA;-13.752027849999999;49.595132739999997;967;41960;BC3;RADSEQ
2592;E23_2014;Andravory_east;adult;F;sp1;7;sp1;20,26;14,81;37,98;21,87;21,23;5,97;10,2;40,42;20,34;#NV;70;133;#NV;BLP;NA;closed;72;parasites + black tip of the tail, red head, red face, yellowish belly, silver-brown back, dorsal line;NA;-13.768235519999999;49.612812859999998;874;41959;BC2;RADSEQ
2595;A25_2014;Andravory_west;adult;F;sp1;7;sp1;17,88;11,14;33,05;19,3;19,31;4,95;9,44;36,06;17,89;#NV;#NV;140;38;BLP;NA;NA;NA;red head, red back , yellowish belly, red-brown face, dorsal stripe;NA;-13.748123140000001;49.518476550000003;1054;41868;AC1;NA
2596;A39_2014;Andravory_west;adult;F;sp1;7;sp1;18,92;15,92;35,96;20,68;20,78;7,41;10,8;38,09;20,17;#NV;75;124;43;BLP;NA;NA;NA;brown-red head, red face, yellowish belly,  brown back;NA;-13.77639488;49.520671180000001;1002;41875;AB1;RADSEQ
2597;A24_2014;Andravory_west;adult;M;sp1;7;sp1;19,73;12,45;33,47;19,13;19,52;#NV;9,59;36,26;#NV;#NV;70;131;44;BLP;enlarged;NA;NA;red head, red back , yellowish belly, red-brown face, dorsal stripe;well developped testis;-13.748027759999999;49.518595490000003;1054;41868;AB2;NA
2598;A26_2014;Andravory_west;adult;F;sp1;7;sp1;17,7;11,64;34,45;19,91;20,07;5,18;9,05;39,65;19,68;#NV;83;136;46;BLP;NA;NA;NA;brown-red head, red face, white-grey belly, brown-red back, dorsal line;NA;-13.748327659999999;49.518226849999998;1054;41868;AC2;RADSEQ
2599;A37_2014;Andravory_west;adult;M;sp1;7;sp1;20,74;15,62;34,88;20,78;21,84;7,47;10,24;35,21;20,56;#NV;70;144;46;BLP;enlarged;NA;NA;red head, red back , yellowish belly, red-brown face;well developped testis;-13.773452669999999;49.518854070000003;926;41875;AB1;NA
2600;A20_2014;Andravory_west;adult;F;sp1;7;sp1;17,68;12,21;34,4;22,02;21,85;4,4;9,05;34,42;19,87;#NV;88;140;47;BLP;NA;NA;NA;parasite, red-brown head, red back , yellowish belly, grey-red face, dorsal stripe;NA;-13.7548399;49.521830649999998;1019;41868;AB1;NA
2601;A23_2014;Andravory_west;adult;F;sp1;7;sp1;17,75;12,71;35,66;20,81;19,44;5,89;9,59;35,28;17,51;#NV;73;130;47;BLP;NA;NA;NA;red head, red back , yellowish belly, red face, dorsal stripe;NA;-13.747712509999999;49.518945520000003;1054;41868;AB4;NA
2602;A18_2014;Andravory_west;adult;M;sp1;7;sp1;16,31;12,58;34,64;20,34;20,26;6,4;9,24;39,48;20,03;#NV;72;140;48;BLP;enlarged;NA;NA;parasites, brown-red head, red face, white-grey belly, brown back, dorsal line;well developped testis;-13.75369577;49.52029383;1019;41866;AB1;RADSEQ
2603;A21_2014;Andravory_west;adult;F;sp1;7;sp1;20,6;13,31;33,27;21,09;20,53;4,4;9,88;37,09;19,34;#NV;86;143;51;BLP;NA;NA;NA;parasites + black tip of the tail, brown-red head, red face, white-grey belly, grey-red back, dorsal line;NA;-13.75711718;49.518875440000002;1019;41868;AB2;RADSEQ
2604;A22_2014;Andravory_west;adult;F;sp1;7;sp1;16,17;12,36;36,74;19,78;21,7;4,49;10,1;39,75;20,01;#NV;88;136;54;BLP;NA;NA;NA;red head, red back , yellowish belly, red face, dorsal stripe;NA;-13.75728507;49.518740659999999;1019;41868;AB3;NA
2605;A27_2014;Andravory_west;adult;F;sp1;7;sp1;17,63;11,07;34,06;20,1;20,76;4,4;8,46;#NV;19,83;#NV;87;130;54;BLP;NA;NA;NA;red head, red back , yellowish belly, red-brown face, dorsal stripe;NA;-13.748385409999999;49.518157530000003;1054;41868;AC3;NA
2607;F76_2015;Antongonaomby;adult;F;sp1;7;sp1;18,2;15,98;34,72;20,77;21,29;6,51;10,4;38,65;20,03;#NV;76;118;38;BLP;NA;NA;NA;red head, red back , yellowish belly, silver grey-brown face, dorsal stripe;previously_arnholdi;-13.54971754;49.547931480000003;1026;42259;B14;NA
2608;F58_2015;Antongonaomby;adult;M;sp1;7;sp1;18,43;12,32;34,9;18,88;21,46;7;10,35;38,11;#NV;#NV;81;134;43;TNR;enlarged;NA;NA;grey red-brown head, red-brown back , yellowish belly, grey-brown face, dorsal stripe;previously_arnholdi;-13.54797495;49.549694860000002;1026;42257;C14;NA
2609;F68_2015;Antongonaomby;adult;M;sp1;7;sp1;21,73;15,5;33,07;22,11;20,36;5,91;7,42;38,71;19,19;#NV;70;124;46;BLP;enlarged;NA;NA;red-brown head, grey-brown back , yellowish belly, red face, dorsal stripe;previously_arnholdi;-13.54518989;49.550464320000003;976;42258;B23;RADSEQ
2610;F59_2015;Antongonaomby;adult;F;sp1;7;sp1;19,3;12,94;35,09;18,95;23,8;7,12;9,97;38,77;#NV;#NV;86;145;47;TNR;NA;NA;NA;red-brown head, grey-brown back , yellowish belly, red face, dorsal stripe;previously_arnholdi;-13.54801116;49.549692520000001;1026;42257;B23;RADSEQ
2611;F77_2015;Antongonaomby;adult;F;sp1;7;sp1;20,96;14,86;35,32;21,38;22,07;7,13;10,36;40,03;18,44;#NV;76;138;47;BLP;NA;NA;NA;red head, silver-grey-brown back , yellowish belly, red face, dorsal stripe;previously_arnholdi;-13.54957606;49.547578850000001;1026;42259;B13;RADSEQ
2612;F74_2015;Antongonaomby;adult;M;sp1;7;sp1;20,98;13,19;35,31;20,65;20,15;6,29;8,63;40,27;18,17;#NV;64;131;48;BLP;enlarged;NA;NA;red head, red back , yellowish belly, silver grey-brown face, dorsal stripe;previously_arnholdi;-13.547945439999999;49.55094519;976;42259;B14;NA
2613;F79_2015;Antongonaomby;adult;M;sp1;7;sp1;#NV;12,84;35,84;20;23,76;6,45;7,12;36,85;18,84;#NV;79;132;49;ERD;enlarged;NA;NA;brown-red head, silver-grey-brown back , yellowish belly, red face, dorsal stripe;previously_arnholdi;-13.53488677;49.546050579999999;1036;42259;AD2;RADSEQ
2614;F61_2015;Antongonaomby;adult;F;sp1;7;sp1;16,9;11,77;36,96;21,07;23,01;7,55;8,31;36,45;#NV;#NV;94;129;51;TNR;NA;NA;NA;grey-red-brown head, grey-brown back , yellowish belly, red face, dorsal stripe;previously_arnholdi;-13.539892610000001;49.531530859999997;988;42257;D23;RADSEQ
2615;F75_2015;Antongonaomby;adult;M;sp1;7;sp1;20,14;13,43;35,86;20,02;20,04;6,3;7,35;40,59;20,03;#NV;79;134;51;BLP;enlarged;NA;NA;red head, grey-brown back , yellowish belly, red face, dorsal stripe;previously_arnholdi;-13.547842259999999;49.550884920000001;976;42259;B13;RADSEQ
2616;F57_2015;Antongonaomby;adult;F;sp1;7;sp1;20,67;13,45;35,99;19,29;22,52;7,4;10,59;40,51;#NV;#NV;82;133;52;TNR;NA;NA;NA;red-brown head, red back , yellowish belly, grey-brown face, dorsal stripe;previously_arnholdi;-13.548045350000001;49.549697039999998;1026;42257;C23;NA
2617;F56_2015;Antongonaomby;adult;M;sp1;7;sp1;20,35;14,07;35,02;19,75;24,34;7,72;7,17;37,61;#NV;#NV;78;135;53;TNR;enlarged;NA;NA;red-brown head, red back , yellowish belly, grey-brown face, dorsal stripe;previously_arnholdi;-13.54812347;49.549696619999999;1026;42257;C13;NA
2618;F80_2015;Antongonaomby;adult;F;sp1;7;sp1;#NV;12,35;35,56;20,62;23,64;6,16;7,24;37,54;19,81;#NV;94;135;55;ERD;NA;NA;NA;grey red-brown head, red back , yellowish belly, silver grey-brown face, dorsal stripe;previously_arnholdi;-13.535058940000001;49.546028700000001;1036;42259;AD3;NA
2619;F60_2015;Antongonaomby;adult;M;sp1;7;sp1;20,58;14,6;34,18;19,7;23,94;7,95;10,22;40,76;#NV;#NV;85;141;56;TNR;enlarged;NA;NA;grey-red-brown head, grey-brown back , yellowish belly, red face, dorsal stripe;previously_arnholdi;-13.55642147;49.539340860000003;1049;42257;C23;RADSEQ
2620;B22_2014;Antsahabe_Ambalasoa;adult;F;sp1;7;sp1;20,75;13,82;35,11;20,08;20,35;5,9;11,66;36,35;20,69;#NV;69;121;41;BLP;NA;NA;NA;red head, red back , yellowish belly, silver-brown face, dorsal stripe;NA;-13.886911619999999;49.444810099999998;1040;41925;A13;NA
2621;B74_2014;Antsahabe_Ambalasoa;adult;M;sp1;7;sp1;20,38;13,01;32,84;#NV;22,46;#NV;8,35;38,2;20,84;#NV;72;143;42;BLP;enlarged;NA;NA;brown-red head, red face, yellowish belly, silver-brown back, dorsal line;well developped testis;-13.91468002;49.422868289999997;1075;41933;BC2;RADSEQ
2622;B50_2014;Antsahabe_Ambalasoa;adult;M;sp1;7;sp1;17,45;14,87;36,3;20,68;20,04;5,86;8,18;36,71;20,4;#NV;64;131;45;BLP;enlarged;NA;NA;brown-red head, red face, yellowish belly, silver-brown back, dorsal line;well developped testis;-13.896666979999999;49.432771080000002;897;41928;A12;RADSEQ
2623;B14_2014;Antsahabe_Ambalasoa;adult;F;sp1;7;sp1;19,46;14,74;37,74;21;22,78;6,68;8,04;38,21;19,64;#NV;76;127;46;BLP;NA;NA;NA;red head, red face, yellowish belly, red back, dorsal line;NA;-13.890139319999999;49.437752789999998;977;41924;A12;RADSEQ
2624;B77_2014;Antsahabe_Ambalasoa;adult;M;sp1;7;sp1;#NV;15,79;35,2;20,6;20,22;5,51;10,4;39,42;18,19;#NV;79;132;50;BLP;enlarged;NA;NA;brown head, brown face, yellowish belly, silver-brown back, dorsal line;well developped testis;-13.901578689999999;49.422301079999997;979;41934;C12;RADSEQ
2625;B36_2014;Antsahabe_Ambalasoa;adult;F;sp1;7;sp1;21,8;15,74;35,21;20,02;21,3;5,8;8,49;38,08;20,27;#NV;70;136;#NV;BLP;NA;NA;57;parasite, red head, red back , yellowish belly, silver-brown face, dorsal stripe;NA;-13.900459290000001;49.441119960000002;1061;41927;B23;NA
2627;F15_2015;Antsahabe_Ambaliha;adult;M;sp1;7;sp1;15,09;#NV;33,78;#NV;20,7;5,72;7,35;37,88;19,65;#NV;75;131;45;ANR;enlarged;NA;NA;brown-red head, brown back , yellowish belly, red face, dorsal stripe;previously_arnholdi;-13.65477883;49.556877569999997;1018;42246;B23;RADSEQ
2628;F29_2015;Antsahabe_Ambaliha;adult;F;sp1;7;sp1;21,11;12,01;33,6;20,11;21,04;6,75;7,35;37,06;19,53;#NV;63;137;48;BLP;NA;NA;NA;red head, grey-brown back , yellowish belly, red face, dorsal stripe;previously_arnholdi;-13.64517158;49.55379713;988;42248;A13;RADSEQ
2629;F28_2015;Antsahabe_Ambaliha;adult;F;sp1;7;sp1;20,56;13,89;35,16;18,31;21,8;6,25;10,34;38,85;21,07;#NV;71;136;50;BLP;NA;NA;NA;brown-red head, brown back , yellowish belly, red face, dorsal stripe;previously_arnholdi;-13.65206963;49.5467741;997;42248;A12;RADSEQ
2630;A81_2014;Belongoza;adult;M;sp1;7;sp1;20,58;14,97;35,83;20,56;20,21;6,66;10,4;37,05;20,87;#NV;65;123;42;BLP;enlarged;NA;NA;brown-red head, red face, yellowish belly, brown back, dorsal line;well developped testis;-13.75533066;49.405564939999998;1213;41893;AD2;RADSEQ
2631;A85_2014;Belongoza;adult;M;sp1;7;sp1;20,14;13,02;35,69;20,71;20,4;5,48;10,37;38,38;20,85;#NV;72;133;44;BLP;enlarged;NA;NA;brown-red head, red back , yellowish belly, silver-brown face, dorsal stripe;well developped testis;-13.754205969999999;49.411587920000002;1074;41893;B23;NA
2632;A84_2014;Belongoza;adult;F;sp1;7;sp1;20,28;13,45;35,6;20,02;18,87;6,61;11,05;37,4;18,08;#NV;71;124;44;BLP;NA;NA;NA;brown-red head, red back , yellowish belly, silver-brown face, dorsal stripe;NA;-13.75438451;49.41189009;1074;41893;B23;NA
2633;A83_2014;Belongoza;adult;M;sp1;7;sp1;20,84;13,98;32,68;20,87;20,05;5,37;10,78;37,65;20,1;#NV;65;135;44;BLP;enlarged;NA;NA;brown-red head, red face, yellowish belly, silver-brown back, dorsal line;well developped testis;-13.75464577;49.41223978;1074;41893;AD3;RADSEQ
2634;A100_2014;Belongoza;adult;M;sp1;7;sp1;18,95;12,14;33,57;20,17;21,28;4,42;11,82;38,68;18,9;#NV;86;126;45;BLP;enlarged;NA;NA;red head, red face, yellowish belly, silver-brown-red back, dorsal line;well developped testis;-13.768720330000001;49.414583360000002;974;41896;AC4;RADSEQ
2635;A55_2014;Belongoza;adult;M;sp1;7;sp1;20,12;14,15;35,95;20,47;21,67;7,84;10,87;37,72;19,34;#NV;69;135;45;BLP;enlarged;NA;NA;brown-red head, red face, yellowish belly, silver-red back, dorsal line;well developped testis;-13.76000357;49.40826869;1195;41889;BC3;RADSEQ
2636;A65_2014;Belongoza;adult;F;sp1;7;sp1;18,55;14,79;35,83;20,1;21,88;4,49;11,24;40,23;20,66;#NV;72;137;46;BLP;NA;NA;NA;red head, red back , yellowish belly, brown-red face, dorsal stripe;NA;-13.7608224;49.410960449999997;1014;41889;BC2;NA
2637;A61_2014;Belongoza;adult;M;sp1;7;sp1;20,02;16,44;36,85;20,25;21,01;4,83;10,72;37,81;20,72;#NV;73;125;47;BLP;enlarged;NA;NA;brown-red head, red face, yellowish belly, brown-red back, dorsal line;well developped testis;-13.763869809999999;49.409533850000003;1014;41889;BC2;RADSEQ
2638;A98_2014;Belongoza;adult;M;sp1;7;sp1;21,63;13,5;34,29;20,25;20,52;#NV;10,04;36,98;20,01;#NV;88;130;47;BLP;enlarged;NA;NA;red head, red face, yellowish belly, silver-brown-red back, dorsal line;well developped testis;-13.78450505;49.400949779999998;1109;41895;AC3;RADSEQ
2639;A77_2014;Belongoza;adult;F;sp1;7;sp1;18,95;12,13;35,55;20,96;21,39;7,7;10,71;38,58;18,37;#NV;76;135;48;BLP;NA;NA;NA;red head, red back , yellowish belly, silver-brown-red face, dorsal stripe;NA;-13.760584100000001;49.412443879999998;1014;41891;BC4;NA
2640;A72_2014;Belongoza;adult;M;sp1;7;sp1;20,5;14,15;35,75;20,54;21,65;6,94;10,05;37,15;20,68;#NV;75;135;48;BLP;enlarged;NA;NA;red head, red back , yellowish belly, silver-brown-red face, dorsal stripe;well developped testis;-13.76021429;49.413496649999999;1014;41891;BC3;NA
2641;A62_2014;Belongoza;adult;M;sp1;7;sp1;20,74;14,31;35,21;20,36;21,1;5,85;10,16;39,49;18,08;#NV;#NV;125;48;BLP;enlarged;NA;NA;grey-red head, red back , yellowish belly, grey face, dorsal stripe;well developped testis;-13.763840800000001;49.40954902;1014;41889;BC4;NA
2642;A70_2014;Belongoza;adult;F;sp1;7;sp1;16,89;12,21;36,57;20,1;20,46;7,76;11,12;36,33;20,05;#NV;69;131;49;BLP;NA;NA;NA;red head, red back , yellowish belly, silver brown-red face, dorsal stripe;NA;-13.759682959999999;49.411909029999997;1014;41891;BC2;NA
2643;A63_2014;Belongoza;adult;M;sp1;7;sp1;18,36;13,34;36,58;19,39;20,77;6,37;10,08;40,05;20,04;#NV;69;139;49;BLP;enlarged;NA;NA;brown-red head, red back , yellowish belly, brown face, dorsal stripe;well developped testis;-13.761652290000001;49.408766489999998;1014;41889;BC1;NA
2644;A86_2014;Belongoza;adult;F;sp1;7;sp1;19,3;13,91;36,64;20,79;21,67;6,26;10,45;38,37;18,52;#NV;74;130;49;BLP;NA;NA;NA;brown-red head, red face, yellowish belly, silver-brown back, dorsal line;NA;-13.75264308;49.409148870000003;1074;41893;B24;RADSEQ
2645;A71_2014;Belongoza;adult;M;sp1;7;sp1;20,15;15,84;32,02;18,3;21,52;6,17;10,83;36,53;17,19;#NV;#NV;130;49;BLP;enlarged;NA;NA;red head, red face, yellowish belly, silver-brown-red back, dorsal line;well developped testis;-13.75932665;49.413283749999998;1014;41891;BC2;RADSEQ
2646;A82_2014;Belongoza;adult;F;sp1;7;sp1;20,02;14,56;33,64;19,55;21;6,26;10,44;37,89;20,72;#NV;69;130;51;BLP;NA;NA;NA;brown-red head, red back , yellowish belly, silver-brown face, dorsal stripe;NA;-13.75472439;49.412298450000002;1074;41893;BC1;NA
2647;A76_2014;Belongoza;adult;M;sp1;7;sp1;20,21;14,28;33,65;20,82;21,08;7,28;10,34;39,54;20,29;#NV;64;132;51;BLP;enlarged;NA;NA;red head, red back , yellowish belly, silver-brown-red face, dorsal stripe;well developped testis;-13.76062576;49.412499199999999;1014;41891;BC4;NA
2648;A64_2014;Belongoza;adult;F;sp1;7;sp1;20,33;14,9;37,63;21,1;21,29;6,83;11,8;37,63;18,76;#NV;71;147;51;BLP;NA;NA;NA;brown-red head, red back , yellowish belly, brown face, dorsal stripe;NA;-13.760791469999999;49.410946199999998;1014;41889;BC3;NA
2649;A87_2014;Belongoza;adult;F;sp1;7;sp1;20,77;12,6;34,15;20,29;22,26;6,7;10,86;36,74;20,22;#NV;86;132;53;BLP;NA;NA;NA;brown-red head, red back , yellowish belly, silver-brown face, dorsal stripe;NA;-13.75282153;49.408786020000001;1074;41893;B24;NA
2650;A66_2014;Belongoza;adult;F;sp1;7;sp1;20,46;14,86;35,86;20,2;22,99;6,05;10,92;38;20,46;#NV;94;140;54;BLP;NA;NA;NA;brown-red head, red back , yellowish belly, grey-brown face, dorsal stripe;NA;-13.760645200000001;49.411537289999998;1014;41889;BC4;NA
2651;A88_2014;Belongoza;adult;F;sp1;7;sp1;21,1;14,38;36,02;#NV;20,29;6,95;10,91;38,16;20,21;#NV;79;139;56;BLP;NA;NA;NA;brown-red head, red back , yellowish belly, silver-brown face, dorsal stripe;NA;-13.7528725;49.408600190000001;1074;41893;C23;NA
2656;BEZAV_C43_2013;Bezavona;adult;M;sp1;7;sp1;19,07;10,1;33,57;20,94;20,1;5,42;7,24;35,25;20,47;#NV;74;129;37;VG;enlarged;NA;NA;NA;previously_arnholdi;-13.55779083;49.896590230000001;NA;41540;A34;NA
2659;BEZAV_C50_2013;Bezavona;adult;F;sp1;7;sp1;21;11,36;34,91;21,62;#NV;6,34;#NV;#NV;20,81;#NV;90;146;44;DSAO;NA;closed;NA;NA;previously_arnholdi;-13.55726042;49.89097185;NA;41542;B13;NA
2660;BEZAV_C30_2013;Bezavona;adult;M;sp1;7;sp1;19,53;10,21;34,47;20,52;#NV;6,64;#NV;#NV;20,32;#NV;70;135;45;DSAO;enlarged;NA;NA;NA;previously_arnholdi;-13.552369240000001;49.895946000000002;NA;41540;A14;RADSEQ
2661;BEZAV_C33_2013;Bezavona;adult;F;sp1;7;sp1;17,3;11,79;35,22;20,81;#NV;7,25;#NV;#NV;19,98;#NV;81;133;46;DSAO;NA;closed;NA;NA;previously_arnholdi;-13.5511195;49.895751959999998;NA;41540;A23;NA
2662;BEZAV_C14_2013;Bezavona;adult;F;sp1;7;sp1;19,81;11,59;33,81;20,96;#NV;5,99;#NV;#NV;20,79;#NV;71;123;47;DSAO;NA;closed;NA;NA;previously_arnholdi;-13.55088321;49.896515219999998;NA;41540;A12;NA
2663;BEZAV_C22_2013;Bezavona;adult;F;sp1;7;sp1;17,12;11,37;35,11;20,95;#NV;7,46;#NV;#NV;19,51;#NV;77;137;49;DSAO;NA;closed;NA;NA;previously_arnholdi;-13.55340541;49.896245649999997;NA;41540;A14;NA
2664;BEZAV_C06_2013;Bezavona;adult;M;sp1;7;sp1;20,34;11,1;33,24;19,75;#NV;5,9;#NV;#NV;20,87;#NV;77;#NV;49;DSAO;enlarged;NA;NA;NA;previously_arnholdi;-13.556383500000001;49.898059670000002;NA;41539;A12;NA
2665;BEZAV_C18_2013;Bezavona;adult;F;sp1;7;sp1;19,57;10,92;35,15;#NV;#NV;5,92;#NV;#NV;20,66;#NV;87;132;50;DSAO;NA;closed;NA;NA;previously_arnholdi;-13.55289848;49.89610098;NA;41540;A13;NA
2666;BEZAV_C25_2013;Bezavona;adult;M;sp1;7;sp1;21,57;12,39;35,71;21,03;#NV;7,46;#NV;#NV;21,12;#NV;82;152;56;DSAO;enlarged;NA;NA;NA;previously_arnholdi;-13.55700846;49.900575830000001;NA;41540;A13;RADSEQ
2669;BF46_2017;Binara;adult;M;sp1;7;sp1;18,15;12,73;33,12;#NV;20,87;6,01;8,04;38,19;19,54;#NV;73;124;42;BLP;enlarged;NA;NA;grey-brown head, grey-brown face, yellowish belly, red back, dorsal line;previously_arnholdi;-13.287934999999999;49.599926000000004;859;42950;BD23;RADSEQ
2670;BF39_2017;Binara;adult;F;sp1;7;sp1;18,31;12,41;34,04;20,51;20,17;#NV;8,05;38,24;19,42;#NV;70;126;42;BLP;NA;NA;NA;red head, grey-brown-red face, yellowish belly, red back, dorsal line;previously_arnholdi;-13.28804643;49.601436849999999;767;42948;BC13;RADSEQ
2672;BIN.S_K65_2011;Binara_sud;adult;F;sp1;7;sp1;17,35;10,64;#NV;21,13;23,15;7,39;7,72;36,78;20,19;#NV;82;126;49;GMS;NA;closed;NA;NA;previously_arnholdi;-13.296834499999999;49.606882300000002;NA;40842;A1;RADSEQ
2677;SALAF_B70_2013;Salafaina;adult;F;sp1;7;sp1;18,08;10,62;34,21;18,38;#NV;5,9;#NV;#NV;20,36;#NV;70;130;39;DSAO;NA;closed;NA;NA;previously_arnholdi;-13.44828377;49.721990920000003;NA;41523;A23;NA
2678;SALAF_B104_2013;Salafaina;adult;M;sp1;7;sp1;19,35;12,86;34,43;20,72;#NV;5,56;#NV;#NV;21,8;#NV;77;142;39;DSAO;regressed;NA;NA;NA;previously_arnholdi;-13.432168900000001;49.707707480000003;NA;41525;C13;NA
2679;SALAF_B46_2013;Salafaina;adult;F;sp1;7;sp1;19,7;12,73;32,34;19,14;#NV;6,87;#NV;#NV;20,11;#NV;77;135;39;DSAO;NA;closed;NA;NA;previously_arnholdi;-13.44205191;49.721557660000002;NA;41521;B13;NA
2680;SALAF_B68_2013;Salafaina;adult;M;sp1;7;sp1;17,94;10,24;32,84;19,85;#NV;8,67;#NV;#NV;19,62;#NV;78;127;40;DSAO;enlarged;NA;NA;NA;previously_arnholdi;-13.44852107;49.72182806;NA;41523;A14;NA
2681;SALAF_B77_2013;Salafaina;adult;M;sp1;7;sp1;18,95;10,15;33,09;19,75;#NV;6,36;#NV;#NV;19,72;#NV;74;132;40;DSAO;enlarged;NA;NA;NA;previously_arnholdi;-13.44977265;49.704056909999998;NA;41523;AB1;RADSEQ
2682;SALAF_B102_2013;Salafaina;adult;M;sp1;7;sp1;19,13;11,99;32,05;19,74;#NV;6,45;#NV;#NV;20,23;#NV;78;141;40;DSAO;enlarged;NA;NA;NA;previously_arnholdi;-13.432088179999999;49.707293;NA;41525;C12;RADSEQ
2683;SALAF_B67_2013;Salafaina;adult;F;sp1;7;sp1;20,54;10,96;32,94;20,89;#NV;5,69;#NV;#NV;20,52;#NV;86;131;41,5;DSAO;NA;closed;NA;NA;previously_arnholdi;-13.448216800000001;49.721991340000002;NA;41523;B12;RADSEQ
2684;SALAF_B85_2013;Salafaina;adult;M;sp1;7;sp1;20,94;11,72;34,43;20,69;#NV;6,44;#NV;#NV;19,72;#NV;78;138;41,5;DSAO;enlarged;NA;NA;NA;previously_arnholdi;-13.4326594;49.709765240000003;NA;41525;A24;NA
2685;SALAF_B100_2013;Salafaina;adult;M;sp1;7;sp1;22,05;11,84;32,71;20,36;#NV;5,74;#NV;#NV;21;#NV;78;135;41,5;DSAO;enlarged;NA;NA;NA;previously_arnholdi;-13.43226353;49.7080068;NA;41525;D12;NA
2686;SALAF_B57_2013;Salafaina;adult;M;sp1;7;sp1;19,48;11,12;34,16;19,96;#NV;7,26;#NV;#NV;19,7;#NV;79;127;43;DSAO;enlarged;NA;NA;NA;previously_arnholdi;-13.44544818;49.72110034;NA;41522;A13;NA
2687;SALAF_B98_2013;Salafaina;adult;F;sp1;7;sp1;19,73;11,91;34,53;21,09;#NV;6,29;#NV;#NV;21,85;#NV;81;146;45;DSAO;NA;closed;NA;NA;previously_arnholdi;-13.43202179;49.707263580000003;NA;41525;AB4;NA
2688;SALAF_B66_2013;Salafaina;adult;M;sp1;7;sp1;19,99;11,83;34,54;20,02;#NV;5,83;#NV;#NV;20,26;#NV;69;122;45;DSAO;enlarged;NA;NA;NA;previously_arnholdi;-13.43561646;49.719402080000002;NA;41523;B12;RADSEQ
2689;SALAF_B83_2013;Salafaina;adult;M;sp1;7;sp1;20,85;11,35;31,46;18,54;#NV;5,86;#NV;#NV;19,25;#NV;72;123;45;DSAO;enlarged;NA;NA;NA;previously_arnholdi;-13.446407150000001;49.709843020000001;NA;41525;B13;RADSEQ
2690;SALAF_B84_2013;Salafaina;adult;M;sp1;7;sp1;19,02;11,78;34,71;20,86;#NV;6,22;#NV;#NV;21,1;#NV;81;132;46;DSAO;enlarged;NA;NA;NA;previously_arnholdi;-13.43265203;49.709795829999997;NA;41525;A12;NA
2691;SALAF_B69_2013;Salafaina;adult;M;sp1;7;sp1;21,34;12,79;35,16;20,06;#NV;5,48;#NV;#NV;22,32;#NV;74;133;46;DSAO;enlarged;NA;NA;NA;previously_arnholdi;-13.44891778;49.721169660000001;NA;41523;A23;NA
2692;SALAF_B45_2013;Salafaina;adult;F;sp1;7;sp1;18,07;10,78;#NV;19,96;#NV;6,46;#NV;#NV;21,81;#NV;85;140;54;DSAO;NA;closed;NA;NA;previously_arnholdi;-13.44232835;49.721739800000002;NA;41521;BC13;NA
2695;A17_2014;Tsihomanaomby;adult;F;sp1;7;sp1;20,87;12,02;35,92;#NV;22,59;5,29;10,29;37,83;22,92;#NV;70;141;46;BLP;NA;NA;NA;red head, brown-red face, red belly, red back, dorsal line;NA;-14.0928062;50.012235099999998;248;41858;AB1;RADSEQ
2696;AND6.4;Andohahela;adult;F;tanosi;10;tano;#NV;10;#NV;#NV;#NV;#NV;#NV;#NV;#NV;#NV;82,2;#NV;#NV;EEL;NA;NA;NA;NA;NA;-24.764944444444446;46.862333333333332;252;38883;NA;NA
2697;AND6.1;Andohahela;adult;F;tanosi;10;tano;17,5;10,2;#NV;#NV;#NV;#NV;11,2;#NV;#NV;#NV;92,6;#NV;#NV;EEL;NA;NA;NA;"Reddish orange body and head; dark orange diffuse dorsal midline (entire length of back); Whitish-cream venter that extends to ventral surface of muzzle (mandible); under fur is dark grayish-black to brown; and white patch in the inter-orbital region, starting just proximal to soft portion of nostril to the level of the corner of the eye.";NA;-24.770027777777777;46.863416666666666;145;38881;NA;NA
2714;SHR_51;Nahampoana;adult;M;tanosi;10;tano;#NV;9,6;36,1;20,4;#NV;3,9;12,2;#NV;#NV;#NV;#NV;136;62,4;SHR;enlarged;NA;NA;NA;NA;-24.969411000000001;46.976844;10;43624;NA;NA
2715;SHR_52;Nahampoana;adult;F;tanosi;10;tano;#NV;11,2;39,3;22,9;#NV;3,6;12,5;#NV;#NV;#NV;#NV;145;#NV;SHR;NA;NA;73.6;NA;NA;-24.969411000000001;46.976844;14;43624;NA;NA
2725;SHR_30;Sainte_Luce;adult;F;tanosi;10;tano;#NV;11,6;36,5;27;#NV;4,6;15,1;#NV;#NV;#NV;#NV;136;62,2;SHR;NA;NA;NA;NA;NA;-24.976973000000001;47.096823999999998;13;43335;NA;NA
2726;SHR_10;Sainte_Luce;adult;M;tanosi;10;tano;#NV;11,09;40,99;27,57;#NV;4,1;14,17;#NV;#NV;#NV;#NV;153,81;64;SHR;enlarged;NA;NA;NA;NA;-24.976973000000001;47.096823999999998;7;42961;NA;NA
2727;SHR_28;Sainte_Luce;adult;M;tanosi;10;tano;#NV;12,7;37,2;24,6;#NV;4,2;#NV;#NV;#NV;#NV;#NV;139;67;SHR;enlarged;NA;NA;NA;NA;-24.976973000000001;47.096823999999998;20;43333;NA;NA
2728;SHR_13;Sainte_Luce;adult;M;tanosi;10;tano;#NV;10,47;38,62;26,22;#NV;4,4;11,78;#NV;#NV;#NV;#NV;141,32;71;SHR;enlarged;NA;NA;NA;NA;-24.976973000000001;47.096823999999998;9;42965;NA;NA
2729;SHR_12;Sainte_Luce;adult;F;tanosi;10;tano;#NV;10,69;#NV;21,41;#NV;3,6;10,08;#NV;#NV;#NV;#NV;150,98;72;SHR;NA;NA;NA;NA;NA;-24.976973000000001;47.096823999999998;5;42965;NA;NA
2734;SHR_35;Sainte_Luce;adult;F;tanosi;10;tano;#NV;10,2;36,1;23,5;#NV;4,1;15,1;#NV;#NV;#NV;#NV;113;62;SHR;NA;NA;NA;NA;NA;-24.976973000000001;47.096823999999998;15;43352;NA;NA
2735;SHR_33;Sainte_Luce;adult;F;tanosi;10;tano;#NV;8,2;36;23,3;#NV;4;13;#NV;#NV;#NV;#NV;130;62,1;SHR;NA;NA;NA;NA;NA;-24.976973000000001;47.096823999999998;20;43350;NA;NA
2736;SHR_32;Sainte_Luce;adult;F;tanosi;10;tano;#NV;11,2;35,1;26,7;#NV;4;14,4;#NV;#NV;#NV;#NV;140;63,1;SHR;NA;NA;NA;NA;NA;-24.976973000000001;47.096823999999998;24;43348;NA;NA
2737;SHR_1;Sainte_Luce;adult;F;tanosi;10;tano;#NV;#NV;#NV;#NV;#NV;#NV;#NV;#NV;#NV;#NV;#NV;132,7;63,5;SHR;NA;NA;NA;NA;NA;-24.976973000000001;47.096823999999998;24;42253;NA;NA
2738;SHR_4;Sainte_Luce;adult;F;tanosi;10;tano;#NV;8,68;#NV;#NV;#NV;4,1;11,65;#NV;#NV;#NV;#NV;123,73;65;SHR;NA;NA;NA;NA;NA;-24.976973000000001;47.096823999999998;9;42622;NA;NA
2739;SHR_21;Sainte_Luce;adult;M;tanosi;10;tano;#NV;9,96;39,87;25,51;#NV;4;10,13;#NV;#NV;#NV;#NV;128,76;65;SHR;enlarged;NA;NA;NA;NA;-24.976973000000001;47.096823999999998;21;42990;NA;NA
2740;SHR_18;Sainte_Luce;adult;M;tanosi;10;tano;#NV;10,93;37,69;25,58;#NV;4,6;10,82;#NV;#NV;#NV;#NV;139,97;69;SHR;enlarged;NA;NA;NA;NA;-24.976973000000001;47.096823999999998;20;42983;NA;NA
2741;SHR_3;Sainte_Luce;adult;F;tanosi;10;tano;#NV;#NV;#NV;#NV;#NV;#NV;#NV;#NV;#NV;#NV;#NV;124,2;69,4;SHR;NA;NA;NA;NA;NA;-24.976973000000001;47.096823999999998;24;42256;NA;NA
2742;SHR_36;Sainte_Luce;adult;F;tanosi;10;tano;#NV;11;36,7;25;#NV;4,1;14,4;#NV;#NV;#NV;#NV;120;71;SHR;NA;NA;NA;NA;NA;-24.976973000000001;47.096823999999998;25;43369;NA;NA
2743;SHR_19;Sainte_Luce;adult;M;tanosi;10;tano;#NV;10,49;#NV;20,89;#NV;4;10,38;#NV;#NV;#NV;#NV;127,5;72;SHR;enlarged;NA;NA;NA;NA;-24.976973000000001;47.096823999999998;20;42983;NA;NA
2744;SHR_20;Sainte_Luce;adult;F;tanosi;10;tano;#NV;11,87;38,6;30,04;#NV;3,9;9,47;#NV;#NV;#NV;#NV;143,5;#NV;SHR;NA;NA;78.5;NA;NA;-24.976973000000001;47.096823999999998;23;42990;NA;NA
2749;SHR_37;Sainte_Luce;adult;F;tanosi;10;tano;#NV;10;36;23;#NV;4;13,5;#NV;#NV;#NV;#NV;133;63,5;SHR;NA;NA;NA;NA;NA;-24.976973000000001;47.096823999999998;18;43394;NA;NA
2755;SHR_7;Sainte_Luce;adult;F;tanosi;10;tano;#NV;11,1;39,4;26,1;#NV;4,3;13,15;#NV;#NV;#NV;#NV;127,2;62;SHR;NA;NA;NA;NA;NA;-24.976973000000001;47.096823999999998;17;42677;NA;NA
2756;SHR_26;Sainte_Luce;adult;M;tanosi;10;tano;#NV;9,21;38,43;25,62;#NV;4,2;14,01;#NV;#NV;#NV;#NV;106,1;63;SHR;enlarged;NA;NA;NA;NA;-24.976973000000001;47.096823999999998;16;43058;NA;NA
2757;SHR_25;Sainte_Luce;adult;F;tanosi;10;tano;#NV;8,81;38,6;21,33;#NV;4,1;11,74;#NV;#NV;#NV;#NV;137,14;72;SHR;NA;NA;NA;NA;NA;-24.976973000000001;47.096823999999998;16;43058;NA;NA
2759;AMBI_J50_2011;Ambilondambo;adult;F;tavaratra;12;tava;20,28;12,08;33,9;20,13;20,74;5,18;7,29;#NV;21,38;#NV;87;164;59;ANR;NA;closed;NA;NA;NA;-13.155668349999999;49.654889259999997;NA;40835;C1;RADSEQ
2760;AMBO_F20_2011;Ambohitsitondroina;adult;F;tavaratra;12;tava;20,66;12,1;33,75;20,35;20,1;5,62;7,49;38,61;20,81;#NV;87;165;45;GMS;NA;NA;NA;NA;NA;-13.124065399999999;49.435248299999998;NA;40755;A;NA
2761;AMBO_F19_2011;Ambohitsitondroina;adult;F;tavaratra;12;tava;20,7;12,71;33,61;19,75;20,04;5,06;7,21;37,34;20,6;#NV;87;162;47,5;GMS;NA;NA;NA;NA;NA;-13.130371999999999;49.437566500000003;NA;40755;1;NA
2763;AMBO_F37_2011;Ambohitsitondroina;adult;F;tavaratra;12;tava;20,6;12,17;33,1;20,35;20,12;5,3;7,19;39,4;20,65;#NV;85;165;47;NA;NA;NA;NA;NA;NA;-13.1246875;49.440813499999997;NA;40757;B;NA
2764;AMBO_F29_2011;Ambohitsitondroina;adult;M;tavaratra;12;tava;20,9;12,76;33,81;20,41;20,15;5,13;7,53;40,52;21,05;#NV;88;170;49;GMS;NA;NA;NA;NA;NA;-13.122154500000001;49.435691300000002;NA;40756;1;NA
2765;AMBO_F69.2_2011;Ambohitsitondroina;adult;F;tavaratra;12;tava;20,13;12,63;32,42;19,49;20,58;4,81;7,81;39,21;21,13;#NV;85;169;50;MB;NA;NA;NA;NA;NA;-13.1264664;49.473530699999998;NA;40760;A3;NA
2766;AMBO_F30_2011;Ambohitsitondroina;adult;F;tavaratra;12;tava;20,65;12,5;33,61;20,18;20,07;5,07;7,19;38,36;20,8;#NV;88;163;50;NA;NA;NA;NA;NA;NA;-13.1248819;49.438260900000003;NA;40756;2;RADSEQ
2767;AMBO_F68.2_2011;Ambohitsitondroina;adult;F;tavaratra;12;tava;20,71;12,2;33,31;20,31;21,29;5,5;7,62;39,9;21,66;#NV;89;162;50;ANR;NA;NA;NA;NA;NA;-13.123616;49.436996200000003;NA;40760;A1;NA
2768;AMBO_F69_2011;Ambohitsitondroina;adult;F;tavaratra;12;tava;21,53;12,91;32,42;19,9;23,22;4,6;6,82;40,34;22,11;#NV;85;169;50;MB;NA;NA;NA;NA;NA;-13.1264664;49.473530699999998;NA;40760;A3;NA
2769;AMBO_G21_2011;Ambohitsitondroina;adult;M;tavaratra;12;tava;#NV;14,36;34,88;20,4;21,17;6,42;8,34;37,41;22,65;#NV;80;145;50;JS;NA;NA;NA;NA;NA;-13.128297999999999;49.475169100000002;NA;40763;B1;NA
2770;AMBO_G03_2011;Ambohitsitondroina;adult;M;tavaratra;12;tava;20,74;12,42;33,5;20,95;20,55;5,53;7,39;39,01;20,38;#NV;83;170;52;ANR;NA;NA;NA;NA;NA;-13.1318634;49.466103199999999;NA;40761;A2;NA
2771;AMBO_G03.2_2011;Ambohitsitondroina;adult;M;tavaratra;12;tava;21,2;11,67;33,26;20,51;21,7;5,52;7,6;40,3;21,27;#NV;83;167;52;MB;NA;NA;NA;NA;NA;-13.1318634;49.466103199999999;NA;40761;A2;NA
2772;AMBO_G04_2011;Ambohitsitondroina;adult;F;tavaratra;12;tava;20,3;11,9;34,13;20,76;21,48;5,12;8,27;40,13;21,99;#NV;82;162;53;MB;NA;NA;NA;NA;NA;-13.130855800000001;49.476274799999999;NA;40761;B2;NA
2773;AMBO_G04.2_2011;Ambohitsitondroina;adult;F;tavaratra;12;tava;20,75;12,54;33,65;20,36;21,91;5,15;7,05;39,97;21,04;#NV;82;162;53;ANR;NA;NA;NA;NA;NA;-13.130855800000001;49.476274799999999;NA;40761;B2;NA
2774;AMBO_F36_2011;Ambohitsitondroina;adult;M;tavaratra;12;tava;20,95;12,16;33,48;20,4;20,46;5,51;7,31;40,1;20,86;#NV;88;171;55;GMS;NA;NA;NA;NA;NA;-13.125106499999999;49.438959099999998;NA;40757;2;NA
2775;AMBO_F66_2011;Ambohitsitondroina;adult;F;tavaratra;12;tava;21,06;12,63;34,06;20,26;20,15;5,1;8,44;39,57;21,72;#NV;91;162;57;GMS;NA;NA;NA;NA;NA;-13.1214704;49.470354399999998;NA;40760;3;NA
2776;AMBO_F65_2011;Ambohitsitondroina;adult;F;tavaratra;12;tava;20,71;12,91;33,54;20,44;20,03;5,71;8,13;39,75;20,82;#NV;95;163;59;GMS;NA;NA;NA;NA;NA;-13.1272824;49.475107399999999;NA;40760;B1;NA
2777;AMBO_F70_2011;Ambohitsitondroina;adult;F;tavaratra;12;tava;20,5;12,79;34,36;20,6;20,8;5,23;7,3;40,5;21,2;#NV;93;172;62;GMS;NA;NA;NA;NA;NA;-13.126761399999999;49.469102499999998;NA;40760;A3;NA
2778;AMBO_F67_2011;Ambohitsitondroina;adult;F;tavaratra;12;tava;20,59;12,73;34,96;20,03;20,25;5,87;7,73;40,88;21,85;#NV;95;170;63;GMS;NA;NA;NA;NA;NA;-13.128746899999999;49.4713736;NA;40760;B4;NA
2779;AMBO_G13_2011;Ambohitsitondroina;adult;F;tavaratra;12;tava;21,89;11,52;33,7;20,02;21,83;5,58;7,88;40,86;21,58;#NV;96;159;63;MB;NA;NA;NA;NA;NA;-13.1266418;49.4689476;NA;40762;A4;NA
2780;AMBO_F50_2011;Ambohitsitondroina;adult;F;tavaratra;12;tava;20,41;12,14;33,55;20,31;20,16;5,43;7,3;38,95;20,38;#NV;90;155;65,5;NA;NA;NA;NA;NA;NA;-13.1265024;49.431400199999999;NA;40758;A23;NA
2781;C30_2013;Ampanetibe_Madirobe;adult;M;tavaratra;12;tava;19,92;12,33;32,66;19,38;19,63;6,66;6,79;#NV;20,38;#NV;82;154;53;ANR;enlarged;NA;NA;NA;NA;-12.64688314;49.396289099999997;NA;41581;CD3;NA
2782;C32_2013;Ampanetibe_Madirobe;adult;F;tavaratra;12;tava;21,53;12,55;33,07;19,4;20,77;6,04;6,66;39,49;20,2;#NV;90;149;53;ANR;NA;closed;NA;NA;NA;-12.63372732;49.399578579999996;NA;41580;AB1;NA
2783;C31_2013;Ampanetibe_Madirobe;adult;M;tavaratra;12;tava;18,21;12,2;33,35;19,7;20,41;6,51;6,98;41,35;20,37;#NV;85;159;59;ANR;enlarged;NA;NA;NA;NA;-12.6341579;49.405551780000003;NA;41581;AC3;RADSEQ
2784;C29_2013;Ampanetibe_Madirobe;adult;M;tavaratra;12;tava;20,67;12,41;33,05;19,22;19,9;6,48;6,71;38,6;20,97;#NV;85;162;64;ANR;enlarged;NA;NA;NA;NA;-12.647062010000001;49.396537629999997;NA;41581;A12;RADSEQ
2785;ANALM_P10_2012;Ampasimaty;adult;M;tavaratra;12;tava;23,39;12,15;#NV;20,13;22,66;7,1;7,2;40,69;20,13;#NV;73;150;45;I;regressed;NA;NA;NA;NA;-12.77204691;49.461142150000001;NA;41139;C3;RADSEQ
2798;03-03;Analabe;adult;M;tavaratra;12;tava;19,7;12,5;34;20,4;21;5,7;6,3;#NV;23,2;9,3;75;150;42;GO;NA;NA;NA;no_age_initially_given_in_raw_data;NA;-12.799676;49.514270000000003;NA;37818;NA;no
2799;04-03;Analabe;adult;F;tavaratra;12;tava;20;13,4;33,8;20,7;20,8;5,5;6,8;40,2;21,6;8,1;70;160;44;GO;NA;closed;NA;no_age_initially_given_in_raw_data;NA;-12.799676;49.514270000000003;NA;37818;NA;no
2800;12-03;Analabe;adult;F;tavaratra;12;tava;21,3;14,5;33,7;22,2;21,2;5,5;6,5;38,6;21;9,2;75;150;44;GO;NA;closed;NA;no_age_initially_given_in_raw_data;NA;-12.799676;49.514270000000003;NA;37827;NA;no
2801;10-03;Analabe;adult;F;tavaratra;12;tava;20;12,1;34,1;20,5;21,5;5,6;7,2;39,3;22;7,8;80;155;48;GO;NA;closed;NA;no_age_initially_given_in_raw_data;NA;-12.799676;49.514270000000003;NA;37824;NA;no
2802;05-03;Analabe;adult;F;tavaratra;12;tava;20,3;12,2;36;21;22,2;5,2;8,2;#NV;#NV;9,1;80;161;50;GO;NA;closed;NA;no_age_initially_given_in_raw_data;NA;-12.799676;49.514270000000003;NA;37819;NA;no
2803;02-03;Analabe;adult;M;tavaratra;12;tava;21;13,9;35,4;21,3;22,4;6,5;8,2;39;22,5;10,2;85;170;52;GO;NA;NA;NA;no_age_initially_given_in_raw_data;NA;-12.799676;49.514270000000003;NA;37818;NA;no
2804;13-03;Analabe;adult;F;tavaratra;12;tava;#NV;13,1;34,4;21;21,2;5,4;8,3;40;22,1;10,8;85;165;54;GO;NA;NA;NA;no_age_initially_given_in_raw_data;NA;-12.799676;49.514270000000003;NA;37827;NA;no
2805;01-03;Analabe;adult;F;tavaratra;12;tava;21,3;12;#NV;22,9;22,2;6,2;8,2;41,3;24,2;10,3;85;165;56;GO;NA;closed;NA;no_age_initially_given_in_raw_data;NA;-12.799676;49.514270000000003;NA;37816;NA;no
2806;08-03;Analabe;adult;F;tavaratra;12;tava;20,8;15,3;#NV;#NV;23,2;6;7,6;42;21,6;9,6;85;165;58;GO;NA;closed;NA;no_age_initially_given_in_raw_data;NA;-12.799676;49.514270000000003;NA;37821;NA;no
2807;07-03;Analabe;adult;F;tavaratra;12;tava;22,4;13,2;36;22;21,7;6,3;8,2;39,4;24,4;11;85;155;60;GO;NA;closed;NA;no_age_initially_given_in_raw_data;NA;-12.799676;49.514270000000003;NA;37821;NA;no
2808;11-03;Analabe;adult;F;tavaratra;12;tava;22,6;12,4;35,7;21,3;21,8;6,2;6,8;39,5;23;10;85;160;60;GO;NA;closed;NA;no_age_initially_given_in_raw_data;NA;-12.799676;49.514270000000003;NA;37827;NA;no
2809;15-03;Analabe;adult;M;tavaratra;12;tava;20,6;14,8;35,4;22,1;22;6,4;7,6;39;22;9,6;75;155;50;GO;NA;NA;NA;no_age_initially_given_in_raw_data;NA;-12.799676;49.514270000000003;NA;37842;NA;no
2810;16-03;Analabe;adult;M;tavaratra;12;tava;21,7;13,4;33,5;22;22,8;4,2;7;40,3;21,8;9,7;72;160;52;GO;NA;NA;NA;no_age_initially_given_in_raw_data;NA;-12.799676;49.514270000000003;NA;37842;NA;no
2811;14-03;Analabe;adult;F;tavaratra;12;tava;21,3;13,6;36;22;22,4;4,7;8;39,6;24;10;90;170;58;GO;NA;closed;NA;no_age_initially_given_in_raw_data;NA;-12.799676;49.514270000000003;NA;37842;NA;no
2812;ANALF_B18_2013;Analafiana;adult;M;tavaratra;12;tava;17,5;13,18;32,81;#NV;#NV;6,54;7,19;40,58;22,26;#NV;76;172;49;DSAO;enlarged;NA;NA;NA;NA;-13.456934070000001;49.835491189999999;NA;41515;AB1;RADSEQ
2813;ANALF_B08_2013;Analafiana;adult;M;tavaratra;12;tava;22,3;14,01;34,21;19,17;#NV;6,66;7,99;40,1;23,13;#NV;86;162;50;DSAO;enlarged;NA;NA;NA;NA;-13.4637685;49.83372009;NA;41514;A12;RADSEQ
2814;ANALF_B22_2013;Analafiana;adult;F;tavaratra;12;tava;18,14;12,87;35,75;20,99;#NV;6,77;6,93;40,63;21,95;#NV;94;168;58,5;DSAO;NA;closed;NA;NA;NA;-13.45902787;49.825944120000003;NA;41516;A12;RADSEQ
2815;ANALF_B02_2013;Analafiana;adult;F;tavaratra;12;tava;21,53;13,92;35,8;20,73;21,49;7,73;8,84;40,6;25,8;#NV;89;162;60;JS;NA;closed;NA;gros idv;NA;-13.45215529;49.828101869999998;NA;41512;AB1;RADSEQ
2816;ANALF_B28_2013;Analafiana;adult;M;tavaratra;12;tava;#NV;#NV;34,75;20,56;20,97;8,46;#NV;40,5;25,57;#NV;96;166;56;JS;enlarged;NA;NA;NA;NA;-13.44988556;49.830137839999999;NA;41518;A13;RADSEQ
2817;ANALM_P43_2012;Analahefina;adult;F;tavaratra;12;tava;23;15,3;33,77;20,4;22,59;6,13;6,72;36,96;20,33;#NV;86;155;57;I;NA;closed;NA;NA;NA;-12.74461077;49.39423352;NA;41148;B2;RADSEQ
2822;ANALM_C20_2012;Analamerana;adult;F;tavaratra;12;tava;#NV;#NV;35,52;22;#NV;#NV;#NV;40,37;21,61;#NV;75;144;39;CKR;NA;closed;NA;NA;NA;-12.792091900000001;49.36465312;NA;41103;C2;NA
2823;ANALM_A60_2012;Analamerana;adult;M;tavaratra;12;tava;#NV;#NV;33,65;21,16;#NV;#NV;5,75;38,15;#NV;#NV;78;162;40;CKR;regressed;NA;NA;NA;NA;-12.79289363;49.393940829999998;NA;41095;C3;RADSEQ
2824;ANALM_A64_2012;Analamerana;adult;F;tavaratra;12;tava;#NV;#NV;35,26;20,66;#NV;#NV;5;41,85;21,47;#NV;75;150;40;CKR;NA;closed;NA;NA;NA;-12.793338370000001;49.402244189999998;NA;41097;C1;NA
2825;ANALM_A63_2012;Analamerana;adult;F;tavaratra;12;tava;#NV;#NV;34,96;#NV;#NV;#NV;6,41;38,63;20,9;#NV;80;155;43;CKR;NA;closed;NA;NA;NA;-12.796657359999999;49.397566339999997;NA;41097;B3;NA
2826;ANALM_A58_2012;Analamerana;adult;F;tavaratra;12;tava;#NV;#NV;35;#NV;20,58;#NV;6,04;41,17;21,72;#NV;86;148;45;CKR;NA;closed;NA;NA;NA;-12.8025666;49.393200790000002;NA;41095;C3;NA
2827;ANALM_A66_2012;Analamerana;adult;F;tavaratra;12;tava;#NV;#NV;36,29;20,1;#NV;#NV;#NV;40,86;21,9;#NV;88;171;46;CKR;NA;closed;NA;NA;NA;-12.803905520000001;49.392548679999997;NA;41097;C4;NA
2828;ANALM_C10_2012;Analamerana;adult;F;tavaratra;12;tava;#NV;#NV;34,58;20,57;#NV;#NV;5,02;#NV;20,25;#NV;78;160;50;CKR;NA;closed;NA;NA;NA;-12.804502980000001;49.37296679;NA;41101;A1;NA
2829;ANALM_C11_2012;Analamerana;adult;F;tavaratra;12;tava;#NV;#NV;#NV;22;#NV;#NV;6,1;40,17;22,97;#NV;74;172;51,5;CKR;NA;closed;NA;NA;NA;-12.799164299999999;49.365870170000001;NA;41101;A2;NA
2830;ANALM_C19_2012;Analamerana;adult;F;tavaratra;12;tava;#NV;#NV;32,52;20,5;20,22;#NV;6,11;40,23;20,58;#NV;80;163;54;CKR;NA;closed;NA;NA;NA;-12.795041830000001;49.374299180000001;NA;41103;C3;NA
2833;ANALM_C03_2012;Analamerana;adult;F;tavaratra;12;tava;#NV;#NV;36,42;20,5;20,44;#NV;#NV;40,85;21,46;#NV;80;157;40;CKR;NA;closed;NA;NA;NA;-12.79533142;49.400924379999999;NA;41159;B1;NA
2834;C13_2013;Analamerana;adult;M;tavaratra;12;tava;20,4;13,9;32,81;19,88;20,48;6,38;7,6;#NV;#NV;#NV;70;147;41;ANR;enlarged;NA;NA;NA;NA;-12.6927319;49.526342630000002;NA;41535;A13;RADSEQ
2835;C14_2013;Analamerana;adult;M;tavaratra;12;tava;21,01;#NV;34,06;20,54;21,42;6,67;7,65;37,52;#NV;#NV;85;155;50;ANR;enlarged;NA;NA;NA;NA;-12.68840893;49.521381720000001;NA;41535;B12;NA
2836;C15_2013;Analamerana;adult;F;tavaratra;12;tava;20,27;14,16;34,32;20,38;21,6;6,3;7,49;40,4;20,2;#NV;90;163;60;ANR;NA;closed;NA;NA;NA;-12.68914;49.51587112;NA;41535;A14;NA
2838;ANDF_D24_2012;Andavakoera_1;adult;F;tavaratra;12;tava;19,55;11,58;33,01;21,32;22,04;6,95;5,14;40,32;21,21;#NV;77;147;46;ZR;NA;closed;NA;NA;NA;-13.11378167;49.190919999999998;NA;41099;A2;NA
2839;ANDF_D20_2012;Andavakoera_1;adult;F;tavaratra;12;tava;19,52;13,53;34,5;20,45;24,94;7,4;6,96;42,82;24,48;#NV;80;164;54;ZR;NA;closed;NA;NA;NA;-13.12413667;49.221123329999998;NA;41099;B4;NA
2840;ANDF_D05_2012;Andavakoera_1;adult;F;tavaratra;12;tava;17,92;14,23;33,5;21,5;23,8;6,93;#NV;40,02;22,24;#NV;93;150;55;I;NA;closed;NA;NA;NA;-13.11683833;49.189746669999998;NA;41095;B3;RADSEQ
2841;ANDF_D02_2012;Andavakoera_1;adult;F;tavaratra;12;tava;18,5;#NV;33,74;23,44;24,15;7,72;5,85;41,32;24,85;#NV;100;175;55;I;NA;closed;NA;NA;NA;-13.124788329999999;49.218903330000003;NA;41095;C3;NA
2843;ANDF_D67_2012;Andavakoera_2;adult;F;tavaratra;12;tava;17,64;12,22;35,97;22,23;22,23;7,63;6,63;40,56;23,75;#NV;78;154;54;ZR;NA;closed;NA;NA;NA;-13.12106167;49.236391670000003;NA;41106;AC2;NA
2844;ANDF_D31_2012;Andavakoera_2;adult;M;tavaratra;12;tava;19,86;14,97;34,89;22,47;22,96;6,95;5,2;41,45;23,3;#NV;92;146;57;ZR;regressed;NA;NA;NA;NA;-13.11622167;49.230306669999997;NA;41102;B3;NA
2845;ANDF_D66_2012;Andavakoera_2;adult;F;tavaratra;12;tava;18,38;13,24;33,07;21,26;22,27;6,15;6,52;42,08;22,08;#NV;91;151;60;ZR;NA;closed;NA;NA;NA;-13.12118167;49.236223330000001;NA;41106;AD3;NA
2846;ANDF_D29_2012;Andavakoera_2;adult;F;tavaratra;12;tava;17,39;12,36;36,67;20,12;23,44;7,96;5,51;43,47;22,19;#NV;92;157;61;ZR;NA;closed;NA;NA;NA;-13.11395667;49.238448329999997;NA;41102;D3;NA
2847;ANDF_D30_2012;Andavakoera_2;adult;F;tavaratra;12;tava;17,62;12,96;34,22;#NV;23,63;7,84;6,78;43,71;24,48;#NV;89;158;64;ZR;NA;closed;NA;NA;NA;-13.119065000000001;49.232268329999997;NA;41102;A1;NA
2848;ANDF_D65_2012;Andavakoera_2;adult;F;tavaratra;12;tava;20,18;13,92;33,42;20,28;23,7;6,21;#NV;37,92;20,67;#NV;90;154;#NV;I;NA;closed;67;NA;NA;-13.120710000000001;49.237299999999998;NA;41106;AD2;NA
2849;ANALM_C56_2012;Andrafiambany;adult;F;tavaratra;12;tava;23;12,08;37,92;22,32;21,93;#NV;#NV;43,76;21,36;#NV;86;170;54;CKR;NA;closed;NA;NA;NA;-12.83313313;49.3708849;NA;41120;B3;RADSEQ
2858;C23_2013;Andranomadiro;adult;F;tavaratra;12;tava;19;12,35;32,95;19,2;19,62;5,44;6,54;#NV;#NV;#NV;85;149;50;ANR;NA;closed;NA;NA;NA;-12.62979378;49.4171665;NA;41573;C12;RADSEQ
2859;C24_2013;Andranomadiro;adult;F;tavaratra;12;tava;21,01;12,57;35,72;19,43;20,19;6,13;7,08;37,39;20,05;#NV;90;160;56;ANR;NA;closed;NA;NA;NA;-12.628234750000001;49.416505000000001;NA;41573;B13;RADSEQ
2861;ANKA_K46_2011;Ankaramy;adult;M;tavaratra;12;tava;18,73;12,23;36,07;20,97;23,06;7,05;6,37;44,1;24,96;#NV;93;157;40;JS;enlarged;NA;NA;NA;NA;-13.2725963;49.654643800000002;NA;40836;A1;RADSEQ
2873;10-03;Ankarana;adult;F;tavaratra;12;tava;22;14;36,4;20,5;19;6,1;7,7;40,1;23,8;9,3;90;164;65;GO;NA;closed;NA;no_age_initially_given_in_raw_data;NA;-12.95223833;49.04050333;NA;37786;NA;no
2874;ANKA_F45_2012;Ankarana;adult;F;tavaratra;12;tava;21,86;14,3;33,31;22,5;22,5;6,29;6,06;43,52;23,8;#NV;76;152;53;ZR;NA;closed;NA;NA;NA;-12.964119999999999;49.126908329999999;NA;41121;D3;NA
2875;ANKA_F42_2012;Ankarana;adult;F;tavaratra;12;tava;21,97;13,19;36,47;21;23,74;7,14;7,18;45,83;23;#NV;90;170;#NV;ZR;NA;closed;68;NA;NA;-12.963848329999999;49.127749999999999;NA;41121;C4;RADSEQ
2876;ANKA_F75_2012;Ankarana;adult;M;tavaratra;12;tava;21,62;13,91;33,21;20,46;20,43;6,3;7,28;36,84;21,51;#NV;81;154;40;ANR;regressed;NA;NA;NA;NA;-12.943355;49.054639999999999;NA;41138;B2;RADSEQ
2877;ANKA_F137_2012;Ankarana;adult;M;tavaratra;12;tava;21,34;13,86;32,7;20,29;21,32;6,59;6,63;38,56;21,1;#NV;83;170;48;ANR;enlarged;NA;NA;NA;NA;-12.98681667;49.031308330000002;NA;41147;C4;RADSEQ
2878;ANKA_F133_2012;Ankarana;adult;F;tavaratra;12;tava;21,39;13,08;33,47;20,67;21,95;6,22;6,18;40,01;21,7;#NV;90;175;52;ANR;NA;closed;NA;NA;NA;-12.98395833;49.02774333;NA;41147;B4;NA
2879;C3_2013;Ankarana;adult;M;tavaratra;12;tava;23,17;13,34;34,48;20,07;19,54;6,56;8,23;38,18;21,15;#NV;82;163;53;ANR;enlarged;NA;NA;NA;NA;-12.830444999999999;49.178993329999997;NA;41510;A12;NA
2880;C4_2013;Ankarana;adult;F;tavaratra;12;tava;19,75;12,21;34,45;19,55;21,16;6,54;8,55;38,82;23,38;#NV;75;162;55;ANR;NA;closed;NA;NA;NA;-12.832763330000001;49.191834999999998;NA;41510;B13;RADSEQ
2881;ANKA_F132_2012;Ankarana;adult;M;tavaratra;12;tava;21,89;13,36;34,14;21,16;21,9;6,78;6,22;40,13;21,72;#NV;85;166;55;ANR;enlarged;NA;NA;NA;NA;-12.98380833;49.027569999999997;NA;41147;A4;NA
2882;ANKA_F139_2012;Ankarana;adult;M;tavaratra;12;tava;21,38;13,13;33,8;20,74;21,22;6,55;6,65;39,94;21,54;#NV;84;156;56;ANR;enlarged;NA;NA;NA;NA;-12.988073330000001;49.03257;NA;41147;D4;NA
2883;ANKA_F99_2012;Ankarana;adult;F;tavaratra;12;tava;19,58;15,59;#NV;22,57;23,57;7,36;6,36;42,52;23,57;#NV;99;145;59;ZR;NA;closed;NA;NA;NA;-12.959841669999999;49.037311670000001;NA;41141;D3;NA
2884;ANKA_F120_2012;Ankarana;adult;F;tavaratra;12;tava;21,66;14,7;34,48;22,02;22,62;6,65;6,43;39,49;21,42;#NV;88;175;63;ANR;NA;closed;NA;NA;NA;-12.975250000000001;49.035611670000002;NA;41146;D2;NA
2885;ANKA_F107_2012;Ankarana;adult;F;tavaratra;12;tava;22,54;13,7;35,5;21,96;21,92;6,16;6,4;38,87;22,25;#NV;85;172;64;ANR;NA;closed;NA;NA;NA;-12.95223833;49.04050333;NA;41143;C1;NA
2886;ANKA_F58_2012;Ankarana;adult;F;tavaratra;12;tava;#NV;#NV;33,97;21,72;#NV;6,43;6,04;40,22;22,24;#NV;82;160;#NV;DSAO;NA;closed;NA;NA;NA;-12.90341667;49.112191670000001;NA;41123;B2;RADSEQ
2887;ANKA_F146_2012;Ankarana;adult;M;tavaratra;12;tava;21,9;13,79;34,66;20,71;21,76;6,12;6,61;38,39;22,65;#NV;85;175;55;ANR;enlarged;NA;NA;NA;NA;-12.860998329999999;49.119500000000002;NA;41159;C3;NA
2888;ANKA_H50_2012;Ankarana;adult;F;tavaratra;12;tava;21,65;13,49;35,36;21,47;21,52;6,2;6,39;38,66;21,79;#NV;95;164;59;ANR;NA;closed;NA;NA;NA;-12.82758333;49.142355000000002;NA;41168;B2;NA
2889;ANKA_H27_2012;Ankarana;adult;F;tavaratra;12;tava;21,08;13,16;34,36;20,55;21,05;6,88;6,2;38,5;21,45;#NV;90;163;62;ANR;NA;closed;NA;NA;NA;-12.826278329999999;49.14902;NA;41164;C2;NA
2890;ANKA_H23_2012;Ankarana;adult;F;tavaratra;12;tava;22,09;15,22;35,35;21,05;21,62;6,86;6,52;39,16;21,84;#NV;92;163;63;ANR;NA;closed;NA;NA;NA;-12.810586669999999;49.158648329999998;NA;41164;A2;NA
2891;ANKA_H24_2012;Ankarana;adult;M;tavaratra;12;tava;21,15;13,25;34,22;20,9;20,92;6,62;6,46;38,51;22,58;#NV;87;168;66;ANR;enlarged;NA;NA;NA;NA;-12.80995667;49.159336670000002;NA;41164;B1;RADSEQ
2892;ANKA_H26_2012;Ankarana;adult;F;tavaratra;12;tava;21,92;14,45;34,33;22,49;21,63;6,65;6,57;39,32;21,91;#NV;97;163;66;ANR;NA;closed;NA;NA;NA;-12.826898330000001;49.14905667;NA;41164;D3;NA
2893;C39_2013;Ankarana;adult;F;tavaratra;12;tava;19,65;12,72;33,66;20,31;21,4;6,23;6,63;39,9;21,9;#NV;88;161;60;ANR;NA;closed;NA;NA;NA;-12.85884764;49.26919908;NA;41595;A12;RADSEQ
2894;C36_2013;Ankarana;adult;F;tavaratra;12;tava;19,73;12,63;33,11;19,9;20,38;5,05;6,38;38,72;22,3;#NV;90;156;62;ANR;NA;closed;NA;NA;NA;-12.86277029;49.249272779999998;NA;41592;B13;NA
2895;C35_2013;Ankarana;adult;F;tavaratra;12;tava;21,65;15,96;36,55;20,84;21,25;7,01;7,91;44,1;22,49;#NV;85;166;#NV;ANR;NA;closed;70;NA;NA;-12.862153299999999;49.247366489999997;NA;41592;A14;RADSEQ
2896;01-03;Ankavana;adult;M;tavaratra;12;tava;23,2;14,2;36,2;19,9;20,5;7;8;37;21,3;9;85;165;55;GO;enlarged;NA;NA;no_age_initially_given_in_raw_data;NA;-12.839460000000001;49.580064999999998;NA;37826;NA;no
2897;01-03;Ankavana;adult;F;tavaratra;12;tava;22,5;13,6;33,6;20,2;19,8;5,8;8,4;38,3;22,5;8,3;75;145;40;GO;NA;closed;NA;no_age_initially_given_in_raw_data;NA;-12.839460000000001;49.580064999999998;NA;37847;NA;no
2898;03-03;Ankavana;adult;M;tavaratra;12;tava;22,2;13,7;32,2;20,7;20;6,4;7,3;37,8;22,7;8,5;83;158;48;GO;enlarged;NA;NA;no_age_initially_given_in_raw_data;NA;-12.839460000000001;49.580064999999998;NA;37851;NA;no
2899;04-03;Ankavana;adult;F;tavaratra;12;tava;23,5;13,3;35,7;22;20,7;6,2;7,7;40,3;22,8;9,8;92;162;65;GO;NA;closed;NA;no_age_initially_given_in_raw_data;NA;-12.839460000000001;49.580064999999998;NA;37851;NA;no
2900;02-03;Ankavana;adult;F;tavaratra;12;tava;23,2;13;35,2;20,6;21,7;6,7;7,6;38,6;21,5;8,8;88;168;#NV;GO;NA;closed;68;no_age_initially_given_in_raw_data;NA;-12.839460000000001;49.580064999999998;NA;37849;NA;no
2902;ANTSB_H28_2011;Antsahabe;adult;M;tavaratra;12;tava;23,3;15,84;34,82;20,74;20,9;4,64;8,9;42,54;20,87;#NV;81;150;50;AB;enlarged;NA;NA;NA;NA;-13.2048907;49.565548300000003;NA;40797;A1;NA
2903;ANTSB_H55_2011;Antsahabe;adult;F;tavaratra;12;tava;18,97;11,9;35,3;20,1;20,87;5,82;6,54;37,85;22,04;#NV;89;173;53;MB;NA;NA;NA;NA;NA;-13.209876299999999;49.570483699999997;NA;40800;D2;NA
2904;ANTSB_H53_2011;Antsahabe;adult;M;tavaratra;12;tava;21,2;10,4;34,78;22,3;22,38;5,69;7,13;40,68;22,06;#NV;81;159;56;MB;enlarged;NA;NA;NA;NA;-13.2106602;49.565052399999999;NA;40799;B1;RADSEQ
2905;ANTSB_H27_2011;Antsahabe;adult;F;tavaratra;12;tava;20,15;10,76;34,87;20,9;#NV;5,09;7,1;#NV;20,44;#NV;75;#NV;60;MB;NA;NA;NA;NA;NA;-13.2130311;49.5589437;NA;40797;B2;NA
2906;ANTSB_H31_2011;Antsahabe;adult;M;tavaratra;12;tava;22,52;14,44;35,05;#NV;#NV;5,65;#NV;40,51;21,35;#NV;85;155;60;AB;enlarged;NA;NA;NA;NA;-13.21406;49.561380800000002;NA;40797;A2;NA
2907;ANTSB_H29_2011;Antsahabe;adult;M;tavaratra;12;tava;#NV;#NV;35,72;20,3;21,15;6,52;6,65;37,42;21,22;#NV;77;150;61;MB;enlarged;NA;NA;NA;NA;-13.2131019;49.557908599999998;NA;40797;B3;RADSEQ
2908;ANTSB_H17_2011;Antsahabe;adult;F;tavaratra;12;tava;20,2;12,36;34,74;20,6;21,4;5,68;7,44;39,64;21,08;#NV;81;171;62;JS;NA;NA;NA;NA;NA;-13.209911200000001;49.570556699999997;NA;40796;1;NA
2909;ANTSB_H16_2011;Antsahabe;adult;F;tavaratra;12;tava;19,63;14,06;35,93;20,23;23;5,95;7,53;37,63;21,58;#NV;89;166;64;JS;NA;NA;NA;NA;NA;-13.2095886;49.570168199999998;NA;40796;A3;NA
2910;ANTSB_H30_2011;Antsahabe;adult;F;tavaratra;12;tava;20,25;11,62;35,75;20,88;20,28;5,14;6,7;40,6;21,63;#NV;84;153;65;MB;NA;closed;NA;NA;NA;-13.2122113;49.557246599999999;NA;40797;C3;NA
2911;ANTSR_L36_2011;Antsaharaingy;adult;F;tavaratra;12;tava;21,39;12,23;#NV;20,83;21,24;6,62;7,94;38;21,62;#NV;83;161;41;ANR;NA;closed;NA;NA;NA;-12.9091798;49.655380700000002;NA;40858;A2;RADSEQ
2912;ANTSR_L37_2011;Antsaharaingy;adult;F;tavaratra;12;tava;20,1;12,95;34,94;22,7;21,03;6,15;6,8;39,7;22,84;#NV;75;160;46;ERD;NA;closed;NA;NA;NA;-12.906476400000001;49.6553836;NA;40858;B1;NA
2913;ANTSR_L14_2011;Antsaharaingy;adult;F;tavaratra;12;tava;20,08;12,76;32,05;21,92;21,19;7,96;8,91;37,85;20,98;#NV;70;160;50;ERD;NA;closed;NA;NA;NA;-12.9072011;49.655379000000003;NA;40856;A3;NA
2914;ANTSR_L12_2011;Antsaharaingy;adult;M;tavaratra;12;tava;20,61;12,55;32,02;20,31;21,22;6,64;7,5;38,39;21,58;#NV;76;161;57;ANR;enlarged;NA;NA;NA;NA;-12.908996999999999;49.650281800000002;NA;40856;A1;NA
2915;ANTSR_L35_2011;Antsaharaingy;adult;M;tavaratra;12;tava;20,8;13,44;33,54;21,81;22,82;7,66;6,75;38,43;21,9;#NV;85;165;57;ERD;enlarged;NA;NA;NA;NA;-12.907382;49.655383;NA;40858;A2;NA
2916;ANTSR_L15_2011;Antsaharaingy;adult;F;tavaratra;12;tava;20,95;13,94;35,7;21,91;21,72;7,45;8,11;38,23;21,19;#NV;95;163;59;ANR;NA;closed;NA;NA;NA;-12.906755;49.655385000000003;NA;40856;A1;NA
2917;ANTSR_L13_2011;Antsaharaingy;adult;M;tavaratra;12;tava;20,9;12,49;33,86;20,57;21,62;6,22;7,71;39,44;21,71;#NV;86;170;61;ANR;enlarged;NA;NA;NA;NA;-12.914387400000001;49.655380000000001;NA;40856;1;NA
2918;ANTSR_L16_2011;Antsaharaingy;adult;M;tavaratra;12;tava;21,26;12,8;34,04;20,42;21,45;6,3;8,17;39,51;21,63;#NV;95;174;66;ANR;enlarged;NA;NA;NA;NA;-12.909177400000001;49.658168000000003;NA;40856;A;RADSEQ
2921;ANTSK_E52_2011;Antsakay;adult;F;tavaratra;12;tava;22,05;12;32,25;18,57;20,92;6,85;8,05;40,22;21,78;#NV;83;158;42;JS;NA;closed;NA;NA;NA;-13.0936588;49.705759700000002;NA;40743;C1;NA
2922;ANTSK_E50_2011;Antsakay;adult;F;tavaratra;12;tava;22,48;12,15;33,84;20,04;20,55;6,42;7,1;40,13;22,23;#NV;80;163;42;JS;NA;closed;NA;NA;NA;-13.0929032;49.706358199999997;NA;40743;A2;NA
2923;ANTSK_E33_2011;Antsakay;adult;M;tavaratra;12;tava;20,49;13,22;32,8;20,2;22,18;6,15;7,73;40,15;21,03;#NV;72;152;46;JS;regressed;NA;NA;NA;NA;-13.106449100000001;49.698115000000001;NA;40741;B;RADSEQ
2924;ANTSK_E38_2011;Antsakay;adult;F;tavaratra;12;tava;20,15;11,23;33,5;20,05;20,3;5,35;7,21;40,09;23,1;#NV;78;153;46,5;JS;NA;closed;NA;NA;NA;-13.098040299999999;49.705525700000003;NA;40741;A;NA
2925;ANTSK_E60_2011;Antsakay;adult;M;tavaratra;12;tava;21,45;13,13;33,58;20,28;20,2;5,9;7,24;39,43;21,9;#NV;88;154;47,5;JS;NA;NA;NA;NA;NA;-13.1066532;49.695945100000003;NA;40743;A2;RADSEQ
2926;ANTSK_E39_2011;Antsakay;adult;F;tavaratra;12;tava;21,06;13,6;33,08;20,78;22,08;5,72;7,08;40,25;22,42;#NV;80;160;48;JS;NA;closed;NA;NA;NA;-13.088046800000001;49.705906200000001;NA;40741;B;NA
2927;ANTSK_E40_2011;Antsakay;adult;M;tavaratra;12;tava;22,06;13,62;32,23;20,32;22,22;5,66;7,12;40,68;23,85;#NV;81;152;48;JS;regressed;NA;NA;NA;NA;-13.084623799999999;49.704542600000003;NA;40741;C;NA
2928;ANTSK_E43.2_2011;Antsakay;adult;F;tavaratra;12;tava;22,75;13,02;33,07;20,65;20,32;5,95;5,74;41,62;22,48;#NV;78;154;49;JS;NA;closed;NA;NA;NA;-13.0823489;49.703773699999999;NA;40741;D;NA
2929;ANTSK_E43_2011;Antsakay;adult;F;tavaratra;12;tava;22,85;12,24;32,85;20,95;20,51;6,05;5,72;40,57;22,36;#NV;92;156;49;JS;NA;closed;NA;NA;NA;-13.0823489;49.703773699999999;NA;40741;D;RADSEQ
2930;ANTSK_E35_2011;Antsakay;adult;M;tavaratra;12;tava;23;12,68;33,19;21,2;22,09;5,21;6,55;42,65;22,11;#NV;73;164;52;JS;regressed;NA;NA;NA;NA;-13.1079375;49.706462299999998;NA;40741;C;NA
2931;ANTSK_E51_2011;Antsakay;adult;F;tavaratra;12;tava;20,28;11,3;34,17;19,91;21,4;5,38;7,57;42,5;23,75;#NV;85;172;53;JS;NA;closed;NA;NA;NA;-13.093386199999999;49.7060271;NA;40743;B1;NA
2932;ANTSK_E37_2011;Antsakay;adult;M;tavaratra;12;tava;22,09;13,12;34,2;20,05;21;6;8;41,68;23,09;#NV;85;169;54;JS;regressed;NA;NA;NA;NA;-13.097687199999999;49.705434099999998;NA;40741;A1;NA
2933;ANTSK_E30_2011;Antsakay;adult;M;tavaratra;12;tava;23,09;13,65;34,76;22,96;23;5,4;8,95;43,01;24,2;#NV;88;168;54;JS;regressed;NA;NA;NA;NA;-13.0971042;49.700961599999999;NA;40739;2;NA
2934;ANTSK_E34_2011;Antsakay;adult;F;tavaratra;12;tava;20,83;11,79;35,55;21,13;22,78;5,94;7,68;43,01;22,09;#NV;83;147;55;JS;NA;closed;NA;NA;NA;-13.10604;49.705715400000003;NA;40741;A1;NA
2935;ANTSK_E54_2011;Antsakay;adult;M;tavaratra;12;tava;24,17;13,34;33,33;20,16;22,2;6,95;7,28;42,62;22,7;#NV;88;173;55;JS;regressed;NA;NA;NA;NA;-13.089523099999999;49.706257999999998;NA;40743;C1;NA
2936;ANTSK_E59_2011;Antsakay;adult;F;tavaratra;12;tava;21,55;13,68;#NV;20,2;21,45;5,25;6,2;42,55;23,75;#NV;98;168;62;JS;NA;closed;NA;NA;NA;-13.0814655;49.703443499999999;NA;40743;D2;NA
2945;BEK_A27_2010;Bekaraoka;adult;F;tavaratra;12;tava;21;12,3;35;21;21,6;6,8;7,4;38,5;23,4;#NV;80;149;48;JS;NA;closed;NA;NA;NA;-13.1616394;49.708589600000003;245.50048799999999;40397;B2;NA
2946;BEK_A26_2010;Bekaraoka;adult;M;tavaratra;12;tava;22;13,3;34,4;20;21,7;7,2;7,1;40,3;24,5;#NV;84;168;48;JS;enlarged;NA;NA;NA;NA;-13.166900800000001;49.703241200000001;105.14904799999999;40397;B2;RADSEQ
2947;BEK_A24_2010;Bekaraoka;adult;F;tavaratra;12;tava;20,5;12,1;32,3;21;21,3;6,4;6,1;40,4;24,7;#NV;83;170;57;JS;NA;closed;NA;NA;NA;-13.164582299999999;49.700428299999999;105.389404;40397;A2;NA
2948;BEK_D47.2_2011;Bekaraoka;adult;M;tavaratra;12;tava;20,82;11,12;33,61;20,96;20,14;5,93;6,55;37,2;20,1;#NV;77;153;50;JS;NA;NA;NA;NA;NA;-13.161626200000001;49.7069531;NA;40811;A2;NA
2949;BEK_D11_2011;Bekaraoka;adult;F;tavaratra;12;tava;17,3;10,92;34,19;19,81;20,45;5,29;7,25;36,19;20,73;#NV;71;151;53;MB;NA;NA;NA;NA;NA;-13.172701500000001;49.704922500000002;NA;40809;A4;NA
2950;BEK_D13_2011;Bekaraoka;adult;F;tavaratra;12;tava;20,6;10,22;35,2;18,48;20,15;5,02;8,76;38,45;21,34;#NV;76;157;59;MB;NA;NA;NA;NA;NA;-13.1636138;49.7038935;NA;40809;D2;NA
2952;BEN_G51_2011;Benanofy;adult;M;tavaratra;12;tava;19,84;12,5;33,62;19,99;20,32;5,25;7,17;40,52;22,4;#NV;78;157;45;ANR;regressed;NA;NA;NA;NA;-13.003073799999999;49.585228899999997;NA;40771;A;NA
2953;BEN_G28_2011;Benanofy;adult;F;tavaratra;12;tava;20,8;11,35;32,36;19,25;20,5;5,26;7,5;40,36;21,23;#NV;89;154;46;ANR;NA;closed;NA;NA;NA;-13.020235;49.568544899999999;NA;40769;B;NA
2954;BEN_G64_2011;Benanofy;adult;F;tavaratra;12;tava;20,57;12,15;33,98;19,06;20,32;5,29;7,41;37,85;20,8;#NV;80;164;47,5;ANR;NA;closed;NA;NA;NA;-13.0133539;49.572212100000002;NA;40773;3;NA
2955;BEN_G25_2011;Benanofy;adult;M;tavaratra;12;tava;20,94;12,4;33,71;20,31;20,6;5,14;7,33;40,54;21,09;#NV;#NV;162;47,5;MB;regressed;NA;NA;NA;NA;-13.0183658;49.572152799999998;NA;40769;1;NA
2956;BEN_I04_2011;Benanofy;adult;F;tavaratra;12;tava;20,54;12,11;33,54;20,04;20,5;5,54;7,47;40,05;22,84;#NV;80;153;48;ANR;NA;closed;NA;NA;NA;-13.016916699999999;49.566770599999998;NA;40775;4;NA
2957;BEN_G63_2011;Benanofy;adult;F;tavaratra;12;tava;20,49;12,82;33,79;19,81;20,36;5,26;8,1;41,11;21,34;#NV;87;167;50;ANR;NA;closed;NA;NA;NA;-13.0145313;49.564937899999997;NA;40773;2;NA
2958;BEN_G46_2011;Benanofy;adult;M;tavaratra;12;tava;20,72;12,5;34,34;20,18;20,93;5,63;7,7;38,32;21,03;#NV;92;174;50;MB;enlarged;NA;NA;NA;NA;-13.017974799999999;49.574892499999997;NA;40771;2;NA
2959;BEN_I12_2011;Benanofy;adult;F;tavaratra;12;tava;20,07;12,61;33,5;20,13;20,63;5,22;7,38;38,08;21,23;#NV;86;152;52;ANR;NA;closed;NA;NA;NA;-13.0203893;49.567520500000001;NA;40775;A2;NA
2960;BEN_G52_2011;Benanofy;adult;F;tavaratra;12;tava;20,5;12,56;35,14;20,09;20,4;5,21;8,48;40,01;22,28;#NV;87;170;52;ANR;NA;closed;NA;NA;NA;-13.0158088;49.572918000000001;NA;40771;A1;NA
2961;BEN_G73_2011;Benanofy;adult;M;tavaratra;12;tava;20,37;12,25;34,78;19,37;20,74;5,56;7,21;39,96;22,82;#NV;86;169;55;MB;regressed;NA;NA;NA;NA;-13.015523999999999;49.572680800000001;NA;40774;3;NA
2962;BEN_G80_2011;Benanofy;adult;F;tavaratra;12;tava;20,89;13,56;35,95;20,01;20,36;5,25;7,5;40,39;22,7;#NV;81;165;55;MB;NA;closed;NA;NA;NA;-13.008630200000001;49.579314699999998;NA;40774;1B;NA
2963;BEN_G62_2011;Benanofy;adult;M;tavaratra;12;tava;20,3;12,53;34,86;19,76;20,93;5,32;7,41;40,49;21,19;#NV;87;173;56;ANR;regressed;NA;NA;NA;NA;-13.017977399999999;49.5673314;NA;40773;A1;RADSEQ
2964;BEN_G61_2011;Benanofy;adult;F;tavaratra;12;tava;20,38;12,38;35,61;19,5;20,48;5,31;7,71;40,83;21,62;#NV;94;170;57,5;ANR;NA;closed;NA;NA;NA;-13.0184091;49.567544499999997;NA;40773;A;NA
2965;BEN_G26_2011;Benanofy;adult;F;tavaratra;12;tava;20,5;12,7;32,78;20,44;20,72;5,5;7,18;40,76;21,41;#NV;82;154;61;MB;NA;closed;NA;NA;NA;-13.020281900000001;49.568626899999998;NA;40769;1;NA
2966;BIN_C24_2010;Binara;adult;F;tavaratra;12;tava;22,3;13,5;34,8;20,5;22;7,8;7,6;38,1;24,2;#NV;80;157;45;NA;NA;closed;NA;NA;NA;-13.2562391;49.614632700000001;374.55651899999998;40419;A;NA
2967;BIN_C30_2010;Binara;adult;F;tavaratra;12;tava;21,7;12,4;34,3;20,9;22;7,2;7,7;39,8;22,8;#NV;80;168;46;NA;NA;closed;NA;NA;NA;-13.248590500000001;49.6138926;326.73132299999997;40419;C;NA
2968;BIN_C36_2010;Binara;adult;F;tavaratra;12;tava;22,5;13,6;#NV;21,9;23;7,6;7,2;41;21,9;#NV;80;165;46;NA;NA;closed;NA;NA;NA;-13.240067700000001;49.6308164;220.26611299999999;40420;3;NA
2969;BIN_C39_2010;Binara;adult;M;tavaratra;12;tava;23,9;13,4;32,9;21,8;23,2;7,6;7,1;41,7;21,3;#NV;78;157;47;NA;enlarged;NA;NA;NA;NA;-13.2376217;49.6323851;328.89428700000002;40420;C;NA
2970;BIN_C44_2010;Binara;adult;F;tavaratra;12;tava;23,1;14,8;36,8;22,1;21,8;6,5;6,2;40,1;22;#NV;94;165;50;NA;NA;closed;NA;NA;NA;-13.2490179;49.6067988;568.74145499999997;40420;D4;RADSEQ
2971;BIN_C29_2010;Binara;adult;F;tavaratra;12;tava;24,1;13,7;35,7;21,4;22,2;7,9;8,3;40,3;23,3;#NV;82;164;50;NA;NA;closed;NA;NA;NA;-13.248636599999999;49.613630399999998;329.37487800000002;40419;2;NA
2972;BIN_C33_2010;Binara;adult;F;tavaratra;12;tava;20,2;12,4;33;21,2;21,2;7,2;7,6;42,3;21,3;#NV;85;169;52;NA;NA;closed;NA;NA;NA;-13.248967199999999;49.609397100000002;433.67712399999999;40419;A3;NA
2973;BIN_C35_2010;Binara;adult;M;tavaratra;12;tava;20,3;13;#NV;22,5;22,8;8,5;7,8;43;21;#NV;85;167;53;NA;enlarged;NA;NA;NA;NA;-13.241173099999999;49.630814800000003;190.465576;40420;B;NA
2974;BIN_C45_2010;Binara;adult;F;tavaratra;12;tava;23,8;13,4;35,8;20,7;22,5;7,3;7,6;40,5;23,9;#NV;88;160;55;NA;NA;closed;NA;NA;NA;-13.2489404;49.606953300000001;561.29101600000001;40420;C3;NA
2975;BIN_C48_2010;Binara;adult;F;tavaratra;12;tava;22,8;14,1;34,7;20,8;22,7;7,4;7,8;40,4;23;#NV;83;170;56;NA;NA;closed;NA;NA;NA;-13.258710199999999;49.610477699999997;523.55969200000004;40420;D2;NA
2976;BIN_C43_2010;Binara;adult;F;tavaratra;12;tava;23,8;14;35,1;20,3;22;7,9;7,4;41,6;24,7;#NV;89;162;56;NA;NA;closed;NA;NA;NA;-13.274083600000001;49.6192682;274.82055700000001;40420;B3;RADSEQ
2977;BIN_C34_2010;Binara;adult;F;tavaratra;12;tava;22,1;14,1;35,4;20,4;22,6;6,7;7,3;40,1;23,3;#NV;89;173;57;NA;NA;closed;NA;NA;NA;-13.2491954;49.620099500000002;233.48413099999999;40419;D1;NA
2978;BIN_C42_2010;Binara;adult;F;tavaratra;12;tava;23;13,5;35,4;#NV;21,8;7,1;6,1;44;22,8;#NV;97;163;60;NA;NA;closed;NA;NA;NA;-13.275477;49.618337500000003;298.37255900000002;40420;B2;NA
2979;BIN_C37_2010;Binara;adult;M;tavaratra;12;tava;22,6;13,3;33;23,1;23,7;7,7;6,9;42;21,3;#NV;87;182;61;NA;enlarged;NA;NA;NA;NA;-13.239403899999999;49.631175800000001;222.42907700000001;40420;1;NA
2980;BIN_C27_2010;Binara;adult;F;tavaratra;12;tava;21,8;14,1;35,7;21,9;23,3;8,3;8,5;43,4;24,7;#NV;97;178;63;NA;NA;closed;NA;NA;NA;-13.2406297;49.6316001;206.56750500000001;40419;1;NA
2981;BIN_C41_2010;Binara;adult;F;tavaratra;12;tava;22,7;13,1;35,3;20,7;22,8;7,3;8,1;40,7;23,8;#NV;92;180;63;NA;NA;closed;NA;NA;NA;-13.242489000000001;49.6308486;166.19238300000001;40420;A4;RADSEQ
2982;BIN_C32_2010;Binara;adult;F;tavaratra;12;tava;23,2;14,1;35,4;20,6;23,9;7,7;8,1;40,6;23;#NV;91;168;64;NA;NA;closed;NA;NA;NA;-13.249165100000001;49.616661100000002;289.96118200000001;40419;D1;RADSEQ
2983;BIN_C31_2010;Binara;adult;F;tavaratra;12;tava;22,1;14;#NV;21,6;22,9;8;7,2;42,4;26,2;#NV;95;169;65;NA;NA;closed;NA;NA;NA;-13.2491235;49.616441399999999;278.18505900000002;40419;A2;NA
2984;BIN_C40_2010;Binara;adult;F;tavaratra;12;tava;22,4;13,9;34,6;#NV;22,8;7,7;6,4;41,3;22,6;#NV;95;168;65;NA;NA;closed;NA;NA;NA;-13.2371379;49.632777300000001;351.24475100000001;40420;B1;NA
2985;BIN_C25_2010;Binara;adult;M;tavaratra;12;tava;25,5;14,5;35,1;20,9;22,7;8;8,1;43,7;25,5;#NV;92;172;66;NA;enlarged;NA;NA;NA;NA;-13.2541764;49.619208999999998;301.25659200000001;40419;A;NA
2987;BOB_E07_2011;Bobankora;adult;F;tavaratra;12;tava;21,1;12,85;34,74;20,1;20,48;6,74;8,18;#NV;20,59;#NV;75;145;42;GMS;NA;closed;NA;NA;NA;-13.228053299999999;49.755004300000003;NA;40730;3;NA
2988;BOB_E01_2011;Bobankora;adult;F;tavaratra;12;tava;20,4;13,2;#NV;21,6;21,6;7,7;8,9;40,5;20,8;#NV;72;150;46;GMS;NA;closed;NA;NA;NA;-13.226994599999999;49.752633299999999;NA;40728;1;NA
2989;BOB_E18_2011;Bobankora;adult;F;tavaratra;12;tava;22;12,07;34,62;20,5;21,28;5,1;7,62;40,71;20,38;#NV;78;155;46;GMS;NA;closed;NA;NA;NA;-13.235128700000001;49.762844299999998;NA;40730;B2;NA
2991;BOB_E14_2011;Bobankora;adult;M;tavaratra;12;tava;22,69;13,79;34,76;20,38;22,89;5,38;#NV;38,22;21,75;#NV;70;157;48;GMS;regressed;NA;NA;NA;NA;-13.221028499999999;49.755901000000001;NA;40730;A1;NA
2992;BOB_E13_2011;Bobankora;adult;F;tavaratra;12;tava;23,06;13,08;32,01;22,26;21,06;5,05;8,04;38,04;23;#NV;73;158;48;GMS;NA;closed;NA;NA;NA;-13.2216276;49.756745799999997;NA;40730;D;RADSEQ
2993;BOB_E17_2011;Bobankora;adult;F;tavaratra;12;tava;21,58;13,09;33,22;20,58;20,18;6;#NV;40,04;#NV;#NV;81;156;49;GMS;NA;closed;NA;NA;NA;-13.233637099999999;49.761357799999999;NA;40730;D1;NA
2994;BOB_E25_2011;Bobankora;adult;F;tavaratra;12;tava;22,58;11,58;33,86;21,8;22,46;6,06;8,04;41,84;24,31;#NV;87;160;51;GMS;NA;closed;NA;NA;NA;-13.2256485;49.754791099999998;NA;40732;A3;NA
2995;BOB_E16_2011;Bobankora;adult;F;tavaratra;12;tava;23,89;11,65;34,62;20,8;21,12;6,87;#NV;40;23,75;#NV;83;163;52;GMS;NA;closed;NA;NA;NA;-13.2282215;49.7584491;NA;40730;C1;NA
2996;BOB_E12_2011;Bobankora;adult;F;tavaratra;12;tava;23,81;12,05;36,2;21,86;20,56;5,06;8,28;40,54;24,69;#NV;95;167;55,5;GMS;NA;closed;NA;NA;NA;-13.2261489;49.753715800000002;NA;40730;4;NA
2997;BOB_E02_2011;Bobankora;adult;F;tavaratra;12;tava;20,6;11,7;34,6;20;21,9;6,45;#NV;41,5;25,35;#NV;81;168;56;GMS;NA;closed;NA;NA;NA;-13.2257841;49.754473099999998;NA;40728;A;NA
2998;BOB_E21_2011;Bobankora;adult;F;tavaratra;12;tava;20,53;13,7;34,5;20,35;22,46;5,09;8,63;40,53;22;#NV;90;154;58;GMS;NA;closed;NA;NA;NA;-13.2261723;49.751996599999998;NA;40730;D2;RADSEQ
2999;BOB_E04_2011;Bobankora;adult;F;tavaratra;12;tava;21,65;13,75;34,48;#NV;22,6;6;8,5;41,9;26;#NV;94;150;58;GMS;NA;closed;NA;NA;NA;-13.2324929;49.7597764;NA;40729;B;NA
3000;BOB_E20_2011;Bobankora;adult;M;tavaratra;12;tava;22,55;13,45;32;20,25;22,22;5,6;7,3;40,65;21,09;#NV;82;156;58;GMS;regressed;NA;NA;NA;NA;-13.2266479;49.7527872;NA;40730;C2;NA
3001;BOB_E19_2011;Bobankora;adult;F;tavaratra;12;tava;21,48;12,2;34,08;20,62;21,36;5,07;8,62;40,06;21;#NV;92;156;61;GMS;NA;closed;NA;NA;NA;-13.2374548;49.765906100000002;NA;40730;A2;NA
3002;BOB_E26_2011;Bobankora;adult;F;tavaratra;12;tava;22,11;11,97;35,35;21,59;22,56;4,42;7,69;41,26;21,2;#NV;92;144;64;GMS;NA;closed;NA;NA;NA;-13.2361459;49.763815600000001;NA;40732;B3;NA
3003;BOB_E11_2011;Bobankora;adult;F;tavaratra;12;tava;21,07;12,07;31,71;#NV;22,75;7,12;8;41,04;#NV;#NV;92;152;#NV;GMS;NA;closed;73;NA;NA;-13.2257841;49.754473099999998;NA;40730;C;NA
3004;BOB.E_J07_2011;Bobankora_est;adult;M;tavaratra;12;tava;20,8;#NV;33,13;20,81;20,93;5,2;5,44;40,12;21,56;#NV;76;150;52;NA;NA;NA;NA;NA;NA;-13.2508213;49.770041300000003;NA;40824;A;NA
3005;BOB.E_J08_2011;Bobankora_est;adult;M;tavaratra;12;tava;#NV;#NV;34,85;20,28;20;4,19;#NV;41,31;22,87;#NV;76;155;56;NA;NA;NA;NA;NA;NA;-13.2504738;49.770320499999997;NA;40824;B;NA
3006;ANALM_P56_2012;Menagisy;adult;M;tavaratra;12;tava;22,9;14;35,4;20,5;22,2;5,4;7,1;42,7;23,7;#NV;74;162;45;TI;regressed;NA;NA;NA;NA;-12.756520610000001;49.487167040000003;NA;41161;C4;RADSEQ
3007;ANALM_P50_2012;Menagisy;adult;M;tavaratra;12;tava;20,6;13,7;35;22,3;22,77;6;8;41;21,6;#NV;81;148;47;TI;regressed;NA;NA;NA;NA;-12.7115341;49.491560159999999;NA;41159;34;RADSEQ
3013;D80_2015;Orangea;adult;F;tavaratra;12;tava;21,32;13,78;33,23;18,5;20,28;6,59;7,96;38,52;23,4;#NV;76;147;39;TNR;NA;NA;NA;brown-red head, grey-red back , yellowish belly, grey-brown face, dorsal stripe;NA;-12.277467189999999;49.384668679999997;28;42204;AB4;NA
3014;D77_2015;Orangea;adult;F;tavaratra;12;tava;20,23;13,82;33,3;22,95;20,79;6,47;7,76;38,51;21,11;#NV;88;149;42;ERD;NA;NA;NA;red head, red back , yellowish belly, grey-brown face, dorsal stripe;NA;-12.279454530000001;49.381173259999997;41;42204;AC1;NA
3015;D83_2015;Orangea;adult;M;tavaratra;12;tava;23,22;14,48;34,93;21,89;21,86;7,89;7,56;40,85;21,99;#NV;91;143;42;ERD;NA;NA;NA;grey-brown head, red back , yellowish belly, grey-brown face, dorsal stripe;NA;-12.279217490000001;49.384883340000002;28;42204;AB2;NA
3016;D70_2015;Orangea;adult;F;tavaratra;12;tava;20,1;14,7;34,45;18,94;22,94;7,53;6,45;39,48;23,01;#NV;73;160;47;TNR;NA;NA;NA;grey-brown head, grey-brown back , yellowish belly, grey-silver face, dorsal stripe;NA;-12.27865079;49.388671039999998;28;42204;AC3;NA
3017;D72_2015;Orangea;adult;M;tavaratra;12;tava;17,75;15,79;33,7;18,66;21,52;6,11;6,51;38,34;23,87;#NV;79;157;48;TNR;NA;NA;NA;grey-brown head, grey-brown face, yellowish belly, silver-grey back, dorsal line;NA;-12.26218287;49.385619609999999;28;42204;AC3;RADSEQ
3018;D03_2015;Orangea;adult;M;tavaratra;12;tava;21,62;#NV;33,44;19,81;21,69;6,5;7,18;36,18;21,18;#NV;78;151;49;ANR;NA;NA;NA;brown-red head, brown-red face, yellowish belly, brown-red back, dorsal line;NA;-12.24384176;49.376450230000003;10;42200;B23;RADSEQ
3019;D82_2015;Orangea;adult;M;tavaratra;12;tava;23,5;15,28;33,52;20,3;22,66;6,37;8,06;40,17;22,74;#NV;90;147;49;TNR;enlarged;NA;NA;red head, red back , yellowish belly, grey-brown face, dorsal stripe;well developped testis;-12.279840610000001;49.38520286;28;42204;AD2;NA
3020;D51_2015;Orangea;adult;F;tavaratra;12;tava;21,48;12,1;38,75;21,26;20,69;6,17;7,21;#NV;21,4;#NV;80;162;50;TNR;NA;NA;NA;red head, red back , yellowish belly, red face, dorsal stripe;NA;-12.256454339999999;49.378597169999999;36;42202;A23;NA
3021;D59_2015;Orangea;adult;M;tavaratra;12;tava;23,95;13,55;32,96;18,24;21,1;6,83;8,28;40,12;20,81;#NV;83;155;52;BLP;NA;NA;NA;brown-red head, brown-red back , yellowish belly, grey face, dorsal stripe;NA;-12.258221750000001;49.376825740000001;36;42203;AB1;NA
3022;D73_2015;Orangea;adult;M;tavaratra;12;tava;20;14,35;36,29;22,29;22,08;6,39;7,59;39,01;23,74;#NV;85;157;55;ANR;NA;NA;NA;grey-brown head, grey-brown back , yellowish belly, grey-brown face, dorsal stripe;NA;-12.25373274;49.381751280000003;36;42204;AC4;NA
3023;D02_2015;Orangea;adult;F;tavaratra;12;tava;19,69;14,31;34,18;22,07;21,19;6,41;8,4;37,04;22,32;#NV;95;153;56;ANR;NA;NA;NA;brown-red head, brown-red back , white belly, brown-red face, dorsal stripe;NA;-12.242033360000001;49.375656960000001;10;42200;B23;NA
3024;D79_2015;Orangea;adult;F;tavaratra;12;tava;22;13,87;34,34;21,88;21,71;7,52;7,76;38,39;20,19;#NV;92;145;56;ERD;NA;NA;NA;grey-brown head, grey-brown back , yellowish belly, grey-silver face, dorsal stripe;NA;-12.278322559999999;49.384559379999999;28;42204;AD4;NA
3025;D76_2015;Orangea;adult;M;tavaratra;12;tava;23,99;13,66;34,12;21,85;20,59;6,11;8,8;41,22;20,11;#NV;82;150;56;BLP;NA;NA;NA;grey-brown head, grey-brown back , yellowish belly, grey-silver face, dorsal stripe;NA;-12.276724550000001;49.385057099999997;28;42204;A34;NA
3026;D81_2015;Orangea;adult;M;tavaratra;12;tava;24,21;14,16;34,11;21,86;21,29;7,61;6,94;41,19;21,04;#NV;94;169;56;ERD;enlarged;NA;NA;grey-brown head, grey-brown back , yellowish belly, grey-silver face, dorsal stripe;well developped testis;-12.278854559999999;49.384741269999999;28;42204;AC2;NA
3027;D50_2015;Orangea;adult;M;tavaratra;12;tava;24,27;15,33;37,37;20,47;20,78;7,34;7,44;41,74;21,15;#NV;80;149;56;BLP;NA;NA;NA;brown-red head, brown-red face, yellowish belly, silver-brown back, dorsal line;NA;-12.25664134;49.375215740000002;36;42202;A25;RADSEQ
3028;D90_2015;Orangea;adult;M;tavaratra;12;tava;20,76;13,65;32,22;21,1;20,02;6,9;6,44;37,9;21,31;#NV;75;153;57;ANR;NA;NA;NA;grey-brown head, grey-brown back , yellowish belly, grey-silver face, dorsal stripe;NA;-12.23907539;49.366256069999999;36;42204;BC3;NA
3029;D60_2015;Orangea;adult;F;tavaratra;12;tava;21,79;15,7;35,8;20,42;20,4;6,06;9,67;40,81;20,72;#NV;79;165;58;BLP;NA;NA;NA;brown-red head, brown-red back , yellowish belly, brown-silver face, dorsal stripe;NA;-12.241197680000001;49.374756580000003;18;42203;AB1;NA
3030;D62_2015;Orangea;adult;F;tavaratra;12;tava;22,99;15,44;34,33;20,2;20,21;5,53;8,73;42,17;21,86;#NV;83;166;59;BLP;NA;NA;NA;red head, red back , yellowish belly, silver-brown-red face, dorsal stripe;NA;-12.25704174;49.384167359999999;21;42203;AC2;NA
3031;SOL_I39_2011;Solaniampilana;adult;F;tavaratra;12;tava;20,22;12,57;33,52;19,6;20,68;5,27;7,53;39,21;20,5;#NV;87;169;49;ANR;NA;closed;NA;NA;NA;-13.0775325;49.580146499999998;NA;40780;AC14;NA
3032;SOL_K39_2011;Solaniampilana;adult;M;tavaratra;12;tava;20,81;12,66;33,58;19,4;20,25;5,06;7,75;38,53;21,8;#NV;85;168;49;JS;enlarged;NA;NA;NA;NA;-13.076877899999999;49.577363400000003;NA;40783;ABD;NA
3033;SOL_K16_2011;Solaniampilana;adult;M;tavaratra;12;tava;20,32;12,2;33,64;20,11;20,44;5,04;7,41;38,26;21,32;#NV;90;180;51;ANR;enlarged;NA;NA;NA;NA;-13.086362400000001;49.577000900000002;NA;40782;D24;NA
3034;SOL_I43_2011;Solaniampilana;adult;F;tavaratra;12;tava;20,38;12,66;33,75;20,14;20,82;5,6;7,45;38,22;20,76;#NV;85;175;51;ANR;NA;closed;NA;NA;NA;-13.0791091;49.577732599999997;NA;40780;AD3;NA
3035;SOL_K23_2011;Solaniampilana;adult;M;tavaratra;12;tava;20,83;11,42;36,4;20,32;20,21;5,02;7,32;38,8;20,42;#NV;78;151;51;JS;regressed;NA;NA;NA;NA;-13.0791424;49.578471299999997;NA;40782;AC12;NA
3036;SOL_I40_2011;Solaniampilana;adult;M;tavaratra;12;tava;21,47;12,47;33,69;20,48;20,44;6,49;6,8;41,15;20,9;#NV;88;169;51;AmB;enlarged;NA;NA;NA;NA;-13.07741;49.580938699999997;NA;40780;AC4;NA
3037;SOL_K18_2011;Solaniampilana;adult;F;tavaratra;12;tava;20,12;12,25;35,82;21,05;20,13;5,93;7,22;40,9;22,96;#NV;81;173;52;MB;NA;closed;NA;NA;NA;-13.079118299999999;49.582469400000001;NA;40782;AC34;RADSEQ
3038;SOL_K22_2011;Solaniampilana;adult;F;tavaratra;12;tava;20,32;12,55;33,35;19,49;20,46;5,41;7,93;38,72;21,87;#NV;88;180;52;JS;NA;closed;NA;NA;NA;-13.0784398;49.574842799999999;NA;40782;AD23;NA
3039;SOL_I23_2011;Solaniampilana;adult;M;tavaratra;12;tava;20,55;11,97;34,73;19,85;21,16;6,04;8,37;37,68;20,31;#NV;82;151;52;MB;regressed;NA;NA;NA;NA;-13.0939231;49.581318099999997;NA;40777;ABC4;RADSEQ
3040;SOL_K21_2011;Solaniampilana;adult;M;tavaratra;12;tava;22,1;12,01;34,95;20,35;20,19;5,34;6,92;40,02;21,15;#NV;81;161;52;JS;regressed;NA;NA;NA;NA;-13.079101400000001;49.580348600000001;NA;40782;D34;NA
3041;SOL_I44_2011;Solaniampilana;adult;M;tavaratra;12;tava;20,92;11,56;33,22;20,61;20,19;6,14;6,14;37,76;20,75;#NV;85;158;53;AmB;regressed;NA;NA;NA;NA;-13.0790994;49.579769599999999;NA;40780;BC2;NA
3042;SOL_K40_2011;Solaniampilana;adult;F;tavaratra;12;tava;20,14;12,52;32,19;19,05;20,53;5,34;7,13;39,89;21,3;#NV;95;170;54;JS;NA;closed;NA;NA;NA;-13.077392400000001;49.578775;NA;40783;ACD;NA
3043;SOL_K11_2011;Solaniampilana;adult;F;tavaratra;12;tava;20,48;12,3;35,31;20,27;20,21;5,64;7,85;38,76;20,68;#NV;100;176;58;ANR;NA;closed;NA;NA;NA;-13.089731499999999;49.581972399999998;NA;40782;AD12;NA
3044;SOL_K20_2011;Solaniampilana;adult;F;tavaratra;12;tava;20,5;12,35;33,48;19,4;20,53;5,35;7,74;40,33;20,01;#NV;97;169;58;JS;NA;closed;NA;NA;NA;-13.0791383;49.582306500000001;NA;40782;AD14;NA
3045;SOL_I41_2011;Solaniampilana;adult;M;tavaratra;12;tava;20,54;12,74;33,8;20,15;20,48;5,72;7,68;39,5;20,52;#NV;93;180;58;ANR;enlarged;NA;NA;NA;NA;-13.0794122;49.575703699999998;NA;40780;C24;NA
3046;SOL_I38_2011;Solaniampilana;adult;M;tavaratra;12;tava;21,42;13,28;34,27;20,34;20,79;5,54;7,87;38,77;21,8;#NV;90;180;58;ANR;enlarged;NA;NA;NA;NA;-13.077074400000001;49.577805499999997;NA;40780;AB12;NA
3047;SOL_I42_2011;Solaniampilana;adult;M;tavaratra;12;tava;20,69;12,91;34,5;20,37;20,3;5,5;6,42;37,69;20,92;#NV;84;154;59;AmB;enlarged;NA;NA;NA;NA;-13.0791275;49.581815499999998;NA;40780;C34;NA
3048;SOL_K13_2011;Solaniampilana;adult;M;tavaratra;12;tava;20,63;12,16;34,49;20,14;20,13;5,64;7,46;40,28;21,85;#NV;88;170;60;ANR;regressed;NA;NA;NA;NA;-13.0904658;49.582211399999998;NA;40782;AB13;NA
3049;SOL_K36_2011;Solaniampilana;adult;M;tavaratra;12;tava;20,77;12,13;34,41;20,71;20,43;5,66;7,91;39,59;20,61;#NV;92;164;60;ANR;enlarged;NA;NA;NA;NA;-13.0774595;49.580802900000002;NA;40783;ABC;NA
3050;SOL_K17_2011;Solaniampilana;adult;F;tavaratra;12;tava;19,35;11,65;34,72;19,57;21,4;5,68;7,3;39,62;20,08;#NV;94;169;61;MB;NA;closed;NA;NA;NA;-13.0864058;49.576569900000003;NA;40782;ABD;NA
3051;SOL_I25_2011;Solaniampilana;adult;F;tavaratra;12;tava;21,31;13,01;36,72;20,11;21,09;7,07;7,88;40,46;22,82;#NV;108;164;#NV;MB;NA;closed;73;NA;NA;-13.0954377;49.579494199999999;NA;40777;ABC2;NA
#NV;Ms2;Anabohazo;adult;M;sambiranensis;#NV;samb;#NV;#NV;#NV;#NV;#NV;#NV;#NV;#NV;#NV;#NV;#NV;139;50;DH;NA;NA;NA;NA;NA;-14.32278;47.909149999999997;NA;43598;NA;NA
#NV;Ms3;Anabohazo;adult;M;sambiranensis;#NV;samb;#NV;#NV;#NV;#NV;#NV;#NV;#NV;#NV;#NV;#NV;#NV;146;52;DH;NA;NA;NA;NA;NA;-14.32278;47.909149999999997;NA;43605;NA;NA
#NV;Ms5;Anabohazo;adult;M;sambiranensis;#NV;samb;#NV;#NV;#NV;#NV;#NV;#NV;#NV;#NV;#NV;#NV;#NV;131;35;DH;NA;NA;NA;NA;NA;-14.32245;47.908949999999997;NA;43627;NA;NA
#NV;Ms6;Anabohazo;adult;M;sambiranensis;#NV;samb;#NV;#NV;#NV;#NV;#NV;#NV;#NV;#NV;#NV;#NV;#NV;131;36;DH;NA;NA;NA;NA;NA;-14.32253;47.908880000000003;NA;43633;NA;NA
#NV;Ms7;Anabohazo;adult;F;sambiranensis;#NV;samb;#NV;#NV;#NV;#NV;#NV;#NV;#NV;#NV;#NV;#NV;#NV;148;50;DH;NA;NA;NA;NA;NA;-14.322290000000001;47.909120000000001;NA;43633;NA;NA
#NV;Ms8;Anabohazo;adult;M;sambiranensis;#NV;samb;#NV;#NV;#NV;#NV;#NV;#NV;#NV;#NV;#NV;#NV;#NV;128;36;DH;NA;NA;NA;NA;NA;-14.32253;47.908880000000003;NA;43634;NA;NA
#NV;Ms10;Anabohazo;adult;M;sambiranensis;#NV;samb;#NV;#NV;#NV;#NV;#NV;#NV;#NV;#NV;#NV;#NV;#NV;141;35;DH;NA;NA;NA;NA;NA;-14.324400000000001;47.909700000000001;NA;43661;NA;NA
#NV;Ms14;Anabohazo;adult;M;sambiranensis;#NV;samb;#NV;#NV;#NV;#NV;#NV;#NV;#NV;#NV;#NV;#NV;#NV;139;40;DH;NA;NA;NA;NA;NA;-14.31813;47.909170000000003;NA;43664;NA;NA
#NV;Ms15;Anabohazo;adult;M;sambiranensis;#NV;samb;#NV;#NV;#NV;#NV;#NV;#NV;#NV;#NV;#NV;#NV;#NV;132;37;DH;NA;NA;NA;NA;NA;-14.32343;47.909469999999999;NA;44585;NA;NA
#NV;Ms16;Anabohazo;adult;F;sambiranensis;#NV;samb;#NV;#NV;#NV;#NV;#NV;#NV;#NV;#NV;#NV;#NV;#NV;133;36;DH;NA;NA;NA;NA;NA;-14.32183;47.90934;NA;44593;NA;NA
#NV;Ms19;Anabohazo;adult;M;sambiranensis;#NV;samb;#NV;#NV;#NV;#NV;#NV;#NV;#NV;#NV;#NV;#NV;#NV;129;41;DH;NA;NA;NA;NA;NA;-14.319979999999999;47.909970000000001;NA;44601;NA;NA
#NV;Ms20;Anabohazo;adult;M;sambiranensis;#NV;samb;#NV;#NV;#NV;#NV;#NV;#NV;#NV;#NV;#NV;#NV;#NV;129;46;DH;NA;NA;NA;NA;NA;-14.3194;47.909889999999997;NA;44609;NA;NA
#NV;Ms21;Anabohazo;adult;M;sambiranensis;#NV;samb;#NV;#NV;#NV;#NV;#NV;#NV;#NV;#NV;#NV;#NV;#NV;126;37;DH;NA;NA;NA;NA;NA;-14.324400000000001;47.909700000000001;NA;44615;NA;NA
#NV;Ms22;Anabohazo;adult;F;sambiranensis;#NV;samb;#NV;#NV;#NV;#NV;#NV;#NV;#NV;#NV;#NV;#NV;#NV;125;39;DH;NA;NA;NA;NA;NA;-14.319979999999999;47.909970000000001;NA;44616;NA;NA
