"ID","Latitude","Longitude","Sample","Elevation","MAT","MWMT","MCMT","TD","MAP","MSP","AHM","SHM","bFFP","eFFP","FFP","CMD","CMI","DD_0","DD5","DD_18","DD18","DD1040","EMT","EXT","Eref","rsds","NFFD","PAS","RH","Tmax01","Tmax02","Tmax03","Tmax04","Tmax05","Tmax06","Tmax07","Tmax08","Tmax09","Tmax10","Tmax11","Tmax12","Tmin01","Tmin02","Tmin03","Tmin04","Tmin05","Tmin06","Tmin07","Tmin08","Tmin09","Tmin10","Tmin11","Tmin12","Tave01","Tave02","Tave03","Tave04","Tave05","Tave06","Tave07","Tave08","Tave09","Tave10","Tave11","Tave12","PPT01","PPT02","PPT03","PPT04","PPT05","PPT06","PPT07","PPT08","PPT09","PPT10","PPT11","PPT12","rsds01","rsds02","rsds03","rsds04","rsds05","rsds06","rsds07","rsds08","rsds09","rsds10","rsds11","rsds12","DD_0_01","DD_0_02","DD_0_03","DD_0_04","DD_0_05","DD_0_06","DD_0_07","DD_0_08","DD_0_09","DD_0_10","DD_0_11","DD_0_12","DD5_01","DD5_02","DD5_03","DD5_04","DD5_05","DD5_06","DD5_07","DD5_08","DD5_09","DD5_10","DD5_11","DD5_12","DD_18_01","DD_18_02","DD_18_03","DD_18_04","DD_18_05","DD_18_06","DD_18_07","DD_18_08","DD_18_09","DD_18_10","DD_18_11","DD_18_12","DD18_01","DD18_02","DD18_03","DD18_04","DD18_05","DD18_06","DD18_07","DD18_08","DD18_09","DD18_10","DD18_11","DD18_12","NFFD01","NFFD02","NFFD03","NFFD04","NFFD05","NFFD06","NFFD07","NFFD08","NFFD09","NFFD10","NFFD11","NFFD12","PAS01","PAS02","PAS03","PAS04","PAS05","PAS06","PAS07","PAS08","PAS09","PAS10","PAS11","PAS12","Eref01","Eref02","Eref03","Eref04","Eref05","Eref06","Eref07","Eref08","Eref09","Eref10","Eref11","Eref12","CMD01","CMD02","CMD03","CMD04","CMD05","CMD06","CMD07","CMD08","CMD09","CMD10","CMD11","CMD12","RH01","RH02","RH03","RH04","RH05","RH06","RH07","RH08","RH09","RH10","RH11","RH12","CMI01","CMI02","CMI03","CMI04","CMI05","CMI06","CMI07","CMI08","CMI09","CMI10","CMI11","CMI12","EVI_1","EVI_2","EVI_3","EVI_4","EVI_5","EVI_6","EVI_median","EVI_min","EVI_max","TRI","TPI","roughness","HLI","TWI","annualPET","climaticMoistureIndex","aridityIndexThornthwaite","continentality","embergerQ","growingDegDays0","growingDegDays5","maxTempColdest","minTempWarmest","monthCountByTemp10","PETColdestQuarter","PETDriestQuarter","PETseasonality","PETWarmestQuarter","PETWettestQuarter","thermicityIndex","Footprint","trees","grassland","shrubs","cropland","built","bare","snow","water","wetland","mangroves","moss","Bulk_density","Coarse_fragments_volume","Clay_fraction","Nitrogen_content","Organic_carb_density","pH_H2O","Sand_fraction","Silt_fraction","Soil_organic_carb","Forestheight","srad_median","srad_min","srad_max","wind_median","wind_min","wind_max","vapr_median","vapr_min","vapr_max","Nighttime_light","Burned_area_01","Burned_area_02","Burned_area_03","Burned_area_04","Burned_area_05","Burned_area_06","Burned_area_07","Burned_area_08","Burned_area_09","Burned_area_10","Burned_area_11","Burned_area_12","snow_water_equivalent_01","snow_water_equivalent_02","snow_water_equivalent_03","snow_water_equivalent_04","snow_water_equivalent_05","snow_water_equivalent_06","snow_water_equivalent_07","snow_water_equivalent_08","snow_water_equivalent_09","snow_water_equivalent_10","snow_water_equivalent_11","snow_water_equivalent_12","Daylength_01","Daylength_02","Daylength_03","Daylength_04","Daylength_05","Daylength_06","Daylength_07","Daylength_08","Daylength_09","Daylength_10","Daylength_11","Daylength_12","soil_moisture_01","soil_moisture_02","soil_moisture_03","soil_moisture_04","soil_moisture_05","soil_moisture_06"
"1",36.23511,-81.83727,"RAP0634",1030.50134277344,11,20.6,0.4,20.2,1497,686,14,30,121,286,166,16,72.45,150,2660,2842,293,1394,-25.5,34.1,996,15,212,24,63,5.7,8,11.5,16.8,21,24.5,25.9,24.9,22.8,17.9,11.8,8.8,-4.9,-3.2,-0.2,4.1,9.3,13,15.3,14.4,11.9,5.7,-0.6,-1.8,0.4,2.4,5.7,10.4,15.2,18.8,20.6,19.6,17.4,11.8,5.6,3.5,109,109,99,155,161,123,146,139,117,123,103,113,10.3,11.4,15.7,19.5,19,21.5,19.1,17.4,14.4,13,10.2,9,62,34,14,1,0,0,0,0,0,1,11,27,22,30,73,169,318,413,483,453,372,213,67,45,548,433,383,230,107,33,11,21,59,197,372,447,0,0,0,4,19,60,93,71,41,6,0,0,6,0,0,23,31,30,31,31,30,30,0,0,15,5,0,0,0,0,0,0,0,0,1,2,29,38,65,96,125,139,141,125,97,69,41,31,0,0,0,0,0,16,0,0,0,0,0,0,61,61,61,60,64,66,68,69,67,62,59,63,9.7,8.96,6.37,8.43,7.36,1.74,3.57,3.5,2.3,4.87,6.64,9,0.279599994421005,0.683200001716614,0.753600001335144,0.60479998588562,0.232800006866455,0.231600001454353,0.442199990153313,0.231600001454353,0.753600001335144,40.0974044799805,4.03514862060547,125.855834960938,1.03735864162445,7.21657562255859,1047.93005371094,8.61999988555908,0.25,20.3500003814697,153.270004272461,40210.5,32265,53,140,6,33.1699981689453,34.25,4599.93994140625,143.330001831055,142.029998779297,103.75,8,0.976700007915497,0.0232999995350838,0,0,0,0,0,0,0,0,0,1.10000002384186,12,19,4.30000019073486,4.80000019073486,4.90000009536743,40,38,69.0999984741211,30.9697818756104,15066.75,7772,20762.5,3,2.09999990463257,3.90000009536743,0.962500005960464,0.444999992847443,1.9099999666214,6.20811557769775,167506.171875,141755.328125,451072.84375,64400.33203125,0,0,218679,0,0,0,25778,115999,0.875161290168762,0,0.162580639123917,0,0,0,0,0,0,0,0,0,35412.828125,38452.3515625,42495.3359375,46724.76171875,50243.37109375,51949.1171875,51023.296875,47880.59765625,43764.4765625,39545.41796875,36060.55078125,34444.2109375,NA,NA,NA,NA,NA,NA
"2",35.75641,-82.14823,"RAP0641",746.792724609375,12.8,22.4,2.2,20.2,1727,750,13.2,29.9,115,291,176,28,81.02,93,3162,2371,469,1749,-23.8,36.1,1108,15.4,222,12,61,8,10.7,14.2,19.5,23.5,26.9,28.2,27.2,24.8,20,14.2,10.7,-3.6,-1.6,1.4,5.5,10.7,14.4,16.7,15.8,13,6.7,0.5,-0.6,2.2,4.6,7.8,12.5,17.1,20.6,22.4,21.5,18.9,13.3,7.3,5,123,125,118,171,169,124,166,145,146,156,132,152,10.3,11.8,15.8,19.7,19.3,22.2,19.5,17.9,15,13.6,10.5,9,40,19,7,1,0,0,0,0,0,0,6,18,34,53,116,226,376,467,539,511,417,259,100,64,492,371,318,176,65,17,5,9,38,158,322,400,0,0,2,9,36,94,138,116,65,10,0,0,7,0,2,28,31,30,31,31,30,31,1,0,9,2,0,0,0,0,0,0,0,0,0,1,33,45,75,109,139,152,154,137,106,77,47,34,0,0,0,0,0,28,0,0,0,0,0,0,59,59,59,57,62,63,66,66,65,59,56,62,10.45,9.52,6.78,8.76,6.79,0.32,4.07,2.67,4.08,7.19,8.23,12.16,0.242400005459785,0.709200024604797,0.723200023174286,0.594399988651276,0.260800004005432,0.272000014781952,0.433200001716614,0.242400005459785,0.723200023174286,42.4272537231445,-24.2768783569336,139.841186523438,0.971131861209869,10.4557876586914,1151.05004882812,14.3800001144409,0.170000001788139,20.2000007629395,147.880004882812,50094,35788.5,75,151,7,38.7000007629395,39.6399993896484,4804.27978515625,153.190002441406,110.980003356934,149,11,0.998700022697449,0.00130000000353903,0,0,0,0,0,0,0,0,0,1.10000002384186,15,19,4.30000019073486,4.59999990463257,4.80000019073486,52,26,67.8000030517578,33.8561820983887,15382.75,8247.5,20932,2.72499990463257,2,3.40000009536743,1.04000002145767,0.480000019073486,2.02999997138977,0,0,0,0,116369.1640625,0,0,0,0,0,0,0,12933.1669921875,1.71258068084717,0,0.0364516116678715,0,0,0,0,0,0,0,0,0,35546.30859375,38532.44140625,42507.1171875,46665.54296875,50123.19140625,51798.1640625,50889.16796875,47801.64453125,43755.0390625,39606.8515625,36182.43359375,34595.2890625,NA,NA,NA,NA,NA,NA
"3",34.70805,-83.91265,"RAP0656",677.972900390625,14.1,23.5,3.6,19.9,2115,845,11.4,27.8,108,297,189,0,112.4,62,3555,2025,612,2025,-21.9,37.1,1163,15.7,240,9,62,9.4,12.1,15.8,20.4,24.3,27.6,29.1,28.4,26.2,21.3,15.8,12.3,-2.3,-0.3,3.2,7.2,11.8,15.7,17.8,17.1,14.3,8.1,2.1,0.9,3.6,5.9,9.5,13.8,18,21.6,23.5,22.8,20.2,14.7,9,6.6,172,175,150,196,173,169,171,176,156,213,138,226,10.6,12.2,16.1,19.8,19.7,21.9,20,18.4,15.6,14.1,11,9.4,28,14,4,0,0,0,0,0,0,0,3,12,48,72,158,265,403,497,573,551,455,302,139,92,449,335,266,140,50,11,3,5,25,120,271,351,0,0,3,14,48,114,172,150,91,17,2,1,10,0,12,30,31,30,31,31,30,31,4,1,7,1,0,0,0,0,0,0,0,0,0,0,38,50,81,112,142,153,158,143,112,83,52,39,0,0,0,0,0,0,0,0,0,0,0,0,60,59,60,60,63,65,67,67,65,60,57,63,14.81,13.81,8.82,11.08,6.9,4.69,4.15,5.12,4.28,12.33,7.66,18.75,0.249799996614456,0.663600027561188,0.663600027561188,0.514400005340576,0.252600014209747,0.275599986314774,0.394999995827675,0.249799996614456,0.663600027561188,39.0869598388672,-22.48828125,110.967529296875,0.92345118522644,7.99072885513306,1192.17004394531,12.8699998855591,0.28999999165535,20.2999992370605,180.440002441406,54792,38407.5,82,163,7,41.5900001525879,115.48999786377,4812.68994140625,156.149993896484,56.4199981689453,180.5,10,0.996999979019165,0,0,0,0.00300000002607703,0,0,0,0,0,0,1.10000002384186,13,20,5.5,4.59999990463257,4.90000009536743,50,29,86.9000015258789,31.1444721221924,15585.75,8339,21339.5,2.85000002384186,2.15000009536743,3.5,1.12500002980232,0.534999966621399,2.13499999046326,0,0,131022,1624798.125,0,0,0,0,0,0,0,0,0,0,0,0,0,0,0,0,0,0,0,0,0,35856.5390625,38718.84765625,42534.55859375,46527.66796875,49843.7578125,51447.52734375,50577.43359375,47617.87890625,43733.0625,39749.8671875,36465.8125,34946.2109375,NA,NA,NA,NA,NA,NA
"4",34.95897,-83.55398,"RAP0673",739.052917480469,13.5,22.8,3.1,19.7,1989,801,11.8,28.5,112,293,180,10,100.53,72,3360,2167,524,1875,-23,36.6,1159,15.8,228,11,60,9.2,11.9,15.4,20.3,24,27.3,28.6,27.9,25.7,21,15.5,11.9,-3,-0.9,2.2,6,10.9,14.8,16.9,16.2,13.6,7.2,1.2,0,3.1,5.5,8.8,13.2,17.4,21,22.8,22,19.6,14.1,8.3,6,152,187,155,204,158,165,148,191,139,153,136,201,10.7,12.2,16.1,20,19.4,22.4,19.7,18.1,15.4,14.4,11.2,9.6,32,15,5,1,0,0,0,0,0,0,4,14,43,65,140,247,385,479,551,526,438,284,122,81,465,346,287,157,59,14,4,7,31,136,292,369,0,0,2,11,40,101,150,127,78,14,1,0,8,0,4,29,31,30,31,31,30,31,1,0,8,2,0,0,0,0,0,0,0,0,0,1,37,49,80,114,142,154,158,142,111,83,51,38,0,0,0,0,0,0,10,0,0,0,0,0,58,58,58,56,61,63,66,66,64,58,55,61,12.91,15.12,9.62,11.61,5.31,4.16,1.92,6.7,2.74,6.27,7.7,16.47,0.227599993348122,0.707599997520447,0.707599997520447,0.57039999961853,0.284799993038177,0.241999998688698,0.427599996328354,0.227599993348122,0.707599997520447,46.960090637207,-43.519401550293,139.118835449219,0.95136433839798,10.8685941696167,1186.65002441406,9.77999973297119,0.340000003576279,19.6000003814697,193.619995117188,52236,36828,82,150,7,41.310001373291,114.800003051758,4800.009765625,155.539993286133,56.2200012207031,164,4,0.991999983787537,0.00689999992027879,0,0,0.00039999998989515,0.000699999975040555,0,0,0,0,0,1.10000002384186,11,21,6,4.80000019073486,5.09999990463257,49,28,104.099998474121,32.0862236022949,15631,8314.5,21243.5,3,2.25,3.70000004768372,1.08250001072884,0.514999985694885,2.07499980926514,0,0,0,615336.6875,1399761.5,0,0,0,0,0,0,0,0,0,0,0,0,0,0,0,0,0,0,0,0,35775.796875,38670.30078125,42527.41015625,46563.5859375,49916.49609375,51538.75390625,50658.56640625,47665.73828125,43738.7890625,39712.61328125,36392.046875,34854.90625,NA,NA,NA,NA,NA,NA
"5",34.777,-84.33188,"RAP0679",687.488464355469,14.3,23.6,3.6,20,2053,783,11.8,30.1,109,296,188,7,99.22,60,3613,1984,639,2070,-21.6,37.7,1208,15.9,242,9,60,9.5,12.3,16.1,21.1,25,28.4,29.8,29,27.3,22.2,15.8,12.4,-2.3,0.3,3.4,6.9,11.1,15.4,17.5,16.7,13.9,7.8,1.9,1.3,3.6,6.3,9.8,14,18,21.9,23.6,22.9,20.6,15,8.8,6.9,163,197,172,194,154,167,158,169,135,174,150,220,10.6,11.9,16.1,20.1,19.9,22.7,20.2,18.6,16,14.6,11,9.4,28,12,4,0,0,0,0,0,0,0,4,11,48,78,166,271,403,506,576,554,467,311,134,98,449,324,256,135,50,10,3,4,22,112,277,342,0,0,4,15,48,123,175,153,100,19,2,1,10,0,14,30,31,30,31,31,30,31,3,1,7,1,0,0,0,0,0,0,0,0,0,0,38,49,82,117,149,161,165,149,120,87,52,39,0,0,0,0,0,0,7,0,0,0,0,0,60,61,60,57,59,62,65,64,61,57,56,64,13.87,15.87,10.77,10.27,4.11,3.47,1.86,3.54,0.88,7.62,8.87,18.08,0.205599993467331,0.80239999294281,0.80239999294281,0.589999973773956,0.301600009202957,0.245800003409386,0.445799991488457,0.205599993467331,0.80239999294281,51.1979141235352,-15.9367141723633,140.331909179688,1.04380822181702,8.6258487701416,1200.39001464844,14.8000001907349,0.259999990463257,20.7999992370605,172.320007324219,55350,38920.5,79,166,7,40.5699996948242,117.75,4972.7001953125,159.119995117188,55.3499984741211,182,3,1,0,0,0,0,0,0,0,0,0,0,1.10000002384186,12,18,5.09999990463257,4.80000019073486,5,49,32,81.5,31.5881824493408,15579,8181.5,21364.5,2.65000009536743,2,3.29999995231628,1.13249999284744,0.539999961853027,2.15499997138977,0,0,13092.3330078125,445136.34375,0,0,0,0,0,0,248644.671875,772077.3125,0,0,0,0,0,0,0,0,0,0,0,0,0,35824.31640625,38699.46875,42531.70703125,46542.00390625,49872.7890625,51483.9296875,50609.8125,47636.98046875,43735.34765625,39734.99609375,36436.37109375,34909.77734375,NA,NA,NA,NA,NA,NA
"6",34.66715,-83.31613,"RAP0686",284.023529052734,16.5,26.2,5.5,20.7,1722,694,15.4,37.8,88,313,224,82,61.91,36,4325,1560,1023,2662,-18.7,39.7,1236,15.8,292,4,64,11.1,14.2,18.1,22.9,26.9,30.5,31.9,31,28.6,23.3,17.3,13.7,-0.1,2.1,5.3,9.4,14.4,18.7,20.5,19.9,17.5,10.9,4.4,3,5.5,8.2,11.7,16.1,20.6,24.6,26.2,25.4,23,17.1,10.9,8.3,149,155,135,155,136,139,143,174,102,133,122,179,9.6,11.9,16.1,19.9,20.8,21.6,21.6,19.4,16.3,13.5,10.1,8.5,17,7,2,0,0,0,0,0,0,0,2,8,75,116,217,333,481,587,656,631,539,375,185,130,391,270,200,83,22,3,1,1,10,66,214,298,0,1,7,29,97,201,255,230,157,40,4,2,14,2,29,30,31,30,31,31,30,31,24,10,3,0,0,0,0,0,0,0,0,0,0,0,40,54,88,122,152,164,169,150,117,86,54,40,0,0,0,0,16,25,26,0,15,0,0,0,63,61,60,59,63,66,68,68,68,63,59,65,11.82,10.69,6.44,6,2.1,0.29,-0.14,3.78,-1.8,3.9,5.44,13.38,0.223600000143051,0.712000012397766,0.65039998292923,0.51120001077652,0.216399997472763,0.210999995470047,0.367400005459785,0.210999995470047,0.712000012397766,41.0514297485352,21.5409564971924,112.754287719727,1.05743372440338,7.76600503921509,1313.34997558594,26.2299995422363,0.0900000035762787,20.2999992370605,152.279998779297,66978,61396.5,111,189,9,47.0699996948242,92.2699966430664,5226.830078125,170.970001220703,63.7599983215332,266.5,4,0.947399973869324,0.0313999988138676,0,0,0,0.000300000014249235,0,0.0208999998867512,0,0,0,1.20000004768372,10,19,3.90000009536743,4.30000019073486,5.30000019073486,45,34,64.8000030517578,29.862585067749,15910,8668.5,21913.5,2.29999995231628,1.89999997615814,2.90000009536743,1.2574999332428,0.590000033378601,2.36500000953674,5.26426124572754,26227.833984375,445545.65625,4840342,1074898.875,0,0,0,0,0,0,0,0,0,0,0,0,0,0,0,0,0,0,0,0,35872.609375,38728.515625,42535.98046875,46520.515625,49829.2734375,51429.3671875,50561.28515625,47608.3515625,43731.921875,39757.28515625,36480.49609375,34964.3828125,NA,NA,NA,NA,NA,NA
"7",31.73246,-87.36745,"RAP0707",115.137428283691,18.9,27.1,8.9,18.2,1508,620,19.2,43.7,54,330,275,201,24.86,15,5108,1030,1344,3295,-15.2,40,1380,16.6,350,1,63,15.1,18.3,21.9,25.1,28.9,31.8,32.5,32.5,30.8,26.2,20.2,17,2.7,5.6,8.7,11.7,15.9,20.6,21.8,21.6,19.2,12.8,6.4,5.3,8.9,11.9,15.3,18.4,22.4,26.2,27.1,27,25,19.5,13.3,11.2,127,164,126,141,108,147,130,132,103,77,82,171,10,13.2,17,20.5,22.1,21.4,22.6,20.6,17.6,14.6,10.9,9.2,7,3,1,0,0,0,0,0,0,0,1,3,147,199,324,401,535,635,683,680,598,448,253,204,286,176,106,44,12,2,0,1,5,32,153,214,3,6,24,56,139,247,282,279,212,79,12,6,20,28,31,30,31,30,31,31,30,31,30,28,1,0,0,0,0,0,0,0,0,0,0,0,54,68,106,134,166,168,170,159,132,103,67,53,0,0,0,0,58,21,40,27,29,26,0,0,60,60,60,60,62,68,70,69,67,61,58,63,7.38,9.4,3.86,3.58,-1.98,0.7,-1.24,-1.15,-3.18,-3.47,0.13,10.82,0.395000010728836,0.567200005054474,0.61760002374649,0.532000005245209,0.404799997806549,0.450399994850159,0.491200000047684,0.395000010728836,0.61760002374649,10.3884143829346,-3.95956230163574,36.1355133056641,1.01813220977783,9.3365535736084,1441.69995117188,28.1399993896484,0.0299999993294477,19.1000003814697,159.860000610352,76968,76968,141,203,9,59.0299987792969,105.650001525879,5003.77978515625,177.740005493164,76.4300003051758,335.5,2,0.999400019645691,0,0,0,0,0.000600000028498471,0,0,0,0,0,1.29999995231628,5,18,2.40000009536743,3.90000009536743,5.09999990463257,56,25,40,20.4990882873535,16684.25,9564,22301.5,2.25,1.70000004768372,2.84999990463257,1.48500001430511,0.779999971389771,2.57499980926514,0,0,216992,325344.15625,0,0,0,0,0,0,122134.1640625,149324.828125,149242.328125,0,0,0,0,0,0,0,0,0,0,0,0,36661.44140625,39204.08203125,42606.12109375,46168.47265625,49118.0625,50539.0234375,49768.6640625,47139.5234375,43675.74609375,40122.42578125,37201.66796875,35855.43359375,NA,NA,NA,NA,NA,NA
"8",36.55551,-81.64675,"RAP0713",1187.69812011719,10.3,20,-0.1,20.1,1654,733,12.3,27.3,122,286,165,0,94.69,173,2491,3012,235,1276,-25.7,33,905,14.8,209,33,66,4.9,7.1,10.3,15.6,19.9,23.4,25,23.7,21.7,16.8,10.8,8.1,-5.2,-3.5,-0.6,3.7,9.2,12.7,14.9,14.1,11.8,5.8,-0.9,-1.8,-0.1,1.8,4.9,9.7,14.5,18,20,18.9,16.8,11.3,5,3.1,111,136,120,171,171,141,154,140,127,135,115,133,10.5,11.2,15.5,19.3,18.8,21.1,18.7,17,13.9,12.9,10.2,9.2,70,40,17,2,0,0,0,0,0,1,13,30,19,26,60,151,297,389,465,431,354,200,58,40,563,450,408,250,125,44,15,28,69,210,390,459,0,0,0,3,14,46,78,56,34,4,0,0,5,0,0,20,31,30,31,31,30,30,0,0,18,9,1,1,1,0,0,0,0,0,1,2,0,36,60,90,117,130,135,116,90,64,38,29,0,0,0,0,0,0,0,0,0,0,0,0,62,62,63,62,67,68,70,71,70,65,61,65,10.08,11.92,9,10.72,9.05,4.29,4.93,4.45,4.05,6.7,8.29,11.21,0.338200002908707,0.612399995326996,0.762000024318695,0.694400012493134,0.327600002288818,0.28659999370575,0.475299999117851,0.28659999370575,0.762000024318695,61.3167419433594,-23.3496398925781,207.269897460938,0.780662953853607,7.22880601882935,1003,12.0299997329712,0.25,20.6000003814697,150.320007324219,37818,26208,41,136,6,30.5300006866455,30.5300006866455,4497.18994140625,138.300003051758,136.580001831055,80,3,0.93120002746582,0.0685999989509583,0,0,0.000199999994947575,0,0,0,0,0,0,1,13,21,6.90000009536743,5.80000019073486,4.69999980926514,39,39,133.199996948242,31.5242938995361,14740,7450.5,20178,3.57499980926514,2.34999990463257,4.75,0.899999976158142,0.420000016689301,1.79500007629395,0,0,0,25577.5,0,0,0,0,0,0,0,0,0,1.5119354724884,0,0.233225807547569,0,0,0,0,0,0,0,1.01066660881042,0.24709677696228,35311.5625,38391.6328125,42486.40625,46769.64453125,50334.53125,52063.6796875,51125.0625,47940.453125,43771.62890625,39498.859375,35968.1015625,34329.5546875,NA,NA,NA,NA,NA,NA
"9",36.42378,-81.59439,"RAP0719",1244.96545410156,10.2,19.9,-0.1,20,1675,760,12.1,26.2,121,286,165,0,98.86,174,2466,3033,227,1256,-25.6,32.7,886,14.8,211,33,67,4.7,6.9,10.1,15.4,19.7,23,24.6,23.4,21.2,16.4,10.7,8,-5,-3.3,-0.3,4,9.3,12.9,15.2,14.2,11.8,5.7,-0.9,-1.9,-0.1,1.8,4.9,9.7,14.5,18,19.9,18.8,16.5,11,4.9,3,111,132,114,174,175,143,161,149,132,141,118,125,10.4,11.1,15.5,19.2,18.9,20.9,18.8,17,13.7,12.6,10.1,9.1,70,40,17,2,0,0,0,0,0,1,14,31,19,26,60,151,297,389,462,428,345,192,56,39,563,450,408,250,125,44,16,29,75,217,393,462,0,0,0,3,14,46,76,54,31,4,0,0,6,0,0,22,31,30,31,31,30,30,0,0,18,9,1,1,1,0,0,0,0,0,1,2,0,35,59,89,115,127,130,114,87,63,38,29,0,0,0,0,0,0,0,0,0,0,0,0,64,64,65,63,68,69,72,72,71,66,61,65,10.1,11.56,8.45,11.14,9.58,4.87,6.09,5.61,4.91,7.49,8.61,10.44,0.217800006270409,0.643599987030029,0.79559999704361,0.691200017929077,0.18809999525547,0.223199993371964,0.433399990200996,0.18809999525547,0.79559999704361,55.0223083496094,-36.5119018554688,172.016723632812,0.844495296478271,8.38728141784668,954.059997558594,2.61999988555908,0.340000003576279,20.3999996185303,165.529998779297,32505,20842.5,35,133,5,29.2900009155273,29.2900009155273,4259.72998046875,131.399993896484,129.970001220703,64,6,1,0,0,0,0,0,0,0,0,0,0,0.899999976158142,13,17,7.59999990463257,6,4.59999990463257,46,34,112.099998474121,31.8693866729736,14829,7601.5,20351,3.75,2.5,5,0.884999990463257,0.415000021457672,1.77499997615814,0,0,0,372244.5,0,0,0,0,0,0,0,0,0,0.465161293745041,0,0,0,0,0,0,0,0,0,0.66733330488205,0.0967741906642914,35362.3203125,38422.0625,42490.87890625,46747.15234375,50288.83984375,52006.25390625,51074.0546875,47910.45703125,43768.04296875,39522.19140625,36014.4375,34387.03125,NA,NA,NA,NA,NA,NA
"10",36.22365,-81.66618,"RAP0731",999.175903320312,11.1,20.8,0.5,20.3,1748,798,12.1,26.1,119,289,170,0,101.17,145,2692,2807,303,1413,-24.8,33.8,962,14.9,216,25,66,5.4,7.8,11.2,16.7,20.9,24.2,25.7,24.5,22.2,17.5,11.5,8.7,-4.4,-2.6,0.3,4.6,10,13.5,15.8,14.9,12.4,6.3,0,-1.4,0.5,2.6,5.8,10.6,15.4,18.9,20.8,19.7,17.3,11.9,5.8,3.6,115,129,116,177,171,149,173,154,151,160,125,128,10.4,11.2,15.6,19.3,18.9,21.1,18.9,17.1,14.1,12.9,10.1,9.1,61,33,13,1,0,0,0,0,0,1,10,27,23,32,75,175,324,416,490,456,369,216,71,46,545,427,380,226,102,32,10,20,61,195,366,444,0,0,0,4,20,62,98,73,40,6,0,0,6,0,0,26,31,30,31,31,30,31,0,0,16,5,0,0,0,0,0,0,0,0,1,2,28,37,63,95,121,134,137,119,92,67,39,30,0,0,0,0,0,0,0,0,0,0,0,0,64,63,64,62,66,68,70,71,70,65,62,65,10.34,10.99,8.2,10.83,8.68,4.85,6.73,5.62,6.42,9.01,8.97,10.53,0.273799985647202,0.801199972629547,0.801199972629547,0.672800004482269,0.238399997353554,0.253600001335144,0.473299995064735,0.238399997353554,0.801199972629547,21.8958892822266,-16.1642761230469,78.5313110351562,0.97540420293808,9.81966781616211,1051.73999023438,11.8400001525879,0.259999990463257,20.5499992370605,155.630004882812,41217,32967,55,145,7,33.439998626709,33.439998626709,4595.97998046875,143.679992675781,142.100006103516,111.75,34,0.510599970817566,0.126200005412102,0,0.000500000023748726,0.304300010204315,0.0584000013768673,0,0,0,0,0,1.10000002384186,8,8,4.80000019073486,5,5.09999990463257,47,35,77.3000030517578,28.8822231292725,15018.25,7790,20673.5,3.02499997615814,2.09999990463257,4,0.962500005960464,0.444999992847443,1.9099999666214,55.7551956176758,0,0,77268.1640625,0,0,0,0,0,0,0,0,0,0.218387097120285,0,0.511935472488403,0,0,0,0,0,0,0,0,0,35412.828125,38452.3515625,42495.3359375,46724.76171875,50243.37109375,51949.1171875,51023.296875,47880.59765625,43764.4765625,39545.41796875,36060.55078125,34444.2109375,NA,NA,NA,NA,NA,NA
"11",36.08215,-82.27927,"RAP0764",796.991821289062,12.2,21.9,1.6,20.3,1555,693,14.3,31.6,119,287,168,31,63.62,108,2992,2520,410,1626,-24.8,36,1113,15.5,215,15,59,7.7,10.4,13.9,18.9,23.1,26.6,28,27,24.9,19.6,13.9,10.7,-4.4,-2.5,0.5,4.4,9.6,13.4,15.7,14.8,12.1,5.9,-0.6,-1.4,1.6,4,7.2,11.6,16.4,20,21.9,20.9,18.5,12.8,6.7,4.6,116,125,109,155,153,130,159,131,120,115,108,134,10.4,12,15.8,19.8,19.1,22.7,19.3,17.7,15.1,13.8,10.7,9.3,47,23,9,1,0,0,0,0,0,0,7,20,29,45,102,201,354,449,523,493,405,244,88,58,511,388,337,201,79,21,6,11,43,171,339,413,0,0,1,6,29,82,124,102,58,8,0,0,6,0,1,25,31,30,31,31,30,30,0,0,11,2,0,0,0,0,0,0,0,0,0,1,33,45,74,107,139,153,157,139,109,76,46,35,0,0,0,0,0,23,0,8,0,0,0,0,57,56,57,55,59,61,64,64,62,58,54,59,9.89,9.7,6.09,7.3,5.15,0.78,3.09,1.01,1.01,3.14,6.08,10.39,0.218400001525879,0.737600028514862,0.754000008106232,0.602800011634827,0.235799998044968,0.251800000667572,0.427300006151199,0.218400001525879,0.754000008106232,42.2426834106445,-37.8742752075195,95.6988525390625,0.932741224765778,8.76938724517822,1123.90002441406,16.5699996948242,0.129999995231628,20.3500003814697,138.660003662109,47934,34668,66,146,7,36.4000015258789,52.6800003051758,4810.47998046875,151.539993286133,150.399993896484,131.75,3,0.987800002098083,0.0121999997645617,0,0,0,0,0,0,0,0,0,1.20000004768372,13,22,3.79999995231628,4.59999990463257,5,37,38,61.2000007629395,31.0915927886963,15125.25,7828.5,20835,2.72500002384186,2,3.45000004768372,1.01249998807907,0.469999998807907,1.99000000953674,0,0,0,1157551.5,308479.15625,0,0,0,0,0,12869.6669921875,0,0,1.07870972156525,0,0.000967741885688156,0,0,0,0,0,0,0,0,0,35463.08984375,38482.5,42499.76953125,46702.46875,50198.125,51892.2734375,50972.79296875,47850.875,43760.92578125,39568.54296875,36106.44140625,34501.1015625,NA,NA,NA,NA,NA,NA
"12",36.13628,-82.23947,"RAP0771",1175.51416015625,10.7,20.3,0,20.3,1678,745,12.3,27.2,120,288,168,0,93.79,163,2613,2901,275,1362,-25.4,33.7,961,15,214,33,66,4.9,7.5,11,16.4,20.6,24,25.4,24.4,22.3,17.3,11.1,8,-5,-3.2,0,4.3,9.7,13.2,15.2,14.4,12.1,6.1,-0.4,-1.6,0,2.1,5.5,10.3,15.2,18.6,20.3,19.4,17.2,11.7,5.3,3.2,127,138,115,167,161,141,185,136,122,128,116,142,10.4,11.4,15.6,19.4,19,21.3,19,17.2,14.2,13,10.1,9.1,68,37,15,2,0,0,0,0,0,1,12,29,20,28,70,167,318,407,474,446,366,211,63,41,560,441,390,233,107,36,13,23,62,200,381,456,0,0,0,4,19,56,85,67,39,5,0,0,6,0,0,24,31,30,31,31,30,31,0,0,20,8,0,0,0,0,0,0,0,0,1,2,27,37,62,94,121,134,137,121,93,67,39,29,0,0,0,0,0,0,0,0,0,0,0,0,63,62,64,62,66,67,69,70,69,65,62,67,11.67,11.99,8.15,9.82,7.67,3.93,7.77,3.52,3.16,5.76,8.22,12.14,0.249799996614456,0.676800012588501,0.778800010681152,0.705600023269653,0.25,0.283399999141693,0.480100005865097,0.249799996614456,0.778800010681152,25.8943939208984,-11.0109100341797,93.1824951171875,1.03366875648499,7.31169366836548,1023.76000976562,7.44999980926514,0.270000010728836,20.0499992370605,157.520004272461,38313,26292,49,135,6,32.6800003051758,33.7900009155273,4447.27001953125,139.020004272461,138.009994506836,89.25,7,1,0,0,0,0,0,0,0,0,0,0,1.10000002384186,12,18,3.79999995231628,5.19999980926514,4.80000019073486,41,39,70.6999969482422,32.6927833557129,15034,7764.5,20583.5,3.54999995231628,2.44999980926514,4.55000019073486,0.92249995470047,0.435000002384186,1.83500003814697,0,0,0,0,0,0,0,0,0,0,0,0,0,1.73741936683655,0,0.159999996423721,0,0,0,0,0,0,0,0,0,35446.36328125,38472.46484375,42498.29296875,46709.890625,50213.18359375,51911.1875,50989.6015625,47860.765625,43762.109375,39560.84765625,36091.171875,34482.171875,NA,NA,NA,NA,NA,NA
"13",35.94889,-81.93346,"RAP0781",1025.341796875,11.3,21,0.6,20.4,1717,763,12.4,27.5,118,289,170,4,94.71,139,2756,2752,326,1457,-24.7,34.3,990,15,216,24,65,5.8,8.2,11.6,17.1,21.2,24.7,26.1,25.1,22.7,17.9,11.8,8.8,-4.5,-2.6,0.4,4.6,10,13.6,15.9,15,12.4,6.3,0,-1.1,0.6,2.8,6,10.9,15.6,19.1,21,20,17.6,12.1,5.9,3.9,118,121,118,175,168,133,161,153,148,146,133,143,10.5,11.4,15.7,19.4,18.9,21.3,18.9,17.3,14.3,13.2,10.4,9.2,59,31,13,1,0,0,0,0,0,1,10,25,23,34,79,183,330,422,496,465,378,223,73,49,542,422,374,218,97,30,9,17,56,190,363,434,0,0,1,5,22,65,103,80,44,6,0,0,6,0,0,26,31,30,31,31,30,31,0,0,15,5,0,0,0,0,0,0,0,0,1,2,29,39,65,97,124,137,140,124,95,69,41,30,0,0,0,0,0,4,0,0,0,0,0,0,62,62,63,61,66,67,70,70,69,64,61,66,10.55,10.06,8.19,10.35,8.12,2.78,5.13,4.95,5.67,7.32,9.61,11.97,0.293599992990494,0.657999992370605,0.718400001525879,0.574000000953674,0.24439999461174,0.29339998960495,0.433799996972084,0.24439999461174,0.718400001525879,16.1031494140625,3.87664794921875,66.7286376953125,0.964709877967834,8.08858680725098,1073.21997070312,10.7700004577637,0.259999990463257,20.1000003814697,158.490005493164,45378,33102,61,142,7,35.2400016784668,36.1800003051758,4586.5400390625,144.940002441406,143.979995727539,116.5,11,1,0,0,0,0,0,0,0,0,0,0,1,11,16,4.19999980926514,4.69999980926514,4.69999980926514,57,26,78,36.0993881225586,15230.5,8114.5,20751.5,3.10000002384186,2.19999980926514,4,0.980000019073486,0.449999988079071,1.92000007629395,0,0,465456.84375,1228138.625,90311.6640625,0,0,0,0,0,0,0,0,2.05451607704163,0,0.0251612886786461,0,0,0,0,0,0,0,0,0,35496.45703125,38502.5234375,42502.71484375,46687.6640625,50168.078125,51854.53515625,50939.26171875,47831.13671875,43758.56640625,39583.8984375,36136.91015625,34538.87109375,NA,NA,NA,NA,NA,NA
"14",35.63106,-82.26091,"RAP0797",835.672180175781,12.6,22.2,1.9,20.3,1619,717,14,31,115,291,175,17,71.83,98,3124,2409,453,1723,-23.8,35.9,1096,15.4,222,13,62,7.6,10.4,13.8,19.4,23.3,26.6,27.9,26.9,24.5,19.8,13.7,10.4,-3.7,-1.7,1.3,5.4,10.6,14.3,16.6,15.7,13.1,6.8,0.6,-0.6,1.9,4.4,7.6,12.4,17,20.5,22.2,21.3,18.8,13.3,7.1,4.9,113,116,108,161,155,133,157,135,137,142,116,146,10.3,11.8,15.8,19.8,19.4,22,19.6,17.9,15,13.6,10.4,9,43,20,8,1,0,0,0,0,0,0,6,19,32,50,111,223,373,464,533,505,414,259,96,63,502,377,325,179,67,18,5,9,39,158,328,403,0,0,2,8,35,92,132,111,63,10,0,0,7,0,2,28,31,30,31,31,30,31,1,0,9,2,0,0,0,0,0,0,0,0,0,1,33,45,73,109,138,150,152,135,104,77,46,34,0,0,0,0,0,17,0,0,0,0,0,0,60,59,60,57,62,64,67,67,66,60,58,63,9.56,8.73,5.99,7.73,5.43,1.38,3.34,1.84,3.4,5.88,6.89,11.67,0.210800006985664,0.642400026321411,0.777199983596802,0.541999995708466,0.250200003385544,0.220400005578995,0.396099999547005,0.210800006985664,0.777199983596802,45.2736129760742,-5.94306182861328,139.992370605469,1.02813839912415,7.57313108444214,1151.14001464844,15.0200004577637,0.150000005960464,20.2000007629395,145.779998779297,50526,35964,75,152,7,38.8600006103516,39.6300010681152,4806.3701171875,153.210006713867,110.959999084473,152,19,0.997300028800964,0,0,0,0.00139999995008111,0.00130000000353903,0,0,0,0,0,1.10000002384186,15,17,4,4.69999980926514,5,54,27,64.8000030517578,29.5369110107422,15496,8354.5,21161.5,2.92500007152557,2.15000009536743,3.65000009536743,1.03500002622604,0.480000019073486,2.01999998092651,8.64896011352539,0,0,0,0,0,0,0,0,0,64807.5,129635.6640625,0,1.37064516544342,0,0,0,0,0,0,0,0,0,0,0,35595.91796875,38562.2265625,42511.5,46643.515625,50078.51953125,51742.07421875,50839.3203125,47772.28125,43751.53125,39629.6953125,36227.73828125,34651.421875,NA,NA,NA,NA,NA,NA
"15",35.7233,-82.40522,"RAP0807",979.435913085938,11.9,21.5,1.2,20.3,1505,664,14.6,32.4,116,292,175,16,69.4,117,2919,2581,375,1568,-24.2,34.8,1021,15.2,220,16,64,6.4,9.4,12.6,18,22,25.2,26.6,25.7,23.2,18.5,12.7,9.5,-4.1,-2,1,5.3,10.5,14.1,16.3,15.3,12.9,7.1,0.6,-0.8,1.2,3.7,6.8,11.7,16.2,19.6,21.5,20.5,18,12.8,6.6,4.3,105,114,104,145,135,130,156,121,122,134,107,132,10.7,11.6,15.8,19.6,18.9,21.3,18.9,17.3,14.4,13.4,10.7,9.5,52,25,10,1,0,0,0,0,0,0,8,22,27,43,94,203,348,437,511,480,390,244,86,54,523,396,349,198,83,25,7,14,50,171,342,422,0,0,1,7,27,75,115,92,50,8,0,0,7,0,1,28,31,30,31,31,30,31,1,0,11,3,0,0,0,0,0,0,0,0,0,1,30,42,68,101,128,139,143,128,97,70,43,32,0,0,0,0,0,9,0,7,0,0,0,0,62,61,62,60,65,67,69,69,69,64,61,65,9.09,8.91,6.25,6.96,4.37,2.24,4.34,1.33,2.86,5.95,6.51,10.6,0.201299995183945,0.754000008106232,0.804799973964691,0.671999990940094,0.232800006866455,0.24040000140667,0.456199996173382,0.201299995183945,0.804799973964691,58.132942199707,-51.4007797241211,168.856384277344,0.879388868808746,12.3572969436646,1080.88000488281,10.3199996948242,0.239999994635582,19.9500007629395,156.490005493164,45468,33088.5,62,142,7,35.7900009155273,36.7099990844727,4573.64013671875,144.690002441406,104.069999694824,117.75,5,1,0,0,0,0,0,0,0,0,0,0,1,13,15,6.19999980926514,5.5,4.69999980926514,51,32,92.5999984741211,35.512279510498,15266.75,8107,20790.5,3.375,2.44999980926514,4.30000019073486,0.970000028610229,0.454999983310699,1.90499997138977,0,0,0,0,0,0,0,0,0,0,64807.5,129635.6640625,0,1.04903221130371,0,0.041290320456028,0,0,0,0,0,0,0,0,0,35562.87109375,38542.38671875,42508.578125,46658.19140625,50108.27734375,51779.4375,50872.52734375,47791.83984375,43753.87109375,39614.4765625,36197.55859375,34614.02734375,NA,NA,NA,NA,NA,NA
"16",35.7553,-82.99737,"RAP0826",809.551330566406,12.2,21.9,1.2,20.7,1588,707,14,31,118,289,171,19,69.89,110,3011,2506,412,1635,-24.7,35.7,1095,15.5,218,15,61,6.9,10.4,13.9,19.1,22.9,26.2,27.6,26.5,24.6,19.4,13.7,10.3,-4.5,-2.1,1,4.9,9.9,13.8,16.1,15.1,12.5,6.2,-0.1,-1.1,1.2,4.2,7.4,12,16.4,20,21.9,20.8,18.6,12.8,6.8,4.6,102,131,126,161,127,144,172,131,133,115,96,150,10.4,11.9,15.9,19.9,19.3,22.3,19.5,17.8,15.1,13.7,10.6,9.2,52,22,8,1,0,0,0,0,0,0,7,20,27,48,107,211,354,449,523,489,408,244,90,59,523,382,331,190,79,21,6,12,42,171,336,413,0,0,2,8,29,82,124,99,59,9,0,0,6,0,1,27,31,30,31,31,30,31,0,0,11,2,0,0,0,0,0,0,0,0,0,1,32,45,74,108,137,149,152,135,107,76,46,34,0,0,0,0,10,5,0,4,0,0,0,0,59,58,58,56,61,63,66,66,64,59,56,62,8.71,10.26,7.76,7.86,2.79,2.73,4.99,1.64,2.72,3.34,4.95,12.14,0.259200006723404,0.752399981021881,0.767599999904633,0.644400000572205,0.279199987649918,0.25560000538826,0.461799994111061,0.25560000538826,0.767599999904633,38.0648422241211,-36.3195877075195,102.189270019531,0.906897962093353,12.9704847335815,1144.22998046875,21.1000003814697,0.0900000035762787,20.3999996185303,134.729995727539,48996,35235,69,148,7,37.2999992370605,80.0199966430664,4909.27978515625,154.649993896484,109.449996948242,140,3,0.999199986457825,0.0007999999797903,0,0,0,0,0,0,0,0,0,1.10000002384186,15,19,4.30000019073486,4.69999980926514,4.90000009536743,47,33,66.9000015258789,28.6130599975586,15282.5,7937.5,20833.5,2.89999997615814,2.15000009536743,3.65000009536743,1.02499997615814,0.485000014305115,2.00500011444092,0,0,0,606241.5,0,0,0,0,0,0,12897,335297.15625,0,2.55935478210449,0,0.0451612882316113,0,0,0,0,0,0,0,0,0,35546.30859375,38532.44140625,42507.1171875,46665.54296875,50123.19140625,51798.1640625,50889.16796875,47801.64453125,43755.0390625,39606.8515625,36182.43359375,34595.2890625,NA,NA,NA,NA,NA,NA
"17",35.73029,-83.02712,"RAP0837",680.552185058594,12.8,22.4,1.6,20.8,1573,697,14.5,32.1,116,290,174,34,64.9,98,3168,2377,471,1752,-24.2,36.2,1122,15.5,221,13,60,7.5,11,14.7,19.9,23.6,26.9,28.2,27.1,25.3,20,14.3,10.8,-4.2,-1.7,1.4,5.3,10.4,14.3,16.6,15.7,13,6.6,0.3,-0.8,1.6,4.7,8,12.6,17,20.6,22.4,21.4,19.1,13.3,7.3,5,108,132,126,157,124,143,172,129,129,110,96,147,10.2,11.9,15.9,19.9,19.6,22.3,19.8,18.1,15.3,13.6,10.4,9,47,19,7,1,0,0,0,0,0,0,6,18,30,54,121,230,373,467,539,508,423,259,100,64,511,368,312,173,67,17,5,9,36,158,322,400,0,0,2,9,36,94,138,114,68,10,0,0,7,0,2,28,31,30,31,31,30,31,0,0,10,2,0,0,0,0,0,0,0,0,0,1,33,46,77,112,140,153,155,137,109,78,47,35,0,0,0,0,16,10,0,8,0,0,0,0,58,58,58,55,60,63,66,66,63,59,55,61,9.15,10.12,7.28,7.09,2.18,2.26,4.72,1.22,1.98,2.62,4.62,11.65,0.263399988412857,0.699599981307983,0.699599981307983,0.596400022506714,0.276199996471405,0.315200001001358,0.455800011754036,0.263399988412857,0.699599981307983,55.3903427124023,17.8771286010742,152.499084472656,1.02384901046753,6.72861194610596,1191.43994140625,25.6800003051758,0.00999999977648258,20.7000007629395,125.940002441406,52740,37449,77,156,7,39.0400009155273,83.0699996948242,5092.919921875,160.75,114.290000915527,164.5,10,0.99889999628067,0.000500000023748726,0,0,0,0,0,0.000600000028498471,0,0,0,1.20000004768372,12,19,3.79999995231628,4.19999980926514,5.09999990463257,44,35,55.2999992370605,30.8588047027588,15414.5,7998.5,21082.5,2.60000002384186,2,3.25,1.06499993801117,0.5,2.07499980926514,0,0,0,0,0,0,0,0,0,0,0,155246.828125,0,2.31806445121765,0,0.0364516116678715,0,0,0,0,0,0,0,0,0,35562.87109375,38542.38671875,42508.578125,46658.19140625,50108.27734375,51779.4375,50872.52734375,47791.83984375,43753.87109375,39614.4765625,36197.55859375,34614.02734375,NA,NA,NA,NA,NA,NA
"18",35.55528,-83.06935,"RAP0845",1196.021484375,10.8,20,0.2,19.8,1796,697,11.6,28.7,124,283,159,4,97.13,146,2588,2854,246,1314,-26.2,33.7,1039,15.5,203,32,60,5.9,9.2,12.7,17.5,21,24.3,25.7,24.6,23,18.2,12.7,9.3,-5.5,-3.4,-0.3,3.4,8.4,12.1,14.3,13.5,11,4.8,-1.2,-2.2,0.2,2.9,6.2,10.4,14.7,18.2,20,19,17,11.5,5.8,3.6,137,177,154,181,137,137,157,140,126,138,123,189,11,12.1,15.9,19.9,18.8,22.3,18.8,17.3,14.7,14,11.2,9.7,65,30,12,1,0,0,0,0,0,1,10,27,21,35,82,170,303,395,465,434,360,206,71,46,554,419,368,230,120,41,15,27,66,205,366,444,0,0,0,4,15,49,78,58,36,5,0,0,5,0,0,18,31,30,31,31,30,27,0,0,21,6,0,0,0,0,0,0,0,0,1,2,30,42,71,102,128,141,145,127,102,73,45,33,0,0,0,0,0,4,0,0,0,0,0,0,58,57,58,56,61,63,66,67,64,58,55,61,12.48,15.33,11.17,10.3,4.54,2.81,4.26,3.35,2.54,5.82,8.14,16.4,0.223199993371964,0.772800028324127,0.777599990367889,0.693599998950958,0.193800002336502,0.193599998950958,0.458399996161461,0.193599998950958,0.777599990367889,72.4104309082031,-49.5078125,207.235961914062,1.03804683685303,9.79253673553467,1044.2099609375,2.80999994277954,0.370000004768372,19.8500003814697,186.619995117188,38890.5,31239,53,135,6,34.0499992370605,73.0800018310547,4472.43994140625,140.539993286133,100.410003662109,96.25,9,0.999000012874603,0.00100000004749745,0,0,0,0,0,0,0,0,0,0.800000011920929,11,17,8.69999980926514,5.80000019073486,4.69999980926514,50,31,112.599998474121,32.8488388061523,15318,8112.5,20684.5,3.97499990463257,2.79999995231628,5.09999990463257,0.927499949932098,0.444999992847443,1.8199999332428,12.8431177139282,0,0,0,0,0,0,0,0,0,0,155246.828125,0,5.19774198532104,0.967142879962921,0.339677423238754,0,0,0,0,0,0,0,0,0,35612.40234375,38572.125,42512.95703125,46636.1953125,50063.671875,51723.4375,50822.7578125,47762.5234375,43750.36328125,39637.2890625,36242.79296875,34670.07421875,NA,NA,NA,NA,NA,NA
"19",35.4374,-83.24832,"RAP0864",1095.36389160156,12.3,21.4,2.2,19.2,1815,705,12.3,30.4,113,294,181,0,100.62,94,3008,2434,382,1608,-22.8,34,1004,15.1,227,16,66,7.3,10,13.4,18.3,21.9,24.8,26.1,25.1,23.1,18.5,13,9.9,-2.9,-1.1,2.1,5.9,10.9,14.6,16.6,15.9,13.7,7.5,1.3,0.2,2.2,4.4,7.8,12.1,16.4,19.7,21.4,20.5,18.4,13,7.2,5,151,175,150,170,133,141,158,139,134,148,130,186,10.5,11.6,15.8,19.6,19.3,21,19.3,17.4,14.4,13,10.3,9.2,40,20,7,1,0,0,0,0,0,0,6,18,34,50,115,214,354,440,508,480,402,250,97,64,492,377,318,187,79,24,8,14,44,166,325,400,0,0,1,7,28,77,112,92,56,9,0,0,9,0,4,29,31,30,31,31,30,31,2,0,11,3,0,0,0,0,0,0,0,0,0,1,32,43,71,102,126,134,137,120,94,70,43,32,0,0,0,0,0,0,0,0,0,0,0,0,64,62,63,61,66,69,72,72,71,65,62,67,13.35,14.68,10.28,9.3,4.27,3.8,5.06,3.87,4.33,7.36,8.55,15.77,0.266400009393692,0.72079998254776,0.73360002040863,0.600399971008301,0.270000010728836,0.277999997138977,0.439199984073639,0.266400009393692,0.73360002040863,60.5864715576172,-53.0685577392578,140.992553710938,0.940861582756042,9.01373767852783,1067.34997558594,2.60999989509583,0.379999995231628,19.6000003814697,194.619995117188,39946.5,31927.5,58,135,6,35.1699981689453,74.7200012207031,4535.759765625,143.039993286133,48.3400001525879,106,5,1,0,0,0,0,0,0,0,0,0,0,1.10000002384186,9,21,7.59999990463257,5,5.09999990463257,47,30,116.199996948242,31.4269771575928,15467.25,8091,21159.5,3.77499997615814,2.70000004768372,4.80000019073486,0.955000042915344,0.454999983310699,1.87000000476837,0,0,0,533036,351171.65625,0,0,0,0,0,0,0,0,4.11806488037109,0.151071429252625,0.157096773386002,0,0,0,0,0,0,0,0,0,35645.2890625,38591.875,42515.86328125,46621.58984375,50034.0546875,51686.26171875,50789.70703125,47743.05078125,43748.03515625,39652.44140625,36272.83203125,34707.28125,NA,NA,NA,NA,NA,NA
"20",35.27616,-82.9269,"RAP0874",1298.31323242188,12,20.8,2,18.8,2202,871,10,23.9,112,295,183,0,143.79,100,2898,2511,334,1523,-22.7,33,961,15.1,229,20,69,6.8,9.1,12.3,17.9,21.5,24.2,25.4,24.1,21.9,17.4,12.4,9.4,-2.8,-0.9,2,6.2,11,14.4,16.1,15.6,13.8,7.8,1.7,0.4,2,4.1,7.2,12,16.2,19.3,20.8,19.9,17.9,12.6,7,4.9,179,182,152,200,176,158,186,187,164,214,177,227,11.3,11.2,15.7,19.4,18.7,20.7,18.7,17,13.7,13.4,11.2,9.9,42,22,9,1,0,0,0,0,0,0,7,19,32,46,101,210,348,428,490,462,387,238,93,62,499,385,337,190,83,28,10,18,51,177,331,403,0,0,1,7,26,69,98,78,48,7,0,0,9,0,4,30,31,30,31,31,30,31,3,0,14,3,0,0,0,0,0,0,0,0,0,1,31,40,66,99,123,130,134,114,86,65,42,31,0,0,0,0,0,0,0,0,0,0,0,0,66,66,66,63,68,70,72,74,75,69,65,70,16.25,15.68,11.05,12.48,8.74,5.78,8.13,9.3,8.23,14.64,13.5,20.01,0.231199994683266,0.740800023078918,0.740800023078918,0.634800016880035,0.19990000128746,0.279199987649918,0.457000002264977,0.19990000128746,0.740800023078918,45.2449493408203,-41.3386077880859,102.999145507812,0.919945955276489,7.98076105117798,1023.03002929688,0,0.469999998807907,19.5499992370605,220.770004272461,38824.5,31144.5,53,137,6,33.9199981689453,71.4199981689453,4328.490234375,136.580001831055,99.0899963378906,98.75,8,1,0,0,0,0,0,0,0,0,0,0,0.899999976158142,8,18,10.3999996185303,5.69999980926514,4.80000019073486,51,29,161.5,30.2033424377441,15464.75,8310,20788,4.25,3,5.44999980926514,0.924999952316284,0.444999992847443,1.8050000667572,0,0,13011.1669921875,1339920.125,195086.5,0,0,0,0,0,0,0,0,0,0,0,0,0,0,0,0,0,0,0,0,35694.421875,38621.39453125,42520.20703125,46599.7578125,49989.796875,51630.72265625,50740.3359375,47713.953125,43744.55859375,39675.08984375,36317.7109375,34762.86328125,NA,NA,NA,NA,NA,NA
"21",35.2533,-82.91952,"RAP0877",1172.00915527344,12.4,21.4,2.4,19,2186,878,10.2,24.4,111,295,183,0,137.71,91,3032,2407,385,1625,-22.6,33.7,1000,15.2,229,16,67,7.5,9.8,13.1,18.8,22.3,25,26.1,24.9,22.6,18.1,13,9.9,-2.7,-0.9,2.2,6.3,11,14.8,16.6,16,14,7.8,1.6,0.3,2.4,4.4,7.7,12.6,16.6,19.9,21.4,20.4,18.3,13,7.3,5.1,169,176,154,201,181,157,192,193,155,214,173,221,11.2,11.4,15.8,19.6,18.8,20.9,18.8,17.1,14,13.5,11.1,9.9,38,20,8,1,0,0,0,0,0,0,6,18,35,50,112,229,360,446,508,477,399,250,99,65,486,377,321,173,74,22,8,14,45,166,322,397,0,0,1,8,30,81,112,90,54,9,0,0,9,0,4,30,31,30,31,31,30,31,2,0,12,3,0,0,0,0,0,0,0,0,0,1,32,42,69,104,129,135,137,118,90,68,43,33,0,0,0,0,0,0,0,0,0,0,0,0,64,64,64,61,66,69,72,73,74,68,63,68,15.06,14.83,10.83,12.08,8.68,5.2,8.38,9.43,6.92,14.26,12.8,19.24,0.221599996089935,0.763999998569489,0.815199971199036,0.708000004291534,0.230800002813339,0.26240000128746,0.485200002789497,0.221599996089935,0.815199971199036,57.4051208496094,-46.810546875,148.737915039062,1.04352557659149,8.83592319488525,1016.25,0,0.479999989271164,19.4500007629395,225.199996948242,38560.5,30955.5,52,136,6,33.7099990844727,71.25,4288.240234375,135.399993896484,98.3899993896484,96.25,9,0.998700022697449,0.00130000000353903,0,0,0,0,0,0,0,0,0,0.899999976158142,8,20,9.10000038146973,5.59999990463257,4.80000019073486,52,26,147.399993896484,33.1718559265137,15486.25,8353,20944.5,4.09999990463257,2.90000009536743,5.25,0.940000027418137,0.449999988079071,1.82999992370605,0,0,13011.1669921875,1339920.125,195086.5,0,0,0,0,0,0,0,0,0,0,0,0,0,0,0,0,0,0,0,0,35694.421875,38621.39453125,42520.20703125,46599.7578125,49989.796875,51630.72265625,50740.3359375,47713.953125,43744.55859375,39675.08984375,36317.7109375,34762.86328125,NA,NA,NA,NA,NA,NA
"22",35.33976,-82.79116,"RAP0881",975.857116699219,12.8,22.1,2.4,19.7,2135,828,10.7,26.7,112,293,182,0,128.39,88,3141,2349,442,1716,-23.1,34.7,1042,15.3,228,15,65,7.9,10.6,14.3,19.3,22.8,25.7,27,25.8,23.6,18.9,13.4,10.5,-3.1,-1,2.3,6.1,11,15.1,17.3,16.5,14,7.4,1.1,0,2.4,4.8,8.3,12.7,16.9,20.4,22.1,21.1,18.8,13.1,7.2,5.2,157,180,152,194,174,143,190,159,162,199,189,236,10.9,11.7,15.9,19.7,19,21.2,19,17.3,14.4,13.6,10.9,9.6,38,18,6,1,0,0,0,0,0,0,6,17,36,55,127,232,369,461,529,499,414,253,98,67,486,366,303,171,69,18,6,10,39,163,325,394,0,0,2,9,34,90,129,107,63,9,0,0,8,0,5,29,31,30,31,31,30,31,1,0,11,2,0,0,0,0,0,0,0,0,0,1,33,45,74,107,133,139,141,123,96,72,45,34,0,0,0,0,0,0,0,0,0,0,0,0,61,61,61,59,64,68,71,72,71,64,60,65,13.8,14.95,9.95,11.14,7.75,3.45,7.78,5.56,6.92,12.25,14.28,20.55,0.254799991846085,0.746399998664856,0.746399998664856,0.63400000333786,0.254799991846085,0.280000001192093,0.457000002264977,0.254799991846085,0.746399998664856,19.6034393310547,-18.4406127929688,67.8789672851562,1.01411092281342,12.8699951171875,1120.42004394531,7.19000005722046,0.330000013113022,19.8999996185303,183.759994506836,48582,34803,70,148,7,37.8300018310547,78.3300018310547,4671.259765625,148.839996337891,108.470001220703,139.5,11,1,0,0,0,0,0,0,0,0,0,0,1,11,21,7.59999990463257,5.30000019073486,4.90000009536743,54,23,106,31.5522937774658,15489.75,8349,20924,3.42499995231628,2.44999980926514,4.30000019073486,1.00499999523163,0.475000023841858,1.95499992370605,0,0,13011.1669921875,1339920.125,195086.5,0,0,0,0,0,0,0,0,0,0,0,0,0,0,0,0,0,0,0,0,35678.0703125,38611.5703125,42518.76171875,46607.0234375,50004.52734375,51649.20703125,50756.765625,47723.63671875,43745.71484375,39667.55078125,36302.7734375,34744.3671875,NA,NA,NA,NA,NA,NA
"23",35.35499,-83.34524,"RAP0927",1051.37609863281,12.8,21.9,2.6,19.3,1685,599,13.5,36.6,111,295,184,69,82.72,84,3143,2323,431,1708,-22.4,34.7,1042,15.3,231,13,65,7.8,10.5,14.1,18.9,22.5,25.5,26.9,25.9,23.8,19.2,13.6,10.4,-2.6,-0.7,2.4,6.2,11.1,14.9,16.8,16.1,13.9,7.8,1.6,0.5,2.6,4.9,8.2,12.5,16.8,20.2,21.9,21,18.9,13.5,7.6,5.4,146,171,139,168,110,117,116,128,128,158,127,177,10.8,11.6,15.9,19.6,19.1,21.2,19.2,17.5,14.6,13.6,10.8,9.5,36,18,7,1,0,0,0,0,0,0,5,17,37,56,124,226,366,455,523,496,417,266,106,70,480,363,306,176,70,20,6,11,38,152,313,388,0,0,2,8,32,86,124,104,65,11,0,0,9,0,6,30,31,30,31,31,30,31,2,1,9,2,0,0,0,0,0,0,0,0,0,1,33,44,73,105,130,139,143,126,98,73,45,33,0,0,0,0,20,22,27,0,0,0,0,0,63,62,62,61,65,68,70,71,70,64,61,67,12.68,14.06,8.74,8.79,1.57,0.88,0.16,2.1,3.22,7.98,7.89,14.65,0.308400005102158,0.748000025749207,0.748000025749207,0.624400019645691,0.297199994325638,0.239600002765656,0.466400012373924,0.239600002765656,0.748000025749207,52.2888336181641,-46.9467315673828,130.297485351562,1.0337907075882,7.63213586807251,1094.90002441406,2.84999990463257,0.379999995231628,19.6000003814697,195.570007324219,45198,32872.5,63,138,7,36.3499984741211,76.9499969482422,4611.22998046875,145.929992675781,50.0200004577637,117,3,1,0,0,0,0,0,0,0,0,0,0,1,8,22,9.30000019073486,5.59999990463257,4.90000009536743,46,30,139,30.8063850402832,15465.75,8131.5,21050.5,3.625,2.59999990463257,4.59999990463257,0.975000023841858,0.464999973773956,1.89999997615814,0,0,0,376653.5,12977.1669921875,0,0,0,0,0,0,0,0,3.43064522743225,0.0264285709708929,0.239032253623009,0,0,0,0,0,0,0,0.103666663169861,0.0380645133554935,35661.69140625,38601.73046875,42517.3125,46614.30078125,50019.27734375,51667.71875,50773.2265625,47733.3359375,43746.875,39660,36287.8125,34725.83984375,NA,NA,NA,NA,NA,NA
"24",35.08282,-82.76555,"RAP0934",856.117980957031,13.6,23,3.1,19.9,2366,1036,10,22.2,107,298,191,0,148.13,72,3396,2151,540,1908,-22,35.6,1070,15.3,240,12,66,8.6,11.3,15.3,20,23.5,26.4,27.8,26.7,24.4,19.6,14,11,-2.4,-0.4,3.1,7.1,11.9,16.1,18.2,17.3,15,8.4,2.2,0.8,3.1,5.4,9.2,13.6,17.7,21.2,23,22,19.7,14,8.1,5.9,172,178,160,204,224,197,245,212,158,196,180,240,10.6,11.8,15.9,19.7,19.3,20.9,19.4,17.6,14.6,13.3,10.6,9.3,32,16,5,0,0,0,0,0,0,0,5,14,43,64,150,259,394,485,557,526,441,281,118,79,465,349,275,146,54,13,4,7,30,139,298,373,0,0,3,13,44,103,156,127,80,13,1,0,9,0,11,30,31,30,31,31,30,31,5,1,9,2,0,0,0,0,0,0,0,0,0,1,35,47,78,110,135,141,144,127,98,74,46,35,0,0,0,0,0,0,0,0,0,0,0,0,62,61,61,60,65,69,72,72,72,65,62,66,15.05,14.44,10.08,11.99,12.56,8.71,12.99,10.44,6.3,11.82,13.02,20.73,0.331000000238419,0.703599989414215,0.703599989414215,0.570800006389618,0.350400000810623,0.30919998884201,0.460600003600121,0.30919998884201,0.703599989414215,19.1617813110352,-17.9650955200195,55.7218017578125,0.991028428077698,7.78584766387939,1143.85998535156,0,0.419999986886978,19.9500007629395,217.410003662109,52272,36963,77,158,7,39.3400001525879,109.769996643066,4681.39990234375,150.190002441406,111.529998779297,164.75,4,1,0,0,0,0,0,0,0,0,0,0,1,8,28,7.5,5,5,45,24,130.5,30.1167659759521,15717.5,8513,21341.5,3.32500004768372,2.44999980926514,4.14999961853027,1.04750001430511,0.495000004768372,2.0149998664856,0,0,0,39153,0,0,0,0,0,0,0,0,0,0,0,0,0,0,0,0,0,0,0,0,0,35743.32421875,38650.78125,42524.53515625,46578.0234375,49945.75,51575.453125,50691.19921875,47684.984375,43741.08984375,39697.63671875,36362.3828125,34818.1796875,NA,NA,NA,NA,NA,NA
"25",35.28291,-82.30019,"RAP0936",333.304046630859,15.5,25.4,4.6,20.8,1898,829,13.4,30.6,103,301,198,19,78.57,47,4006,1761,865,2405,-20.9,39.1,1245,15.8,252,5,60,10.8,14.1,17.6,22.7,26.5,30.2,31.5,30.2,27.9,23,16.8,13.4,-1.6,0.5,3.7,7.7,12.8,17.1,19.3,18.4,15.8,9,2.7,1.4,4.6,7.3,10.7,15.2,19.6,23.6,25.4,24.3,21.9,16,9.8,7.4,135,139,122,179,167,156,164,178,164,169,142,183,9.8,12.2,15.9,19.9,20.4,22.5,21,18.9,16,14,10.4,8.7,22,9,3,0,0,0,0,0,0,0,3,10,61,97,190,306,451,557,631,597,506,342,159,109,419,296,229,104,30,5,1,2,15,89,247,326,0,1,5,22,76,172,230,196,131,28,3,1,11,0,17,30,31,30,31,31,30,31,8,2,4,0,0,0,0,0,0,0,0,0,0,0,40,54,87,124,154,168,171,150,117,87,53,40,0,0,0,0,0,12,7,0,0,0,0,0,58,56,57,55,60,62,65,66,65,58,56,61,10.61,9.21,5.09,8.07,4.97,1.54,1.78,4.33,4.36,7.16,7.49,13.97,0.277200013399124,0.594399988651276,0.684400022029877,0.572000026702881,0.333000004291534,0.287400007247925,0.452500015497208,0.277200013399124,0.684400022029877,28.2698249816895,-22.929630279541,89.6732177734375,0.999190926551819,9.55288505554199,1275.59997558594,22.3199996948242,0.0900000035762787,20.6000003814697,147.880004882812,63216,56611.5,102,183,7,44.3600006103516,88.9000015258789,5224.81982421875,168.080001831055,123.860000610352,240,4,0.949599981307983,0.0498000010848045,0,0.000199999994947575,0,0,0,0.00039999998989515,0,0,0,1.20000004768372,18,22,4.09999990463257,4.40000009536743,5.09999990463257,49,27,68.0999984741211,28.249116897583,15799.75,8547.5,21621,2.32500004768372,1.89999997615814,2.95000004768372,1.17249995470047,0.544999957084656,2.25500011444092,0,0,104070.3359375,0,0,0,0,0,0,0,0,12986.6669921875,0,0,0,0,0,0,0,0,0,0,0,0,0,35694.421875,38621.39453125,42520.20703125,46599.7578125,49989.796875,51630.72265625,50740.3359375,47713.953125,43744.55859375,39675.08984375,36317.7109375,34762.86328125,NA,NA,NA,NA,NA,NA
"26",36.37189,-81.15719,"RAP0947",518.844360351562,13.2,23.8,1.9,21.9,1549,701,15,34,115,292,177,53,60.04,96,3339,2325,588,1919,-24.1,37.8,1137,15.3,221,10,60,7.8,10.9,14.5,20.1,24.3,27.9,29.8,28.4,25.7,20.6,14.5,11,-4.1,-2,1,5.6,11.1,15.1,17.7,16.6,13.8,7.1,0.4,-0.9,1.9,4.4,7.8,12.9,17.7,21.5,23.8,22.5,19.8,13.9,7.4,5,91,114,107,167,165,130,150,129,127,153,112,104,9.6,11.7,15.7,19.6,19.7,22.1,20.2,18.3,15.3,13.3,9.9,8.5,43,20,7,1,0,0,0,0,0,0,6,18,32,51,117,239,394,494,582,542,444,278,103,65,502,377,318,165,54,12,2,5,29,141,319,400,0,0,2,11,45,111,181,141,82,13,1,0,7,0,1,29,31,30,31,31,30,31,0,0,7,2,0,0,0,0,0,0,0,0,0,1,33,45,76,112,143,157,163,142,108,78,46,34,0,0,0,0,0,27,13,13,0,0,0,0,58,57,57,56,61,63,65,66,65,59,55,60,7.39,8.44,5.63,8.17,6.05,0.43,1.41,0.41,1.87,6.75,6.17,7.32,0.29679998755455,0.677200019359589,0.724799990653992,0.635200023651123,0.305599987506866,0.303600013256073,0.470400005578995,0.29679998755455,0.724799990653992,34.2634925842285,-17.1133079528809,104.237609863281,0.927719116210938,10.4080829620361,1209.97998046875,27.2000007629395,0,21.5,123.099998474121,54108,38583,76,162,7,38.2200012207031,39.2799987792969,5271.97021484375,164.350006103516,163.339996337891,174.5,4,0.994599997997284,0.00540000014007092,0,0,0,0,0,0,0,0,0,1.10000002384186,12,14,3.40000009536743,3.79999995231628,4.80000019073486,45,39,61.9000015258789,29.6858806610107,15110,7951,20800.5,2.07499986886978,1.54999995231628,2.70000004768372,1.07499998807907,0.480000019073486,2.11500000953674,0,0,76996.1640625,141119.5,0,0,0,0,0,0,0,0,0,0,0,0,0,0,0,0,0,0,0,0,0,35379.18359375,38432.17578125,42492.3671875,46739.67578125,50273.66015625,51987.17578125,51057.10546875,47900.48828125,43766.85546875,39529.9453125,36029.8359375,34406.125,NA,NA,NA,0.260184556245804,NA,NA
"27",35.27686,-82.89192,"RAP0967",1091.76293945312,12.5,21.4,2.5,18.9,2189,892,10.3,24,112,294,182,0,135.72,89,3051,2386,391,1639,-22.7,34,1026,15.2,228,16,66,7.7,10,13.5,19.1,22.6,25.3,26.5,25.2,22.9,18.3,13.2,10.1,-2.7,-0.8,2,6.1,10.9,14.5,16.4,15.8,13.8,7.7,1.5,0.3,2.5,4.6,7.8,12.6,16.8,19.9,21.4,20.5,18.4,13,7.3,5.2,169,175,152,197,182,165,193,195,157,212,174,218,11.3,11.4,15.9,19.7,18.7,21.2,18.7,17.1,14.1,13.7,11.3,10,37,19,7,1,0,0,0,0,0,0,6,17,36,52,115,229,366,446,508,480,402,250,99,67,483,371,318,173,70,22,8,14,44,166,322,394,0,0,1,8,32,81,112,92,56,8,0,0,9,0,4,29,31,30,31,31,30,31,2,0,11,2,0,0,0,0,0,0,0,0,0,1,33,43,71,106,132,139,141,122,93,69,44,33,0,0,0,0,0,0,0,0,0,0,0,0,63,64,63,60,64,68,70,72,72,67,62,67,15.01,14.67,10.42,11.48,8.57,5.67,8.05,9.33,6.85,13.96,12.82,18.88,0.231199994683266,0.759999990463257,0.854399979114532,0.635599970817566,0.272799998521805,0.251599997282028,0.454199984669685,0.231199994683266,0.854399979114532,46.4137115478516,-45.0699920654297,107.782348632812,0.95035707950592,13.0152978897095,1070.48999023438,0,0.419999986886978,19.6000003814697,210.089996337891,45432,32953.5,62,142,7,35.8899993896484,74.7799987792969,4491.919921875,142.610000610352,103.540000915527,120,6,1,0,0,0,0,0,0,0,0,0,0,1,11,20,9.80000019073486,5.59999990463257,4.90000009536743,52,26,138,32.8620834350586,15486.25,8355,20882,3.87499988079071,2.75,4.90000009536743,0.965000033378601,0.459999978542328,1.87999999523163,0,0,13011.1669921875,1339920.125,195086.5,0,0,0,0,0,0,0,0,0,0,0,0,0,0,0,0,0,0,0,0,35694.421875,38621.39453125,42520.20703125,46599.7578125,49989.796875,51630.72265625,50740.3359375,47713.953125,43744.55859375,39675.08984375,36317.7109375,34762.86328125,NA,NA,NA,NA,NA,NA
"28",35.42858,-82.83357,"RAP0993",1062.57092285156,11.5,21,1.1,19.9,1634,651,13.2,32.3,120,285,165,41,78.26,123,2784,2679,323,1460,-25.5,34.5,1064,15.5,212,20,60,7,9.9,13.5,18.1,21.9,25.1,26.5,25.4,23.4,18.6,13.1,9.9,-4.8,-2.9,0.4,4.2,9.1,13.1,15.4,14.4,11.9,5.3,-1,-1.9,1.1,3.5,7,11.2,15.5,19.1,21,19.9,17.6,12,6,4,116,143,120,158,131,121,135,125,139,152,127,167,10.9,12.2,15.9,19.8,18.9,22.1,19,17.4,14.7,14,11,9.6,53,26,9,1,0,0,0,0,0,1,9,24,26,40,98,191,327,422,496,462,378,218,75,51,526,402,343,211,99,30,9,18,56,192,360,431,0,0,1,5,21,65,103,78,44,6,0,0,6,0,0,23,31,30,31,31,30,29,0,0,13,4,0,0,0,0,0,0,0,0,1,2,32,44,74,105,133,143,147,130,102,75,45,34,0,0,0,0,2,22,12,5,0,0,0,0,58,56,58,57,61,64,67,67,65,59,54,60,10.07,11.65,7.31,7.87,3.54,0.96,1.85,1.57,3.93,7.17,8.35,13.98,0.241600006818771,0.618799984455109,0.750400006771088,0.646799981594086,0.214599996805191,0.356799989938736,0.487799987196922,0.214599996805191,0.750400006771088,50.5211715698242,-28.6959609985352,144.787048339844,1.04429173469543,8.03105354309082,1084.09997558594,5.65999984741211,0.340000003576279,19.75,183.580001831055,45702,33142.5,63,142,7,36.0999984741211,75.8099975585938,4577.06982421875,144.880004882812,104.580001831055,121.75,4,0.985400021076202,0.0137000000104308,0,0,0.000300000014249235,0.000600000028498471,0,0,0,0,0,1,10,21,7.90000009536743,5.30000019073486,5.19999980926514,49,27,115.699996948242,29.1032238006592,15497.25,8278,21084.5,3.72500002384186,2.65000009536743,4.69999980926514,0.965000033378601,0.459999978542328,1.87999999523163,5.57167339324951,0,13011.1669921875,1339920.125,195086.5,0,0,0,0,0,0,0,0,0.0948387086391449,0,0.0258064512163401,0,0,0,0,0,0,0,0,0,35645.2890625,38591.875,42515.86328125,46621.58984375,50034.0546875,51686.26171875,50789.70703125,47743.05078125,43748.03515625,39652.44140625,36272.83203125,34707.28125,NA,NA,NA,NA,NA,NA
"29",31.58505,-87.965,"RAP1016",60.4622840881348,18.9,27.4,8.8,18.6,1616,696,17.9,39.4,59,327,268,143,29.7,15,5126,1035,1366,3313,-16,40.5,1433,16.9,345,1,61,15.5,18.6,22.5,25.7,29.4,32.3,33,33.1,31.2,26.6,20.6,17.4,2.1,5.2,8.4,11.3,15.4,20.2,21.7,21.4,19,12.4,5.9,4.8,8.8,11.9,15.4,18.5,22.4,26.2,27.4,27.2,25.1,19.5,13.2,11.1,129,166,132,151,114,173,148,154,107,93,86,163,10,13.5,17.2,20.8,22.5,22,23.1,21,17.8,14.9,11,9.2,7,3,1,0,0,0,0,0,0,0,1,4,145,199,328,404,535,635,692,686,601,448,250,202,289,176,103,43,12,2,0,1,5,32,155,217,3,6,25,58,139,247,291,286,215,80,12,6,18,27,31,30,31,30,31,31,30,31,29,26,1,0,0,0,0,0,0,0,0,0,0,0,56,71,110,140,172,175,176,166,136,107,69,55,0,0,0,0,58,2,28,12,29,14,0,0,58,58,58,58,60,66,68,67,65,58,55,60,7.37,9.37,3.98,3.98,-2.04,2.55,-0.06,0.24,-3.28,-2.32,0.19,9.72,0.374399989843369,0.469199985265732,0.607599973678589,0.489600002765656,0.365799993276596,0.368800014257431,0.42179998755455,0.365799993276596,0.607599973678589,6.96104574203491,6.94770479202271,19.4470748901367,1.02837800979614,8.97572040557861,1476.4599609375,26.5300006866455,0.0399999991059303,18.7000007629395,166.419998168945,78552,78552,148,203,10,61.0400009155273,108.5,5060.56005859375,180.979995727539,78.6999969482422,348.5,10,0.993600010871887,0.00570000009611249,0,0,0.00039999998989515,0.000300000014249235,0,0,0,0,0,1.29999995231628,2,23,3,3.59999990463257,5.09999990463257,32,42,49.0999984741211,20.1551246643066,16784.25,9600.5,22369,2.07499986886978,1.54999995231628,2.69999980926514,1.53000003099442,0.804999947547913,2.6399998664856,5.62525415420532,27147.666015625,135698.171875,149286,149440.671875,0,0,0,0,95113.6640625,0,81484,461235,0,0,0,0,0,0,0,0,0,0,0,0,36691.22265625,39222.078125,42608.78125,46155.14453125,49091.1953125,50505.44140625,49738.7421875,47121.78125,43673.6171875,40136.25,37228.9140625,35889.04296875,NA,NA,NA,NA,NA,NA
"30",31.72071,-87.46518,"RAP1030",83.7069091796875,18.8,27.2,8.8,18.4,1498,614,19.2,44.3,57,328,271,223,21.09,15,5090,1043,1337,3278,-15.7,40.2,1405,16.8,347,1,62,15.3,18.4,22.2,25.4,29,32,32.7,32.7,30.9,26.4,20.4,17.2,2.4,5.3,8.5,11.3,15.5,20.4,21.7,21.4,18.9,12.5,6,4.9,8.8,11.8,15.3,18.4,22.2,26.2,27.2,27,24.9,19.4,13.2,11.1,130,161,127,137,107,149,126,131,101,77,83,169,10,13.3,17,20.7,22.2,21.7,22.8,20.8,17.7,14.8,10.9,9.1,7,3,1,0,0,0,0,0,0,0,1,4,145,197,324,401,529,635,686,680,595,445,250,202,289,179,106,44,12,2,0,1,5,33,155,217,3,6,24,56,134,247,285,279,209,77,11,6,19,27,31,30,31,30,31,31,30,31,30,26,1,0,0,0,0,0,0,0,0,0,0,0,55,69,108,138,168,171,173,162,134,105,68,54,0,0,0,1,61,22,47,31,33,28,0,0,59,59,59,58,61,67,69,68,66,59,56,61,7.58,9,3.71,2.83,-2.3,0.59,-1.91,-1.57,-3.6,-3.72,0.03,10.44,0.250200003385544,0.736000001430511,0.736000001430511,0.575999975204468,0.340400010347366,0.39640000462532,0.486199989914894,0.250200003385544,0.736000001430511,28.8540439605713,15.6527080535889,77.1091079711914,1.05498051643372,7.83505153656006,1455.42004394531,29.2299995422363,0.0199999995529652,19,159.050003051758,77670,77670,143,203,9,59.7799987792969,106.76000213623,5031.72998046875,179.059997558594,77.3099975585938,339,4,0.993300020694733,0.00540000014007092,0,0,0.00130000000353903,0,0,0,0,0,0,1.39999997615814,8,20,3,4.09999990463257,5.19999980926514,44,32,46.7000007629395,27.7013492584229,16729,9575,22297,2.19999992847443,1.65000009536743,2.80000019073486,1.5,0.784999966621399,2.60500001907349,0,0,216992,325344.15625,0,0,0,0,0,0,122134.1640625,149324.828125,149242.328125,0,0,0,0,0,0,0,0,0,0,0,0,36661.44140625,39204.08203125,42606.12109375,46168.47265625,49118.0625,50539.0234375,49768.6640625,47139.5234375,43675.74609375,40122.42578125,37201.66796875,35855.43359375,NA,NA,NA,NA,NA,NA
"31",36.25141,-82.36431,"RAP1050",693.449829101562,12.9,23,1.8,21.2,1527,687,15,33.5,116,291,175,38,57.33,100,3243,2371,525,1838,-24.1,37.1,1134,15.5,221,13,60,7.5,10.5,14.4,19.8,24.1,27.6,29,28,26,20.6,14.1,10.5,-4,-1.9,1.2,5.3,10.7,14.6,16.9,16,13.2,6.8,0.1,-0.8,1.8,4.3,7.8,12.6,17.4,21.1,23,22,19.6,13.7,7.1,4.8,115,131,111,149,142,141,171,126,107,108,95,131,9.9,11.7,15.8,19.7,19.6,22.4,20,18.2,15.4,13.7,10.2,8.7,45,21,7,1,0,0,0,0,0,0,6,19,31,49,116,230,385,482,557,526,438,272,96,61,505,380,318,173,59,14,4,7,31,147,328,407,0,0,2,9,41,100,156,127,78,12,0,0,7,0,1,28,31,30,31,31,30,31,0,0,10,2,0,0,0,0,0,0,0,0,0,1,32,44,75,111,143,157,160,142,112,79,46,33,0,0,0,0,1,16,0,16,5,0,0,0,59,58,58,56,60,62,65,65,62,58,55,62,9.83,10.24,5.99,6.35,3.61,1.42,3.83,0.06,-0.85,2.02,4.65,10.18,0.30239999294281,0.713599979877472,0.723599970340729,0.723599970340729,0.30239999294281,0.348600000143051,0.531099990010262,0.30239999294281,0.723599970340729,32.3693161010742,-32.3693161010742,83.0795288085938,0.961881697177887,12.4046049118042,1140.17004394531,21.9799995422363,0.0599999986588955,20.9500007629395,128.830001831055,50076,36112.5,66,154,7,36.0200004577637,52.9300003051758,4953.85986328125,154.610000610352,153.470001220703,143.75,12,0.995400011539459,0.00460000010207295,0,0,0,0,0,0,0,0,0,1.20000004768372,14,20,3.79999995231628,4.80000019073486,4.90000009536743,38,40,65.9000015258789,31.210506439209,15092.5,7690,20796.5,2.52499997615814,1.79999995231628,3.15000009536743,1.02999997138977,0.475000023841858,2.02500009536743,7.72417879104614,0,0,0,0,0,0,0,0,12831.6669921875,0,12819.3330078125,0,1.8664516210556,0,0.0429032258689404,0,0,0,0,0,0,0,0,0,35412.828125,38452.3515625,42495.3359375,46724.76171875,50243.37109375,51949.1171875,51023.296875,47880.59765625,43764.4765625,39545.41796875,36060.55078125,34444.2109375,NA,NA,NA,NA,NA,NA
"32",35.08703,-84.51431,"RAP1068",370.365478515625,15.3,25.3,3.9,21.4,1880,756,13.5,33.5,103,302,199,40,79.37,53,3966,1822,862,2385,-20.7,39.5,1231,15.9,256,7,61,9.6,12.8,17,22.2,26.4,29.8,31.4,30.6,28.3,22.6,16.2,12.5,-1.8,1,4.1,8,12.9,17.1,19.2,18.4,15.5,9,2.7,1.8,3.9,6.9,10.6,15.1,19.6,23.5,25.3,24.5,21.9,15.8,9.4,7.2,145,178,164,180,142,154,162,145,153,133,130,194,9.7,11.7,16.1,20,20.7,22.4,21.5,19.5,16.4,13.7,10.2,8.6,26,11,3,0,0,0,0,0,0,0,3,10,52,90,188,304,451,554,628,603,506,335,150,105,440,307,232,106,30,5,1,2,15,93,259,332,0,0,5,22,77,169,227,203,131,26,3,1,10,0,21,30,31,30,31,31,30,31,8,3,6,1,0,0,0,0,0,0,0,0,0,0,37,50,84,120,153,165,171,154,121,86,52,38,0,0,0,0,11,11,9,9,0,0,0,0,61,62,59,57,60,63,65,65,63,59,57,65,12.08,13.81,9.7,8.6,2.55,1.75,1.6,0.5,2.66,3.84,6.74,15.54,0.284000009298325,0.59960001707077,0.680800020694733,0.574000000953674,0.299600005149841,0.255199998617172,0.436800003051758,0.255199998617172,0.680800020694733,39.2097473144531,-20.6743316650391,114.40478515625,0.932996690273285,12.8284463882446,1265.84997558594,22.4699993133545,0.150000005960464,21.5,152.440002441406,59508,41512.5,85,175,7,41.7299995422363,124.330001831055,5343.85009765625,169.039993286133,57.3400001525879,212.5,12,0.98879998922348,0,0,0,0.000300000014249235,0,0,0.0109000001102686,0,0,0,1.20000004768372,10,25,3.29999995231628,4.19999980926514,5.09999990463257,34,38,57.7999992370605,28.1958637237549,15539,8006,21441.5,2.19999992847443,1.75,2.75,1.18999993801117,0.564999997615814,2.2649998664856,0,0,156474.328125,1211880.5,260620.671875,0,0,0,0,0,0,0,0,0,0,0,0,0,0,0,0,0,0,0,0,35743.32421875,38650.78125,42524.53515625,46578.0234375,49945.75,51575.453125,50691.19921875,47684.984375,43741.08984375,39697.63671875,36362.3828125,34818.1796875,NA,NA,NA,NA,NA,NA
"33",33.38083,-86.92182,"RAP1071",214.192626953125,17.6,27,6.8,20.2,1553,559,17.8,48.3,71,322,251,218,38.19,25,4702,1323,1198,2969,-17.1,40.3,1297,16.2,326,2,64,12.6,15.5,19.8,24,27.6,31.4,32.5,32,30,24.6,18.1,14.6,1.1,4,7.4,10.6,15.1,19.8,21.6,21,18.2,11.9,5.2,4.1,6.8,9.8,13.6,17.3,21.4,25.6,27,26.5,24.1,18.2,11.7,9.3,136,174,140,170,106,128,124,116,85,92,110,172,9.7,12.2,16.5,20.2,21.5,21.6,22.3,20.2,17.2,13.9,10.2,8.7,12,5,1,0,0,0,0,0,0,0,1,6,99,152,273,369,505,617,680,665,571,408,206,155,351,226,149,61,16,2,1,1,7,48,194,267,1,3,13,41,116,230,279,264,185,56,6,3,16,17,31,30,31,30,31,31,30,31,28,20,2,0,0,0,0,0,0,0,0,0,0,0,45,58,95,128,157,167,170,156,126,93,58,44,0,0,0,0,51,39,46,40,41,1,0,0,62,63,62,60,63,67,69,69,66,62,60,66,9.77,11.73,6.36,7,-1.25,-1.26,-2.1,-2.59,-4.66,-0.92,3.97,12.15,0.362399995326996,0.661199986934662,0.5935999751091,0.537199974060059,0.368000000715256,0.303600013256073,0.452599987387657,0.303600013256073,0.661199986934662,22.3435134887695,19.0588417053223,48.3746032714844,0.975151300430298,8.39556312561035,1345.10998535156,25.6200008392334,0.0799999982118607,21.1000003814697,152.080001831055,71442,71442,113,204,9,49.6100006103516,130.270004272461,5194.47021484375,173.639999389648,66.2300033569336,289.5,40,0.981599986553192,0.0094999996945262,0,0,0.00329999998211861,0.00559999980032444,0,0,0,0,0,1.39999997615814,6,16,2.90000009536743,4.40000009536743,5.19999980926514,40,42,46.2999992370605,25.5556774139404,16185.75,8786.5,21870,2.47500002384186,1.89999997615814,3.09999990463257,1.35500007867813,0.679999947547913,2.47499990463257,45.5197410583496,0,0,0,0,0,0,0,0,0,0,119856,39944.16796875,0,0,0,0,0,0,0,0,0,0,0,0,36220.10546875,38937.74609375,42566.8203125,46365.67578125,49516.0859375,51036.94921875,50212.11328125,47402.08203125,43707.22265625,39917.890625,36798.0859375,35357.11328125,NA,NA,NA,NA,NA,NA
"34",33.92982,-85.50084,"RAP1075",329.686553955078,16,25.6,5,20.6,1529,554,17,46.2,95,308,214,211,41.43,41,4195,1638,951,2562,-20,39.4,1266,16.1,275,4,62,11,13.9,18.2,23.1,26.6,30.2,31.3,30.8,28.8,23.4,17.1,13.5,-1,1.5,5,8.9,13.5,18.1,19.9,19.2,16.4,10.2,3.6,2.1,5,7.7,11.6,16,20,24.1,25.6,25,22.6,16.8,10.4,7.8,141,167,141,157,112,128,109,108,97,93,105,171,9.9,12.4,16.4,20.3,21,22.1,21.7,19.7,16.8,13.9,10.4,8.8,20,8,2,0,0,0,0,0,0,0,2,9,68,106,215,331,463,572,637,619,527,366,174,119,406,284,203,86,26,4,1,2,12,72,229,314,0,1,7,28,85,186,236,218,147,36,4,2,12,1,28,30,31,30,31,31,30,31,17,4,4,0,0,0,0,0,0,0,0,0,0,0,42,55,90,126,154,165,168,154,124,90,56,42,0,0,0,0,42,37,59,46,27,0,0,0,60,60,59,57,62,65,67,67,64,60,58,63,11.09,12.08,6.88,5.85,-0.38,-0.8,-3.16,-3,-3.06,-0.43,3.67,12.69,0.288800001144409,0.599200010299683,0.599200010299683,0.532800018787384,0.362800002098083,0.268599987030029,0.447800010442734,0.268599987030029,0.599200010299683,45.5857086181641,-45.5857086181641,92.5890502929688,1.02957224845886,10.5246467590332,1303.52001953125,28.0799999237061,0.109999999403954,21.1000003814697,152.050003051758,64746,58063.5,99,188,9,46.310001373291,127.220001220703,5155.10009765625,169.399993896484,62.75,244.5,4,1,0,0,0,0,0,0,0,0,0,0,1.20000004768372,11,16,3.09999990463257,4.19999980926514,5.30000019073486,40,42,48.5,27.5605907440186,15895.75,8542,21677.5,2.22500002384186,1.75,2.75,1.26499998569489,0.620000004768372,2.34000015258789,0,4754406.5,5112696.5,8211206,662286.3125,251669.828125,0,0,0,66106.8359375,833280.3125,1165146.375,609305.8125,0,0,0,0,0,0,0,0,0,0,0,0,36063.578125,38843.4453125,42552.91796875,46435.47265625,49657.18359375,51213.671875,50369.39453125,47495.046875,43718.359375,39845.49609375,36655.0078125,35180.25,NA,NA,NA,NA,NA,NA
"35",33.52661,-85.72831,"RAP1077",310.438018798828,16.2,25.7,5.4,20.3,1503,531,17.4,48.4,96,306,210,254,34.58,37,4224,1590,949,2567,-20,39.5,1301,16.3,273,4,60,11.8,14.9,18.9,23.3,26.7,30.3,31.5,31.1,28.9,23.6,17.9,14.3,-1.1,1.7,4.9,8.5,13,17.8,19.9,19.1,16.2,9.6,3.4,2.2,5.4,8.3,11.9,15.9,19.9,24,25.7,25.1,22.5,16.6,10.6,8.2,147,170,146,155,108,134,113,93,83,86,105,163,10,12.7,16.6,20.5,21.2,22.4,21.9,19.9,16.9,14.1,10.6,9,18,7,2,0,0,0,0,0,0,0,2,8,74,118,222,328,460,569,640,622,524,360,179,128,394,268,195,88,27,4,1,1,12,76,223,301,0,2,8,27,82,183,239,221,145,34,4,2,12,1,27,30,31,30,31,31,30,31,15,4,3,0,0,0,0,0,0,0,0,0,0,0,45,58,95,128,158,167,170,157,126,93,59,45,0,0,0,0,50,33,57,64,43,7,0,0,57,58,57,56,60,64,67,66,63,58,55,61,11.34,11.75,6.92,5.4,-1.03,-0.43,-2.98,-4.89,-4.62,-1.45,3.16,11.41,0.247999995946884,0.649200022220612,0.649200022220612,0.567600011825562,0.340400010347366,0.277599990367889,0.454000011086464,0.247999995946884,0.649200022220612,10.8745460510254,-5.63061904907227,33.5459289550781,1.02765357494354,10.9173564910889,1337.55004882812,30.8799991607666,0.0700000002980232,20.7999992370605,150.020004272461,67212,60076.5,109,192,9,49.0299987792969,129.990005493164,5153.25,172.029998779297,65.8399963378906,262,6,0.999700009822845,0.000300000014249235,0,0,0,0,0,0,0,0,0,1.29999995231628,8,15,2.70000004768372,4.30000019073486,5.09999990463257,46,38,46.0999984741211,28.8554592132568,16020.5,8745,21840.5,2.27499985694885,1.75,2.80000019073486,1.30750000476837,0.644999980926514,2.39499998092651,0,292121.65625,7317938.5,4985168.5,1670499.375,795804.3125,0,0,0,0,225627.171875,1857246,0,0,0,0,0,0,0,0,0,0,0,0,0,36173.390625,38909.59375,42562.66796875,46386.515625,49558.19921875,51089.68359375,50259.0546875,47429.8359375,43710.546875,39896.27734375,36755.37890625,35304.3359375,NA,NA,NA,NA,NA,NA
"36",33.20582,-86.07947,"RAP1079",264.042449951172,16.8,26.1,6,20.1,1569,586,17.1,44.5,89,312,222,200,39.49,31,4420,1466,1042,2727,-19.3,39.8,1312,16.3,289,3,61,12.4,15.6,19.5,23.7,27.2,30.6,31.8,31.5,29.3,24.3,18.1,14.6,-0.4,2.4,5.8,9.3,13.7,18.6,20.4,19.9,16.9,10.6,4.2,2.6,6,9,12.7,16.5,20.4,24.6,26.1,25.7,23.1,17.4,11.2,8.6,150,175,142,152,111,145,123,120,87,88,106,170,10,12.9,16.6,20.5,21.3,21.8,22,20,17,14.3,10.7,9,15,6,2,0,0,0,0,0,0,0,2,7,85,134,246,345,475,587,652,640,542,384,192,138,376,248,174,75,23,3,1,1,10,61,206,289,1,2,10,33,93,201,252,239,159,44,5,2,13,3,30,30,31,30,31,31,30,31,22,7,3,0,0,0,0,0,0,0,0,0,0,0,46,60,97,129,159,166,170,157,127,95,60,46,0,0,0,0,48,21,47,37,40,7,0,0,58,58,58,57,61,66,68,67,64,59,57,61,11.33,11.76,6.35,5.03,-0.93,0.75,-2.03,-2.21,-4.31,-1.51,3.33,11.93,0.328399986028671,0.616400003433228,0.620800018310547,0.559599995613098,0.415199995040894,0.308800011873245,0.487399995326996,0.308800011873245,0.620800018310547,12.6228504180908,0.157976150512695,50.3974456787109,0.974572718143463,9.28672504425049,1363.64001464844,26.7800006866455,0.0700000002980232,20.2000007629395,154.110000610352,69102,69102,116,191,9,51.3899993896484,131.860000610352,5132.89013671875,173.789993286133,68.4000015258789,276,3,0.963299989700317,0.0361000001430511,0,0,0.000500000023748726,9.99999974737875e-05,0,0,0,0,0,1.29999995231628,11,18,3.40000009536743,4.19999980926514,5.30000019073486,45,35,49.7000007629395,26.7108821868896,16159,8895,21894.5,2.35000014305115,1.84999990463257,2.90000009536743,1.34499996900558,0.674999952316284,2.44500017166138,0,413329.5,3321008.75,5001591.5,2333976.25,840159.1875,867140,13361.1669921875,13345.1669921875,13345.5,1267190.375,1173819.5,573715.6875,0,0,0,0,0,0,0,0,0,0,0,0,36266.61328125,38965.78515625,42570.953125,46344.92578125,49474.15234375,50984.453125,50165.37890625,47374.4453125,43703.9140625,39939.4140625,36840.6015625,35409.65234375,NA,NA,NA,NA,NA,NA
"37",33.88908,-84.93813,"RAP1081",363.722015380859,16.1,25.9,4.9,21,1565,597,16.7,43.4,93,311,218,157,46.38,42,4233,1626,978,2595,-20,39.5,1250,16,281,4,63,10.9,13.8,18.2,22.9,26.6,30,31.4,30.8,28.6,23.2,17.3,13.6,-1.2,1.4,5.1,9,13.8,18.4,20.3,19.7,16.8,10.6,4.2,2.3,4.9,7.6,11.6,15.9,20.2,24.2,25.9,25.2,22.7,16.9,10.8,7.9,139,166,131,157,118,129,122,130,98,99,110,166,9.9,12.4,16.4,20.2,20.9,21.5,21.5,19.5,16.6,13.7,10.4,8.8,20,9,2,0,0,0,0,0,0,0,2,8,67,104,215,328,469,575,646,625,530,369,184,121,409,287,203,88,25,4,1,1,11,70,217,311,0,1,7,28,89,189,245,224,150,38,5,2,12,1,28,30,31,30,31,31,30,31,22,5,4,0,0,0,0,0,0,0,0,0,0,0,42,54,90,124,153,162,167,151,121,88,56,42,0,0,0,0,35,33,45,21,23,0,0,0,60,60,59,58,62,67,68,68,66,62,59,63,10.93,12.02,5.87,6.01,0.28,-0.38,-1.83,-0.6,-2.61,0.42,4.14,12.11,0.323399990797043,0.601999998092651,0.584800004959106,0.510800004005432,0.334800004959106,0.26460000872612,0.422800004482269,0.26460000872612,0.601999998092651,9.4963264465332,-2.54803848266602,26.3371276855469,1.0184633731842,10.3545894622803,1293.42004394531,29.0100002288818,0.0700000002980232,20.7999992370605,147.619995117188,65484,58624.5,102,190,9,46.5999984741211,125.23999786377,5087.490234375,167.449996948242,62.7900009155273,250,5,1,0,0,0,0,0,0,0,0,0,0,1.29999995231628,8,21,2.70000004768372,4.19999980926514,5.09999990463257,41,36,47,27.7865219116211,15824.75,8599,21699,2.15000009536743,1.75,2.59999990463257,1.26999998092651,0.615000009536743,2.34999990463257,7.21292018890381,0,330335.15625,792785,0,0,132486.5,0,0,0,0,0,0,0,0,0,0,0,0,0,0,0,0,0,0,36079.3359375,38852.9375,42554.31640625,46428.44921875,49642.98046875,51195.87890625,50353.5625,47485.69140625,43717.23828125,39852.78125,36669.41015625,35198.05859375,NA,NA,NA,NA,NA,NA
"38",34.24335,-84.67197,"RAP1083",320.420135498047,16.4,26.3,5,21.3,1650,646,16,40.7,90,312,222,115,54.53,40,4313,1602,1036,2666,-19.2,40,1246,15.9,287,4,64,10.7,13.9,18.1,23,27,30.5,31.9,31.2,28.9,23.1,17,13.2,-0.6,1.9,5.5,9.4,14.4,18.7,20.7,20,17.1,10.9,4.2,2.7,5,7.9,11.8,16.2,20.7,24.6,26.3,25.6,23,17,10.6,7.9,136,159,142,163,135,129,132,132,118,114,116,174,9.8,12.1,16.2,20,20.9,21.7,21.6,19.6,16.5,13.5,10.2,8.7,20,8,2,0,0,0,0,0,0,0,2,8,68,110,220,337,484,587,659,637,539,372,179,121,406,279,198,81,21,3,1,1,10,68,223,311,0,1,8,30,100,201,258,236,157,39,4,2,13,1,30,30,31,30,31,31,30,31,22,7,3,0,0,0,0,0,0,0,0,0,0,0,40,54,88,123,154,164,169,153,121,86,54,40,0,0,0,0,19,35,37,21,3,0,0,0,62,61,61,59,63,66,68,68,66,63,60,66,10.7,11.27,7.15,6.68,1.86,-0.76,-1.19,-0.67,-0.75,2.13,4.95,13.16,0.261599987745285,0.608399987220764,0.671199977397919,0.569599986076355,0.293999999761581,0.266799986362457,0.431799992918968,0.261599987745285,0.671199977397919,15.2896537780762,-15.2896537780762,29.9996948242188,1.00460565090179,10.0352840423584,1267.33996582031,28.7700004577637,0.0799999982118607,21.25,145.880004882812,64656,58030.5,95,190,9,44.6199989318848,122.75,5093.43017578125,165.979995727539,60.75,242.75,5,0.981000006198883,0.0136000001803041,0,0,0.0019000000320375,0.00350000010803342,0,0,0,0,0,1.29999995231628,7,20,2.79999995231628,4.19999980926514,5.09999990463257,36,42,45.9000015258789,23.1953010559082,15764.25,8460,21699.5,2.14999997615814,1.75,2.65000009536743,1.25749999284744,0.600000023841858,2.34499979019165,7.95595264434814,0,118690.6640625,52741.33203125,0,0,0,0,0,0,0,79099,0,0,0,0,0,0,0,0,0,0,0,0,0,35984.43359375,38795.796875,42545.89453125,46470.734375,49728.51171875,51303.05078125,50448.921875,47542.01953125,43723.98046875,39808.921875,36582.67578125,35090.796875,NA,NA,NA,NA,NA,NA
"39",34.56487,-85.1031,"RAP1087",309.082061767578,15.9,25.8,4.5,21.3,1718,656,15.1,39.3,95,308,214,110,63.25,47,4162,1700,963,2550,-19.9,39.7,1236,15.9,276,5,63,10.1,13.2,17.5,22.7,26.6,30.2,31.5,31,28.7,23,16.6,12.7,-1.1,1.5,5,8.8,13.7,18.2,20.1,19.5,16.6,10.2,3.7,2.2,4.5,7.3,11.2,15.8,20.1,24.2,25.8,25.2,22.6,16.6,10.2,7.4,143,170,152,165,136,137,133,122,128,119,120,193,9.7,11.9,16.2,20.1,20.9,22,21.7,19.7,16.6,13.6,10.1,8.5,22,9,3,0,0,0,0,0,0,0,2,10,60,98,204,325,466,575,643,625,527,360,169,110,422,296,213,90,25,4,1,1,12,76,235,326,0,1,6,27,87,189,242,224,147,34,4,2,12,1,28,30,31,30,31,31,30,31,18,4,4,0,0,0,0,0,0,0,0,0,0,0,38,51,86,123,153,164,168,153,121,87,53,39,0,0,0,0,17,27,35,31,0,0,0,0,62,62,61,58,62,65,67,67,65,61,59,66,11.67,12.79,8.42,6.97,2.11,0.17,-0.88,-1.66,0.27,2.52,5.5,15.35,0.282799988985062,0.660000026226044,0.699199974536896,0.557600021362305,0.381199985742569,0.282000005245209,0.469400003552437,0.282000005245209,0.699199974536896,28.3406887054443,6.33260917663574,86.3780975341797,1.00878489017487,8.70658206939697,1288.07995605469,25.8199996948242,0.0900000035762787,21.75,145.009994506836,63522,51930,93,188,7,43.9799995422363,126.23999786377,5284.10986328125,170.240005493164,60.1199989318848,240.25,4,1,0,0,0,0,0,0,0,0,0,0,1.20000004768372,12,23,3.09999990463257,4.30000019073486,5.19999980926514,28,48,51.2000007629395,27.235502243042,15626.5,8233,21501,2.07499986886978,1.65000009536743,2.65000009536743,1.25500005483627,0.605000019073486,2.35500001907349,0,13112.5,419659.34375,5902356.5,537968,52527.66796875,0,0,0,39399.33203125,26265.5,0,0,0,0,0,0,0,0,0,0,0,0,0,0,35888.66015625,38738.16796875,42537.40625,46513.375,49814.81640625,51411.23828125,50545.15625,47598.83203125,43730.78515625,39764.6953125,36495.16015625,34982.52734375,NA,NA,NA,NA,NA,NA
"40",35.25385,-83.80933,"RAP1092",1102.00427246094,13.1,22,3,19,2059,758,11.2,29,111,295,185,0,114.45,78,3221,2256,459,1769,-22.4,35.3,1081,15.4,232,14,64,8.5,10.7,14.2,19.1,22.8,26.1,27.4,26.7,24.8,20.1,14.2,10.8,-2.5,-0.4,2.5,6.2,11.1,14.9,16.7,16,13.7,7.8,1.6,0.4,3,5.1,8.3,12.7,17,20.5,22,21.4,19.2,14,7.9,5.6,184,206,190,194,148,174,156,159,121,141,148,238,10.8,11.6,15.9,19.7,19.3,21.4,19.4,17.8,15,14,11,9.5,33,17,6,1,0,0,0,0,0,0,5,16,41,59,126,232,373,464,526,508,426,281,113,73,468,357,303,171,67,18,6,9,35,139,304,382,0,0,2,9,34,92,126,114,70,13,0,0,9,0,6,30,31,30,31,31,30,31,2,0,10,2,0,0,0,0,0,0,0,0,0,1,35,45,73,106,133,144,148,133,105,77,47,35,0,0,0,0,0,0,0,0,0,0,0,0,62,63,62,60,65,67,68,68,67,62,59,65,16.23,17.44,13.74,11.2,5.05,5.91,3.5,4.25,1.44,5.57,9.57,20.56,0.254799991846085,0.511600017547607,0.763199985027313,0.648400008678436,0.237399995326996,0.237399995326996,0.383200004696846,0.237399995326996,0.763199985027313,35.8052825927734,-20.3039093017578,127.218627929688,0.917424082756042,7.92031621932983,1087.38000488281,5.94000005722046,0.389999985694885,20.0499992370605,196.369995117188,41415,33007.5,59,140,7,35.8899993896484,106.629997253418,4584.1298828125,145.270004272461,49.3499984741211,112.25,10,1,0,0,0,0,0,0,0,0,0,0,1,10,18,8.39999961853027,5.59999990463257,4.80000019073486,43,37,121.800003051758,31.957857131958,15350.25,7997,20892,3.5,2.55000019073486,4.44999980926514,0.987500011920929,0.469999998807907,1.91499996185303,0,0,0,181737.5,0,0,0,0,0,0,0,0,0,0,0,0,0,0,0,0,0,0,0,0,0,35694.421875,38621.39453125,42520.20703125,46599.7578125,49989.796875,51630.72265625,50740.3359375,47713.953125,43744.55859375,39675.08984375,36317.7109375,34762.86328125,NA,NA,NA,NA,NA,NA
"41",36.25186,-82.36518,"RAP1102",693.449829101562,12.9,23,1.8,21.2,1527,687,15,33.5,116,291,175,38,57.33,100,3243,2371,525,1838,-24.1,37.1,1134,15.5,221,13,60,7.5,10.5,14.4,19.8,24.1,27.6,29,28,26,20.6,14.1,10.5,-4,-1.9,1.2,5.3,10.7,14.6,16.9,16,13.2,6.8,0.1,-0.8,1.8,4.3,7.8,12.6,17.4,21.1,23,22,19.6,13.7,7.1,4.8,115,131,111,149,142,141,171,126,107,108,95,131,9.9,11.7,15.8,19.7,19.6,22.4,20,18.2,15.4,13.7,10.2,8.7,45,21,7,1,0,0,0,0,0,0,6,19,31,49,116,230,385,482,557,526,438,272,96,61,505,380,318,173,59,14,4,7,31,147,328,407,0,0,2,9,41,100,156,127,78,12,0,0,7,0,1,28,31,30,31,31,30,31,0,0,10,2,0,0,0,0,0,0,0,0,0,1,32,44,75,111,143,157,160,142,112,79,46,33,0,0,0,0,1,16,0,16,5,0,0,0,59,58,58,56,60,62,65,65,62,58,55,62,9.83,10.24,5.99,6.35,3.61,1.42,3.83,0.06,-0.85,2.02,4.65,10.18,0.335200011730194,0.782800018787384,0.782800018787384,0.680400013923645,0.351599991321564,0.348600000143051,0.516000002622604,0.335200011730194,0.782800018787384,32.3693161010742,-32.3693161010742,83.0795288085938,0.961881697177887,8.49878215789795,1140.17004394531,21.9799995422363,0.0599999986588955,20.9500007629395,128.830001831055,50076,36112.5,66,154,7,36.0200004577637,52.9300003051758,4953.85986328125,154.610000610352,153.470001220703,143.75,12,0.995400011539459,0.00460000010207295,0,0,0,0,0,0,0,0,0,1.20000004768372,14,20,3.79999995231628,4.80000019073486,4.90000009536743,38,40,65.9000015258789,31.210506439209,15092.5,7690,20796.5,2.52499997615814,1.79999995231628,3.15000009536743,1.02999997138977,0.475000023841858,2.02500009536743,7.72417879104614,0,0,0,0,0,0,0,0,12831.6669921875,0,12819.3330078125,0,1.8664516210556,0,0.0429032258689404,0,0,0,0,0,0,0,0,0,35412.828125,38452.3515625,42495.3359375,46724.76171875,50243.37109375,51949.1171875,51023.296875,47880.59765625,43764.4765625,39545.41796875,36060.55078125,34444.2109375,NA,NA,NA,NA,NA,NA
"42",32.58923,-85.88501,"RAP1128",160.664596557617,18,27,7.7,19.3,1548,602,18.1,44.9,71,323,253,205,31.46,20,4825,1210,1225,3055,-17.1,40.3,1354,16.5,327,1,62,14,17,20.9,24.5,28.1,31.5,32.6,32.4,30.2,25.3,19.3,16,1.3,4.1,7.4,10.6,14.9,19.7,21.4,20.9,18.3,12.1,5.5,3.9,7.7,10.6,14.1,17.6,21.5,25.6,27,26.6,24.2,18.7,12.4,9.9,138,177,131,148,115,144,131,121,91,85,96,171,9.9,12.9,16.7,20.4,21.7,21.8,22.5,20.4,17.3,14.3,10.6,9,9,4,1,0,0,0,0,0,0,0,1,5,119,170,288,378,508,617,680,668,574,424,227,171,323,203,136,56,16,2,1,1,7,41,176,249,2,4,16,45,118,230,279,267,188,64,8,4,17,18,31,30,31,30,31,31,30,31,29,18,1,0,0,0,0,0,0,0,0,0,0,0,51,64,102,132,162,169,173,161,129,98,63,50,0,0,0,0,47,25,42,40,38,13,0,0,59,59,59,59,62,66,68,67,66,61,57,62,9.21,11.15,4.73,4.43,-0.88,0.25,-1.56,-2.57,-4.17,-2.12,1.91,11.09,0.278800010681152,0.653599977493286,0.673200011253357,0.542400002479553,0.350800007581711,0.39520001411438,0.468800008296967,0.278800010681152,0.673200011253357,16.0164241790771,9.55258750915527,45.5374908447266,0.977472722530365,8.242919921875,1374.18005371094,29.8999996185303,0.0299999993294477,19.5499992370605,155.110000610352,74592,74592,129,204,9,54.0999984741211,131.300003051758,4939.47998046875,171.179992675781,71.2699966430664,315.75,8,0.580200016498566,0.0107000004500151,0,0,0.00300000002607703,0.00389999989420176,0,0.402200013399124,0,0,0,1.29999995231628,8,7,3.40000009536743,4.69999980926514,5.40000009536743,58,26,55.2000007629395,26.2470588684082,16370.5,9193,22037,2.29999995231628,1.84999990463257,2.84999990463257,1.42500001192093,0.730000019073486,2.53999996185303,7.27595233917236,0,644230.1875,268139.84375,147831.328125,255344.328125,93986.1640625,53757,161052.171875,26860.166015625,107444.3359375,268257,201073.171875,0,0,0,0,0,0,0,0,0,0,0,0,36435.43359375,39067.609375,42585.9765625,46269.53515625,49321.92578125,50793.953125,49995.75390625,47274.05859375,43691.87890625,40017.60546875,36994.9609375,35600.3046875,NA,NA,NA,0.25322088599205,NA,NA
"43",31.73183,-87.36729,"RAP1134",115.137428283691,18.9,27.1,8.9,18.2,1508,620,19.2,43.7,54,330,275,201,24.86,15,5108,1030,1344,3295,-15.2,40,1380,16.6,350,1,63,15.1,18.3,21.9,25.1,28.9,31.8,32.5,32.5,30.8,26.2,20.2,17,2.7,5.6,8.7,11.7,15.9,20.6,21.8,21.6,19.2,12.8,6.4,5.3,8.9,11.9,15.3,18.4,22.4,26.2,27.1,27,25,19.5,13.3,11.2,127,164,126,141,108,147,130,132,103,77,82,171,10,13.2,17,20.5,22.1,21.4,22.6,20.6,17.6,14.6,10.9,9.2,7,3,1,0,0,0,0,0,0,0,1,3,147,199,324,401,535,635,683,680,598,448,253,204,286,176,106,44,12,2,0,1,5,32,153,214,3,6,24,56,139,247,282,279,212,79,12,6,20,28,31,30,31,30,31,31,30,31,30,28,1,0,0,0,0,0,0,0,0,0,0,0,54,68,106,134,166,168,170,159,132,103,67,53,0,0,0,0,58,21,40,27,29,26,0,0,60,60,60,60,62,68,70,69,67,61,58,63,7.38,9.4,3.86,3.58,-1.98,0.7,-1.24,-1.15,-3.18,-3.47,0.13,10.82,0.395000010728836,0.567200005054474,0.61760002374649,0.532000005245209,0.404799997806549,0.450399994850159,0.491200000047684,0.395000010728836,0.61760002374649,10.3884143829346,-3.95956230163574,36.1355133056641,1.01813220977783,9.3365535736084,1441.69995117188,28.1399993896484,0.0299999993294477,19.1000003814697,159.860000610352,76968,76968,141,203,9,59.0299987792969,105.650001525879,5003.77978515625,177.740005493164,76.4300003051758,335.5,2,0.999400019645691,0,0,0,0,0.000600000028498471,0,0,0,0,0,1.29999995231628,5,18,2.40000009536743,3.90000009536743,5.09999990463257,56,25,40,18.9362735748291,16684.25,9564,22301.5,2.25,1.70000004768372,2.84999990463257,1.48500001430511,0.779999971389771,2.57499980926514,0,0,216992,325344.15625,0,0,0,0,0,0,122134.1640625,149324.828125,149242.328125,0,0,0,0,0,0,0,0,0,0,0,0,36661.44140625,39204.08203125,42606.12109375,46168.47265625,49118.0625,50539.0234375,49768.6640625,47139.5234375,43675.74609375,40122.42578125,37201.66796875,35855.43359375,NA,NA,NA,NA,NA,NA
"44",31.39853,-87.85067,"RAP1136",50.0688667297363,19,27.3,8.8,18.5,1628,715,17.8,38.2,59,327,268,132,29.81,15,5147,1022,1374,3331,-16.1,40.5,1446,17,344,1,61,15.7,18.8,22.6,25.9,29.5,32.3,33,33.1,31.3,26.8,20.8,17.6,2,5.1,8.3,11.3,15.5,20.3,21.6,21.3,19,12.5,6,4.7,8.8,11.9,15.5,18.6,22.5,26.3,27.3,27.2,25.1,19.6,13.4,11.2,130,161,126,152,124,176,148,150,117,91,85,168,10.1,13.5,17.2,20.9,22.5,22,23.1,21,17.8,15,11.2,9.3,7,3,1,0,0,0,0,0,0,0,1,3,145,199,331,407,538,638,689,686,601,451,256,204,289,176,101,42,11,2,0,1,5,31,150,214,3,6,26,59,142,250,288,286,215,82,12,6,18,26,31,30,31,30,31,31,30,31,30,25,1,0,0,0,0,0,0,0,0,0,0,0,57,72,112,141,173,175,177,167,137,108,71,56,0,0,0,0,49,0,29,17,20,17,0,0,57,58,57,57,60,66,68,67,65,58,55,60,7.34,8.74,3.29,3.91,-1.1,2.92,-0.1,-0.2,-2.38,-2.67,-0.01,10.09,0.317200005054474,0.607599973678589,0.678399980068207,0.54040002822876,0.366200000047684,0.363999992609024,0.453300014138222,0.317200005054474,0.678399980068207,12.4274806976318,-12.4274806976318,30.1925086975098,1.02040815353394,10.1668567657471,1469.72998046875,22.9899997711182,0.0599999986588955,18.3999996185303,172.410003662109,79452,79452,150,205,11,61.6199989318848,108.309997558594,4970.14013671875,178.949996948242,78.9499969482422,355,2,0.991500020027161,0.008500000461936,0,0,0,0,0,0,0,0,0,1.29999995231628,3,17,2.90000009536743,3.40000009536743,5.09999990463257,41,40,46.2000007629395,30.9180297851562,16821.75,9700,22367.5,2.14999997615814,1.60000002384186,2.69999980926514,1.5450000166893,0.814999997615814,2.6399998664856,0,0,952177,421492.34375,68042.6640625,0,0,0,0,108717.1640625,27176.5,0,54362.83203125,0,0,0,0,0,0,0,0,0,0,0,0,36750.54296875,39257.9296875,42614.07421875,46128.5859375,49037.671875,50438.55859375,49679.13671875,47086.4375,43669.375,40163.79296875,37283.1796875,35955.9765625,NA,NA,NA,NA,NA,NA
"45",33.32308,-86.75564,"RAP1139",194.696060180664,17.7,27,6.9,20.1,1555,573,17.8,47.1,71,322,251,212,37.69,25,4739,1306,1220,3003,-17.2,40.3,1303,16.2,324,2,64,12.8,15.8,19.9,24.1,27.8,31.5,32.5,32.1,30.1,24.7,18.3,14.8,1,3.9,7.3,10.8,15.3,20,21.6,21.1,18.4,12.1,5.3,4,6.9,9.8,13.6,17.5,21.6,25.8,27,26.6,24.2,18.4,11.8,9.4,133,176,142,166,108,135,125,118,87,86,107,172,9.8,12.4,16.6,20.2,21.5,21.6,22.2,20.2,17.1,13.9,10.4,8.8,12,5,1,0,0,0,0,0,0,0,1,6,102,152,273,375,511,623,680,668,574,415,209,158,348,226,149,57,15,2,1,1,7,45,191,264,1,3,13,44,120,235,279,267,188,59,7,3,16,16,31,30,31,30,31,31,30,31,28,19,2,0,0,0,0,0,0,0,0,0,0,0,46,59,95,128,158,168,170,156,126,93,59,45,0,0,0,0,50,33,45,38,39,7,0,0,62,62,61,60,64,67,69,69,66,62,59,65,9.38,11.72,6.48,6.59,-1.15,-0.55,-1.97,-2.43,-4.45,-1.52,3.58,12.03,0.221399992704391,0.552799999713898,0.618399977684021,0.467999994754791,0.373199999332428,0.355800002813339,0.42059999704361,0.221399992704391,0.618399977684021,23.2428817749023,-2.59507751464844,67.2925109863281,1.00690031051636,8.38925647735596,1335.19995117188,28.6599998474121,0.0799999982118607,20.9500007629395,153.470001220703,70434,70434,111,201,9,49.3400001525879,129.179992675781,5138.759765625,171.850006103516,65.8099975585938,281.75,20,0.987500011920929,0.00279999990016222,0,0,0.00800000037997961,0.00170000002253801,0,0,0,0,0,1.29999995231628,11,16,3.09999990463257,4.40000009536743,5.30000019073486,43,38,46.9000015258789,26.7135581970215,16191.5,8844.5,21862,2.45000004768372,1.95000004768372,3.09999990463257,1.34499996900558,0.674999952316284,2.45000004768372,19.4166641235352,0,0,0,0,0,0,0,0,0,0,119856,39944.16796875,0,0,0,0,0,0,0,0,0,0,0,0,36235.62890625,38947.10546875,42568.19921875,46358.75,49502.08984375,51019.42578125,50196.51171875,47392.85546875,43706.1171875,39925.07421875,36812.27734375,35374.65234375,NA,NA,NA,NA,NA,NA
"46",32.39819,-86.79017,"RAP1141",73.1922302246094,18.7,27.6,8.3,19.3,1490,578,19.3,47.8,58,328,270,258,22.66,17,5075,1096,1370,3278,-15.9,40.8,1378,16.6,345,1,63,14.5,17.7,21.5,25,28.9,32.2,33.1,33,31.1,26.2,19.8,16.5,2.2,5.3,8.4,11.5,15.8,20.6,22,21.7,19.1,12.6,6.1,4.7,8.3,11.5,14.9,18.2,22.4,26.4,27.6,27.4,25.1,19.4,12.9,10.6,131,166,142,145,118,123,130,112,95,74,89,165,9.7,12.8,16.8,20.4,22.1,21.6,22.9,20.8,17.6,14.5,10.6,8.9,8,3,1,0,0,0,0,0,0,0,1,4,133,190,313,395,535,641,699,692,601,445,242,189,305,186,115,47,12,2,0,0,5,33,163,227,2,5,21,53,139,253,298,292,215,78,10,5,19,27,31,30,31,30,31,31,30,31,30,25,1,0,0,0,0,0,0,0,0,0,0,0,51,65,103,133,166,171,175,163,133,102,65,51,0,0,0,0,48,48,45,51,38,28,0,0,60,61,60,60,62,67,69,68,66,60,58,63,8.21,9.94,5.72,4.06,-0.96,-2.14,-1.85,-3.68,-4.33,-3.79,1.08,10.41,0.300000011920929,0.656799972057343,0.665600001811981,0.559599995613098,0.343400001525879,0.425599992275238,0.492599993944168,0.300000011920929,0.665600001811981,10.9290714263916,-3.4002537727356,31.5351753234863,1.03843879699707,8.61232948303223,1377.21997070312,32.2700004577637,-0.0199999995529652,19.3999996185303,149.470001220703,77526,77526,136,214,9,54.4900016784668,99.9700012207031,4978.7099609375,172.899993896484,99.9100036621094,342,4,0.99370002746582,0.0019000000320375,0,0,9.99999974737875e-05,0,0,0.00430000014603138,0,0,0,1.29999995231628,7,16,2.5,4.69999980926514,5.40000009536743,43,35,44.2999992370605,26.9458980560303,16484.25,9244.5,22161.5,2.35000002384186,1.84999990463257,2.94999980926514,1.45249998569489,0.745000004768372,2.5699999332428,0,0,457833,94217.5,0,0,201812,0,40346.16796875,255613.5,134757.828125,67287,67246.1640625,0,0,0,0,0,0,0,0,0,0,0,0,36481.015625,39095.12109375,42590.03515625,46249.1640625,49280.81640625,50742.52734375,49949.953125,47246.9375,43688.62890625,40038.734375,37036.64453125,35651.7734375,NA,NA,NA,NA,NA,NA
"47",32.83761,-86.39565,"RAP1143",171.123962402344,17.9,27,7.4,19.6,1529,579,18.2,46.6,73,321,248,240,28.24,22,4798,1236,1221,3038,-17.4,40.5,1361,16.5,322,2,62,13.8,16.9,20.8,24.7,28.1,31.7,32.7,32.5,30.4,25.4,19.1,15.8,1,3.9,7.3,10.5,14.7,19.7,21.2,20.7,18,11.7,5.2,3.8,7.4,10.4,14.1,17.6,21.4,25.7,27,26.6,24.2,18.5,12.2,9.8,143,176,137,149,117,133,121,118,90,82,99,164,9.8,12.9,16.7,20.5,21.8,21.9,22.6,20.5,17.4,14.4,10.7,8.9,10,4,1,0,0,0,0,0,0,0,1,5,112,166,288,378,505,620,680,668,574,418,221,168,333,209,136,56,16,2,1,1,7,44,181,252,2,3,16,45,115,233,279,267,188,61,8,4,16,16,31,30,31,30,31,31,30,31,28,17,1,0,0,0,0,0,0,0,0,0,0,0,50,64,101,133,163,171,175,162,131,99,63,49,0,0,0,0,46,38,54,44,41,17,0,0,59,59,59,58,61,66,67,67,64,60,57,62,9.84,11.06,5.37,4.31,-0.77,-1.12,-2.82,-3.13,-4.65,-2.65,2.27,10.54,0.287200003862381,0.609200000762939,0.609200000762939,0.447200000286102,0.287400007247925,0.229000002145767,0.367300003767014,0.229000002145767,0.609200000762939,11.6153736114502,-1.04644966125488,40.5434112548828,1.01910626888275,9.19881725311279,1372.18994140625,29.5300006866455,0.0399999991059303,20,152.699996948242,72810,72810,123,201,9,52.6800003051758,132.259994506836,5071.1298828125,173.320007324219,69.6500015258789,302,2,0.965799987316132,0.030799999833107,0,0,0,0.00340000004507601,0,0,0,0,0,1.29999995231628,8,20,2.5,4.5,5.30000019073486,46,32,40.5,24.2028198242188,16311.5,9092.5,22037,2.375,1.84999990463257,2.95000004768372,1.39250004291534,0.710000038146973,2.50500011444092,0,709203.3125,3250698,1458664.5,13373.3330078125,13375.8330078125,0,0,227506.5,26747.333984375,1070402.125,374423.84375,214251.671875,0,0,0,0,0,0,0,0,0,0,0,0,36359.02734375,39021.51171875,42579.17578125,46303.66796875,49390.828125,50880.16015625,50072.5234375,47319.50390625,43697.328125,39982.20703125,36925.09765625,35514.02734375,NA,NA,NA,NA,NA,NA
"48",33.56522,-86.69136,"RAP1145",263.634674072266,17.2,26.7,6.4,20.3,1551,580,17.5,46,78,318,240,184,41.24,29,4577,1406,1143,2872,-17.7,39.9,1271,16.1,311,2,64,12.1,15,19.3,23.5,27.3,31.1,32,31.6,29.5,24.3,17.6,14.1,0.8,3.4,6.8,10.3,14.9,19.7,21.4,20.9,18,11.6,4.7,3.5,6.4,9.2,13.1,16.9,21.1,25.4,26.7,26.2,23.8,18,11.2,8.8,133,162,144,168,108,126,132,121,93,89,108,167,9.8,12.2,16.5,20.2,21.3,21.6,21.9,19.9,16.9,13.9,10.3,8.7,13,6,2,0,0,0,0,0,0,0,2,7,92,138,258,357,496,611,671,655,562,402,192,143,363,242,163,68,18,2,1,1,8,51,206,283,1,2,11,37,109,224,270,255,174,53,5,3,16,10,31,30,31,30,31,31,30,31,26,14,2,0,0,0,0,0,0,0,0,0,0,0,44,56,93,125,155,165,166,152,123,92,57,43,0,0,0,0,47,39,34,31,30,3,0,0,63,63,61,60,64,67,70,69,67,62,60,66,9.72,10.85,6.91,7.08,-0.88,-1.22,-0.84,-1.71,-3.45,-1.11,3.94,11.94,0.2466000020504,0.57039999961853,0.722400009632111,0.563199996948242,0.361999988555908,0.366400003433228,0.464800000190735,0.2466000020504,0.722400009632111,17.7443733215332,-8.3338508605957,56.3145751953125,1.01091396808624,7.55899715423584,1320.13000488281,25.6200008392334,0.0700000002980232,21.1000003814697,150.429992675781,70056,70056,109,203,9,48.2099990844727,128.089996337891,5128.56982421875,170.419998168945,64.6900024414062,281.5,37,0.800300002098083,0.0110999997705221,0,0,0.162300005555153,0.0263000000268221,0,0,0,0,0,1.20000004768372,10,12,3.09999990463257,4.30000019073486,5.40000009536743,42,39,49.2999992370605,27.2257518768311,16113.75,8705.5,21679.5,2.52499997615814,1.95000004768372,3.09999990463257,1.32749998569489,0.664999961853027,2.43499994277954,56.8416900634766,0,0,0,0,0,225725.171875,0,145763.5,26503.5,0,411362.84375,0,0,0,0,0,0,0,0,0,0,0,0,0,36173.390625,38909.59375,42562.66796875,46386.515625,49558.19921875,51089.68359375,50259.0546875,47429.8359375,43710.546875,39896.27734375,36755.37890625,35304.3359375,NA,NA,NA,NA,NA,NA
"49",33.6094,-85.72067,"RAP1150",228.760665893555,16.7,26.2,5.9,20.3,1468,519,18.2,50.5,92,308,216,283,28.27,33,4390,1501,1040,2705,-19.3,40,1317,16.3,281,3,60,12.2,15.2,19.4,23.8,27.3,30.9,32.1,31.7,29.5,24.2,18.1,14.6,-0.4,2.2,5.4,9,13.6,18.5,20.3,19.7,16.8,10.1,3.6,2.5,5.9,8.7,12.4,16.4,20.4,24.7,26.2,25.7,23.1,17.1,10.9,8.6,142,168,142,154,108,131,106,91,83,81,102,160,9.8,12.6,16.6,20.5,21.4,22.1,22.2,20.2,17.1,14.2,10.5,8.8,15,6,2,0,0,0,0,0,0,0,2,7,83,127,237,342,475,590,656,640,542,375,186,138,379,256,182,77,23,3,1,1,10,66,214,289,1,2,9,32,93,204,255,239,159,40,5,2,13,2,29,30,31,30,31,31,30,31,17,6,3,0,0,0,0,0,0,0,0,0,0,0,45,59,96,130,160,169,173,159,127,95,59,45,0,0,0,0,52,38,67,68,44,14,0,0,59,59,57,56,60,65,66,66,63,58,55,61,10.64,11.37,6.36,5.11,-1.32,-1.01,-4.11,-5.41,-4.93,-2.23,2.84,10.96,0.243599995970726,0.660399973392487,0.667200028896332,0.561600029468536,0.270799994468689,0.254000008106232,0.416200011968613,0.243599995970726,0.667200028896332,13.3278064727783,-10.4664859771729,41.1072387695312,1.00639808177948,13.6604290008545,1355.43005371094,29.3099994659424,0.0399999991059303,21.0499992370605,145.300003051758,68238,60967.5,110,195,9,49.2999992370605,131.539993286133,5253.72998046875,174.869995117188,66.5100021362305,269.75,18,0.898599982261658,0.0421999990940094,0,0.0105999996885657,0.0166999995708466,0.0219999998807907,0,0.00989999994635582,0,0,0,1.29999995231628,7,15,2.79999995231628,4.19999980926514,5.19999980926514,41,42,44.0999984741211,29.6169605255127,15994.25,8686.5,21778,2.19999992847443,1.75,2.69999980926514,1.3299999833107,0.654999971389771,2.44000005722046,7.82169961929321,292121.65625,7317938.5,4985168.5,1670499.375,795804.3125,0,0,0,0,225627.171875,1857246,0,0,0,0,0,0,0,0,0,0,0,0,0,36157.7734375,38900.18359375,42561.28125,46393.48046875,49572.27734375,51107.31640625,50274.74609375,47439.11328125,43711.66015625,39889.05078125,36741.10546875,35286.69140625,NA,NA,NA,NA,NA,NA
"50",33.25021,-85.33551,"RAP1152",309.293151855469,16.7,26.1,6.3,19.8,1509,552,17.7,47.3,91,310,219,253,30.42,30,4394,1475,1027,2696,-19,39.7,1331,16.4,286,3,60,12.7,15.5,19.5,23.8,27.5,30.9,32,31.5,29.4,24.3,18.1,14.8,-0.1,2.4,5.4,8.7,13.4,18.3,20.2,19.5,16.5,10.3,3.8,2.7,6.3,8.9,12.4,16.2,20.4,24.6,26.1,25.5,23,17.3,11,8.8,143,169,128,149,103,134,114,113,88,85,111,172,10.1,12.8,16.6,20.6,21.3,22.3,22,20,17,14.4,10.7,9.1,14,6,2,0,0,0,0,0,0,0,2,7,90,131,237,336,475,587,652,634,539,381,188,143,366,251,182,81,23,3,1,1,10,63,211,283,1,2,9,30,93,201,252,233,157,42,5,3,14,3,29,30,31,30,31,31,30,31,19,7,2,0,0,0,0,0,0,0,0,0,0,0,47,60,97,131,162,171,173,159,129,96,60,46,0,0,0,0,59,37,59,46,41,11,0,0,58,58,57,55,59,64,66,66,63,58,56,61,10.44,11.2,4.83,4.44,-2.2,-0.92,-3.36,-3.18,-4.56,-1.95,3.71,11.98,0.319999992847443,0.654399991035461,0.654399991035461,0.572799980640411,0.372399985790253,0.294400006532669,0.472599983215332,0.294400006532669,0.654399991035461,8.32403945922852,-7.74896621704102,19.7007446289062,1.01145994663239,14.1210603713989,1368.09997558594,28.6800003051758,0.0500000007450581,20.3500003814697,150.440002441406,68022,68022,115,189,9,51.0699996948242,131.389999389648,5207.5498046875,175.020004272461,68.2900009155273,269.75,4,0.996999979019165,0.0020000000949949,0,0,0.00100000004749745,0,0,0,0,0,0,1.29999995231628,7,18,2.70000004768372,4.40000009536743,5.09999990463257,47,34,45,25.4559707641602,16048.5,8882,21775,2.19999992847443,1.75,2.70000004768372,1.32499998807907,0.654999971389771,2.41000008583069,0,0,0,26596.5,0,0,159811.328125,0,13322.3330078125,26585.666015625,719108.1875,79843.3359375,0,0,0,0,0,0,0,0,0,0,0,0,0,36251.1328125,38956.453125,42569.578125,46351.83203125,49488.11328125,51001.92578125,50180.93359375,47383.64453125,43705.015625,39932.25,36826.44921875,35392.1640625,NA,NA,NA,NA,NA,NA
"51",33.64558,-85.63894,"RAP1153",292.955017089844,16.3,25.9,5.4,20.5,1507,528,17.5,49.1,96,306,210,268,34.01,37,4267,1584,985,2612,-19.9,39.8,1306,16.3,272,4,60,11.7,14.8,18.9,23.4,26.9,30.5,31.8,31.4,29.2,23.9,17.8,14.2,-0.9,1.7,5,8.6,13.2,18.1,20,19.3,16.3,9.7,3.3,2.2,5.4,8.2,11.9,16,20,24.3,25.9,25.4,22.8,16.8,10.6,8.2,147,175,146,157,114,133,107,87,87,82,106,166,10,12.7,16.5,20.5,21.2,22.3,21.9,20,16.9,14.3,10.7,8.9,18,7,2,0,0,0,0,0,0,0,2,8,74,116,222,331,463,578,646,631,533,366,179,128,394,270,195,86,26,4,1,1,11,72,223,301,0,2,8,28,85,192,245,230,152,36,4,2,12,1,28,30,31,30,31,31,30,31,14,4,3,0,0,0,0,0,0,0,0,0,0,0,44,58,94,129,158,168,172,159,127,94,59,44,0,0,0,0,44,35,65,72,40,12,0,0,58,58,57,56,60,64,66,66,63,58,55,61,11.38,12.32,6.95,5.56,-0.54,-0.61,-3.88,-5.73,-4.49,-2.06,3.32,11.79,0.201399996876717,0.608399987220764,0.620000004768372,0.51639997959137,0.294999986886978,0.238800004124641,0.405699983239174,0.201399996876717,0.620000004768372,22.4463424682617,-19.2878646850586,66.7178955078125,1.01587450504303,9.46296977996826,1339.43005371094,30.8299999237061,0.0700000002980232,21.0499992370605,148.809997558594,66204,59251.5,106,190,9,48.5099983215332,130.399993896484,5212.669921875,173.130004882812,65.4400024414062,255.75,13,0.915499985218048,0.0688999965786934,0,0,0.00800000037997961,0.00760000012814999,0,0,0,0,0,1.29999995231628,8,15,3,4.09999990463257,5.19999980926514,43,41,45,28.2511749267578,16025,8660.5,21749,2.22500002384186,1.75,2.70000004768372,1.30000001192093,0.639999985694885,2.3899998664856,7.38009119033813,292121.65625,7317938.5,4985168.5,1670499.375,795804.3125,0,0,0,0,225627.171875,1857246,0,0,0,0,0,0,0,0,0,0,0,0,0,36142.1328125,38890.76171875,42559.89453125,46400.45703125,49586.375,51124.97265625,50290.4609375,47448.40234375,43712.7734375,39881.81640625,36726.80859375,35269.01953125,NA,NA,NA,NA,NA,NA
"52",33.69696,-85.60015,"RAP1155",350.910247802734,16,25.6,5.1,20.5,1524,532,17.1,48.1,96,307,211,243,39.82,40,4182,1634,938,2541,-19.9,39.4,1275,16.2,274,4,61,11.2,14.2,18.4,23,26.5,30,31.3,30.9,28.7,23.5,17.3,13.7,-1,1.7,5,8.7,13.2,17.9,19.9,19.1,16.2,9.8,3.5,2.2,5.1,7.9,11.7,15.8,19.9,24,25.6,25,22.4,16.6,10.4,7.9,148,177,146,160,114,133,107,89,89,83,108,170,10,12.4,16.5,20.4,21,22.1,21.7,19.7,16.8,14.1,10.5,8.9,19,8,2,0,0,0,0,0,0,0,2,8,69,110,217,325,460,569,637,619,521,360,174,121,403,279,200,90,27,4,1,2,12,76,229,311,0,1,7,27,83,183,236,218,143,34,4,2,12,1,28,30,31,30,31,31,30,31,16,4,4,0,0,0,0,0,0,0,0,0,0,0,43,56,92,126,155,164,168,155,124,92,57,43,0,0,0,0,41,31,61,66,35,9,0,0,59,60,58,57,61,65,67,66,64,59,57,63,11.7,12.87,7.23,6.16,-0.22,-0.19,-3.39,-5.1,-3.86,-1.65,3.82,12.46,0.245399996638298,0.604399979114532,0.582400023937225,0.519999980926514,0.274399995803833,0.252400010824203,0.397199988365173,0.245399996638298,0.604399979114532,9.12314224243164,-2.85668563842773,36.7379760742188,1.02242624759674,9.44445323944092,1326.22998046875,29.2099990844727,0.0900000035762787,20.9500007629395,151.610000610352,65322,58525.5,103,187,9,47.7999992370605,129.25,5181.85009765625,171.580001831055,64.5400009155273,247.75,4,0.998000025749207,0.0020000000949949,0,0,0,0,0,0,0,0,0,1.29999995231628,7,16,2.70000004768372,4.19999980926514,5.09999990463257,45,38,47.5,29.0437793731689,15959.75,8664,21753,2.24999988079071,1.75,2.70000004768372,1.2849999666214,0.629999995231628,2.36999988555908,0,292121.65625,7317938.5,4985168.5,1670499.375,795804.3125,0,0,0,0,225627.171875,1857246,0,0,0,0,0,0,0,0,0,0,0,0,0,36126.46875,38881.32421875,42558.5,46407.44140625,49600.49609375,51142.66015625,50306.203125,47457.703125,43713.88671875,39874.57421875,36712.48828125,35251.3203125,NA,NA,NA,NA,NA,NA
"53",38.14901,-79.76888,"RAP1175",607.894348144531,10.7,21.6,-1.2,22.8,1196,563,17.3,38.4,124,283,159,102,40.31,210,2690,2999,352,1469,-27.2,36,992,14.8,199,31,60,4.2,7.1,10.8,17.5,22.4,25.7,27.8,26.2,23.8,18.2,11.4,7.4,-6.7,-4.9,-1.9,2.9,9.1,13,15.5,14.3,11.4,5.2,-1.5,-3.1,-1.2,1.1,4.4,10.2,15.8,19.4,21.6,20.2,17.6,11.7,5,2.2,75,85,91,120,128,134,110,95,96,98,75,89,9.3,11.1,15.3,19.3,19,22.1,19.3,17.5,14.5,12.7,9.3,8,89,47,20,2,0,0,0,0,0,1,13,38,15,22,55,165,336,431,514,471,378,211,59,32,597,469,424,235,92,27,7,16,56,200,390,487,0,0,0,5,25,71,117,85,44,6,0,0,4,0,0,13,31,30,31,31,30,29,0,0,18,8,1,0,0,0,0,0,0,0,1,3,0,35,61,100,133,146,154,132,100,68,37,26,0,0,0,0,5,12,44,37,4,0,0,0,59,57,57,55,60,62,64,65,63,59,57,63,6.77,7.02,6.14,4.58,3.29,2.18,-1.42,-1.73,-0.4,2.4,4.25,7.22,0.242799997329712,0.673200011253357,0.778400003910065,0.620800018310547,0.250400006771088,0.235400006175041,0.435600012540817,0.235400006175041,0.778400003910065,30.9776840209961,-16.9254379272461,79.8614501953125,0.963272988796234,8.18254280090332,1129.84997558594,33.1300010681152,-0.0599999986588955,22.7000007629395,105.339996337891,43032,34803,48,148,7,30.7700004577637,30.7700004577637,5451.66015625,161.199996948242,160,127.5,3,0.999599993228912,0,0,0,0.00039999998989515,0,0,0,0,0,0,1.10000002384186,13,23,9,5,4.80000019073486,28,46,151.100006103516,30.5809116363525,14309.5,6996.5,20018.5,3.02499997615814,2.19999980926514,3.70000004768372,0.947499990463257,0.425000011920929,1.94000005722046,0,0,0,1993371.5,2308435,0,0,0,0,0,0,0,0,1.13548386096954,0,0,0,0,0,0,0,0,0,0,0,34842.87109375,38111.15234375,42445.20703125,46976.890625,50756.203125,52594.328125,51596.0546875,48216.953125,43804.625,39283.8515625,35540.421875,33798.47265625,NA,NA,NA,NA,NA,NA
"54",37.59804,-81.50631,"RAP1181",540.575439453125,12.2,22.9,0.3,22.6,1351,611,16.4,37.5,118,290,172,80,48.15,143,3085,2609,502,1760,-24.8,37.3,1069,15,216,20,61,5.4,8.5,12.8,19.4,23.8,27.1,28.8,27.7,25.3,19.3,12.8,8.7,-4.8,-3.2,-0.1,4.6,10.7,14.3,17,15.9,13.3,6.8,-0.1,-1.4,0.3,2.6,6.4,12,17.2,20.7,22.9,21.8,19.3,13.1,6.4,3.6,89,112,108,134,141,116,147,109,98,106,74,117,9.1,11.2,15.5,19.5,19.8,22.3,20.2,18.3,15.1,12.5,9.3,7.8,64,33,11,1,0,0,0,0,0,0,8,27,22,32,87,211,379,470,554,520,429,253,82,46,551,427,362,190,63,16,4,7,34,163,348,444,0,0,1,8,39,96,153,123,72,10,0,0,6,0,0,26,31,30,31,31,30,31,0,0,13,5,0,0,0,0,0,0,0,0,0,2,26,38,68,108,139,152,156,138,104,71,41,28,0,0,0,0,0,36,9,29,6,0,0,0,62,59,58,55,61,62,66,65,64,61,58,65,7.82,9.21,6.79,5.12,3.95,-0.46,1.91,-1.15,-0.85,2.88,3.39,9.54,0.296999990940094,0.598800003528595,0.684800028800964,0.566799998283386,0.285199999809265,0.307599991559982,0.437199994921684,0.285199999809265,0.684800028800964,41.0631866455078,-34.2023010253906,99.8002319335938,0.939408659934998,11.0728206634521,1127.13000488281,26.8199996948242,0,22.7000007629395,114.650001525879,44434.5,35694,47,155,7,31.4599990844727,48.7099990844727,5307.7998046875,157.619995117188,157.809997558594,134.5,13,0.925800025463104,0.0458000004291534,0,0.00439999997615814,0.00989999994635582,0.0141000002622604,0,0,0,0,0,1.20000004768372,15,21,5.30000019073486,4.59999990463257,5.09999990463257,29,48,85.5,29.1296310424805,14318.5,6843,20179.5,2.35000002384186,1.70000004768372,2.95000004768372,1.00749999284744,0.454999983310699,2.03499984741211,9.14465522766113,0,0,0,0,0,0,0,0,50483.66796875,353104.34375,1109428.875,0,0.935161292552948,0,0,0,0,0,0,0,0,0,0,0,35001.5390625,38206.00390625,42459.12890625,46906.82421875,50613.49609375,52414.60546875,51436.60546875,48123.44921875,43793.47265625,39356.546875,35685.1640625,33978.34375,NA,NA,NA,NA,NA,NA
"55",37.37167,-81.92333,"RAP1185",524.054748535156,12.5,23.1,0.6,22.5,1263,573,17.8,40.3,118,289,170,130,35.52,130,3147,2540,524,1800,-24.9,37.5,1101,15.2,214,15,60,6.2,9.3,13.5,19.8,24.1,27.4,29.1,28,25.8,20.1,13.4,9.4,-5,-3,-0.2,4.3,10.5,14.3,17.2,16,13.4,6.5,-0.3,-1.3,0.6,3.2,6.7,12.1,17.3,20.9,23.1,22,19.6,13.3,6.6,4,79,112,102,130,118,107,134,109,105,97,67,103,9.1,11.4,15.6,19.7,19.9,22.3,20.4,18.5,15.4,12.9,9.4,7.9,59,28,10,1,0,0,0,0,0,0,8,24,23,38,93,215,382,476,560,526,438,259,86,51,542,410,352,187,61,15,3,7,31,158,342,431,0,0,1,8,40,99,159,127,78,11,0,0,6,0,0,24,31,30,31,31,30,31,0,0,10,3,0,0,0,0,0,0,0,0,0,1,28,40,71,111,142,155,158,140,108,75,43,30,0,0,0,0,24,48,24,31,3,0,0,0,59,58,56,53,59,62,66,65,63,58,56,63,6.66,8.93,5.81,4.4,1.34,-1.65,0.39,-1.41,-0.57,1.37,2.38,7.89,0.241999998688698,0.760399997234344,0.782400012016296,0.684800028800964,0.294400006532669,0.270599991083145,0.489600017666817,0.241999998688698,0.782400012016296,37.4792251586914,-36.0799331665039,76.2304077148438,0.976873457431793,10.7755784988403,1164.78002929688,27.9400005340576,-0.0199999995529652,22.6000003814697,115.48999786377,46678.5,37179,56,160,7,33.2799987792969,51.0999984741211,5402.10986328125,161.880004882812,161.649993896484,156,4,0.989000022411346,0.0105999996885657,0,0,0.000300000014249235,9.99999974737875e-05,0,0,0,0,0,1.10000002384186,17,17,5.59999990463257,4.30000019073486,5.09999990463257,34,47,77.8000030517578,35.5574150085449,14451.5,6944.5,20408.5,2.22500002384186,1.54999995231628,2.84999990463257,1.02500003576279,0.464999973773956,2.05499982833862,0,0,0,75887.5,0,0,0,0,0,0,1253838.875,1266011.625,0,1.34935486316681,0,0,0,0,0,0,0,0,0,0,0,35071.26171875,38247.71484375,42465.2578125,46876.00390625,50550.7734375,52335.66015625,51366.5390625,48082.328125,43788.56640625,39388.51953125,35748.78125,34057.359375,NA,NA,NA,NA,NA,NA
"56",37.32221,-81.41456,"RAP1191",630.536804199219,12,22.4,0.5,21.9,1226,558,17.9,40.1,118,291,172,114,38.36,139,3018,2620,457,1696,-24.6,36.4,1046,15,217,16,63,5.5,8.5,12.4,18.8,23.2,26.5,28.2,26.9,24.8,19.2,12.6,8.7,-4.6,-3,0,4.8,10.6,14.1,16.7,15.7,13.2,6.9,0.2,-1.2,0.5,2.8,6.2,11.8,16.9,20.3,22.4,21.3,19,13.1,6.4,3.7,75,102,98,128,128,110,129,99,92,98,67,100,9.4,11.2,15.5,19.5,19.5,22.1,19.8,17.9,14.9,12.7,9.4,8.1,61,31,12,1,0,0,0,0,0,0,8,26,22,34,83,206,369,458,539,505,420,253,82,47,545,422,368,195,69,19,5,9,37,163,348,441,0,0,1,7,35,88,138,111,66,10,0,0,6,0,0,26,31,30,31,31,30,31,0,0,10,4,0,0,0,0,0,0,0,0,0,1,27,38,66,104,135,149,153,133,102,71,40,28,0,0,0,0,7,39,24,34,10,0,0,0,63,60,60,57,62,63,66,67,65,62,60,66,6.38,8.17,5.96,4.9,3.04,-0.64,0.53,-1.51,-1.12,2.1,2.74,7.81,0.224800005555153,0.717599987983704,0.764800012111664,0.594799995422363,0.183799996972084,0.1925999969244,0.409800000488758,0.183799996972084,0.764800012111664,37.8833618164062,-34.7802276611328,80.3724975585938,0.986064910888672,12.1117010116577,1121.40002441406,28.9699993133545,-0.0700000002980232,22.2999992370605,107.150001525879,43873.5,35194.5,49,152,7,31.8999996185303,49.1100006103516,5222.27978515625,156.330001831055,155.75,130.5,4,1,0,0,0,0,0,0,0,0,0,0,1.20000004768372,18,27,8.10000038146973,4.90000009536743,5,21,49,121.800003051758,32.9186744689941,14420.75,7053,20198.5,2.50000011920929,1.75,3.20000004768372,0.990000009536743,0.449999988079071,1.98500001430511,5.96884775161743,0,0,63314.16796875,0,0,0,0,0,50645.5,12659.6669921875,139277,0,0.877096772193909,0,0,0,0,0,0,0,0,0,0,0,35088.6171875,38258.10546875,42466.78125,46868.328125,50535.16015625,52316.0078125,51349.09765625,48072.08984375,43787.34375,39396.48046875,35764.6171875,34077.0234375,NA,NA,NA,NA,NA,NA
"57",37.47304,-80.86645,"RAP1198",478.223297119141,12.1,23,0.2,22.8,1103,508,20,45.3,119,288,169,188,23,144,3071,2624,500,1748,-25,37.4,1078,15.1,214,16,61,5.3,8.6,12.7,19.2,23.8,27.1,29.1,27.7,25.4,19.6,12.9,8.8,-4.9,-3.1,-0.1,4.4,10.4,14.2,16.9,15.9,13.1,6.3,-0.3,-1.6,0.2,2.8,6.3,11.8,17.1,20.6,23,21.8,19.2,13,6.3,3.6,70,88,88,114,114,105,106,90,93,89,63,83,9.2,11.2,15.4,19.5,19.7,22.2,20.2,18.2,15.2,12.8,9.3,7.9,65,31,12,1,0,0,0,0,0,0,8,27,21,34,86,206,376,467,557,520,426,250,81,46,554,422,365,195,65,17,4,7,35,166,351,444,0,0,1,8,38,94,156,123,70,10,0,0,6,0,0,25,31,30,31,31,30,31,0,0,10,3,0,0,0,0,0,0,0,0,0,1,26,38,68,107,140,153,159,138,106,73,41,29,0,0,0,0,26,48,53,48,13,0,0,0,62,59,58,55,60,62,65,65,63,59,57,64,5.96,6.78,4.87,3.27,1.23,-1.52,-2.48,-2.97,-1.44,0.91,2.27,6.13,0.250800013542175,0.662800014019012,0.705999970436096,0.49439999461174,0.310400009155273,0.253600001335144,0.402400001883507,0.250800013542175,0.705999970436096,16.7057762145996,-6.19382858276367,67.813720703125,0.933797240257263,11.4507417678833,1140.25,35.8400001525879,-0.180000007152557,22.6000003814697,94.879997253418,45243,36180,51,155,7,32.060001373291,33.5900001525879,5342.64013671875,159.940002441406,158.949996948242,141,6,0.964699983596802,0.0348000004887581,0,0,0.000500000023748726,0,0,0,0,0,0,1.29999995231628,11,25,6,4.69999980926514,5.30000019073486,19,54,100.699996948242,26.9308853149414,14444.5,7075,20248.5,2.375,1.75,3.04999995231628,1.01500004529953,0.454999983310699,2.04500007629395,0,0,0,0,0,0,0,0,0,0,0,0,0,0.525806486606598,0,0,0,0,0,0,0,0,0,0,0,35036.4609375,38226.89453125,42462.19921875,46891.38671875,50582.08203125,52375.0625,51401.51171875,48102.85546875,43791.015625,39372.55859375,35717.02734375,34017.921875,NA,NA,NA,NA,NA,NA
"58",37.45515,-80.47643,"RAP1199",800.677185058594,10.4,21.3,-1.4,22.7,1344,610,15.2,34.9,123,286,163,61,61.62,217,2629,3049,326,1419,-26.6,35.1,938,14.7,207,36,64,3.5,6.4,10.3,16.5,21.2,24.7,26.8,25.2,22.8,17,10.4,6.9,-6.2,-4.4,-1.3,3.7,9.5,13.2,15.8,14.7,12,5.8,-1,-2.7,-1.4,1,4.5,10.1,15.3,19,21.3,20,17.4,11.4,4.7,2.1,79,99,104,141,141,129,112,105,123,118,87,106,9.7,11,15.4,19.2,18.9,21.4,19,17.2,14.1,12.3,9.5,8.4,93,48,19,2,0,0,0,0,0,1,14,39,15,22,57,163,321,419,505,465,372,203,55,32,603,472,421,237,104,31,8,17,59,207,399,490,0,0,0,5,21,63,110,80,41,5,0,0,4,0,0,20,31,30,31,31,30,30,0,0,20,10,1,0,0,0,0,0,0,0,1,4,0,34,60,94,124,138,145,124,94,63,36,26,0,0,0,0,0,9,33,19,0,0,0,0,63,61,61,60,64,66,67,69,67,64,62,66,7.24,8.53,7.56,7.3,5.48,2.48,-0.27,0.18,3.16,5.15,5.8,9,0.276600003242493,0.681599974632263,0.794399976730347,0.677999973297119,0.213799998164177,0.262600004673004,0.477299988269806,0.213799998164177,0.794399976730347,40.2436981201172,-40.2436981201172,81.0238647460938,0.995885074138641,12.4470653533936,1067.41003417969,30.3199996948242,-0.0399999991059303,22,106.720001220703,39913.5,27720,40,141,6,29.7199993133545,29.7199993133545,5050.669921875,150.669998168945,149.130004882812,98,2,1,0,0,0,0,0,0,0,0,0,0,1.10000002384186,20,19,9.19999980926514,5.5,4.69999980926514,37,42,164.399993896484,28.4084949493408,14407.75,7149.5,20076,3.09999990463257,2.19999980926514,3.95000004768372,0.935000002384186,0.425000011920929,1.89499998092651,0,0,0,0,354791,0,0,0,0,0,0,0,0,2.08935475349426,0,0,0,0,0,0,0,0,0,0,0.0970967710018158,35053.875,38237.3125,42463.73046875,46883.69140625,50566.4140625,52355.34375,51384.01171875,48092.58203125,43789.7890625,39380.54296875,35732.91796875,34037.65625,NA,NA,NA,0.2905293405056,NA,NA
"59",35.68394,-82.20209,"RAP1203",579.125122070312,13.9,23.9,3.2,20.7,1510,672,15.8,35.6,112,293,181,83,48.25,70,3518,2108,630,2023,-22.9,37.8,1188,15.6,228,7,59,9.3,12.1,15.8,21.2,25.1,28.5,30,28.9,26.4,21.4,15.5,12,-3,-0.9,2.3,6.2,11.4,15.3,17.7,16.7,13.8,7.4,1,-0.1,3.2,5.6,9.1,13.7,18.2,21.9,23.9,22.8,20.1,14.4,8.2,6,105,111,102,151,151,119,149,123,130,126,110,133,10.4,12,15.9,19.9,19.3,22.5,19.6,18,15.3,14.3,11,9.3,31,15,5,0,0,0,0,0,0,0,4,14,44,67,148,262,409,506,585,551,452,293,120,81,462,343,278,143,47,10,2,5,26,128,295,369,0,0,3,13,51,123,184,150,89,16,1,0,8,0,5,30,31,30,31,31,30,31,1,0,5,1,0,0,0,0,0,0,0,0,0,0,36,49,81,118,148,161,166,147,113,82,50,37,0,0,0,0,0,42,17,24,0,0,0,0,58,57,57,55,59,62,65,65,63,58,54,60,8.21,7.49,4.12,5.83,3.95,-1.33,0.98,-0.79,1.41,3.47,5.22,9.69,0.277599990367889,0.769999980926514,0.769999980926514,0.690400004386902,0.387600004673004,0.312999993562698,0.539000004529953,0.277599990367889,0.769999980926514,40.4089736938477,-37.1433181762695,139.310180664062,0.98447585105896,13.231162071228,1182.03002929688,19.3700008392334,0.109999999403954,20.3500003814697,140.059997558594,52758,37341,80,156,7,39.810001373291,40.6199989318848,4943.080078125,157.509994506836,114.01000213623,165.75,4,1,0,0,0,0,0,0,0,0,0,0,1,14,17,5.40000009536743,4.90000009536743,4.80000019073486,54,28,124.400001525879,31.7377586364746,15446.25,8311.5,20954,2.57500004768372,1.89999997615814,3.20000004768372,1.06999999284744,0.495000004768372,2.07999992370605,0,0,0,116595.3359375,2135056.5,0,0,0,0,0,0,0,64670.16796875,0,0,0,0,0,0,0,0,0,0,0,0,35579.41015625,38552.3125,42510.0390625,46650.84765625,50093.38671875,51760.7421875,50855.91015625,47782.0546875,43752.69921875,39622.09375,36212.66015625,34632.7421875,NA,NA,NA,NA,NA,NA
"60",35.42077,-83.95027,"RAP1258",664.062072753906,13,22.4,2.3,20.1,2075,802,11.1,27.9,115,291,177,3,112.49,87,3227,2301,483,1787,-23.4,36.5,1143,15.6,224,17,60,8.1,10.9,14.9,20.1,23.9,27.1,28.5,27.7,25.4,20.4,14.6,11.1,-3.4,-1.1,1.7,5.5,10.4,14.4,16.3,15.5,13.1,6.9,0.7,-0.2,2.3,4.9,8.3,12.8,17.1,20.8,22.4,21.6,19.2,13.6,7.6,5.4,183,206,179,197,140,193,185,147,137,147,142,219,10.2,11.8,16,20.1,19.8,22.4,20.2,18.5,15.5,13.6,10.4,9,39,18,6,1,0,0,0,0,0,0,5,17,35,57,127,235,376,473,539,514,426,269,107,70,489,363,303,168,65,16,5,8,35,150,313,388,0,0,2,10,36,97,138,118,70,11,0,0,8,0,2,28,31,30,31,31,30,31,1,0,13,2,0,0,0,0,0,0,0,0,0,1,34,46,78,113,143,154,159,143,110,79,48,36,0,0,0,0,3,0,0,0,0,0,0,0,60,60,58,55,60,63,65,64,63,59,56,63,16.42,17.53,12.44,11.01,3.53,7.12,5.57,2.32,2.74,6.12,9,18.69,0.263999998569489,0.748799979686737,0.748799979686737,0.621599972248077,0.219600006937981,0.264400005340576,0.442999988794327,0.219600006937981,0.748799979686737,21.0692138671875,-10.2384643554688,67.4291381835938,1.02528321743011,12.4657373428345,1186.93994140625,14.9899997711182,0.239999994635582,20.6499996185303,164.770004272461,52398,37314,74,155,7,39.2099990844727,116.389999389648,4999,158.320007324219,54.0099983215332,158.25,2,0.999800026416779,0.000199999994947575,0,0,0,0,0,0,0,0,0,1.10000002384186,11,19,5.19999980926514,4.69999980926514,4.80000019073486,47,33,80.5,29.4440574645996,15437.25,7970,21028.5,2.60000002384186,2,3.25,1.08250001072884,0.514999985694885,2.09500002861023,0,0,0,181737.5,0,0,0,0,0,0,0,0,0,0,0,0,0,0,0,0,0,0,0,0,0,35645.2890625,38591.875,42515.86328125,46621.58984375,50034.0546875,51686.26171875,50789.70703125,47743.05078125,43748.03515625,39652.44140625,36272.83203125,34707.28125,NA,NA,NA,NA,NA,NA
"61",35.17529,-83.70707,"RAP1277",975.735534667969,12.9,21.9,3,18.9,2045,765,11.2,28.6,110,297,187,0,119.68,79,3175,2281,437,1729,-21.9,34.8,1037,15.3,236,14,66,8,10.2,13.8,18.5,22.3,25.5,26.9,26.1,24.1,19.4,13.7,10.4,-2.1,-0.2,2.8,6.5,11.4,15,16.8,16.1,13.9,8.2,2,0.8,3,5,8.3,12.5,16.9,20.2,21.9,21.1,19,13.8,7.8,5.6,191,204,174,194,150,164,161,165,125,142,145,230,10.9,11.4,15.9,19.6,19.1,21,19.2,17.6,14.7,13.6,10.9,9.6,33,17,6,1,0,0,0,0,0,0,5,16,41,57,126,226,369,455,523,499,420,275,110,73,468,360,303,176,69,20,6,10,37,144,307,382,0,0,2,8,33,86,124,107,66,12,0,0,10,0,8,30,31,30,31,31,30,31,4,1,10,2,0,0,0,0,0,0,0,0,0,1,33,43,71,102,128,138,143,128,100,73,45,33,0,0,0,0,0,0,0,0,0,0,0,0,65,65,64,62,67,69,70,70,69,65,62,68,17.11,17.49,12.47,11.8,5.91,5.71,4.75,5.68,2.72,6.41,9.65,19.97,0.264400005340576,0.427599996328354,0.748000025749207,0.582400023937225,0.224800005555153,0.304800003767014,0.366200000047684,0.224800005555153,0.748000025749207,20.6554412841797,-18.9363403320312,56.04345703125,0.997709631919861,8.53120517730713,1108.36999511719,3.95000004768372,0.379999995231628,19.8500003814697,197.710006713867,46404,33655.5,64,141,7,37.0999984741211,108.300003051758,4626.60986328125,147.380004882812,50.8699989318848,122.25,3,0.992500007152557,0.00749999983236194,0,0,0,0,0,0,0,0,0,1,9,18,7.5,4.80000019073486,4.90000009536743,48,33,98.5999984741211,28.683650970459,15465.25,8149,21016.5,3.39999997615814,2.44999980926514,4.25,1.00999999046326,0.480000019073486,1.95499992370605,0,0,0,1615060.125,443365.65625,0,0,0,0,0,0,0,0,2.85645174980164,0,0,0,0,0,0,0,0,0,0,0,35727.05078125,38641,42523.09375,46585.2578125,49960.41015625,51593.84765625,50707.55078125,47694.625,43742.24609375,39690.1328125,36347.51171875,34799.76953125,NA,NA,NA,NA,NA,NA
"62",35.16958,-83.58578,"RAP1283",1509.86022949219,11.3,20,1.7,18.3,2231,803,9.5,24.9,113,295,182,0,152.7,113,2693,2680,256,1366,-22.5,32.2,901,14.9,228,30,71,5.9,7.9,11.3,16,19.7,22.8,24.3,23.3,21.3,16.9,11.6,8.5,-2.5,-0.9,1.9,5.8,10.6,14.1,15.6,15,13.1,7.8,1.7,0.4,1.7,3.5,6.6,10.9,15.1,18.4,20,19.1,17.2,12.3,6.6,4.4,229,220,186,212,157,171,167,167,141,174,160,247,11.2,10.9,15.7,19.2,19,20.2,18.9,17,13.8,13,10.7,9.8,46,26,11,1,0,0,0,0,0,1,8,22,29,39,89,182,315,401,465,437,366,229,85,55,508,402,356,218,109,39,15,26,62,185,342,419,0,0,0,4,17,53,78,60,39,6,0,0,9,0,3,29,31,30,31,31,30,31,3,0,20,6,0,0,0,0,0,0,0,0,1,2,28,37,62,89,111,120,127,111,85,63,39,29,0,0,0,0,0,0,0,0,0,0,0,0,70,69,69,67,72,73,74,75,75,71,67,72,21.45,19.87,14.92,14.68,7.97,8.06,6.88,7.58,5.98,10.83,12.16,22.32,0.265599995851517,0.265599995851517,0.5867999792099,0.694800019264221,0.245000004768372,0.245000004768372,0.265599995851517,0.245000004768372,0.694800019264221,51.3852844238281,24.7241516113281,162.07763671875,0.866567015647888,7.54489231109619,968.260009765625,0,0.519999980926514,19.6499996185303,234.529998779297,31965,20538,39,128,5,31.3299999237061,94.9400024414062,4161.02001953125,130.570007324219,43.2999992370605,65.25,3,1,0,0,0,0,0,0,0,0,0,0,0.800000011920929,9,18,11.6000003814697,6.69999980926514,4.59999990463257,49,31,151.100006103516,13.4040336608887,15326.75,8101.5,20679,4.72500014305115,3.34999990463257,6.19999980926514,0.882499992847443,0.430000007152557,1.72500002384186,0,0,0,1615060.125,443365.65625,0,0,0,0,0,0,0,0,5.11741924285889,0.00714285718277097,0,0,0,0,0,0,0,0,0,0,35727.05078125,38641,42523.09375,46585.2578125,49960.41015625,51593.84765625,50707.55078125,47694.625,43742.24609375,39690.1328125,36347.51171875,34799.76953125,NA,NA,NA,NA,NA,NA
"63",34.75275,-84.01403,"RAP1298",778.233032226562,13.5,22.9,3,19.9,2210,862,10.6,26.6,111,293,182,0,123.32,73,3375,2170,533,1890,-22.9,36.7,1155,15.8,230,13,61,9,11.6,15.2,19.7,23.8,27.1,28.7,27.9,26,21,15.5,12,-3.1,-0.9,2.5,6.4,10.9,15.1,17.1,16.4,13.5,7.3,1.1,0.2,3,5.3,8.8,13.1,17.4,21.1,22.9,22.1,19.8,14.2,8.3,6.1,175,203,174,213,172,173,172,198,147,194,154,235,10.7,12.2,16.1,19.9,19.6,21.9,19.9,18.2,15.6,14.3,11.2,9.6,33,16,5,1,0,0,0,0,0,0,4,14,42,63,140,244,385,482,554,529,444,287,123,83,468,352,287,160,59,14,4,6,29,133,292,366,0,0,3,11,40,100,153,129,82,14,1,0,8,0,6,30,31,30,31,31,30,31,1,0,10,2,0,0,0,0,0,0,0,0,0,1,37,48,79,110,142,152,158,141,114,83,52,39,0,0,0,0,0,0,0,0,0,0,0,0,58,59,59,59,61,65,66,66,63,58,55,61,15.28,16.86,11.63,13,6.85,5.25,4.24,7.43,3.16,10.35,9.48,19.79,0.28659999370575,0.696799993515015,0.696799993515015,0.618799984455109,0.340999990701675,0.272000014781952,0.479899987578392,0.272000014781952,0.696799993515015,31.5608444213867,-28.8637619018555,60.6192626953125,0.983262002468109,14.1314306259155,1159.2099609375,11.210000038147,0.319999992847443,20.2000007629395,186.580001831055,52020,36868.5,75,157,7,39.9000015258789,113,4735.22998046875,152.789993286133,54.2599983215332,161,2,0.998799979686737,0.00120000005699694,0,0,0,0,0,0,0,0,0,1.10000002384186,8,18,5.19999980926514,4.69999980926514,5,45,34,98.1999969482422,31.9029750823975,15538.75,8260.5,21239.5,3,2.25,3.75,1.08750000596046,0.519999980926514,2.07499980926514,0,0,0,902883.3125,1361036.625,13077.3330078125,39183.16796875,0,0,0,26109.666015625,156757.171875,0,0,0,0,0,0,0,0,0,0,0,0,0,35840.4375,38709.16796875,42533.1328125,46534.83203125,49858.26171875,51465.71484375,50593.609375,47627.42578125,43734.20703125,39742.4375,36451.10546875,34928.0078125,NA,NA,NA,NA,NA,NA
"64",34.64158,-83.94225,"RAP1326",539.866760253906,15,24.4,4.3,20.1,2031,808,12.3,30.2,102,303,201,0,99.13,51,3848,1837,764,2266,-20.6,38,1192,15.8,259,7,62,10,12.7,16.7,21.5,25.4,28.8,30.2,29.4,27.2,22,16.2,12.7,-1.4,0.9,4.1,8,12.7,16.9,18.7,18.1,15.4,9.1,3,1.7,4.3,6.8,10.4,14.8,19,22.9,24.4,23.8,21.3,15.6,9.6,7.2,163,186,163,185,162,159,167,183,137,169,140,217,10.2,12,16.1,19.9,20.1,21.9,20.6,18.8,15.9,13.9,10.6,9.1,24,11,3,0,0,0,0,0,0,0,3,10,57,87,182,295,433,536,600,582,488,329,154,105,428,310,238,114,36,7,2,3,18,98,253,332,0,0,4,19,65,152,199,181,116,24,3,1,11,0,21,30,31,30,31,31,30,31,11,2,5,1,0,0,0,0,0,0,0,0,0,0,38,50,83,117,147,158,163,146,115,84,52,39,0,0,0,0,0,0,0,0,0,0,0,0,61,61,60,59,62,65,67,67,65,61,58,64,13.66,14.59,9.65,9.48,5.24,3.07,3.08,5.33,1.97,7.78,7.61,17.66,0.284599989652634,0.703999996185303,0.703999996185303,0.578000009059906,0.419600009918213,0.280000001192093,0.498800009489059,0.280000001192093,0.703999996185303,28.9816665649414,-22.228401184082,94.6795043945312,0.956192314624786,11.5190725326538,1221.93005371094,17.4799995422363,0.25,20.2999992370605,175.75,57870,40176,89,170,7,42.7700004577637,86.6500015258789,4923.509765625,159.770004272461,58.0400009155273,202.5,8,0.954299986362457,0.0456999987363815,0,0,0,0,0,0,0,0,0,1.20000004768372,11,19,5.19999980926514,4.69999980926514,5.09999990463257,53,26,84,28.200216293335,15654,8414.5,21563,2.65000009536743,2.04999995231628,3.25,1.16249996423721,0.555000007152557,2.20499992370605,5.65971708297729,0,131022,1624798.125,0,0,0,0,0,0,0,0,0,0,0,0,0,0,0,0,0,0,0,0,0,35872.609375,38728.515625,42535.98046875,46520.515625,49829.2734375,51429.3671875,50561.28515625,47608.3515625,43731.921875,39757.28515625,36480.49609375,34964.3828125,NA,NA,NA,NA,NA,NA
"65",34.42553,-84.21087,"RAP1334",396.891632080078,15.7,25.4,4.8,20.6,1904,770,13.5,33,94,309,216,13,85.41,44,4086,1700,895,2467,-19.3,38.8,1204,15.7,282,5,64,10.2,13,17.3,22.1,26.1,29.5,31,30.1,27.9,22.4,16.3,12.8,-0.6,1.7,5.1,9,13.6,17.9,19.8,19.2,16.3,10.1,3.8,2.7,4.8,7.3,11.2,15.6,19.9,23.7,25.4,24.6,22.1,16.2,10.1,7.8,147,173,157,175,151,154,157,177,131,150,130,202,9.9,11.8,16.1,19.9,20.6,21.7,21.2,19.1,16.2,13.5,10.2,8.8,21,9,3,0,0,0,0,0,0,0,2,9,64,97,204,319,460,560,631,606,512,348,166,119,412,296,213,95,27,5,1,2,14,84,238,314,0,1,6,25,82,175,230,206,135,30,3,2,13,1,28,30,31,30,31,31,30,31,19,7,4,0,0,0,0,0,0,0,0,0,0,0,38,50,85,118,150,159,165,147,117,84,52,39,0,0,0,0,0,5,8,0,0,0,0,0,64,63,62,60,63,66,68,69,66,63,60,67,11.98,13.16,9,8.42,3.96,2.42,1.86,4.65,1.19,5.99,6.63,16.16,0.235200002789497,0.634800016880035,0.638400018215179,0.505200028419495,0.261799991130829,0.231800004839897,0.383500009775162,0.231800004839897,0.638400018215179,20.3133354187012,-20.3133354187012,36.5061340332031,1.00710451602936,13.8805494308472,1238.85998535156,22.7600002288818,0.200000002980232,20.6499996185303,165.389999389648,61758,55440,93,182,7,43.6100006103516,119.819999694824,4968.56005859375,161.820007324219,59.2599983215332,227.25,11,0.986100018024445,0.00240000011399388,0,0,0.00439999997615814,0.000500000023748726,0,0.00659999996423721,0,0,0,1.29999995231628,5,20,2.79999995231628,4.30000019073486,5,45,33,51.5999984741211,26.537483215332,15756.5,8489.5,21628,2.42499995231628,1.89999997615814,2.95000004768372,1.21749997138977,0.580000042915344,2.28499984741211,6.14615678787231,0,13149.3330078125,815047.6875,0,0,0,0,0,0,39441.16796875,0,0,0,0,0,0,0,0,0,0,0,0,0,0,35936.65625,38767.046875,42541.66015625,46492.01171875,49771.56640625,51357.015625,50496.9296875,47570.36328125,43727.375,39786.85546875,36539.01953125,35036.7890625,NA,NA,NA,NA,NA,NA
"66",33.93523,-84.97022,"RAP1361",404.118286132812,15.9,25.6,4.4,21.2,1576,604,16.4,42.4,94,311,217,140,49.73,46,4175,1669,950,2552,-20.3,39.3,1233,15.9,279,5,63,10.4,13.4,17.8,22.7,26.3,29.8,31.1,30.5,28.3,23,17.1,13.3,-1.5,1.2,4.9,8.9,13.8,18.3,20.1,19.6,16.8,10.7,4.3,2.1,4.4,7.3,11.4,15.8,20,24,25.6,25,22.6,16.9,10.7,7.7,139,167,132,159,120,130,123,131,100,98,111,166,9.9,12.3,16.3,20.2,20.8,21.5,21.4,19.4,16.5,13.6,10.4,8.9,23,9,3,0,0,0,0,0,0,0,2,9,60,98,210,325,463,569,637,619,527,369,181,117,425,296,208,90,26,4,1,2,12,70,220,317,0,1,7,27,85,183,236,218,147,38,5,2,11,0,27,30,31,30,31,31,30,31,23,4,4,0,0,0,0,0,0,0,0,0,0,0,40,53,89,123,151,160,165,149,119,87,55,42,0,0,0,0,31,30,42,18,19,0,0,0,60,60,60,58,63,67,68,69,66,63,60,64,11.15,12.35,6.15,6.3,0.73,-0.15,-1.52,-0.24,-2.14,0.47,4.35,12.28,0.267800003290176,0.669200003147125,0.648000001907349,0.536800026893616,0.27020001411438,0.247600004076958,0.403500020503998,0.247600004076958,0.669200003147125,11.6789779663086,11.6789779663086,20.322998046875,1.01065039634705,9.40999603271484,1284.13000488281,27.8600006103516,0.0900000035762787,20.7999992370605,148.990005493164,64782,58047,100,188,9,46.1100006103516,124.300003051758,5068.4599609375,166.5,62.2299995422363,245,14,0.939300000667572,0.0119000002741814,0,0,0.0487999990582466,0,0,0,0,0,0,1.29999995231628,6,21,3,4.30000019073486,5.09999990463257,43,34,47.7999992370605,26.8037567138672,15822,8575.5,21720,2.17500007152557,1.75,2.65000009536743,1.25750005245209,0.610000014305115,2.33500003814697,10.4228544235229,0,330335.15625,792785,0,0,132486.5,0,0,0,0,0,0,0,0,0,0,0,0,0,0,0,0,0,0,36063.578125,38843.4453125,42552.91796875,46435.47265625,49657.18359375,51213.671875,50369.39453125,47495.046875,43718.359375,39845.49609375,36655.0078125,35180.25,NA,NA,NA,NA,NA,NA
"67",34.81049,-84.56055,"RAP1380",561.967651367188,14.9,24.6,3.7,20.9,2174,825,11.5,29.8,102,304,202,1,113.45,58,3847,1884,789,2287,-20.4,38.5,1192,15.8,261,9,63,8.9,11.9,16,21.6,25.6,29.1,30.5,29.7,27.7,22.3,15.4,11.8,-1.5,1.1,4.2,7.9,12.6,16.8,18.8,18.1,15.4,9.4,3,2,3.7,6.5,10.1,14.8,19.1,23,24.6,23.9,21.6,15.9,9.2,6.9,175,213,189,199,163,181,173,147,161,169,156,248,10.3,11.6,16.1,20,20.1,22.2,20.6,18.8,16,14.1,10.5,9,28,12,4,0,0,0,0,0,0,0,3,11,50,82,175,295,436,539,606,585,497,339,145,99,446,318,247,114,35,6,2,3,16,91,265,342,0,0,4,19,67,155,205,184,123,27,2,1,11,0,22,30,31,30,31,31,30,31,11,3,7,1,0,0,0,0,0,0,0,0,0,0,35,47,80,118,149,161,165,148,118,85,50,36,0,0,0,0,0,0,0,1,0,0,0,0,64,64,62,58,62,64,66,66,64,61,60,68,15.27,17.69,12.67,10.75,5.09,4.85,3.33,1.35,3.81,7.6,9.8,21.23,0.265799999237061,0.541999995708466,0.593200027942657,0.593200027942657,0.283399999141693,0.299400001764297,0.420699998736382,0.265799999237061,0.593200027942657,27.0230255126953,-1.30224609375,87.9783935546875,1.04572212696075,8.73878288269043,1217.40002441406,18.8999996185303,0.230000004172325,21.1000003814697,166.330001831055,57330,40189.5,80,171,7,40.6100006103516,119.610000610352,5090.39013671875,161.960006713867,55.7700004577637,194.5,3,1,0,0,0,0,0,0,0,0,0,0,1.20000004768372,8,18,4.59999990463257,4.5,5,51,28,81.9000015258789,34.9914894104004,15524.25,8151,21292,2.45000004768372,1.89999997615814,3.04999995231628,1.15749996900558,0.555000007152557,2.19500017166138,0,0,0,65293.66796875,13059.6669921875,0,0,0,0,0,0,0,26168.833984375,0,0,0,0,0,0,0,0,0,0,0,0,35824.31640625,38699.46875,42531.70703125,46542.00390625,49872.7890625,51483.9296875,50609.8125,47636.98046875,43735.34765625,39734.99609375,36436.37109375,34909.77734375,NA,NA,NA,NA,NA,NA
"68",34.76897,-84.68524,"RAP1383",826.746215820312,13.8,23.6,2,21.6,2396,883,9.9,26.7,104,306,202,0,154.12,87,3536,2160,655,2066,-21.4,36.9,1045,15.2,253,20,69,6.4,9.4,13.9,19.6,23.5,26.9,28.5,27.6,25.6,20.4,13.1,9.4,-2.4,0.5,3.6,7.9,13.1,16.9,18.7,18.5,15.9,10.3,3.1,1.4,2,5,8.8,13.8,18.3,21.9,23.6,23,20.8,15.3,8.1,5.4,202,235,213,222,177,191,182,164,169,191,171,279,10,10.9,15.9,19.5,20,20.8,20.4,18.3,15.4,12.6,9.6,8.5,42,17,5,0,0,0,0,0,0,0,5,17,34,60,142,266,412,506,576,557,473,320,119,71,499,360,287,140,45,10,3,4,21,105,298,388,0,0,3,15,54,123,175,157,105,22,2,0,9,0,16,30,31,30,31,31,30,31,12,2,16,3,0,0,0,0,0,0,0,0,0,1,30,40,71,105,130,141,148,129,103,74,43,31,0,0,0,0,0,0,0,0,0,0,0,0,68,70,66,64,68,70,71,73,71,69,67,73,18.72,20.94,16.38,14.31,8.32,7.98,6.18,5.29,6.66,11.31,12.69,25.33,0.272799998521805,0.574400007724762,0.687200009822845,0.646799981594086,0.386400014162064,0.287600010633469,0.480400010943413,0.272799998521805,0.687200009822845,29.2255706787109,-3.78630065917969,81.7804565429688,0.968054354190826,7.61299085617065,1133.48999023438,14.2200002670288,0.319999992847443,21.0499992370605,181.029998779297,52164,37273.5,66,163,7,37.5800018310547,111.910003662109,4771.81005859375,151.550003051758,51.4799995422363,157.75,10,0.999100029468536,0,0,0,0.000500000023748726,0.00039999998989515,0,0,0,0,0,1.10000002384186,10,18,5.90000009536743,5,5,47,33,89.9000015258789,29.5572528839111,15481.5,8092,21320,2.92499995231628,2.19999980926514,3.65000009536743,1.08500000834465,0.519999980926514,2.0699999332428,5.433509349823,0,0,65293.66796875,13059.6669921875,0,0,0,0,0,0,0,26168.833984375,0,0,0,0,0,0,0,0,0,0,0,0,35840.4375,38709.16796875,42533.1328125,46534.83203125,49858.26171875,51465.71484375,50593.609375,47627.42578125,43734.20703125,39742.4375,36451.10546875,34928.0078125,NA,NA,NA,NA,NA,NA
"69",36.70084,-81.62095,"RAP1427",1093.58056640625,10.4,20.4,-0.5,20.9,1607,715,12.7,28.5,122,286,165,7,90.07,186,2534,3024,263,1322,-25.9,33.6,910,14.8,210,38,66,4.3,6.8,10.2,15.8,20.3,23.7,25.4,24.1,22,16.8,10.5,7.6,-5.3,-3.5,-0.5,3.9,9.6,13,15.4,14.4,11.8,5.8,-0.9,-2.2,-0.5,1.6,4.8,9.8,14.9,18.4,20.4,19.2,16.9,11.3,4.8,2.7,113,134,116,160,159,125,177,131,123,116,101,152,10.1,11.1,15.5,19.2,19,21.1,19,17.2,14.1,12.5,9.7,8.7,76,42,18,2,0,0,0,0,0,1,14,34,18,25,60,154,309,401,477,440,357,200,55,37,575,455,411,247,114,39,13,25,68,210,396,471,0,0,0,3,17,53,88,62,35,5,0,0,5,0,0,21,31,30,31,31,30,30,0,0,21,10,1,1,0,0,0,0,0,0,1,4,0,35,59,91,118,132,136,118,92,64,37,28,0,0,0,0,0,7,0,0,0,0,0,0,64,63,64,62,67,68,70,71,69,65,62,65,10.42,11.82,8.67,9.52,7.74,2.62,7.15,3.4,3.49,4.87,7.05,13.32,0.32379999756813,0.609600007534027,0.737200021743774,0.600000023841858,0.279399991035461,0.2567999958992,0.461900010704994,0.2567999958992,0.737200021743774,38.5795288085938,-17.9983520507812,118.92431640625,0.933374285697937,8.62026691436768,1021.67999267578,12.0699996948242,0.200000002980232,20.8500003814697,140.520004272461,38494.5,26604,41,137,6,30.5400009155273,31.7000007629395,4622.8798828125,141.300003051758,139.669998168945,83.25,5,0.999100029468536,0.000899999984540045,0,0,0,0,0,0,0,0,0,1.10000002384186,15,20,5,5,4.80000019073486,41,36,90.5,31.4770221710205,14733.5,7434,20338.5,3.25,2.15000009536743,4.34999990463257,0.920000016689301,0.425000011920929,1.84500002861023,0,0,0,25577.5,0,0,0,0,0,0,0,0,0,3.55967736244202,0.814285695552826,1.97451615333557,0,0,0,0,0,0,0,1.01666665077209,0.273548394441605,35277.58203125,38371.26953125,42483.4140625,46784.69921875,50365.1171875,52102.12890625,51159.20703125,47960.53125,43774.0234375,39483.23828125,35937.08203125,34291.07421875,NA,NA,NA,NA,NA,NA
"70",36.83594,-81.97223,"RAP1440",705.487060546875,12.2,22.7,0.5,22.2,1390,598,16,38,118,289,172,90,50.51,132,3070,2573,480,1726,-25,36.9,1080,15.2,217,20,61,5.9,9.2,13.3,18.9,23.3,26.9,28.5,27.4,25.3,19.6,13.1,9.4,-4.9,-2.7,0.4,4.8,10.5,14.3,16.9,15.7,13,6.5,-0.2,-1.4,0.5,3.2,6.9,11.8,16.9,20.6,22.7,21.5,19.1,13.1,6.4,4,99,137,113,139,132,112,140,115,99,95,82,127,9.7,11.4,15.6,19.6,19.4,22.1,19.7,18,15.1,13.2,9.8,8.5,61,28,10,1,0,0,0,0,0,0,8,24,23,38,97,206,369,467,548,511,423,253,83,51,545,410,346,195,69,17,4,9,36,163,348,431,0,0,2,8,35,94,147,116,68,10,0,0,6,0,0,26,31,30,31,31,30,31,0,0,13,4,0,0,0,0,0,0,0,0,0,1,28,40,71,106,137,152,155,137,107,74,42,31,0,0,0,0,5,40,15,22,8,0,0,0,61,59,58,57,61,63,66,66,63,60,57,63,8.7,11.4,6.9,5.86,3.24,-0.87,1.28,-0.53,-1.05,1.36,3.96,10.25,0.258799999952316,0.462399989366531,0.745599985122681,0.745599985122681,0.270399987697601,0.244200006127357,0.366399988532066,0.244200006127357,0.745599985122681,23.3037719726562,-9.835693359375,76.246826171875,0.951592087745667,8.27176856994629,1136.15002441406,25.1900005340576,0.0199999995529652,21.6499996185303,121.139999389648,49770,36193.5,58,155,7,33.9700012207031,51.2099990844727,5124.39990234375,156.399993896484,155.210006713867,142.75,3,0.987500011920929,0.0125000001862645,0,0,0,0,0,0,0,0,0,1.10000002384186,15,20,4.30000019073486,4.59999990463257,4.90000009536743,33,45,69.8000030517578,32.033935546875,14781,7326,20496.5,2.40000009536743,1.70000004768372,3.04999995231628,1.00749999284744,0.464999973773956,2.00500011444092,0,0,0,0,0,0,0,0,0,25458.166015625,0,0,0,0.870000004768372,0,0.390967756509781,0,0,0,0,0,0,0,0.0856666639447212,0.0596774183213711,35243.48828125,38350.83984375,42480.41015625,46799.796875,50395.80078125,52140.7109375,51193.47265625,47980.66796875,43776.4296875,39467.57421875,35905.9609375,34252.4609375,NA,NA,NA,NA,NA,NA
"71",36.925,-81.839,"RAP1451",789.564758300781,11.4,21.6,0,21.6,1515,667,14.1,32.4,120,287,167,25,70.82,156,2821,2774,375,1530,-25.4,35.6,1024,15,213,28,63,5.1,8,11.9,17.6,22.1,25.6,27.2,26.1,24,18.5,12,8.4,-5.1,-3.2,0,4.3,9.9,13.6,15.9,14.8,12.2,6,-0.6,-1.8,0,2.4,6,11,16,19.6,21.6,20.5,18.1,12.2,5.7,3.3,107,140,120,158,146,119,161,136,105,98,89,136,10.1,11.2,15.6,19.5,19,21.9,19.1,17.5,14.7,13.2,10.1,8.8,68,34,13,1,0,0,0,0,0,1,10,29,20,31,79,186,342,437,514,480,393,226,70,43,560,433,374,216,87,25,7,14,48,187,369,453,0,0,1,6,26,75,117,92,51,7,0,0,5,0,0,24,31,30,31,31,30,30,0,0,17,7,0,0,0,0,0,0,0,0,1,2,27,37,65,100,130,144,149,131,102,70,40,29,0,0,0,0,0,25,0,0,0,0,0,0,62,61,61,58,63,64,67,66,65,61,59,65,9.68,12.11,8.35,8.45,5.39,0.78,4.26,2.45,0.39,2.23,5.23,11.5,0.250400006771088,0.745999991893768,0.807600021362305,0.670400023460388,0.245199993252754,0.210600003600121,0.460400015115738,0.210600003600121,0.807600021362305,59.7064056396484,-51.5598449707031,154.070739746094,0.864355444908142,13.9733247756958,1109.71997070312,23.2299995422363,0.0399999991059303,21.5499992370605,122.540000915527,43576.5,34816.5,52,149,7,32.7999992370605,49.7900009155273,5045.47998046875,153.429992675781,152.179992675781,125.25,4,1,0,0,0,0,0,0,0,0,0,0,1.10000002384186,19,19,5.80000019073486,4.90000009536743,4.80000019073486,39,40,93.3000030517578,35.8538627624512,14630,7249,20112,2.75,1.89999997615814,3.54999995231628,0.962500005960464,0.444999992847443,1.92499995231628,0,0,0,0,0,0,0,0,0,25458.166015625,0,0,0,1.26258063316345,0,0.142903223633766,0,0,0,0,0,0,0,0.0789999961853027,0.0558064505457878,35209.27734375,38330.34375,42477.39453125,46814.9453125,50426.58984375,52179.4296875,51227.84765625,48000.87109375,43778.84375,39451.86328125,35874.734375,34213.7109375,NA,NA,NA,NA,NA,NA
